id,type,label,prompt,negative,continuity
FR_UGRASHRAVAS,character,Ugrashravas Sauti,"Original cinematic concept image for a South Asian epic series, 16:9 composition intended for UHD delivery; realistic anatomy, textured materials, restrained filmic colour and motivated light. Middle-aged South Asian storyteller, oval face, thoughtful eyes, lightly greying beard, loosely gathered dark hair, rust-ochre wrap and cream lower garment. Seated upright on a woven mat beside a great fig root, he clarifies a point with one open hand. Humid morning canopy light falls gently on his face; a crescent of listening sages remains soft behind him. Text-free image, purposeful environmental detail, clean subject separation, detailed yet natural surfaces; actual generated pixel dimensions must be checked rather than assumed to be native 4K.","No captions, logos, watermark, modern objects, fantasy plate armour, gratuitous gold, plastic skin, beauty-filter face, neon aura, extra limbs, fused fingers, duplicated subjects, deformed anatomy, inconsistent costume, impossible reflections, random architecture, sexualized framing or gore. No caste or morality encoded through complexion.","Outer frame: speaker to Shaunaka at Naimisha; oval face, greying beard, rust wrap."
FR_SHAUNAKA,character,Shaunaka,"Original cinematic concept image for a South Asian epic series, 16:9 composition intended for UHD delivery; realistic anatomy, textured materials, restrained filmic colour and motivated light. Elderly South Asian sage, broad brow, long silver beard, tightly gathered silver hair, faded sand-coloured robe. He listens before asking a question, hands relaxed on his knees. Fig roots cross the shaded ground around reed mats; small seedlings grow only where feet have not worn a path. Indirect green daylight and a warm patch of sun separate his face from the grove. Text-free image, purposeful environmental detail, clean subject separation, detailed yet natural surfaces; actual generated pixel dimensions must be checked rather than assumed to be native 4K.","No captions, logos, watermark, modern objects, fantasy plate armour, gratuitous gold, plastic skin, beauty-filter face, neon aura, extra limbs, fused fingers, duplicated subjects, deformed anatomy, inconsistent costume, impossible reflections, random architecture, sexualized framing or gore. No caste or morality encoded through complexion.",Outer frame listener; long silver beard and sand robe; never replace Janamejaya.
FR_VAISHAMPAYANA,character,Vaishampayana,"Original cinematic concept image for a South Asian epic series, 16:9 composition intended for UHD delivery; realistic anatomy, textured materials, restrained filmic colour and motivated light. Mature South Asian teacher, long narrow face, dark beard with grey strands, dark hair tied behind the head, undyed cotton with a muted brown border. He addresses the royal assembly from a modest mat. Unpainted timber posts, orderly vessels and distant controlled firelight establish the ritual setting; open daylight is the principal facial light. Text-free image, purposeful environmental detail, clean subject separation, detailed yet natural surfaces; actual generated pixel dimensions must be checked rather than assumed to be native 4K.","No captions, logos, watermark, modern objects, fantasy plate armour, gratuitous gold, plastic skin, beauty-filter face, neon aura, extra limbs, fused fingers, duplicated subjects, deformed anatomy, inconsistent costume, impossible reflections, random architecture, sexualized framing or gore. No caste or morality encoded through complexion.",Inner-frame narrator to Janamejaya; narrow face and brown border distinguish him from Ugrashravas.
FR_JANAMEJAYA,character,Janamejaya,"Original cinematic concept image for a South Asian epic series, 16:9 composition intended for UHD delivery; realistic anatomy, textured materials, restrained filmic colour and motivated light. Young adult South Asian king, straight nose, close dark beard, watchful brown eyes, maroon court garment with narrow bronze-gold trim and a low diadem. He leans forward to hear a speaker beyond frame. Cream canopy cloth, timber posts and the orderly edge of a sacrificial enclosure appear behind him; smoke stays far from the main face. Text-free image, purposeful environmental detail, clean subject separation, detailed yet natural surfaces; actual generated pixel dimensions must be checked rather than assumed to be native 4K.","No captions, logos, watermark, modern objects, fantasy plate armour, gratuitous gold, plastic skin, beauty-filter face, neon aura, extra limbs, fused fingers, duplicated subjects, deformed anatomy, inconsistent costume, impossible reflections, random architecture, sexualized framing or gore. No caste or morality encoded through complexion.",Inner-frame royal listener; maroon and low diadem; attentive to Vaishampayana.
CH_VYASA,character,Vyasa,"Original cinematic concept image for a South Asian epic series, 16:9 composition intended for UHD delivery; realistic anatomy, textured materials, restrained filmic colour and motivated light. Mature South Asian sage, deep-set thoughtful eyes, strong nose, thick dark-grey hair gathered high, rough earth-brown cloth. He concentrates beside a shaded stream, with dry manuscript bundles on a wooden support. Ferns emerge from damp stone joints; a small reflected patch of sky lights his hands. His presence is thoughtful without an automatic supernatural halo. Text-free image, purposeful environmental detail, clean subject separation, detailed yet natural surfaces; actual generated pixel dimensions must be checked rather than assumed to be native 4K.","No captions, logos, watermark, modern objects, fantasy plate armour, gratuitous gold, plastic skin, beauty-filter face, neon aura, extra limbs, fused fingers, duplicated subjects, deformed anatomy, inconsistent costume, impossible reflections, random architecture, sexualized framing or gore. No caste or morality encoded through complexion.","Strong nose, gathered dark-grey hair; manuscript material is an artistic convention; source-check role."
CH_SHANTANU,character,Shantanu,"Original cinematic concept image for a South Asian epic series, 16:9 composition intended for UHD delivery; realistic anatomy, textured materials, restrained filmic colour and motivated light. Mature South Asian king, squared jaw, dark neck-length hair, neat short beard, indigo garment and light travelling cloak. He pauses on a broad riverbank looking toward someone beyond frame. Reeds and the cloak move in the same river breeze; fresh footprints cross pale silt. A restrained signet and low diadem suggest rank under copper evening light. Text-free image, purposeful environmental detail, clean subject separation, detailed yet natural surfaces; actual generated pixel dimensions must be checked rather than assumed to be native 4K.","No captions, logos, watermark, modern objects, fantasy plate armour, gratuitous gold, plastic skin, beauty-filter face, neon aura, extra limbs, fused fingers, duplicated subjects, deformed anatomy, inconsistent costume, impossible reflections, random architecture, sexualized framing or gore. No caste or morality encoded through complexion.",Squared jaw and indigo; travel costume separate from formal court.
CH_GANGA,character,Ganga,"Original cinematic concept image for a South Asian epic series, 16:9 composition intended for UHD delivery; realistic anatomy, textured materials, restrained filmic colour and motivated light. Adult South Asian woman, elongated oval face, calm direct eyes, long dark hair, layered off-white and pale river-blue cloth. She stands on a shallow sandbar as silver-grey water moves around it. Reed shadows and cool dawn haze create presence; a small warm edge lights her hair. The image is humanly readable, without a fountain from her body or fantasy armour. Text-free image, purposeful environmental detail, clean subject separation, detailed yet natural surfaces; actual generated pixel dimensions must be checked rather than assumed to be native 4K.","No captions, logos, watermark, modern objects, fantasy plate armour, gratuitous gold, plastic skin, beauty-filter face, neon aura, extra limbs, fused fingers, duplicated subjects, deformed anatomy, inconsistent costume, impossible reflections, random architecture, sexualized framing or gore. No caste or morality encoded through complexion.",Adult reference; pale river-blue; explicit divine manifestations need separate scene design.
CH_BHISHMA,character,Young Devavrata / Bhishma,"Original cinematic concept image for a South Asian epic series, 16:9 composition intended for UHD delivery; realistic anatomy, textured materials, restrained filmic colour and motivated light. Young adult South Asian warrior, long face, pronounced cheekbones, steady eyes, black hair bound for travel, ivory cloth with muted steel-blue edging and practical leather protection. One bow rests vertically beside his open hand. A river terrace and distant reeds establish horizontal calm; clear side light reveals resolve, natural skin and woven texture. Text-free image, purposeful environmental detail, clean subject separation, detailed yet natural surfaces; actual generated pixel dimensions must be checked rather than assumed to be native 4K.","No captions, logos, watermark, modern objects, fantasy plate armour, gratuitous gold, plastic skin, beauty-filter face, neon aura, extra limbs, fused fingers, duplicated subjects, deformed anatomy, inconsistent costume, impossible reflections, random architecture, sexualized framing or gore. No caste or morality encoded through complexion.",Young adult only; create linked mature/elderly variants; no sudden white hair.
CH_SATYAVATI,character,Satyavati,"Original cinematic concept image for a South Asian epic series, 16:9 composition intended for UHD delivery; realistic anatomy, textured materials, restrained filmic colour and motivated light. Adult South Asian woman, broad expressive face, thick dark eyebrows, long dark braid, terracotta working garment and faded blue shawl. She steadies a weathered river boat with one hand on its gunwale. Damp wood, reed baskets and a low settlement create a working river world. Evening light warms her cheek while water provides cool fill. Text-free image, purposeful environmental detail, clean subject separation, detailed yet natural surfaces; actual generated pixel dimensions must be checked rather than assumed to be native 4K.","No captions, logos, watermark, modern objects, fantasy plate armour, gratuitous gold, plastic skin, beauty-filter face, neon aura, extra limbs, fused fingers, duplicated subjects, deformed anatomy, inconsistent costume, impossible reflections, random architecture, sexualized framing or gore. No caste or morality encoded through complexion.","Fisher-household stage; queen variant preserves broad face and braid, changes costume."
CH_AMBA,character,Amba,"Original cinematic concept image for a South Asian epic series, 16:9 composition intended for UHD delivery; realistic anatomy, textured materials, restrained filmic colour and motivated light. Adult South Asian princess, angular face, long black hair, direct confrontational gaze, plum cloth with restrained silver-toned trim. She stands within a palace passage looking toward its visible exit, gripping one fold of her shawl. Warm sunlight lies across the ground before her; reflected shade keeps her emotion legible without glamorizing distress. Text-free image, purposeful environmental detail, clean subject separation, detailed yet natural surfaces; actual generated pixel dimensions must be checked rather than assumed to be native 4K.","No captions, logos, watermark, modern objects, fantasy plate armour, gratuitous gold, plastic skin, beauty-filter face, neon aura, extra limbs, fused fingers, duplicated subjects, deformed anatomy, inconsistent costume, impossible reflections, random architecture, sexualized framing or gore. No caste or morality encoded through complexion.","Angular face, plum; identity and fate distinct from Ambika/Ambalika."
CH_AMBIKA,character,Ambika,"Original cinematic concept image for a South Asian epic series, 16:9 composition intended for UHD delivery; realistic anatomy, textured materials, restrained filmic colour and motivated light. Adult South Asian royal woman, softly squared face, dark eyes, smooth centre-parted braid, muted wine-red and cream cloth. She sits formally beside a screened courtyard window with hands clasped low. A tree outside supplies soft green reflected light; one quiet lamp touches the edge of the window. Her expression is guarded and human. Text-free image, purposeful environmental detail, clean subject separation, detailed yet natural surfaces; actual generated pixel dimensions must be checked rather than assumed to be native 4K.","No captions, logos, watermark, modern objects, fantasy plate armour, gratuitous gold, plastic skin, beauty-filter face, neon aura, extra limbs, fused fingers, duplicated subjects, deformed anatomy, inconsistent costume, impossible reflections, random architecture, sexualized framing or gore. No caste or morality encoded through complexion.","Soft square face, wine-red; distinct from both sisters."
CH_AMBALIKA,character,Ambalika,"Original cinematic concept image for a South Asian epic series, 16:9 composition intended for UHD delivery; realistic anatomy, textured materials, restrained filmic colour and motivated light. Adult South Asian royal woman, heart-shaped face, wide dark eyes, low looped braid, pale saffron and leaf-green cloth. She turns beside a carved timber doorway toward an approaching person outside the frame. Shade reveals her face clearly while a bright quiet courtyard recedes behind her. Use a specific attentive expression, not permanent terror. Text-free image, purposeful environmental detail, clean subject separation, detailed yet natural surfaces; actual generated pixel dimensions must be checked rather than assumed to be native 4K.","No captions, logos, watermark, modern objects, fantasy plate armour, gratuitous gold, plastic skin, beauty-filter face, neon aura, extra limbs, fused fingers, duplicated subjects, deformed anatomy, inconsistent costume, impossible reflections, random architecture, sexualized framing or gore. No caste or morality encoded through complexion.","Heart-shaped face, low braid, saffron-green; separate sister identity."
CH_DHRITARASHTRA,character,Dhritarashtra,"Original cinematic concept image for a South Asian epic series, 16:9 composition intended for UHD delivery; realistic anatomy, textured materials, restrained filmic colour and motivated light. Mature South Asian king, broad face, strong shoulders, short dark beard, naturally rendered unfocused eyes, burgundy cloth with a restrained heavy border. Seated upright in a timber-and-stone chamber, he locates the familiar armrest with one hand. Side daylight reveals the tactile wood and fabric. He listens with active intelligence rather than a vacant expression. Text-free image, purposeful environmental detail, clean subject separation, detailed yet natural surfaces; actual generated pixel dimensions must be checked rather than assumed to be native 4K.","No captions, logos, watermark, modern objects, fantasy plate armour, gratuitous gold, plastic skin, beauty-filter face, neon aura, extra limbs, fused fingers, duplicated subjects, deformed anatomy, inconsistent costume, impossible reflections, random architecture, sexualized framing or gore. No caste or morality encoded through complexion.",Blindness consistent; no magical white eyes or visual tracking; age variant checked.
CH_PANDU,character,Pandu,"Original cinematic concept image for a South Asian epic series, 16:9 composition intended for UHD delivery; realistic anatomy, textured materials, restrained filmic colour and motivated light. Adult South Asian king, narrow face, lean build, fine dark moustache, tied-back black hair, pale earth travelling garment and slate-green wrap. He stands in a foothill clearing with his bow lowered. Thin mist separates ridges; fallen leaves collect beside a worn stone path. Cool open-sky light reveals a thoughtful face and practical layers. Text-free image, purposeful environmental detail, clean subject separation, detailed yet natural surfaces; actual generated pixel dimensions must be checked rather than assumed to be native 4K.","No captions, logos, watermark, modern objects, fantasy plate armour, gratuitous gold, plastic skin, beauty-filter face, neon aura, extra limbs, fused fingers, duplicated subjects, deformed anatomy, inconsistent costume, impossible reflections, random architecture, sexualized framing or gore. No caste or morality encoded through complexion.","Lean/narrow face, slate green; complexion is individual design, not moral/caste coding."
CH_VIDURA,character,Vidura,"Original cinematic concept image for a South Asian epic series, 16:9 composition intended for UHD delivery; realistic anatomy, textured materials, restrained filmic colour and motivated light. Mature South Asian counsellor, compact beard, intelligent hooded eyes, carefully tied dark hair, unornamented warm-grey cloth with muted teal border. He stands in an orderly palace corridor, quietly assessing a room before speaking, a plain staff held naturally. Soft reflected courtyard light reveals the face and worn timber; modest dress does not diminish authority. Text-free image, purposeful environmental detail, clean subject separation, detailed yet natural surfaces; actual generated pixel dimensions must be checked rather than assumed to be native 4K.","No captions, logos, watermark, modern objects, fantasy plate armour, gratuitous gold, plastic skin, beauty-filter face, neon aura, extra limbs, fused fingers, duplicated subjects, deformed anatomy, inconsistent costume, impossible reflections, random architecture, sexualized framing or gore. No caste or morality encoded through complexion.","Warm grey/teal, compact beard; calm physical presence."
CH_GANDHARI,character,Gandhari,"Original cinematic concept image for a South Asian epic series, 16:9 composition intended for UHD delivery; realistic anatomy, textured materials, restrained filmic colour and motivated light. Adult South Asian royal woman, long oval face, dark braided hair, opaque cream blindfold tied consistently, forest-green cloth with a restrained metallic edge. She sits composed in a shaded chamber, hands resting on textured fabric. A tree outside supplies soft green light. The three-quarter angle shows the blindfold knot and clear facial expression below it. Text-free image, purposeful environmental detail, clean subject separation, detailed yet natural surfaces; actual generated pixel dimensions must be checked rather than assumed to be native 4K.","No captions, logos, watermark, modern objects, fantasy plate armour, gratuitous gold, plastic skin, beauty-filter face, neon aura, extra limbs, fused fingers, duplicated subjects, deformed anatomy, inconsistent costume, impossible reflections, random architecture, sexualized framing or gore. No caste or morality encoded through complexion.","Fix blindfold width, coverage and knot; no eye contact through cloth."
CH_KUNTI,character,"Kunti, adult mother stage","Original cinematic concept image for a South Asian epic series, 16:9 composition intended for UHD delivery; realistic anatomy, textured materials, restrained filmic colour and motivated light. Adult South Asian woman, rounded forehead, strong dark eyebrows, long braid, attentive decisive expression, muted brick-red and cream cloth. She stands at a forest shelter entrance turning toward children beyond frame, holding a small water vessel. Stream light touches the wall; the worn threshold and neatly stored household objects make the retreat lived in. Text-free image, purposeful environmental detail, clean subject separation, detailed yet natural surfaces; actual generated pixel dimensions must be checked rather than assumed to be native 4K.","No captions, logos, watermark, modern objects, fantasy plate armour, gratuitous gold, plastic skin, beauty-filter face, neon aura, extra limbs, fused fingers, duplicated subjects, deformed anatomy, inconsistent costume, impossible reflections, random architecture, sexualized framing or gore. No caste or morality encoded through complexion.",Adult mother stage; girlhood separate; rounded forehead and brick-red anchor.
CH_MADRI,character,Madri,"Original cinematic concept image for a South Asian epic series, 16:9 composition intended for UHD delivery; realistic anatomy, textured materials, restrained filmic colour and motivated light. Adult South Asian woman, slender oval face, dark almond-shaped eyes, two braids gathered together, ochre garment and subdued violet shawl. Kneeling by an outdoor cooking place, she looks toward another adult beyond frame. Ferns follow the damp stone slope; cool morning air softens the trees while a small flame warms her hands. Text-free image, purposeful environmental detail, clean subject separation, detailed yet natural surfaces; actual generated pixel dimensions must be checked rather than assumed to be native 4K.","No captions, logos, watermark, modern objects, fantasy plate armour, gratuitous gold, plastic skin, beauty-filter face, neon aura, extra limbs, fused fingers, duplicated subjects, deformed anatomy, inconsistent costume, impossible reflections, random architecture, sexualized framing or gore. No caste or morality encoded through complexion.",Ochre/violet and paired braids distinguish from Kunti; retreat stage.
CH_YUDHISHTHIRA,character,Yudhishthira,"Original cinematic concept image for a South Asian epic series, 16:9 composition intended for UHD delivery; realistic anatomy, textured materials, restrained filmic colour and motivated light. Young adult South Asian prince, broad forehead, measured dark eyes, neatly tied shoulder-length hair, sand-coloured cloth with dark-green border. He listens at the edge of a training court before responding. Compacted earth, shaded practice posts and distant pupils establish purpose; balanced afternoon daylight keeps every subtle expression readable. Text-free image, purposeful environmental detail, clean subject separation, detailed yet natural surfaces; actual generated pixel dimensions must be checked rather than assumed to be native 4K.","No captions, logos, watermark, modern objects, fantasy plate armour, gratuitous gold, plastic skin, beauty-filter face, neon aura, extra limbs, fused fingers, duplicated subjects, deformed anatomy, inconsistent costume, impossible reflections, random architecture, sexualized framing or gore. No caste or morality encoded through complexion.","Young adult; broad forehead, sand/green; calm does not mean flawless."
CH_BHIMA,character,Bhima,"Original cinematic concept image for a South Asian epic series, 16:9 composition intended for UHD delivery; realistic anatomy, textured materials, restrained filmic colour and motivated light. Young adult South Asian prince, wide face, powerful athletic build, thick dark hair tied at the nape, rust-red cloth and practical wrist wraps. On an uneven forest path, one heavy practice mace rests against the ground beside him. Broad leaves and exposed roots give scale; low side light reveals natural muscle, cloth and firmly planted feet. Text-free image, purposeful environmental detail, clean subject separation, detailed yet natural surfaces; actual generated pixel dimensions must be checked rather than assumed to be native 4K.","No captions, logos, watermark, modern objects, fantasy plate armour, gratuitous gold, plastic skin, beauty-filter face, neon aura, extra limbs, fused fingers, duplicated subjects, deformed anatomy, inconsistent costume, impossible reflections, random architecture, sexualized framing or gore. No caste or morality encoded through complexion.",Young adult; wide face/rust; stable scale relative to brothers; source-check mace.
CH_ARJUNA,character,Arjuna,"Original cinematic concept image for a South Asian epic series, 16:9 composition intended for UHD delivery; realistic anatomy, textured materials, restrained filmic colour and motivated light. Young adult South Asian archer, fine oval face, focused dark eyes, black hair in a practical knot, blue-grey cloth with cream border. He pauses with one unstrung bow at his side beside a straight earth practice lane. A fixed target and shade trees establish useful geography; late sunlight separates the bow cleanly from his silhouette. Text-free image, purposeful environmental detail, clean subject separation, detailed yet natural surfaces; actual generated pixel dimensions must be checked rather than assumed to be native 4K.","No captions, logos, watermark, modern objects, fantasy plate armour, gratuitous gold, plastic skin, beauty-filter face, neon aura, extra limbs, fused fingers, duplicated subjects, deformed anatomy, inconsistent costume, impossible reflections, random architecture, sexualized framing or gore. No caste or morality encoded through complexion.",Young adult; oval face/blue-grey; fixed weapon hand and target orientation.
CH_NAKULA,character,Nakula,"Original cinematic concept image for a South Asian epic series, 16:9 composition intended for UHD delivery; realistic anatomy, textured materials, restrained filmic colour and motivated light. Young adult South Asian prince, gently tapered face, wavy tied-back black hair, attentive expression, light-brown cloth and teal sash. He stands beside a calm horse in a shaded stable yard, one hand near its shoulder with clean anatomy. Straw, timber rails and a distant grove establish a functioning place; soft daylight reveals both faces. Text-free image, purposeful environmental detail, clean subject separation, detailed yet natural surfaces; actual generated pixel dimensions must be checked rather than assumed to be native 4K.","No captions, logos, watermark, modern objects, fantasy plate armour, gratuitous gold, plastic skin, beauty-filter face, neon aura, extra limbs, fused fingers, duplicated subjects, deformed anatomy, inconsistent costume, impossible reflections, random architecture, sexualized framing or gore. No caste or morality encoded through complexion.","Tapered face, wavy hair, teal; distinct from Sahadeva; source-check activity."
CH_SAHADEVA,character,Sahadeva,"Original cinematic concept image for a South Asian epic series, 16:9 composition intended for UHD delivery; realistic anatomy, textured materials, restrained filmic colour and motivated light. Young adult South Asian prince, rounded jaw, straight dark hair tied low, concentrated expression, light-brown cloth and muted violet sash. He sits on a low camp stone inspecting a simple item held naturally in both hands. Dew remains on grasses and thin dawn mist hangs behind trees. The composition conveys attention without mystical visual clichés. Text-free image, purposeful environmental detail, clean subject separation, detailed yet natural surfaces; actual generated pixel dimensions must be checked rather than assumed to be native 4K.","No captions, logos, watermark, modern objects, fantasy plate armour, gratuitous gold, plastic skin, beauty-filter face, neon aura, extra limbs, fused fingers, duplicated subjects, deformed anatomy, inconsistent costume, impossible reflections, random architecture, sexualized framing or gore. No caste or morality encoded through complexion.","Rounded jaw, straight low-tied hair, violet; family resemblance without identical twins."
CH_DURYODHANA,character,Duryodhana,"Original cinematic concept image for a South Asian epic series, 16:9 composition intended for UHD delivery; realistic anatomy, textured materials, restrained filmic colour and motivated light. Young adult South Asian prince, broad angular jaw, thick dark eyebrows, tightly bound hair, aubergine cloth with bronze border. He watches a rival beyond frame within a palace practice court. Warm stone, hard-packed earth and one grounded practice mace establish location; neutral daylight portrays pride and intensity without scars, demonic eyes or grotesque expression. Text-free image, purposeful environmental detail, clean subject separation, detailed yet natural surfaces; actual generated pixel dimensions must be checked rather than assumed to be native 4K.","No captions, logos, watermark, modern objects, fantasy plate armour, gratuitous gold, plastic skin, beauty-filter face, neon aura, extra limbs, fused fingers, duplicated subjects, deformed anatomy, inconsistent costume, impossible reflections, random architecture, sexualized framing or gore. No caste or morality encoded through complexion.",Angular jaw/aubergine-bronze; no complexion-based morality; consistent human identity.
CH_KARNA,character,Karna,"Original cinematic concept image for a South Asian epic series, 16:9 composition intended for UHD delivery; realistic anatomy, textured materials, restrained filmic colour and motivated light. Young adult South Asian warrior, long straight nose, clear dark eyes, loose dark hair gathered behind shoulders, warm ochre cloth and practical warrior layers. Distinctive restrained ear ornaments and protective chest details are clearly visible for review. He stands at a public arena edge, composed amid suspended afternoon dust, with a readable strong silhouette. Text-free image, purposeful environmental detail, clean subject separation, detailed yet natural surfaces; actual generated pixel dimensions must be checked rather than assumed to be native 4K.","No captions, logos, watermark, modern objects, fantasy plate armour, gratuitous gold, plastic skin, beauty-filter face, neon aura, extra limbs, fused fingers, duplicated subjects, deformed anatomy, inconsistent costume, impossible reflections, random architecture, sexualized framing or gore. No caste or morality encoded through complexion.",Long nose/ochre; protective attributes and earrings require exact timeline verification.
CH_DRONA,character,Drona,"Original cinematic concept image for a South Asian epic series, 16:9 composition intended for UHD delivery; realistic anatomy, textured materials, restrained filmic colour and motivated light. Mature South Asian teacher, lean face, dark-grey moustache and beard, tied greying hair, off-white cloth and brown working wraps. He indicates a fixed target beside a marked practice lane. An orderly wooden rack holds a few training weapons; worn earth records footwork. Dappled afternoon light falls on the ground but leaves his face in readable shade. Text-free image, purposeful environmental detail, clean subject separation, detailed yet natural surfaces; actual generated pixel dimensions must be checked rather than assumed to be native 4K.","No captions, logos, watermark, modern objects, fantasy plate armour, gratuitous gold, plastic skin, beauty-filter face, neon aura, extra limbs, fused fingers, duplicated subjects, deformed anatomy, inconsistent costume, impossible reflections, random architecture, sexualized framing or gore. No caste or morality encoded through complexion.",Lean face/off-white-brown; instruction pose; scene-check weapons and ritual details.
CH_EKALAVYA,character,Ekalavya,"Original cinematic concept image for a South Asian epic series, 16:9 composition intended for UHD delivery; realistic anatomy, textured materials, restrained filmic colour and motivated light. Young adult South Asian archer, square face, close dark curls, composed alert expression, sturdy olive and tan plant-dyed cloth. He stands in a self-made practice clearing beside a simple target and packed-earth platform. Ferns stop at the repeatedly worn lane. Open shade gives clear hand anatomy and conveys purposeful independent work without tribal caricature. Text-free image, purposeful environmental detail, clean subject separation, detailed yet natural surfaces; actual generated pixel dimensions must be checked rather than assumed to be native 4K.","No captions, logos, watermark, modern objects, fantasy plate armour, gratuitous gold, plastic skin, beauty-filter face, neon aura, extra limbs, fused fingers, duplicated subjects, deformed anatomy, inconsistent costume, impossible reflections, random architecture, sexualized framing or gore. No caste or morality encoded through complexion.",Square face/olive-tan; hand state follows source chronology; no invented exotic features.
CH_DRUPADA,character,Drupada,"Original cinematic concept image for a South Asian epic series, 16:9 composition intended for UHD delivery; realistic anatomy, textured materials, restrained filmic colour and motivated light. Mature South Asian king, narrow squared beard, deep-set eyes, greying temples, muted crimson cloth and cream shoulder wrap with a modest diadem. He stands on shallow steps within a spacious Panchala court. Sandstone and carved timber frame a well-tended tree; formal posture and soft side light suggest authority carrying remembered conflict. Text-free image, purposeful environmental detail, clean subject separation, detailed yet natural surfaces; actual generated pixel dimensions must be checked rather than assumed to be native 4K.","No captions, logos, watermark, modern objects, fantasy plate armour, gratuitous gold, plastic skin, beauty-filter face, neon aura, extra limbs, fused fingers, duplicated subjects, deformed anatomy, inconsistent costume, impossible reflections, random architecture, sexualized framing or gore. No caste or morality encoded through complexion.","Crimson/cream, narrow squared beard; age and ceremonial variant recorded."
CH_DRAUPADI,character,Draupadi,"Original cinematic concept image for a South Asian epic series, 16:9 composition intended for UHD delivery; realistic anatomy, textured materials, restrained filmic colour and motivated light. Adult South Asian royal woman, elongated face, large expressive dark eyes, full long black braid, deep red and muted indigo cloth with precise restrained jewelry. She stands in a Panchala colonnade alert to the assembly beyond. Garlands remain at the actual event entrance; garden light softly fills her face. Her posture communicates agency, not display. Text-free image, purposeful environmental detail, clean subject separation, detailed yet natural surfaces; actual generated pixel dimensions must be checked rather than assumed to be native 4K.","No captions, logos, watermark, modern objects, fantasy plate armour, gratuitous gold, plastic skin, beauty-filter face, neon aura, extra limbs, fused fingers, duplicated subjects, deformed anatomy, inconsistent costume, impossible reflections, random architecture, sexualized framing or gore. No caste or morality encoded through complexion.",Adult; elongated face/full braid/red-indigo; track hair and costume by event.
CH_KRISHNA,character,Krishna,"Original cinematic concept image for a South Asian epic series, 16:9 composition intended for UHD delivery; realistic anatomy, textured materials, restrained filmic colour and motivated light. Adult South Asian man, softly squared face, warm attentive eyes, dark curly hair, yellow-ochre cloth and deep-blue shoulder wrap. He turns toward a companion in a sunlit court with a restrained knowing expression. Fine woven texture, a modest ornament and natural warm-brown skin create a human dramatic presence; reflected light replaces permanent glowing effects. Text-free image, purposeful environmental detail, clean subject separation, detailed yet natural surfaces; actual generated pixel dimensions must be checked rather than assumed to be native 4K.","No captions, logos, watermark, modern objects, fantasy plate armour, gratuitous gold, plastic skin, beauty-filter face, neon aura, extra limbs, fused fingers, duplicated subjects, deformed anatomy, inconsistent costume, impossible reflections, random architecture, sexualized framing or gore. No caste or morality encoded through complexion.",Human court presentation; yellow/deep-blue; divine forms require separate source-grounded variants.
CH_SHAKUNI,character,"Shakuni, source-gated","Original cinematic concept image for a South Asian epic series, 16:9 composition intended for UHD delivery; realistic anatomy, textured materials, restrained filmic colour and motivated light. Mature South Asian royal kinsman, long face, neat divided short beard, thoughtful eyes, subdued brown-violet court cloth with narrow pattern. He sits in an audience chamber with empty hands visible, observing the people beyond frame. Warm side light reveals age lines and woven cloth, while an ordinary poised expression avoids grotesque villain coding. Text-free image, purposeful environmental detail, clean subject separation, detailed yet natural surfaces; actual generated pixel dimensions must be checked rather than assumed to be native 4K.","No captions, logos, watermark, modern objects, fantasy plate armour, gratuitous gold, plastic skin, beauty-filter face, neon aura, extra limbs, fused fingers, duplicated subjects, deformed anatomy, inconsistent costume, impossible reflections, random architecture, sexualized framing or gore. No caste or morality encoded through complexion.",Use only when audited source includes him; portrait implies no dice action; later dice arc outside verified bound.
CH_ASTIKA,character,Astika,"Original cinematic concept image for a South Asian epic series, 16:9 composition intended for UHD delivery; realistic anatomy, textured materials, restrained filmic colour and motivated light. Young adult South Asian sage, smooth oval face, steady dark eyes, simply tied black hair, undyed cloth and muted saffron wrap. At a ceremonial enclosure entrance, one open palm requests a hearing. The assembly and distant fire remain behind him; clear morning light emphasizes human resolve. Footpaths through prepared earth give the scene a traversable geography. Text-free image, purposeful environmental detail, clean subject separation, detailed yet natural surfaces; actual generated pixel dimensions must be checked rather than assumed to be native 4K.","No captions, logos, watermark, modern objects, fantasy plate armour, gratuitous gold, plastic skin, beauty-filter face, neon aura, extra limbs, fused fingers, duplicated subjects, deformed anatomy, inconsistent costume, impossible reflections, random architecture, sexualized framing or gore. No caste or morality encoded through complexion.",Oval face/saffron-cream; preserve youth; gesture not automatic magical effect.
CH_GARUDA,creature,Garuda,"Original cinematic concept image for a South Asian epic series, 16:9 composition intended for UHD delivery; realistic anatomy, textured materials, restrained filmic colour and motivated light. Majestic mythic eagle-being with coherent raptor feather anatomy, bronze-brown, cream and charcoal plumage, powerful talons and a fixed avian head design. He stands on wind-scoured rock above layered cloud, wings partly open to show structure. Morning backlight reveals feather edges while the face stays readable; distant forest supplies immense but believable scale. Text-free image, purposeful environmental detail, clean subject separation, detailed yet natural surfaces; actual generated pixel dimensions must be checked rather than assumed to be native 4K.","No captions, logos, watermark, modern objects, fantasy plate armour, gratuitous gold, plastic skin, beauty-filter face, neon aura, extra limbs, fused fingers, duplicated subjects, deformed anatomy, inconsistent costume, impossible reflections, random architecture, sexualized framing or gore. No caste or morality encoded through complexion.",Approve exact avian/anthropomorphic form against scene; artistic mythic design; fixed head/plumage.
CH_TAKSHAKA,creature,Takshaka,"Original cinematic concept image for a South Asian epic series, 16:9 composition intended for UHD delivery; realistic anatomy, textured materials, restrained filmic colour and motivated light. Mythic serpent with a consistent elongated head and dark-olive scales carrying fine copper-brown pattern, coiled beside large roots at a grove edge. Moist soil and narrow sky shafts establish scale; the raised head is alert rather than neon-eyed. The body follows a continuous visible route among roots, with physically coherent loops and textured scales. Text-free image, purposeful environmental detail, clean subject separation, detailed yet natural surfaces; actual generated pixel dimensions must be checked rather than assumed to be native 4K.","No captions, logos, watermark, modern objects, fantasy plate armour, gratuitous gold, plastic skin, beauty-filter face, neon aura, extra limbs, fused fingers, duplicated subjects, deformed anatomy, inconsistent costume, impossible reflections, random architecture, sexualized framing or gore. No caste or morality encoded through complexion.",Serpent form only; linked human/divine variants separate; fixed head and scale pattern.
CH_JARASANDHA,character,Jarasandha,"Original cinematic concept image for a South Asian epic series, 16:9 composition intended for UHD delivery; realistic anatomy, textured materials, restrained filmic colour and motivated light. Mature South Asian ruler, broad strong face, thick dark-grey hair, dense short beard, burnt-orange and dark-brown royal cloth with restrained ornaments. He stands in an austere fortified courtyard, shoulders squared and hands relaxed before a challenge. Dry foothill light grazes worn stone steps; open ground leaves room for the coming human action. Text-free image, purposeful environmental detail, clean subject separation, detailed yet natural surfaces; actual generated pixel dimensions must be checked rather than assumed to be native 4K.","No captions, logos, watermark, modern objects, fantasy plate armour, gratuitous gold, plastic skin, beauty-filter face, neon aura, extra limbs, fused fingers, duplicated subjects, deformed anatomy, inconsistent costume, impossible reflections, random architecture, sexualized framing or gore. No caste or morality encoded through complexion.",Verified opening Sabha arc; human anatomy; burnt-orange/brown and broad face throughout contest.
LO_NAIMISHA,location,Naimisha listening grove,"Original cinematic concept image for a South Asian epic series, 16:9 composition intended for UHD delivery; realistic anatomy, textured materials, restrained filmic colour and motivated light. Broad forest gathering beneath an old fig tree, exposed roots defining clear paths and reed mats arranged in an open crescent. The speaker sits at its focus on a modest mat. A shallow watercourse is glimpsed through foliage; seedlings occupy undisturbed patches. Soft morning canopy light creates a calm readable establishing view with space for listener reactions. Text-free image, purposeful environmental detail, clean subject separation, detailed yet natural surfaces; actual generated pixel dimensions must be checked rather than assumed to be native 4K.","No captions, logos, watermark, modern objects, fantasy plate armour, gratuitous gold, plastic skin, beauty-filter face, neon aura, extra limbs, fused fingers, duplicated subjects, deformed anatomy, inconsistent costume, impossible reflections, random architecture, sexualized framing or gore. No caste or morality encoded through complexion.","Outer frame; fig left, speaker centre-right, fixed mat crescent and season."
LO_SARPA_SATRA,location,Janamejaya's ritual assembly,"Original cinematic concept image for a South Asian epic series, 16:9 composition intended for UHD delivery; realistic anatomy, textured materials, restrained filmic colour and motivated light. Prepared level ceremonial ground with timber posts, cream shade cloth, orderly seats, carefully arranged vessels and a defined central fire area. Clear walking routes connect a separate speaking mat to the king's modest raised seat. Dry earth, distant trees and controlled warm smoke establish an outdoor rite; layered people and architecture create scale without colossal flames. Text-free image, purposeful environmental detail, clean subject separation, detailed yet natural surfaces; actual generated pixel dimensions must be checked rather than assumed to be native 4K.","No captions, logos, watermark, modern objects, fantasy plate armour, gratuitous gold, plastic skin, beauty-filter face, neon aura, extra limbs, fused fingers, duplicated subjects, deformed anatomy, inconsistent costume, impossible reflections, random architecture, sexualized framing or gore. No caste or morality encoded through complexion.",Inner frame; lock king/speaker/fire positions and paths; not ordinary palace court.
LO_GANGA,location,Ganga riverbank,"Original cinematic concept image for a South Asian epic series, 16:9 composition intended for UHD delivery; realistic anatomy, textured materials, restrained filmic colour and motivated light. Broad river-plain bank at first light, pale silt, reed clusters, shallow inlet and a deeper silver-grey channel leading diagonally to the horizon. One weathered wooden boat is moored to a stake; footprints cross from landing toward trees. Cool humid sky has a narrow warm sunrise edge. Leave clear foreground geography for two speaking figures. Text-free image, purposeful environmental detail, clean subject separation, detailed yet natural surfaces; actual generated pixel dimensions must be checked rather than assumed to be native 4K.","No captions, logos, watermark, modern objects, fantasy plate armour, gratuitous gold, plastic skin, beauty-filter face, neon aura, extra limbs, fused fingers, duplicated subjects, deformed anatomy, inconsistent costume, impossible reflections, random architecture, sexualized framing or gore. No caste or morality encoded through complexion.","Track river level, boat position, crossing route and sunlight through connected shots."
LO_HASTINAPURA,location,Hastinapura,"Original cinematic concept image for a South Asian epic series, 16:9 composition intended for UHD delivery; realistic anatomy, textured materials, restrained filmic colour and motivated light. River-plain capital approached from human height, with sandstone, fired-earth and timber buildings around working streets, shaded wells and cloth awnings. The palace court rises beyond a clear gate route; mature trees interrupt the skyline. Late-morning light reveals social scale and useful paths, with restrained carved geometry instead of indiscriminately borrowed later monuments. Text-free image, purposeful environmental detail, clean subject separation, detailed yet natural surfaces; actual generated pixel dimensions must be checked rather than assumed to be native 4K.","No captions, logos, watermark, modern objects, fantasy plate armour, gratuitous gold, plastic skin, beauty-filter face, neon aura, extra limbs, fused fingers, duplicated subjects, deformed anatomy, inconsistent costume, impossible reflections, random architecture, sexualized framing or gore. No caste or morality encoded through complexion.","Artistic epic city, not exact reconstruction; repeat gate, pillars and river direction."
LO_TRAINING,location,Kuru training ground,"Original cinematic concept image for a South Asian epic series, 16:9 composition intended for UHD delivery; realistic anatomy, textured materials, restrained filmic colour and motivated light. Functional outdoor court with compacted earth, spaced archery lanes, fixed targets, shaded teacher platform and modest timber weapon rack. Trees stand outside firing paths. Practice marks, disturbed dust and a water vessel near shade show daily use. Clear afternoon light establishes distances, leaving the action readable without decorative crowds or excess flags. Text-free image, purposeful environmental detail, clean subject separation, detailed yet natural surfaces; actual generated pixel dimensions must be checked rather than assumed to be native 4K.","No captions, logos, watermark, modern objects, fantasy plate armour, gratuitous gold, plastic skin, beauty-filter face, neon aura, extra limbs, fused fingers, duplicated subjects, deformed anatomy, inconsistent costume, impossible reflections, random architecture, sexualized framing or gore. No caste or morality encoded through complexion.","Fixed target/platform positions, safe coherent lanes and sun direction."
LO_FOREST_RETREAT,location,Foothill retreat,"Original cinematic concept image for a South Asian epic series, 16:9 composition intended for UHD delivery; realistic anatomy, textured materials, restrained filmic colour and motivated light. Lived-in retreat on a stream-fed foothill terrace, two timber-and-thatch shelters, stone-lined cooking place, drying cloth and a narrow water path. Ferns grow near moisture; grasses occupy the sunny clearing and cool ridges recede behind. Mid-morning light reaches one wall while the other shelter stays shaded, revealing worn thresholds and orderly daily storage. Text-free image, purposeful environmental detail, clean subject separation, detailed yet natural surfaces; actual generated pixel dimensions must be checked rather than assumed to be native 4K.","No captions, logos, watermark, modern objects, fantasy plate armour, gratuitous gold, plastic skin, beauty-filter face, neon aura, extra limbs, fused fingers, duplicated subjects, deformed anatomy, inconsistent costume, impossible reflections, random architecture, sexualized framing or gore. No caste or morality encoded through complexion.","Fix shelter doors, stream and kitchen; coherent altitude vegetation and weather."
LO_LAC_HOUSE,location,Varanavata residence,"Original cinematic concept image for a South Asian epic series, 16:9 composition intended for UHD delivery; realistic anatomy, textured materials, restrained filmic colour and motivated light. Welcoming timber residence with plastered surfaces, painted borders, deep eaves and a maintained courtyard in a quiet settlement. Household storage and a small garden make it plausibly inhabited. Late-afternoon light reveals subtly treated glossy timber in close detail, without a fantastical wax-palace appearance. A discreet route follows the rear wall. Text-free image, purposeful environmental detail, clean subject separation, detailed yet natural surfaces; actual generated pixel dimensions must be checked rather than assumed to be native 4K.","No captions, logos, watermark, modern objects, fantasy plate armour, gratuitous gold, plastic skin, beauty-filter face, neon aura, extra limbs, fused fingers, duplicated subjects, deformed anatomy, inconsistent costume, impossible reflections, random architecture, sexualized framing or gore. No caste or morality encoded through complexion.",Danger revealed by story evidence; exterior/interior/escape route share one plan.
LO_TUNNEL,location,Concealed escape tunnel,"Original cinematic concept image for a South Asian epic series, 16:9 composition intended for UHD delivery; realistic anatomy, textured materials, restrained filmic colour and motivated light. Cramped hand-dug passage with irregular earth-tool marks, braced sections, low packed floor and a small far patch of cooler outside light. A covered near lamp reveals roots and airborne dust without uniformly lighting the tunnel. The composition follows an actually traversable route with room for a crouched person, creating tension through physical confinement. Text-free image, purposeful environmental detail, clean subject separation, detailed yet natural surfaces; actual generated pixel dimensions must be checked rather than assumed to be native 4K.","No captions, logos, watermark, modern objects, fantasy plate armour, gratuitous gold, plastic skin, beauty-filter face, neon aura, extra limbs, fused fingers, duplicated subjects, deformed anatomy, inconsistent costume, impossible reflections, random architecture, sexualized framing or gore. No caste or morality encoded through complexion.","Match lac-house entrance/exit; fix height, lamp side and traveller order."
LO_EKACHAKRA,location,Ekachakra household,"Original cinematic concept image for a South Asian epic series, 16:9 composition intended for UHD delivery; realistic anatomy, textured materials, restrained filmic colour and motivated light. Modest lived-in courtyard with earthen stove, neatly stacked clay vessels, patched mats, shaded sleeping veranda and grain basket under cover. Plants grow where wash water reaches soil; a simple doorway opens to the town lane. Soft morning light reveals care and use rather than caricatured misery, with room for a family conversation. Text-free image, purposeful environmental detail, clean subject separation, detailed yet natural surfaces; actual generated pixel dimensions must be checked rather than assumed to be native 4K.","No captions, logos, watermark, modern objects, fantasy plate armour, gratuitous gold, plastic skin, beauty-filter face, neon aura, extra limbs, fused fingers, duplicated subjects, deformed anatomy, inconsistent costume, impossible reflections, random architecture, sexualized framing or gore. No caste or morality encoded through complexion.",Repeat door/stove/veranda; modest means do not erase cleanliness or agency.
LO_PANCHALA_ARENA,location,Panchala svayamvara venue,"Original cinematic concept image for a South Asian epic series, 16:9 composition intended for UHD delivery; realistic anatomy, textured materials, restrained filmic colour and motivated light. Spacious ceremonial arena with ordered audience tiers, shaded royal seats and a clear central challenge apparatus, whose precise mechanics must match the verified source. Timber, stone and woven canopies create scale. Garlands concentrate at entrances while the action floor remains uncluttered. Bright indirect daylight makes contestants, bow and target visibly separate. Text-free image, purposeful environmental detail, clean subject separation, detailed yet natural surfaces; actual generated pixel dimensions must be checked rather than assumed to be native 4K.","No captions, logos, watermark, modern objects, fantasy plate armour, gratuitous gold, plastic skin, beauty-filter face, neon aura, extra limbs, fused fingers, duplicated subjects, deformed anatomy, inconsistent costume, impossible reflections, random architecture, sexualized framing or gore. No caste or morality encoded through complexion.",Do not assume popular-retelling mechanics; verify apparatus and lock positions first.
LO_KHANDAVA,location,Khandava living forest,"Original cinematic concept image for a South Asian epic series, 16:9 composition intended for UHD delivery; realistic anatomy, textured materials, restrained filmic colour and motivated light. Dense geographically readable forest with stream crossing, distinctive split-trunk tree and three canopy layers. Birds nest above; small tracks mark the water margin and fallen wood supports new growth. Sun reaches the stream in scattered patches while undergrowth stays damp. Establish one specific living place with recognizable landmarks before any source-grounded later transformation. Text-free image, purposeful environmental detail, clean subject separation, detailed yet natural surfaces; actual generated pixel dimensions must be checked rather than assumed to be native 4K.","No captions, logos, watermark, modern objects, fantasy plate armour, gratuitous gold, plastic skin, beauty-filter face, neon aura, extra limbs, fused fingers, duplicated subjects, deformed anatomy, inconsistent costume, impossible reflections, random architecture, sexualized framing or gore. No caste or morality encoded through complexion.",Pre-event baseline; preserve stream/tree landmarks; burning requires source scene and ecological gravity.
LO_INDRAPRASTHA,location,Indraprastha,"Original cinematic concept image for a South Asian epic series, 16:9 composition intended for UHD delivery; realistic anatomy, textured materials, restrained filmic colour and motivated light. Developing royal city on an open plain, planned main road, stone-and-timber halls, water channels, productive gardens and active work areas appropriate to its chosen narrative stage. The palace occupies the same connected landscape. Late sunlight reveals differences between finished walls and working structures; people and carts provide human scale. Text-free image, purposeful environmental detail, clean subject separation, detailed yet natural surfaces; actual generated pixel dimensions must be checked rather than assumed to be native 4K.","No captions, logos, watermark, modern objects, fantasy plate armour, gratuitous gold, plastic skin, beauty-filter face, neon aura, extra limbs, fused fingers, duplicated subjects, deformed anatomy, inconsistent costume, impossible reflections, random architecture, sexualized framing or gore. No caste or morality encoded through complexion.",Label construction versus completed stage; preserve road/channel/palace orientation.
LO_MAYA_HALL,location,Maya's hall,"Original cinematic concept image for a South Asian epic series, 16:9 composition intended for UHD delivery; realistic anatomy, textured materials, restrained filmic colour and motivated light. Spatially coherent splendid assembly hall with repeated carved columns, broad central route, reflective stone floors and carefully placed clear pools. High daylight produces convincing reflections, confusing perception only where intended by the narrative. Fine inlay and craftsmanship supply richness through pale stone, warm timber and controlled metal. Establish the complete route before close shots. Text-free image, purposeful environmental detail, clean subject separation, detailed yet natural surfaces; actual generated pixel dimensions must be checked rather than assumed to be native 4K.","No captions, logos, watermark, modern objects, fantasy plate armour, gratuitous gold, plastic skin, beauty-filter face, neon aura, extra limbs, fused fingers, duplicated subjects, deformed anatomy, inconsistent costume, impossible reflections, random architecture, sexualized framing or gore. No caste or morality encoded through complexion.",Plan floor/water zones; no moving pools; no later dice-game staging in current source-bound episodes.
LO_MAGADHA,location,Magadha fortified court,"Original cinematic concept image for a South Asian epic series, 16:9 composition intended for UHD delivery; realistic anatomy, textured materials, restrained filmic colour and motivated light. Austere fortified royal centre among dry foothills, massive weathered stone gate, timber upper galleries and a wide hard-packed courtyard suitable for a physical challenge. Sparse hardy trees and ochre dust establish climate. Grazing late daylight reveals wall texture while the central ground stays open. A clear route connects gate and ruler's seat. Text-free image, purposeful environmental detail, clean subject separation, detailed yet natural surfaces; actual generated pixel dimensions must be checked rather than assumed to be native 4K.","No captions, logos, watermark, modern objects, fantasy plate armour, gratuitous gold, plastic skin, beauty-filter face, neon aura, extra limbs, fused fingers, duplicated subjects, deformed anatomy, inconsistent costume, impossible reflections, random architecture, sexualized framing or gore. No caste or morality encoded through complexion.",Opening Sabha/Jarasandha arc only; fixed gate/gallery/contest area; no imported later battles.
CH_KRIPA,character,Kripa,"Create an original canonical reference for Kripa. A lean mature teacher with a long angular face, neatly tied black-and-gray hair and short beard, ash-beige teaching cloth with a narrow green border; erect measured posture, a simple practice bow held safely downward. Open training courtyard, soft dawn under neem shade, earth and timber details. Cinematic painterly realism, one coherent 16:9 composition designed for a 3840x2160 master, detailed natural skin or feathers and tactile materials, controlled depth of field, clear readable silhouette, restrained cinematic color, motivated light. Neutral identity reference with no unrelated action. Keep enough of the environment to establish scale. Costume, age and location styling are adaptation choices, not historical claims. Lock this design before producing story shots.","No modern objects, logos, generated writing, plastic costumes, duplicate identities, fused limbs, deformed hands, unrelated architecture, sexualized presentation or graphic injury. Do not replace an existing approved reference.",Do not confuse with Drona; keep narrow face and green border.
CH_ASHWATTHAMA,character,Ashwatthama,"Create an original canonical reference for Ashwatthama. Young adult warrior with a square jaw, heavy brows, dark hair tied high, a small discreet forehead gem design, deep clay-red cloth and a simple leather shoulder guard; watchful expression. Training-ground edge beneath a tree, dusty afternoon light. Cinematic painterly realism, one coherent 16:9 composition designed for a 3840x2160 master, detailed natural skin or feathers and tactile materials, controlled depth of field, clear readable silhouette, restrained cinematic color, motivated light. Neutral identity reference with no unrelated action. Keep enough of the environment to establish scale. Costume, age and location styling are adaptation choices, not historical claims. Lock this design before producing story shots.","No modern objects, logos, generated writing, plastic costumes, duplicate identities, fused limbs, deformed hands, unrelated architecture, sexualized presentation or graphic injury. Do not replace an existing approved reference.",Separate child and adult references. Never borrow Drona’s white beard.
CH_DHRISHTADYUMNA,character,Dhrishtadyumna,"Create an original canonical reference for Dhrishtadyumna. Adult Panchala prince with a broad brow, strong straight nose, shoulder-length tied dark hair, copper-red silk and a restrained ceremonial belt; formal assured stance. Leaf-garlanded Panchala pavilion, filtered daylight, a heavy competition bow in background. Cinematic painterly realism, one coherent 16:9 composition designed for a 3840x2160 master, detailed natural skin or feathers and tactile materials, controlled depth of field, clear readable silhouette, restrained cinematic color, motivated light. Neutral identity reference with no unrelated action. Keep enough of the environment to establish scale. Costume, age and location styling are adaptation choices, not historical claims. Lock this design before producing story shots.","No modern objects, logos, generated writing, plastic costumes, duplicate identities, fused limbs, deformed hands, unrelated architecture, sexualized presentation or graphic injury. Do not replace an existing approved reference.",Draupadi’s brother; same fire-born identity through ceremony and investigation.
CH_DHAUMYA,character,Dhaumya,"Create an original canonical reference for Dhaumya. Middle-aged priest with an oval face, short gray-streaked beard and modest knotted hair, ochre-gray cotton, small ritual cord, expressive gentle hands, calm direct gaze. Simple forest hermitage with a stream and woven mats, no grand temple. Cinematic painterly realism, one coherent 16:9 composition designed for a 3840x2160 master, detailed natural skin or feathers and tactile materials, controlled depth of field, clear readable silhouette, restrained cinematic color, motivated light. Neutral identity reference with no unrelated action. Keep enough of the environment to establish scale. Costume, age and location styling are adaptation choices, not historical claims. Lock this design before producing story shots.","No modern objects, logos, generated writing, plastic costumes, duplicate identities, fused limbs, deformed hands, unrelated architecture, sexualized presentation or graphic injury. Do not replace an existing approved reference.","Keep distinct from Vyasa, Drona, Vasishta and the frame narrators."
CH_HIDIMBI,character,Hidimbi,"Create an original canonical reference for Hidimbi. Strong adult forest woman, wide expressive eyes, brown skin, dark hair tied with woven fibers, earth-green layered cloth and small wood ornaments; confident protective bearing. Moonlit forest edge with ferns, massive roots and cool mist, warm reflected firelight. Cinematic painterly realism, one coherent 16:9 composition designed for a 3840x2160 master, detailed natural skin or feathers and tactile materials, controlled depth of field, clear readable silhouette, restrained cinematic color, motivated light. Neutral identity reference with no unrelated action. Keep enough of the environment to establish scale. Costume, age and location styling are adaptation choices, not historical claims. Lock this design before producing story shots.","No modern objects, logos, generated writing, plastic costumes, duplicate identities, fused limbs, deformed hands, unrelated architecture, sexualized presentation or graphic injury. Do not replace an existing approved reference.",No tribal caricature or seductive pose; same identity as Ghatotkacha’s mother.
CH_HIDIMBA,character,Hidimba,"Create an original canonical reference for Hidimba. Large adult forest warrior with a long face, thick eyebrows and dark tied hair, rough rust-brown woven cloth, powerful shoulders and a confrontational stance; no horns. Night clearing with looming trunks and disturbed leaves. Cinematic painterly realism, one coherent 16:9 composition designed for a 3840x2160 master, detailed natural skin or feathers and tactile materials, controlled depth of field, clear readable silhouette, restrained cinematic color, motivated light. Neutral identity reference with no unrelated action. Keep enough of the environment to establish scale. Costume, age and location styling are adaptation choices, not historical claims. Lock this design before producing story shots.","No modern objects, logos, generated writing, plastic costumes, duplicate identities, fused limbs, deformed hands, unrelated architecture, sexualized presentation or graphic injury. Do not replace an existing approved reference.","Hidimbi’s brother, not her child; physical distinction through scale and costume."
CH_GHATOTKACHA,character,Ghatotkacha grown,"Create an original canonical reference for Ghatotkacha grown. Powerful young adult with rounded close-shaven head, broad face recalling Bhima and Hidimbi, brown skin, forest-green and rust travel cloth, modest practical belt and warm alert eyes. Lake-edge path beneath tall sal-like trees, pale early light, mist receding. Cinematic painterly realism, one coherent 16:9 composition designed for a 3840x2160 master, detailed natural skin or feathers and tactile materials, controlled depth of field, clear readable silhouette, restrained cinematic color, motivated light. Neutral identity reference with no unrelated action. Keep enough of the environment to establish scale. Costume, age and location styling are adaptation choices, not historical claims. Lock this design before producing story shots.","No modern objects, logos, generated writing, plastic costumes, duplicate identities, fused limbs, deformed hands, unrelated architecture, sexualized presentation or graphic injury. Do not replace an existing approved reference.",Supernatural maturation needs explicit transition; separate infant reference.
CH_ADHIRATHA,character,Adhiratha,"Create an original canonical reference for Adhiratha. Older charioteer with weathered kind face, salt-gray short hair and beard, plain indigo cotton, work-worn hands, simple sandals; dignified upright stance without royal ornaments. Outside a timber arena at low sunset, chariot wheel in soft focus. Cinematic painterly realism, one coherent 16:9 composition designed for a 3840x2160 master, detailed natural skin or feathers and tactile materials, controlled depth of field, clear readable silhouette, restrained cinematic color, motivated light. Neutral identity reference with no unrelated action. Keep enough of the environment to establish scale. Costume, age and location styling are adaptation choices, not historical claims. Lock this design before producing story shots.","No modern objects, logos, generated writing, plastic costumes, duplicate identities, fused limbs, deformed hands, unrelated architecture, sexualized presentation or graphic injury. Do not replace an existing approved reference.",Karna’s foster father; no caricature of social status.
CH_RADHA,character,Radha,"Create an original canonical reference for Radha. Mature nurturing woman with a broad warm face, silver strands in a low dark braid, faded maroon cotton sari-like drape, simple bangles and steady eyes. Modest household beside chariot-work sheds, warm window light and woven baskets. Cinematic painterly realism, one coherent 16:9 composition designed for a 3840x2160 master, detailed natural skin or feathers and tactile materials, controlled depth of field, clear readable silhouette, restrained cinematic color, motivated light. Neutral identity reference with no unrelated action. Keep enough of the environment to establish scale. Costume, age and location styling are adaptation choices, not historical claims. Lock this design before producing story shots.","No modern objects, logos, generated writing, plastic costumes, duplicate identities, fused limbs, deformed hands, unrelated architecture, sexualized presentation or graphic injury. Do not replace an existing approved reference.",Karna’s foster mother; distinct from Kunti at every age.
CH_PUROCHANA,character,Purochana,"Create an original canonical reference for Purochana. Middle-aged court agent with an ordinary narrow face, neat beard and dark hair, ochre-brown administrative dress, controlled polite smile and hands clasped formally. Freshly decorated Varanavata guest-house entrance, flowering branches and unsettling shaded interior. Cinematic painterly realism, one coherent 16:9 composition designed for a 3840x2160 master, detailed natural skin or feathers and tactile materials, controlled depth of field, clear readable silhouette, restrained cinematic color, motivated light. Neutral identity reference with no unrelated action. Keep enough of the environment to establish scale. Costume, age and location styling are adaptation choices, not historical claims. Lock this design before producing story shots.","No modern objects, logos, generated writing, plastic costumes, duplicate identities, fused limbs, deformed hands, unrelated architecture, sexualized presentation or graphic injury. Do not replace an existing approved reference.",No visual demon coding; deceptive hospitality comes from action.
CH_KANIKA,character,Kanika,"Create an original canonical reference for Kanika. Elder political adviser with thin lips, observant eyes, short gray beard, plain cream and muted brown cloth; one open hand beside carved animal tokens. Private lamp-lit court chamber with deep timber grain, no magical darkness. Cinematic painterly realism, one coherent 16:9 composition designed for a 3840x2160 master, detailed natural skin or feathers and tactile materials, controlled depth of field, clear readable silhouette, restrained cinematic color, motivated light. Neutral identity reference with no unrelated action. Keep enough of the environment to establish scale. Costume, age and location styling are adaptation choices, not historical claims. Lock this design before producing story shots.","No modern objects, logos, generated writing, plastic costumes, duplicate identities, fused limbs, deformed hands, unrelated architecture, sexualized presentation or graphic injury. Do not replace an existing approved reference.","Counsel is the character’s view, never narrator endorsement."
CH_BAKA,character,Baka,"Create an original canonical reference for Baka. Massive adult rakshasa warrior, original strong features, coarse dark hair, heavy earth-brown cloth and practical forest ornaments; physically imposing without horns or racial caricature. Rocky grove beyond Ekachakra, dense roots and patches of hard sunlight. Cinematic painterly realism, one coherent 16:9 composition designed for a 3840x2160 master, detailed natural skin or feathers and tactile materials, controlled depth of field, clear readable silhouette, restrained cinematic color, motivated light. Neutral identity reference with no unrelated action. Keep enough of the environment to establish scale. Costume, age and location styling are adaptation choices, not historical claims. Lock this design before producing story shots.","No modern objects, logos, generated writing, plastic costumes, duplicate identities, fused limbs, deformed hands, unrelated architecture, sexualized presentation or graphic injury. Do not replace an existing approved reference.",Maintain size relative to Bhima; depict threat without gore or comic eating.
CH_ANGARAPARNA,character,Angaraparna also called Chitraratha,"Create an original canonical reference for Angaraparna also called Chitraratha. Graceful adult Gandharva with a narrow elegant face, dark shoulder-length hair, muted teal cloth and fine silver-toned ornaments, calm eyes that can shift from pride to reflection. Moonlit Ganga beside an ornate but credible wooden chariot, reeds and torch reflections. Cinematic painterly realism, one coherent 16:9 composition designed for a 3840x2160 master, detailed natural skin or feathers and tactile materials, controlled depth of field, clear readable silhouette, restrained cinematic color, motivated light. Neutral identity reference with no unrelated action. Keep enough of the environment to establish scale. Costume, age and location styling are adaptation choices, not historical claims. Lock this design before producing story shots.","No modern objects, logos, generated writing, plastic costumes, duplicate identities, fused limbs, deformed hands, unrelated architecture, sexualized presentation or graphic injury. Do not replace an existing approved reference.",Names refer to the same story figure here; retain damaged chariot state after duel.
CH_TAPATI,character,Tapati,"Create an original canonical reference for Tapati. Adult solar princess with composed oval face, deep brown eyes, long black hair, warm gold natural silk and very restrained ornaments; luminous through backlight, not glowing skin. High meadow and wooded valley, wind in grasses and soft sun rays. Cinematic painterly realism, one coherent 16:9 composition designed for a 3840x2160 master, detailed natural skin or feathers and tactile materials, controlled depth of field, clear readable silhouette, restrained cinematic color, motivated light. Neutral identity reference with no unrelated action. Keep enough of the environment to establish scale. Costume, age and location styling are adaptation choices, not historical claims. Lock this design before producing story shots.","No modern objects, logos, generated writing, plastic costumes, duplicate identities, fused limbs, deformed hands, unrelated architecture, sexualized presentation or graphic injury. Do not replace an existing approved reference.",Ancestor’s story; do not reuse Draupadi or Subhadra’s face.
CH_SAMVARANA,character,Samvarana,"Create an original canonical reference for Samvarana. Adult ancestral king with an angular face, dark curled hair and short beard, muted blue and bronze travel garments, exhausted yet attentive eyes. Mountain grove beside a tired horse, soft late light and distant valley. Cinematic painterly realism, one coherent 16:9 composition designed for a 3840x2160 master, detailed natural skin or feathers and tactile materials, controlled depth of field, clear readable silhouette, restrained cinematic color, motivated light. Neutral identity reference with no unrelated action. Keep enough of the environment to establish scale. Costume, age and location styling are adaptation choices, not historical claims. Lock this design before producing story shots.","No modern objects, logos, generated writing, plastic costumes, duplicate identities, fused limbs, deformed hands, unrelated architecture, sexualized presentation or graphic injury. Do not replace an existing approved reference.",Different generation from Arjuna; separate royal and ascetic-waiting costumes.
CH_VASISHTA,character,Vasishta,"Create an original canonical reference for Vasishta. Elder sage with a long gentle face, full silver beard, high gray hair knot, unbleached cloth and a simple staff, grief-capable human expression. Quiet hermitage with Nandini the cow in distant shade, clear stream and broad leaves. Cinematic painterly realism, one coherent 16:9 composition designed for a 3840x2160 master, detailed natural skin or feathers and tactile materials, controlled depth of field, clear readable silhouette, restrained cinematic color, motivated light. Neutral identity reference with no unrelated action. Keep enough of the environment to establish scale. Costume, age and location styling are adaptation choices, not historical claims. Lock this design before producing story shots.","No modern objects, logos, generated writing, plastic costumes, duplicate identities, fused limbs, deformed hands, unrelated architecture, sexualized presentation or graphic injury. Do not replace an existing approved reference.",Do not use Drona’s warrior posture or Vyasa’s face.
CH_VISHVAMITRA,character,Vishvamitra as king,"Create an original canonical reference for Vishvamitra as king. Strong adult king with a high brow, dark hair tied back, trimmed beard and muted iron-red travel attire; pride conveyed through posture rather than cruelty. Forest hermitage boundary after hospitality, distant attendants and dappled light. Cinematic painterly realism, one coherent 16:9 composition designed for a 3840x2160 master, detailed natural skin or feathers and tactile materials, controlled depth of field, clear readable silhouette, restrained cinematic color, motivated light. Neutral identity reference with no unrelated action. Keep enough of the environment to establish scale. Costume, age and location styling are adaptation choices, not historical claims. Lock this design before producing story shots.","No modern objects, logos, generated writing, plastic costumes, duplicate identities, fused limbs, deformed hands, unrelated architecture, sexualized presentation or graphic injury. Do not replace an existing approved reference.",Separate later ascetic stage; no instant appearance change within a scene.
CH_PARASHARA,character,Parashara,"Create an original canonical reference for Parashara. Young adult sage with intense thoughtful eyes, straight nose, tied black hair and a short beard, simple deep ochre cloth, hands gradually relaxing from anger. Forest altar at dusk, low fire and soft silhouettes of advising elders. Cinematic painterly realism, one coherent 16:9 composition designed for a 3840x2160 master, detailed natural skin or feathers and tactile materials, controlled depth of field, clear readable silhouette, restrained cinematic color, motivated light. Neutral identity reference with no unrelated action. Keep enough of the environment to establish scale. Costume, age and location styling are adaptation choices, not historical claims. Lock this design before producing story shots.","No modern objects, logos, generated writing, plastic costumes, duplicate identities, fused limbs, deformed hands, unrelated architecture, sexualized presentation or graphic injury. Do not replace an existing approved reference.","Shakti’s son, Vasishta’s grandson; not Vyasa in this earlier story."
CH_AURVA,character,Aurva,"Create an original canonical reference for Aurva. Young adult ascetic with a lean face, bright focused eyes, dark matted hair and weathered saffron cloth, rigid stance gradually softened by listening. Rocky ocean shore under storm layers, symbolic fire light restrained in water reflections. Cinematic painterly realism, one coherent 16:9 composition designed for a 3840x2160 master, detailed natural skin or feathers and tactile materials, controlled depth of field, clear readable silhouette, restrained cinematic color, motivated light. Neutral identity reference with no unrelated action. Keep enough of the environment to establish scale. Costume, age and location styling are adaptation choices, not historical claims. Lock this design before producing story shots.","No modern objects, logos, generated writing, plastic costumes, duplicate identities, fused limbs, deformed hands, unrelated architecture, sexualized presentation or graphic injury. Do not replace an existing approved reference.",Nested example told to Parashara; maintain frame labels.
CH_NALAYANI,character,Nalayani,"Create an original canonical reference for Nalayani. Adult woman with a serene determined face, dark hair in a practical braid, simple ivory and ochre cotton, attentive hands and an expression of patient care. Rain-lit forest dwelling, clean cloth, a water pot and closed food vessel. Cinematic painterly realism, one coherent 16:9 composition designed for a 3840x2160 master, detailed natural skin or feathers and tactile materials, controlled depth of field, clear readable silhouette, restrained cinematic color, motivated light. Neutral identity reference with no unrelated action. Keep enough of the environment to establish scale. Costume, age and location styling are adaptation choices, not historical claims. Lock this design before producing story shots.","No modern objects, logos, generated writing, plastic costumes, duplicate identities, fused limbs, deformed hands, unrelated architecture, sexualized presentation or graphic injury. Do not replace an existing approved reference.",Earlier life in this edition’s account; do not show explicit bodily or sexual details.
CH_ULUPI,character,Ulupi,"Create an original canonical reference for Ulupi. Adult naga princess with a long face, striking dark eyes and smooth tied black hair, copper-green woven dress, one subtle serpent-shaped clasp, poised articulate stance. Rock court shaped by water, lotus details and refracted daylight, no science-fiction glass palace. Cinematic painterly realism, one coherent 16:9 composition designed for a 3840x2160 master, detailed natural skin or feathers and tactile materials, controlled depth of field, clear readable silhouette, restrained cinematic color, motivated light. Neutral identity reference with no unrelated action. Keep enough of the environment to establish scale. Costume, age and location styling are adaptation choices, not historical claims. Lock this design before producing story shots.","No modern objects, logos, generated writing, plastic costumes, duplicate identities, fused limbs, deformed hands, unrelated architecture, sexualized presentation or graphic injury. Do not replace an existing approved reference.",Iravan’s mother; distinct from Chitrangada and Draupadi.
CH_CHITRANGADA,character,Chitrangada,"Create an original canonical reference for Chitrangada. Adult regional princess with a rounded strong face, dark braided hair, blue-green and warm ivory locally inspired textiles, minimal worked-metal jewelry, confident attentive eyes. Open timber court with lush foothill greenery, moist natural light and deep eaves. Cinematic painterly realism, one coherent 16:9 composition designed for a 3840x2160 master, detailed natural skin or feathers and tactile materials, controlled depth of field, clear readable silhouette, restrained cinematic color, motivated light. Neutral identity reference with no unrelated action. Keep enough of the environment to establish scale. Costume, age and location styling are adaptation choices, not historical claims. Lock this design before producing story shots.","No modern objects, logos, generated writing, plastic costumes, duplicate identities, fused limbs, deformed hands, unrelated architecture, sexualized presentation or graphic injury. Do not replace an existing approved reference.",Babruvahana’s mother; do not confuse with Shantanu’s son Chitrangada.
CH_CHITRAVAHANA,character,Chitravahana,"Create an original canonical reference for Chitravahana. Mature regional king with a square face, short graying beard, tied dark hair and restrained green-brown ceremonial cloth, protective paternal expression. Foothill court beside an ancestral ceremonial seat, filtered tropical light. Cinematic painterly realism, one coherent 16:9 composition designed for a 3840x2160 master, detailed natural skin or feathers and tactile materials, controlled depth of field, clear readable silhouette, restrained cinematic color, motivated light. Neutral identity reference with no unrelated action. Keep enough of the environment to establish scale. Costume, age and location styling are adaptation choices, not historical claims. Lock this design before producing story shots.","No modern objects, logos, generated writing, plastic costumes, duplicate identities, fused limbs, deformed hands, unrelated architecture, sexualized presentation or graphic injury. Do not replace an existing approved reference.","Chitrangada’s father, not Samvarana or Drupada."
CH_SUBHADRA,character,Subhadra,"Create an original canonical reference for Subhadra. Adult Yadava princess with rounded expressive face, wavy black hair tied low, coral and ivory silk, one distinctive small gold pendant, alert purposeful gaze. Coastal garden veranda with monsoon-wet stone and warm lamps, sea air beyond. Cinematic painterly realism, one coherent 16:9 composition designed for a 3840x2160 master, detailed natural skin or feathers and tactile materials, controlled depth of field, clear readable silhouette, restrained cinematic color, motivated light. Neutral identity reference with no unrelated action. Keep enough of the environment to establish scale. Costume, age and location styling are adaptation choices, not historical claims. Lock this design before producing story shots.","No modern objects, logos, generated writing, plastic costumes, duplicate identities, fused limbs, deformed hands, unrelated architecture, sexualized presentation or graphic injury. Do not replace an existing approved reference.",Maintain face in pastoral disguise; Arjuna’s wife and Abhimanyu’s mother.
CH_BALARAMA,character,Balarama,"Create an original canonical reference for Balarama. Broad-shouldered adult Yadava elder with wide face, dark hair tied back, pale cream and deep blue cloth, sturdy plough-associated staff and restrained ornaments, direct expressive eyes. Sea-facing Dvaraka hall, strong natural daylight softened by carved timber screens. Cinematic painterly realism, one coherent 16:9 composition designed for a 3840x2160 master, detailed natural skin or feathers and tactile materials, controlled depth of field, clear readable silhouette, restrained cinematic color, motivated light. Neutral identity reference with no unrelated action. Keep enough of the environment to establish scale. Costume, age and location styling are adaptation choices, not historical claims. Lock this design before producing story shots.","No modern objects, logos, generated writing, plastic costumes, duplicate identities, fused limbs, deformed hands, unrelated architecture, sexualized presentation or graphic injury. Do not replace an existing approved reference.","Krishna’s elder brother; anger relaxes gradually, not through face replacement."
CH_MAYA,character,Maya,"Create an original canonical reference for Maya. Middle-aged master artisan with an intelligent angular face, curly dark hair, short beard, soot-gray and earth-green cloth, precise work-worn hands and observant eyes. Quiet riverbank after fire, then separate clean-workshop variant with stone and timber samples. Cinematic painterly realism, one coherent 16:9 composition designed for a 3840x2160 master, detailed natural skin or feathers and tactile materials, controlled depth of field, clear readable silhouette, restrained cinematic color, motivated light. Neutral identity reference with no unrelated action. Keep enough of the environment to establish scale. Costume, age and location styling are adaptation choices, not historical claims. Lock this design before producing story shots.","No modern objects, logos, generated writing, plastic costumes, duplicate identities, fused limbs, deformed hands, unrelated architecture, sexualized presentation or graphic injury. Do not replace an existing approved reference.","Saved by Arjuna; builds later assembly hall, not initial Vishvakarma city."
CH_NARADA,character,Narada,"Create an original canonical reference for Narada. Mature wandering sage with an expressive lean face, tied dark-gray hair, light saffron travel cloth, simple veena resting by his side, inquisitive eyes and approachable composure. Airy royal courtyard with trees, a water channel and late sunlight. Cinematic painterly realism, one coherent 16:9 composition designed for a 3840x2160 master, detailed natural skin or feathers and tactile materials, controlled depth of field, clear readable silhouette, restrained cinematic color, motivated light. Neutral identity reference with no unrelated action. Keep enough of the environment to establish scale. Costume, age and location styling are adaptation choices, not historical claims. Lock this design before producing story shots.","No modern objects, logos, generated writing, plastic costumes, duplicate identities, fused limbs, deformed hands, unrelated architecture, sexualized presentation or graphic injury. Do not replace an existing approved reference.","Royal questions must be heard as dialogue, not a silent decorative cameo."
CH_AGNI,character,Agni in revealed form,"Create an original canonical reference for Agni in revealed form. Dignified adult divine personification with copper-toned light, flame-like hair expressed as controlled luminous shapes, deep saffron cloth and clear human anatomy, intense eyes. Dark riverbank with warm fire reflections and smoke held in depth. Cinematic painterly realism, one coherent 16:9 composition designed for a 3840x2160 master, detailed natural skin or feathers and tactile materials, controlled depth of field, clear readable silhouette, restrained cinematic color, motivated light. Neutral identity reference with no unrelated action. Keep enough of the environment to establish scale. Costume, age and location styling are adaptation choices, not historical claims. Lock this design before producing story shots.","No modern objects, logos, generated writing, plastic costumes, duplicate identities, fused limbs, deformed hands, unrelated architecture, sexualized presentation or graphic injury. Do not replace an existing approved reference.",Separate ordinary Brahmin disguise; never random fire covering human victims.
CH_VARUNA,character,Varuna,"Create an original canonical reference for Varuna. Mature divine figure with a calm broad face, dark tied hair, blue-green and pearl-ivory cloth, restrained aquatic ornaments and composed hands. Water-lit riverbank with polished wet stones and low mist, no underwater breathing equipment. Cinematic painterly realism, one coherent 16:9 composition designed for a 3840x2160 master, detailed natural skin or feathers and tactile materials, controlled depth of field, clear readable silhouette, restrained cinematic color, motivated light. Neutral identity reference with no unrelated action. Keep enough of the environment to establish scale. Costume, age and location styling are adaptation choices, not historical claims. Lock this design before producing story shots.","No modern objects, logos, generated writing, plastic costumes, duplicate identities, fused limbs, deformed hands, unrelated architecture, sexualized presentation or graphic injury. Do not replace an existing approved reference.",Gandiva presentation is one scene; later reuse follows source.
CH_INDRA,character,Indra,"Create an original canonical reference for Indra. Regal adult divine figure with a firm oval face, dark curled hair, restrained gold and cloud-blue cloth, a consistent thunderbolt emblem held safely, attentive proud gaze. Layered rain clouds over a distant tree canopy, natural storm scale and light. Cinematic painterly realism, one coherent 16:9 composition designed for a 3840x2160 master, detailed natural skin or feathers and tactile materials, controlled depth of field, clear readable silhouette, restrained cinematic color, motivated light. Neutral identity reference with no unrelated action. Keep enough of the environment to establish scale. Costume, age and location styling are adaptation choices, not historical claims. Lock this design before producing story shots.","No modern objects, logos, generated writing, plastic costumes, duplicate identities, fused limbs, deformed hands, unrelated architecture, sexualized presentation or graphic injury. Do not replace an existing approved reference.",Krishna and Arjuna’s relation varies by scene; no death implied by withdrawal.
CH_JARITA,character,Jarita,"Create an original canonical reference for Jarita. Natural adult forest bird with muted warm-brown feathers, a fine pale stripe above the eye and alert protective posture, anatomically believable beak and wings. Low tree hollow with four chicks, fresh leaves and soft light; create separate smoky crisis version. Cinematic painterly realism, one coherent 16:9 composition designed for a 3840x2160 master, detailed natural skin or feathers and tactile materials, controlled depth of field, clear readable silhouette, restrained cinematic color, motivated light. Neutral identity reference with no unrelated action. Keep enough of the environment to establish scale. Costume, age and location styling are adaptation choices, not historical claims. Lock this design before producing story shots.","No modern objects, logos, generated writing, plastic costumes, duplicate identities, fused limbs, deformed hands, unrelated architecture, sexualized presentation or graphic injury. Do not replace an existing approved reference.","Always four fledglings; no human clothing, lips or tears."
CH_MANDAPALA_BIRD,character,Mandapala bird form,"Create an original canonical reference for Mandapala bird form. Natural adult forest bird distinct from Jarita through slightly darker crown and small russet shoulder patch, readable watchful posture. Forest branch away from the family nest, controlled late light. Cinematic painterly realism, one coherent 16:9 composition designed for a 3840x2160 master, detailed natural skin or feathers and tactile materials, controlled depth of field, clear readable silhouette, restrained cinematic color, motivated light. Neutral identity reference with no unrelated action. Keep enough of the environment to establish scale. Costume, age and location styling are adaptation choices, not historical claims. Lock this design before producing story shots.","No modern objects, logos, generated writing, plastic costumes, duplicate identities, fused limbs, deformed hands, unrelated architecture, sexualized presentation or graphic injury. Do not replace an existing approved reference.",Separate ascetic human reference; no graphic transformation.
CH_LAPITA,character,Lapita,"Create an original canonical reference for Lapita. Natural adult forest bird with a subtle gray-brown breast and slender pale wing stripe, alert independent posture. Branch near a surviving grove, muted haze and distant green. Cinematic painterly realism, one coherent 16:9 composition designed for a 3840x2160 master, detailed natural skin or feathers and tactile materials, controlled depth of field, clear readable silhouette, restrained cinematic color, motivated light. Neutral identity reference with no unrelated action. Keep enough of the environment to establish scale. Costume, age and location styling are adaptation choices, not historical claims. Lock this design before producing story shots.","No modern objects, logos, generated writing, plastic costumes, duplicate identities, fused limbs, deformed hands, unrelated architecture, sexualized presentation or graphic injury. Do not replace an existing approved reference.",Distinct from Jarita; no moral color-coding or caricatured jealousy.
CH_JARASANDHA_SAHADEVA,character,Sahadeva son of Jarasandha,"Create an original canonical reference for Sahadeva son of Jarasandha. Young adult Magadhan prince with a broad forehead, thick dark brows, tied black hair, maroon and cream court cloth, serious restrained expression. Magadha court after a succession crisis, unlit ceremonial seat and subdued daylight. Cinematic painterly realism, one coherent 16:9 composition designed for a 3840x2160 master, detailed natural skin or feathers and tactile materials, controlled depth of field, clear readable silhouette, restrained cinematic color, motivated light. Neutral identity reference with no unrelated action. Keep enough of the environment to establish scale. Costume, age and location styling are adaptation choices, not historical claims. Lock this design before producing story shots.","No modern objects, logos, generated writing, plastic costumes, duplicate identities, fused limbs, deformed hands, unrelated architecture, sexualized presentation or graphic injury. Do not replace an existing approved reference.","Not Pandava Sahadeva. Separate face, kingdom, parentage and costume."
CH_JARA,character,Jara,"Create an original canonical reference for Jara. Adult household-associated rakshasi figure with a capable mature face, brown skin, tied dark hair, simple maroon-gray cloth and careful maternal hands, no monstrous caricature. Magadha outskirts near a crossroads and modest homes, dusk lamp glow. Cinematic painterly realism, one coherent 16:9 composition designed for a 3840x2160 master, detailed natural skin or feathers and tactile materials, controlled depth of field, clear readable silhouette, restrained cinematic color, motivated light. Neutral identity reference with no unrelated action. Keep enough of the environment to establish scale. Costume, age and location styling are adaptation choices, not historical claims. Lock this design before producing story shots.","No modern objects, logos, generated writing, plastic costumes, duplicate identities, fused limbs, deformed hands, unrelated architecture, sexualized presentation or graphic injury. Do not replace an existing approved reference.",Her joining of the infant is mythic; no graphic infant body halves.
LO_DVARAKA,location,Dvaraka coastal city,"Create an original canonical reference for Dvaraka coastal city. Coherent coastal epic city with deep-eaved timber halls, pale weathered stone, sheltered courtyards, harbors and restrained blue-coral textiles. Salt haze, wind in coastal trees, seasonal rain reflected on paving. Cinematic painterly realism, one coherent 16:9 composition designed for a 3840x2160 master, detailed natural skin or feathers and tactile materials, controlled depth of field, clear readable silhouette, restrained cinematic color, motivated light. Neutral identity reference with no unrelated action. Keep enough of the environment to establish scale. Costume, age and location styling are adaptation choices, not historical claims. Lock this design before producing story shots.","No modern objects, logos, generated writing, plastic costumes, duplicate identities, fused limbs, deformed hands, unrelated architecture, sexualized presentation or graphic injury. Do not replace an existing approved reference.",No floating city or modern high-rise skyline; maintain land-sea orientation.
LO_RAIVATAKA,location,Raivataka festival hill,"Create an original canonical reference for Raivataka festival hill. Coastal hill festival grounds with leaf-garlanded pavilions, winding paths, visible sea horizon, small groups of musicians and families. Rich natural vegetation, filtered warm light and breathable crowd spacing. Cinematic painterly realism, one coherent 16:9 composition designed for a 3840x2160 master, detailed natural skin or feathers and tactile materials, controlled depth of field, clear readable silhouette, restrained cinematic color, motivated light. Neutral identity reference with no unrelated action. Keep enough of the environment to establish scale. Costume, age and location styling are adaptation choices, not historical claims. Lock this design before producing story shots.","No modern objects, logos, generated writing, plastic costumes, duplicate identities, fused limbs, deformed hands, unrelated architecture, sexualized presentation or graphic injury. Do not replace an existing approved reference.",Separate from Naimisha forest and Panchala arena.
LO_SHALIHOTRA,location,Shalihotra lake hermitage,"Create an original canonical reference for Shalihotra lake hermitage. Quiet forest hermitage with low thatched shelters, broad lake, reeds, massive roots and clear earthen paths. Pale morning mist and delicate reflected light, restrained birds and lotus patches. Cinematic painterly realism, one coherent 16:9 composition designed for a 3840x2160 master, detailed natural skin or feathers and tactile materials, controlled depth of field, clear readable silhouette, restrained cinematic color, motivated light. Neutral identity reference with no unrelated action. Keep enough of the environment to establish scale. Costume, age and location styling are adaptation choices, not historical claims. Lock this design before producing story shots.","No modern objects, logos, generated writing, plastic costumes, duplicate identities, fused limbs, deformed hands, unrelated architecture, sexualized presentation or graphic injury. Do not replace an existing approved reference.",Bhima-Hidimbi family period; no royal palace.
LO_POTTER_HOUSE,location,Panchala potter house,"Create an original canonical reference for Panchala potter house. Modest domestic courtyard with stacked unglazed pots, low timber doorway, earthen walls, shaded meal area and a discreet path to the street. Evening lamp glow and cool moonlight in the outer lane. Cinematic painterly realism, one coherent 16:9 composition designed for a 3840x2160 master, detailed natural skin or feathers and tactile materials, controlled depth of field, clear readable silhouette, restrained cinematic color, motivated light. Neutral identity reference with no unrelated action. Keep enough of the environment to establish scale. Costume, age and location styling are adaptation choices, not historical claims. Lock this design before producing story shots.","No modern objects, logos, generated writing, plastic costumes, duplicate identities, fused limbs, deformed hands, unrelated architecture, sexualized presentation or graphic injury. Do not replace an existing approved reference.",Not Ekachakra host house; maintain household layout for Dhrishtadyumna’s observation.
LO_BINDU,location,Bindu Sarovara region,"Create an original canonical reference for Bindu Sarovara region. Mythic highland lake with crystalline water, layered wooded slopes, pale distant peaks and old carefully placed ritual stones. Cool morning reflections, restrained mineral color and deep atmospheric perspective. Cinematic painterly realism, one coherent 16:9 composition designed for a 3840x2160 master, detailed natural skin or feathers and tactile materials, controlled depth of field, clear readable silhouette, restrained cinematic color, motivated light. Neutral identity reference with no unrelated action. Keep enough of the environment to establish scale. Costume, age and location styling are adaptation choices, not historical claims. Lock this design before producing story shots.","No modern objects, logos, generated writing, plastic costumes, duplicate identities, fused limbs, deformed hands, unrelated architecture, sexualized presentation or graphic injury. Do not replace an existing approved reference.",No certified modern location claim; treasury and source excursus remain separate shots.
