reading_order,scene_id,title_kn,source,narration_kn,adapted_dialogue_kn,spoken_words,planning_seconds_low,planning_seconds_high,recorded_take_path,actual_seconds,pronunciation_review,source_completeness_review,performance_approved,caption_file
1,I1-S01,"ಒಂದು ಕಥೆ, ಅನೇಕ ಧ್ವನಿಗಳು",MAHABHARATA-1-AADIPARVA-_djvu (1).txt lines 1–147; MAHABHARATA-1-AADIPARVA-_djvu (1).txt lines 435–616; MAHABHARATA-1-AADIPARVA-_djvu (1).txt lines 2025–2477,"ಮಹಾಭಾರತದ ಕಥೆಯೊಳಗೆ ಕಾಲಿಡುವ ಮೊದಲು, ಆ ಕಥೆ ನಮ್ಮ ಕೈಗೆ ಹೇಗೆ ಬಂದಿತು ಎಂಬುದನ್ನು ಅರಿಯೋಣ. ಇದು ಕೇವಲ ರಾಜರು ಯುದ್ಧ ಮಾಡಿದ ಕಥೆಯಲ್ಲ. ಕುಟುಂಬ, ಅಧಿಕಾರ, ಕರ್ತವ್ಯ, ಆಸೆ, ನಂಬಿಕೆ ಮತ್ತು ಮಾನವನ ನಿರ್ಧಾರಗಳ ಪರಿಣಾಮಗಳನ್ನು ಅನೇಕ ಕಥೆಗಳ ಮೂಲಕ ಪರಿಶೀಲಿಸುವ ಮಹಾಕಾವ್ಯ. ಈ ಗ್ರಂಥದ ಪರಿಚಯಲೇಖಕರು ಮಹಾಭಾರತವನ್ನು ಭಕ್ತಿಯಿಂದ ಕಾಣುತ್ತಾರೆ. ವೇದವ್ಯಾಸರನ್ನು ಭಗವಂತನ ಅವತಾರವೆಂದು ಸ್ಮರಿಸಿ, ಮಹಾಭಾರತದ ಅಧ್ಯಯನವನ್ನು ಬದುಕಿಗೆ ದಾರಿತೋರುವ ಸಾಧನೆಯೆಂದು ವಿವರಿಸುತ್ತಾರೆ. ಈ ಮಾತುಗಳು ನಾವು ಬಳಸುತ್ತಿರುವ ಆವೃತ್ತಿಯ ಧಾರ್ಮಿಕ ದೃಷ್ಟಿಕೋನವನ್ನು ಪರಿಚಯಿಸುತ್ತವೆ.

ನಮ್ಮ ಸರಣಿಗೆ ಆಧಾರವಾಗಿರುವುದು ಕನ್ನಡಾನುವಾದದ ನಾಲ್ಕು ಸಂಪುಟಗಳು. ಅವುಗಳಲ್ಲಿ ಸಂಸ್ಕೃತ ಶ್ಲೋಕಗಳು ಕನ್ನಡ ಲಿಪಿಯಲ್ಲಿವೆ. ಶ್ಲೋಕಗಳ ಜೊತೆಗೆ ಕನ್ನಡ ಅರ್ಥವಿದೆ. ಸಂದರ್ಭಾನುಸಾರ ಮಹಾಭಾರತತಾತ್ಪರ್ಯನಿರ್ಣಯ ಮತ್ತು ಲಕ್ಷಾಲಂಕಾರದ ವಿವರಣೆಗಳೂ ಸೇರಿವೆ. ಆದ್ದರಿಂದ ಕಥೆಯ ಮಾತು, ವ್ಯಾಖ್ಯಾನದ ಮಾತು, ಸಂಪಾದಕರ ಮಾತು — ಇವುಗಳನ್ನು ಕೇಳುವಾಗ ಅವುಗಳ ಹಿನ್ನೆಲೆಯನ್ನು ಗುರುತಿಸಿಕೊಳ್ಳೋಣ.",,90,40,51,,,pending,pending,,
2,I1-S02,ಈ ಆವೃತ್ತಿಯ ಹಿಂದೆ ನಿಂತವರು,MAHABHARATA-1-AADIPARVA-_djvu (1).txt lines 148–434; MAHABHARATA-1-AADIPARVA-_djvu (1).txt lines 865–921; MAHABHARATA-1-AADIPARVA-_djvu (1).txt lines 1716–2024,"ಈ ಕನ್ನಡಾನುವಾದವನ್ನು ವಿದ್ವಾನ್ ಪಿ. ಎಸ್. ಶೇಷಗಿರಿ ಆಚಾರ್ಯರು ನೀಡಿದ್ದಾರೆ. ಉಡುಪಿಯ ಪಲಿಮಾರು ಮಠದ ತತ್ವಸಂಶೋಧನಸಂಸತ್ ಈ ಪ್ರಕಟಣೆಯ ಹೊಣೆಯನ್ನು ವಹಿಸಿದೆ. ಶ್ರೀ ವಿದ್ಯಾಧೀಶತೀರ್ಥ ಶ್ರೀಪಾದರ ಪ್ರೋತ್ಸಾಹ, ಅನೇಕ ಮಠಗಳ ಸಹಕಾರ, ಹಸ್ತಪ್ರತಿಗಳನ್ನು ಒದಗಿಸಿದವರ ನೆರವು, ಪಂಡಿತರ ಪರಿಶೀಲನೆ, ಅಕ್ಷರಜೋಡಣೆ ಮತ್ತು ಕರಡುತಿದ್ದುವವರ ಶ್ರಮವನ್ನು ಪ್ರಕಾಶಕರ ಮಾತು ಕೃತಜ್ಞತೆಯಿಂದ ಸ್ಮರಿಸುತ್ತದೆ.

ಆರಂಭದಲ್ಲಿರುವ ನಾಲ್ಕು ಅನುಗ್ರಹಸಂದೇಶಗಳು ಪೇಜಾವರ, ಅದಮಾರು, ಪಲಿಮಾರು ಮತ್ತು ಸೋದೆ ಮಠಗಳ ಸ್ವಾಮೀಜಿಗಳಿಂದ ಬಂದಿವೆ. ಅವುಗಳ ಆಶಯ ಒಂದೇ ದಿಕ್ಕಿನಲ್ಲಿ ಸಾಗುತ್ತದೆ: ಗ್ರಂಥವನ್ನು ಉಳಿಸಬೇಕು, ಅದರ ಅರ್ಥವನ್ನು ತಿಳಿಸಬೇಕು, ಅಧ್ಯಯನದ ಫಲ ಬದುಕಿನ ನಡೆನುಡಿಗಳಲ್ಲಿ ಕಾಣಬೇಕು. ಈ ಸಂದೇಶಗಳನ್ನು ನಾವು ಕಥೆಯ ಘಟನೆಯಾಗಿ ಕಾಣುವುದಿಲ್ಲ; ಈ ಪುಸ್ತಕವನ್ನು ಓದುಗರಿಗೆ ತಲುಪಿಸಿದ ಪರಂಪರೆಯ ಪರಿಚಯವಾಗಿ ಸ್ವೀಕರಿಸುತ್ತೇವೆ. ನಮ್ಮ ಪರದೆಯ ಮೇಲಿನ ಕೃತಜ್ಞತಾಪಟ್ಟಿಯಲ್ಲಿ ಅನುವಾದಕ, ಪ್ರಕಾಶಕ ಮತ್ತು ಮೂಲದಲ್ಲಿ ಉಲ್ಲೇಖಿತ ಸಹಯೋಗಿಗಳ ಹೆಸರುಗಳಿಗೆ ಅವರವರ ಸ್ಥಾನವಿರುತ್ತದೆ.",,88,39,50,,,pending,pending,,
3,I1-S03,ಒಂದು ಗ್ರಂಥದ ಹಲವು ಪಾಠಗಳು,MAHABHARATA-1-AADIPARVA-_djvu (1).txt lines 617–1563; MAHABHARATA-1-AADIPARVA-_djvu (1).txt lines 2478–3168,"ಮಹಾಭಾರತವು ತಲೆಮಾರುಗಳಿಂದ ಹಸ್ತಪ್ರತಿಗಳಲ್ಲಿ ಉಳಿದುಬಂದಿದೆ. ಬೇರೆ ಪ್ರದೇಶಗಳ ಪ್ರತಿಗಳಲ್ಲಿ ಪದ, ಶ್ಲೋಕಕ್ರಮ ಮತ್ತು ಅಧ್ಯಾಯವಿಭಾಗ ಒಂದೇ ರೀತಿಯಲ್ಲಿರುವುದಿಲ್ಲ ಎಂದು ಈ ಪುಸ್ತಕದ ಸಂಶೋಧನಲೇಖನ ತಿಳಿಸುತ್ತದೆ. ಉತ್ತರದ ಪಾಠ, ದಕ್ಷಿಣದ ಪಾಠ, ಹಿಂದಿನ ಮುದ್ರಣಗಳು ಮತ್ತು ಹಸ್ತಪ್ರತಿಗಳನ್ನು ಸಂಪಾದಕರು ಹೋಲಿಸಿದ್ದಾರೆ. ಭಂಡಾರ್ಕರ್ ಸಂಸ್ಥೆಯ ದೊಡ್ಡ ಸಂಶೋಧನಪ್ರಯತ್ನವನ್ನೂ ಅವರು ಚರ್ಚಿಸುತ್ತಾರೆ. ಜೊತೆಗೆ, ತಮ್ಮ ಆವೃತ್ತಿ ಯಾವ ವಿಚಾರಗಳಲ್ಲಿ ಬೇರೆ ನಿರ್ಧಾರಕ್ಕೆ ಬಂದಿದೆ ಎಂಬುದನ್ನು ವಿವರಿಸುತ್ತಾರೆ.

ಈ ಆವೃತ್ತಿಯಲ್ಲಿ ಶ್ರೀಮದಾನಂದತೀರ್ಥರ ಮಹಾಭಾರತತಾತ್ಪರ್ಯನಿರ್ಣಯ ಮತ್ತು ಶ್ರೀವಾದಿರಾಜತೀರ್ಥರ ಲಕ್ಷಾಲಂಕಾರಕ್ಕೆ ವಿಶೇಷ ಪ್ರಾಮುಖ್ಯವಿದೆ. ಲಕ್ಷಾಲಂಕಾರದಲ್ಲಿನ ಪದಾರ್ಥ, ಸಂದರ್ಭವಿವರಣೆ ಮತ್ತು ಧಾರ್ಮಿಕ ಅರ್ಥಗಳನ್ನು ಸಂಪಾದಕರು ಹಲವು ಉದಾಹರಣೆಗಳಿಂದ ತೋರಿಸುತ್ತಾರೆ. ಹಸ್ತಪ್ರತಿಗಳ ವಿವರಣೆ, ಹಿಂದಿನ ಸಂಶೋಧನೆಗಳ ಪರಿಚಯ, ವ್ಯಾಖ್ಯಾನಗಳ ಪಟ್ಟಿ, ಪಾಠಭೇದಗಳ ಚರ್ಚೆ — ಇವೆಲ್ಲವೂ ಮುನ್ನುಡಿಯ ಭಾಗಗಳು. ಒಂದು ಪದದ ಆಯ್ಕೆಯೂ ಕಥೆಯ ಅರ್ಥವನ್ನು ಬದಲಿಸಬಲ್ಲದು ಎಂಬುದು ಅದರ ಮುಖ್ಯ ಪಾಠ. ಅಭಿಪ್ರಾಯಭೇದ ಇರುವಲ್ಲಿ, ಈ ಪುಸ್ತಕದ ನಿರ್ಣಯವನ್ನು ಅದರದೇ ನಿರ್ಣಯವೆಂದು ಗುರುತಿಸಿ ಹೇಳುತ್ತೇವೆ.",,95,42,54,,,pending,pending,,
4,I1-S04,ಅಧ್ಯಾಯಗಳ ಸಂಖ್ಯೆಯ ಗೊಂದಲ ತಪ್ಪಿಸಿಕೊಳ್ಳೋಣ,MAHABHARATA-1-AADIPARVA-_djvu (1).txt lines 1564–1715,"ಈ ಪುಸ್ತಕದ ಆದಿಪರ್ವದಲ್ಲಿ ಇನ್ನೂರ ಮೂವತ್ತೇಳು ಅಧ್ಯಾಯಗಳಿವೆ. ಬೇರೆ ಗ್ರಂಥಗಳಲ್ಲಿ ಅಧ್ಯಾಯಗಳ ಸಂಖ್ಯೆ ಬೇರೆ ಇರಬಹುದು ಎಂದು ಸಂಪಾದಕರು ಮೊದಲೇ ತಿಳಿಸಿದ್ದಾರೆ. ಅದು ಪ್ರತಿಯೊಂದು ಸಂದರ್ಭದಲ್ಲೂ ಹೊಸ ಕಥೆ ಸೇರಿದೆ ಅಥವಾ ಹಳೆಯ ಕಥೆ ಕಳೆದುಹೋಗಿದೆ ಎಂದರ್ಥವಲ್ಲ; ಕೆಲವೊಮ್ಮೆ ಒಂದೇ ವಿಷಯವನ್ನು ಬೇರೆ ಸ್ಥಳದಲ್ಲಿ ಅಧ್ಯಾಯಗಳಾಗಿ ವಿಭಜಿಸಲಾಗಿದೆ.

ಇಲ್ಲಿ ಪುರೂವಂಶದ ವೃತ್ತಾಂತವು ಅರವತ್ತಮೂರನೆಯ ಮತ್ತು ಎಂಭತ್ತಮೂರನೆಯ ಅಧ್ಯಾಯಗಳಲ್ಲಿ ಮತ್ತೆ ಬರುತ್ತದೆ. ಆ ಮರುಕಥನವನ್ನು ಸಂಪಾದಕರು ಉದ್ದೇಶಪೂರ್ವಕವಾಗಿ ಉಳಿಸಿದ್ದಾರೆ. ಹಾಗೆಯೇ ಯಯಾತಿಯ ಕಥೆ ದುಷ್ಯಂತನ ಕಥೆಗಿಂತ ಮೊದಲು ಬರುತ್ತದೆ. ನಮ್ಮ ಸರಣಿಯೂ ಈ ಕ್ರಮವನ್ನು ತಿಳಿಸಿ ಸಾಗುತ್ತದೆ. ಪರಾಶರ–ಸತ್ಯವತಿಯ ಪ್ರಸಂಗ, ಕಣಿಂಕನ ಉಪದೇಶದ ಸಂದರ್ಭ ಮತ್ತು ದ್ರೌಪದಿಯ ಹಿಂದಿನ ಜನ್ಮಗಳ ವಿವರಣೆಗಳಲ್ಲಿ ಈ ಆವೃತ್ತಿಯದೇ ಚರ್ಚೆಗಳಿವೆ. ಕಥೆಗೆ ಬರುವ ಸ್ಥಳದಲ್ಲಿ ಅಗತ್ಯವಾದ ಹಿನ್ನೆಲೆಯನ್ನು ಹೇಳುತ್ತೇವೆ. ಹಿಂದಿನ ಘಟನೆಯನ್ನು ಮತ್ತೆ ಹೇಳುವಾಗ, ಅದು ನೆನಪಿಸುವ ಮರುಕಥನವೆಂದು ಸ್ಪಷ್ಟಪಡಿಸುತ್ತೇವೆ; ಹೊಸ ಘಟನೆ ಸಂಭವಿಸಿದಂತೆ ತೋರಿಸುವುದಿಲ್ಲ.",,92,41,53,,,pending,pending,,
5,I1-S05,ಈ ನಾಲ್ಕು ಪುಸ್ತಕಗಳ ಪ್ರಯಾಣ,MAHABHARATA-1-AADIPARVA-_djvu (1).txt lines 3169–3715; MAHABHARATA-2-AADIPARVA_djvu.txt lines 100–490; MAHABHARATA-3-AADIPARVA_djvu.txt lines 107–811; MAHABHARATA-4-AADIPARVA_djvu.txt lines 369–905; MAHABHARATA-4-AADIPARVA_djvu.txt lines 19387–19424; MAHABHARATA-4-AADIPARVA_djvu.txt lines 31395–31396,"ಮೊದಲ ಸಂಪುಟವು ಕಥೆಯನ್ನು ಕೇಳುವ ಋಷಿಗಳ ಸಭೆಯಿಂದ ನಮ್ಮ ಪ್ರಯಾಣವನ್ನು ಆರಂಭಿಸುತ್ತದೆ. ಸರ್ಪಯಾಗದ ಹಿನ್ನೆಲೆ, ಗರುಡನ ವೃತ್ತಾಂತ, ಆಸ್ತೀಕನ ಕಾರ್ಯ ಮತ್ತು ರಾಜವಂಶಗಳ ಪರಿಚಯ ಮುಂದೆ ಬರುತ್ತವೆ. ಎರಡನೆಯ ಸಂಪುಟವು ಯಯಾತಿಯಿಂದ ಕುರುಕುಟುಂಬದ ಜನನ ಮತ್ತು ರಾಜಕುಮಾರರ ಶಿಕ್ಷಣದವರೆಗೆ ಸಾಗುತ್ತದೆ. ಮೂರನೆಯದು ಆ ಶಿಕ್ಷಣದಿಂದ ಹುಟ್ಟುವ ಸ್ಪರ್ಧೆ, ಅಪಾಯ, ಅರಣ್ಯಪ್ರಯಾಣ ಮತ್ತು ದ್ರೌಪದಿಯ ವಿವಾಹದವರೆಗೆ ನಮ್ಮನ್ನು ಕರೆದೊಯ್ಯುತ್ತದೆ. ನಾಲ್ಕನೆಯದು ಪಾಂಡವರ ಹೊಸ ಜೀವನವನ್ನು ಮುಂದುವರಿಸಿ, ಆದಿಪರ್ವವನ್ನು ಮುಗಿಸುತ್ತದೆ; ನಂತರ ಸಭಾಪರ್ವದ ಆರಂಭವನ್ನೂ ಒಳಗೊಂಡಿದೆ.

ಈ ನಾಲ್ಕು ಕಡತಗಳಲ್ಲಿ ಸಂಪೂರ್ಣ ಮಹಾಭಾರತದ ಹದಿನೆಂಟು ಪರ್ವಗಳಿಲ್ಲ. ಇಲ್ಲಿ ದೊರೆಯುವ ಕೊನೆಯ ಕಥಾಭಾಗ ಜರಾಸಂಧನ ವಧೆ ಮತ್ತು ಬಂಧಿತ ರಾಜರ ಬಿಡುಗಡೆಯವರೆಗೆ ಬರುತ್ತದೆ. ಮುಂದಿನ ಮಹಾಘಟನೆಗಳನ್ನು ಈ ಭಾಗದೊಳಗೆ ನಡೆದಂತೆ ಸೇರಿಸುವುದಿಲ್ಲ. ನಮ್ಮ ಕಥೆ ಎಲ್ಲಿಂದ ಆರಂಭವಾಗುತ್ತದೆ, ಯಾರ ಮಾತಿನೊಳಗೆ ಯಾರ ಕಥೆಯನ್ನು ಕೇಳುತ್ತಿದ್ದೇವೆ, ಯಾವ ಕಾಲಕ್ಕೆ ಹಿಂತಿರುಗುತ್ತಿದ್ದೇವೆ ಎಂಬುದನ್ನು ಪ್ರತಿಯೊಂದು ಹಂತದಲ್ಲೂ ನೆನಪಿಸುತ್ತೇವೆ. ಈಗ ನೈಮಿಷಾರಣ್ಯದ ಋಷಿಸಭೆಗೆ ಸಾಗೋಣ. ಅಲ್ಲಿ ಕೇಳಲ್ಪಡುವ ಒಂದು ಪ್ರಶ್ನೆ, ಅನೇಕ ತಲೆಮಾರುಗಳ ಕಥೆಯ ಬಾಗಿಲನ್ನು ತೆರೆಯಲಿದೆ.",,105,47,60,,,pending,pending,,
6,FF01-S01,"ಗ್ರಂಥ, ಅನುವಾದ ಮತ್ತು ವ್ಯಾಖ್ಯಾನ",MAHABHARATA-1-AADIPARVA-_djvu (1).txt lines 1–147,"ಈ ನಾಲ್ಕು ಸಂಪುಟಗಳ ಶೀರ್ಷಿಕೆ ನಮಗೆ ಅವುಗಳ ಸ್ವರೂಪವನ್ನು ತಿಳಿಸುತ್ತದೆ. ವೇದವ್ಯಾಸಪ್ರಣೀತ ಮಹಾಭಾರತದ ಶ್ಲೋಕಗಳ ಜೊತೆಗೆ ಕನ್ನಡಾನುವಾದವಿದೆ. ಶ್ರೀಮದಾನಂದತೀರ್ಥರ ಮಹಾಭಾರತತಾತ್ಪರ್ಯನಿರ್ಣಯ ಮತ್ತು ಶ್ರೀವಾದಿರಾಜತೀರ್ಥರ ಲಕ್ಷಾಲಂಕಾರದ ವಿವರಣೆಗಳು ಅದರೊಂದಿಗೆ ಸಾಗುತ್ತವೆ. ಅನುವಾದಕ ವಿದ್ವಾನ್ ಪಿ. ಎಸ್. ಶೇಷಗಿರಿ ಆಚಾರ್ಯರು; ಪ್ರಕಾಶನದ ಹೊಣೆ ಉಡುಪಿಯ ಪಲಿಮಾರು ಮಠದ ತತ್ವಸಂಶೋಧನಸಂಸತ್ತಿನದು. ಹೀಗಾಗಿ ಈ ಪುಸ್ತಕದಲ್ಲಿ ಮೂಲಕಥೆಯನ್ನು ಕನ್ನಡದಲ್ಲಿ ಕೇಳುವ ಅವಕಾಶದ ಜೊತೆಗೆ, ಒಂದು ನಿರ್ದಿಷ್ಟ ವ್ಯಾಖ್ಯಾನಪರಂಪರೆಯ ಅರ್ಥವನ್ನೂ ತಿಳಿಯುವ ಅವಕಾಶವಿದೆ. ಯಾವ ಮಾತು ಕಥೆಯದು, ಯಾವುದು ವಿವರಣೆಯದು ಎಂಬುದನ್ನು ಗುರುತಿಸುವುದು ಓದಿನ ಮೊದಲ ಹೆಜ್ಜೆ.",,57,25,33,,,pending,pending,,
7,FF01-S02,ಪೇಜಾವರ ಸಂದೇಶ: ಪ್ರಮಾಣ ಮತ್ತು ಅರ್ಥಗ್ರಹಣ,MAHABHARATA-1-AADIPARVA-_djvu (1).txt lines 148–218,"ಪೇಜಾವರದ ಶ್ರೀ ವಿಶ್ವೇಶತೀರ್ಥರ ಸಂದೇಶವು ವೇದ, ಉಪನಿಷತ್ತು, ಮಹಾಭಾರತ ಮತ್ತು ಬ್ರಹ್ಮಸೂತ್ರಗಳನ್ನು ಒಂದೇ ಅಧ್ಯಾತ್ಮಪರಂಪರೆಯ ಜ್ಞಾನಮೂಲಗಳಾಗಿ ಪರಿಚಯಿಸುತ್ತದೆ. ಆ ಧಾರ್ಮಿಕ ದೃಷ್ಟಿಯಲ್ಲಿ ವೇದಗಳು ಅಪೌರುಷೇಯ; ವೇದವ್ಯಾಸರು ಭಗವಂತನ ಅವತಾರ. ಗ್ರಂಥದ ನಿಜಾರ್ಥವನ್ನು ತಿಳಿಯಲು ಸೂತ್ರಗಳ ಮಾರ್ಗದರ್ಶನವೂ ಅಗತ್ಯವೆಂದು ಸಂದೇಶ ಹೇಳುತ್ತದೆ. ನಂತರ ಪಾಠಗಳಲ್ಲಿ ಉಂಟಾದ ಲೋಪ, ವ್ಯತ್ಯಾಸ ಮತ್ತು ಸೇರ್ಪಡೆಗಳ ಬಗ್ಗೆ ಮಾತನಾಡಿ, ಮಧ್ವರ ತಾತ್ಪರ್ಯನಿರ್ಣಯ ಮತ್ತು ವಾದಿರಾಜರ ವ್ಯಾಖ್ಯಾನಗಳನ್ನು ಆಧರಿಸಿದ ಪರಿಶೀಲನೆಯ ಮಹತ್ವವನ್ನು ಹೊಗಳುತ್ತದೆ. ಇದು ಪ್ರಕಟಣೆಗೆ ಕೊಟ್ಟ ಅನುಗ್ರಹಮಾತು; ಗ್ರಂಥವನ್ನು ಕೇವಲ ಮುದ್ರಿಸುವುದಕ್ಕಿಂತ ಅದರ ಅರ್ಥವನ್ನು ಸರಿಯಾಗಿ ತಲುಪಿಸುವ ಜವಾಬ್ದಾರಿಯನ್ನು ನೆನಪಿಸುತ್ತದೆ.",,60,27,34,,,pending,pending,,
8,FF01-S03,"ಅದಮಾರು ಸಂದೇಶ: ಭಾರವಾದ ಪದ, ವಿಶಾಲವಾದ ಅರ್ಥ",MAHABHARATA-1-AADIPARVA-_djvu (1).txt lines 219–271,"ಅದಮಾರು ಮಠದ ಶ್ರೀ ವಿಶ್ವಪ್ರಿಯತೀರ್ಥರ ಸಂದೇಶವು ಮಹಾಭಾರತದ ಪದಗಳ ಮತ್ತು ಅರ್ಥಗಳ ವ್ಯಾಪ್ತಿಯನ್ನು ನೆನಪಿಸುತ್ತದೆ. ಗ್ರಂಥವನ್ನು ತಿಳಿಯಲು ಶ್ರದ್ಧೆಯೊಂದಿಗೆ ಅಧ್ಯಯನವೂ ಬೇಕು ಎಂಬ ಆಶಯ ಅದರಲ್ಲಿ ಇದೆ. ಪ್ರಾಚೀನ ಪ್ರತಿಗಳನ್ನು ಬೇರೆ ಸ್ಥಳಗಳಿಂದ ಒಟ್ಟುಗೂಡಿಸಿ, ಪಂಡಿತರ ನೆರವಿನಿಂದ ಅವುಗಳನ್ನು ಪರಿಶೀಲಿಸುವ ಪ್ರಕಟಣೆಯ ಪ್ರಯತ್ನವನ್ನು ಪ್ರಶಂಸಿಸುತ್ತದೆ. ಗುರುಪರಂಪರೆಯ ಆಶಯವನ್ನು ಸಮಾಜಕ್ಕೆ ತಲುಪಿಸುವ ಕೆಲಸಕ್ಕೆ ಜನರ ಸಹಕಾರವನ್ನೂ ಬಯಸುತ್ತದೆ. ಇಲ್ಲಿ ಪುಸ್ತಕದ ಮಹತ್ವದ ಮಾತು ಮತ್ತು ಅದನ್ನು ಉಳಿಸುವ ಮಾನವಶ್ರಮದ ಮಾತು ಒಂದಾಗಿ ಬರುತ್ತವೆ. ಭಕ್ತಿಯು ಗ್ರಂಥದ ಸಂರಕ್ಷಣೆಗೆ ಪ್ರೇರಣೆಯಾಗಿರುವುದನ್ನು ಈ ಸಂದೇಶದಲ್ಲಿ ಕಾಣಬಹುದು.",,58,26,33,,,pending,pending,,
9,FF01-S04,ಪಲಿಮಾರು ಸಂದೇಶ: ಮಹಾಭಾರತ ಎಂದರೆ ಜಗಳವಷ್ಟೇ ಅಲ್ಲ,MAHABHARATA-1-AADIPARVA-_djvu (1).txt lines 272–379,"ಪಲಿಮಾರು ಮಠದ ಶ್ರೀ ವಿದ್ಯಾಧೀಶತೀರ್ಥರ ಸಂದೇಶವು ಒಂದು ಜನಪ್ರಚಲಿತ ಭಯವನ್ನು ಪ್ರಶ್ನಿಸುತ್ತದೆ: ಮಹಾಭಾರತವನ್ನು ಮನೆಯಲ್ಲಿ ಇಟ್ಟರೆ ಜಗಳವಾಗುತ್ತದೆ ಎಂಬ ಕಲ್ಪನೆ. ಈ ಗ್ರಂಥವನ್ನು ಕಲಹದ ಕಾರಣವಾಗಿ ಕಾಣದೆ, ಬದುಕನ್ನು ಅರಿಯುವ ಜಯಗ್ರಂಥವಾಗಿ ನೋಡಬೇಕೆಂದು ಅವರು ಹೇಳುತ್ತಾರೆ. ಮಹಾಭಾರತ ಮತ್ತು ಭಾಗವತವನ್ನು ವೇದಾರ್ಥವನ್ನು ತಿಳಿಸುವ ಎರಡು ದಿವ್ಯನೇತ್ರಗಳಿಗೆ ಹೋಲಿಸುತ್ತಾರೆ. ಕಥೆಯ ಮೇಲ್ಮೈಯಲ್ಲಿ ರಾಜಕುಟುಂಬದ ಘಟನೆಗಳಿದ್ದರೂ, ಅದರೊಳಗೆ ಗುಣ, ಧರ್ಮ ಮತ್ತು ಭಗವಂತನ ಮಹಿಮೆಯ ಹಲವು ಅರ್ಥಗಳಿವೆ ಎಂಬುದು ಈ ಸಂದೇಶದ ದೃಷ್ಟಿ. ಓದುವಾಗ ಭಯಕ್ಕಿಂತ ತಿಳಿಯುವ ಮನಸ್ಸನ್ನು ಹೊಂದಬೇಕೆಂಬ ಆಹ್ವಾನ ಇದಾಗಿದೆ.",,57,25,33,,,pending,pending,,
10,FF01-S05,ಸೋದೆ ಸಂದೇಶ: ಅರ್ಥವನ್ನು ತಲುಪಿಸುವ ಕೆಲಸ,MAHABHARATA-1-AADIPARVA-_djvu (1).txt lines 380–434,ಸೋದೆ ಮಠದ ಶ್ರೀ ವಿಶ್ವವಲ್ಲಭತೀರ್ಥರ ಸಂದೇಶವು ಮಹಾಭಾರತದ ಅರ್ಥವನ್ನು ಓದುಗರಿಗೆ ತಲುಪಿಸುವ ಪ್ರಕಟಣೆಯ ಕಾರ್ಯವನ್ನು ಆಶೀರ್ವದಿಸುತ್ತದೆ. ದೊಡ್ಡ ಗ್ರಂಥದ ಪದಗಳನ್ನು ಓದುವ ಅವಕಾಶವಿದ್ದರೂ ಅವುಗಳ ಒಳರ್ಥವನ್ನು ತಿಳಿಯಲು ಮಾರ್ಗದರ್ಶನ ಬೇಕಾಗುತ್ತದೆ. ವಾದಿರಾಜರ ಲಕ್ಷಾಲಂಕಾರದಂತಹ ವ್ಯಾಖ್ಯಾನವು ಆ ಅರ್ಥಗ್ರಹಣಕ್ಕೆ ನೆರವಾಗುತ್ತದೆ ಎಂಬ ಪರಂಪರೆಯ ವಿಶ್ವಾಸ ಇಲ್ಲಿ ಹಿನ್ನೆಲೆಯಾಗಿದೆ. ಪುಸ್ತಕವನ್ನು ಸಿದ್ಧಪಡಿಸಿದವರ ಶ್ರಮ ಮತ್ತು ಅದನ್ನು ಅಧ್ಯಯನಮಾಡುವವರ ಪ್ರಯೋಜನ ಎರಡನ್ನೂ ಸಂದೇಶ ಸಂಪರ್ಕಿಸುತ್ತದೆ. ಇದು ಮಹಾಭಾರತದ ಒಳಗಿನ ಪಾತ್ರವೊಬ್ಬನು ಮಾತನಾಡುವ ಮಾತಲ್ಲ; ಓದುಗನಿಗೆ ಗ್ರಂಥವನ್ನು ಸ್ವಾಗತಿಸುವ ಪ್ರಕಟಣೆಯ ಆರಂಭಿಕ ಧ್ವನಿ.,,55,24,31,,,pending,pending,,
11,FF01-S06,ಮಹಾಭಾರತದ ಹಿರಿಮೆ: ಭಕ್ತಿಪರ ಪ್ರಮಾಣಗಳು,MAHABHARATA-1-AADIPARVA-_djvu (1).txt lines 435–616,"ಮಹಾಭಾರತದ ಹಿರಿಮೆಯನ್ನು ವಿವರಿಸುವ ಲೇಖನವು ಹಲವು ಪುರಾಣ ಮತ್ತು ಶಾಸ್ತ್ರವಾಕ್ಯಗಳನ್ನು ಆಧರಿಸುತ್ತದೆ. ಅದರ ಪ್ರಕಾರ ವೇದಾರ್ಥವನ್ನು ಸಾಮಾನ್ಯ ಜನರಿಗೆ ತಿಳಿಸಲು ಮಹಾಭಾರತ ಪ್ರಮುಖವಾದ ಮಾರ್ಗ. ವ್ಯಾಸರನ್ನು ದಿವ್ಯಕರ್ತೃವಾಗಿ ಸ್ಮರಿಸಿ, ಗ್ರಂಥದ ಅಧ್ಯಯನವನ್ನು ವೈರಾಗ್ಯ ಮತ್ತು ಮೋಕ್ಷದ ಸಾಧನೆಯೊಂದಿಗೆ ಸಂಪರ್ಕಿಸುತ್ತದೆ. ಇತಿಹಾಸ–ಪುರಾಣಗಳ ನೆರವಿಲ್ಲದೆ ವೇದದ ಅರ್ಥವನ್ನು ತನ್ನಷ್ಟಕ್ಕೆ ತಾನು ನಿರ್ಧರಿಸಿದರೆ ಅಪಾರ್ಥವಾಗಬಹುದು ಎಂಬುದನ್ನೂ ಹೇಳುತ್ತದೆ. ಇವು ಈ ಆವೃತ್ತಿಯ ಆಸ್ತಿಕ ದೃಷ್ಟಿಯ ವಾದಗಳು. ಅವುಗಳ ಆಶಯ ಗ್ರಂಥವನ್ನು ಕೇವಲ ಘಟನಾವಳಿಗಳ ಸಂಗ್ರಹವಾಗಿ ಓದದೆ, ಪರಂಪರೆಯ ಅರ್ಥವಿಚಾರದೊಂದಿಗೆ ಅಧ್ಯಯನಮಾಡಬೇಕೆಂಬುದು.",,54,24,31,,,pending,pending,,
12,FF01-S07,ಪಾಠಸಂಶೋಧನೆ ಏಕೆ ಅಗತ್ಯ?,MAHABHARATA-1-AADIPARVA-_djvu (1).txt lines 617–737,"ಸಂಶೋಧನೆಯ ಕುರಿತು ಲೇಖನವು ಉತ್ತರ ಮತ್ತು ದಕ್ಷಿಣ ಪಾಠಗಳು, ಬೇರೆ ಬೇರೆ ಮುದ್ರಣಗಳು ಮತ್ತು ಹಸ್ತಪ್ರತಿಗಳ ವ್ಯತ್ಯಾಸವನ್ನು ಚರ್ಚಿಸುತ್ತದೆ. ಒಂದು ಪ್ರತಿಯಲ್ಲಿ ಇರುವ ಶ್ಲೋಕ ಮತ್ತೊಂದರಲ್ಲಿ ಇಲ್ಲದಿರಬಹುದು; ಪದ ಅಥವಾ ಅಧ್ಯಾಯಕ್ರಮವೂ ಬದಲಾಗಿರಬಹುದು. ಮಧ್ವರ ಕಾಲದಲ್ಲೇ ಗ್ರಂಥದ ಪಾಠದಲ್ಲಿ ವ್ಯತ್ಯಾಸಗಳಿದ್ದವೆಂದು ತಾತ್ಪರ್ಯನಿರ್ಣಯದ ಮಾತುಗಳನ್ನು ಉಲ್ಲೇಖಿಸುತ್ತದೆ. ಸಂಪಾದಕರ ಉದ್ದೇಶ ತಮಗೆ ಸಿಕ್ಕ ಪ್ರತಿಗಳನ್ನು ಹೋಲಿಸಿ, ತಮ್ಮ ವ್ಯಾಖ್ಯಾನಪರಂಪರೆಗೆ ಹತ್ತಿರವಾಗಿರುವ ಪಾಠವನ್ನು ಸಿದ್ಧಪಡಿಸುವುದು. ಇದು ನಿರ್ದಿಷ್ಟ ಸಂಪಾದಕೀಯ ವಿಧಾನ. ಬೇರೆ ವಿಧಾನ ಅನುಸರಿಸಿದ ಆವೃತ್ತಿ ಇದೆ ಎಂಬ ಕಾರಣಕ್ಕೆ ಅದನ್ನು ತಕ್ಷಣ ಸುಳ್ಳೆಂದು ಹೇಳುವುದಿಲ್ಲ; ಯಾವ ಆಧಾರದ ಮೇಲೆ ಯಾವ ಆಯ್ಕೆ ಮಾಡಲಾಗಿದೆ ಎಂಬುದನ್ನು ತಿಳಿಯಬೇಕು.",,66,29,38,,,pending,pending,,
13,FF01-S08,ಲಕ್ಷಾಲಂಕಾರ ಮತ್ತು ಸುಂದರ ಅಕ್ಷರಗಳ ಅರ್ಪಣೆ,MAHABHARATA-1-AADIPARVA-_djvu (1).txt lines 738–822,"ವಾದಿರಾಜರ ಲಕ್ಷಾಲಂಕಾರದ ಪರಿಚಯದಲ್ಲಿ ಒಂದು ಪರಂಪರೆಯ ಕಥೆ ಬರುತ್ತದೆ. ಅವರ ತಾಯಿ ಗೌರಮ್ಮನವರು ಕೃಷ್ಣನಿಗೆ ಚಿನ್ನದ ಆಭರಣಗಳನ್ನು ಅರ್ಪಿಸುವ ಹರಕೆ ಹೊತ್ತಿದ್ದರೆಂದು ಹೇಳಲಾಗುತ್ತದೆ. ಅದಕ್ಕೆ ವಾದಿರಾಜರು ಸುಂದರವಾದ ಅಕ್ಷರಗಳ ರೂಪದ ಅರ್ಪಣೆಯನ್ನು ಯೋಚಿಸಿ, ಮಹಾಭಾರತದ ವ್ಯಾಖ್ಯಾನವನ್ನು ರಚಿಸಿದರೆಂಬ ಕಥೆಯನ್ನು ಲೇಖಕರು ಹೇಳುತ್ತಾರೆ. ಇದನ್ನು ಖಚಿತ ಐತಿಹಾಸಿಕ ದಾಖಲೆ ಎಂದು ಅಲ್ಲ, ಪರಂಪರೆಯಿಂದ ಕೇಳಿಬರುವ ವೃತ್ತಾಂತವೆಂದು ಗುರುತಿಸಬೇಕು. ನಂತರ ಲೇಖನವು ವ್ಯಾಖ್ಯಾನದ ಪದಾರ್ಥವಿವರಣೆ ಮತ್ತು ಕಠಿಣ ಸಂದರ್ಭಗಳನ್ನು ಬಿಡಿಸುವ ಸಾಮರ್ಥ್ಯದ ಬಗ್ಗೆ ಮಾತನಾಡುತ್ತದೆ. ಗ್ರಂಥಕ್ಕೆ ಅಲಂಕಾರವೆಂದರೆ ಹೊರಗಿನ ಚಿನ್ನವಷ್ಟೇ ಅಲ್ಲ; ಅದರ ಅರ್ಥವನ್ನು ಸ್ಪಷ್ಟಪಡಿಸುವ ಪದಗಳೂ ಆಗಬಹುದು ಎಂಬ ಭಾವ ಈ ಕಥೆಯಲ್ಲಿದೆ.",,65,29,37,,,pending,pending,,
14,FF01-S09,ತಾಳೆಗರಿಗಳ ಕಾಲ ಮತ್ತು ಸಂಪಾದಕರ ಮಿತಿ,MAHABHARATA-1-AADIPARVA-_djvu (1).txt lines 823–864,"ಪ್ರಾಚೀನ ಹಸ್ತಪ್ರತಿಗಳ ಬಗ್ಗೆ ಲೇಖಕರು ಅವುಗಳ ಲಿಪಿ, ಆರಂಭದ ಶ್ಲೋಕಗಳು ಮತ್ತು ವ್ಯಾಖ್ಯಾನಕ್ಕೆ ಹೊಂದುವ ಪಾಠಗಳನ್ನು ಪರಿಶೀಲಿಸುತ್ತಾರೆ. ಲಿಪಿಯ ರೂಪದಿಂದ ಪ್ರತಿಗಳ ಹಳೆಯತನವನ್ನು ಊಹಿಸುತ್ತಾರೆ; ಆ ಊಹೆಯನ್ನು ಖಚಿತ ದಿನಾಂಕವಾಗಿ ಸ್ವೀಕರಿಸಬಾರದು. ಕೆಲವು ತಾಳೆಗರಿಗಳಲ್ಲಿ ಕಂಡ ಆರಂಭದ ನಾರಾಯಣಸ್ತುತಿಯನ್ನು ಈ ಆವೃತ್ತಿಯ ಆರಂಭದಲ್ಲೂ ತೆಗೆದುಕೊಂಡಿದ್ದಾರೆ. ಲೇಖಕರು ತಮ್ಮ ಮಿತಿಯನ್ನೂ ಒಪ್ಪುತ್ತಾರೆ: ಮಧ್ವರಿಗೆ ಅಥವಾ ವಾದಿರಾಜರಿಗೆ ತಿಳಿದ ಪ್ರತಿಯೊಂದು ಮೂಲಪಾಠವನ್ನೂ ಮರುಸ್ಥಾಪಿಸಿದ್ದೇವೆ ಎಂದು ಹೇಳಲಾಗದು. ಎಲ್ಲ ಶ್ಲೋಕಗಳ ಎಲ್ಲ ಪದಗಳಿಗೂ ವ್ಯಾಖ್ಯಾನ ದೊರೆಯುವುದಿಲ್ಲ. ದೊರಕಿರುವ ಸಾಕ್ಷಿಯಿಂದ ಸಾಧ್ಯವಾದಷ್ಟು ಹತ್ತಿರದ ಪಾಠವನ್ನು ಒದಗಿಸುವುದೇ ಅವರ ಪ್ರಯತ್ನ.",,59,26,34,,,pending,pending,,
15,FF01-S10,ಮಠಗಳ ಸಂಗ್ರಹ ಮತ್ತು ಪದಾರ್ಥದ ವಿಧಾನ,MAHABHARATA-1-AADIPARVA-_djvu (1).txt lines 865–921,"ಹಸ್ತಪ್ರತಿಗಳನ್ನು ಒದಗಿಸಿದ ಮಠಗಳ ಸಹಕಾರವನ್ನು ಲೇಖಕರು ಕೃತಜ್ಞತೆಯಿಂದ ಸ್ಮರಿಸುತ್ತಾರೆ. ಪಲಿಮಾರು, ಪೇಜಾವರ, ಸೋದೆ, ಕೃಷ್ಣಾಪುರ, ಕಾಣಿಯೂರು, ಅದಮಾರು, ಪುತ್ತಿಗೆ ಮತ್ತು ಸುಬ್ರಹ್ಮಣ್ಯ ಮಠಗಳ ಸಂಗ್ರಹಗಳನ್ನು ಉಲ್ಲೇಖಿಸುತ್ತಾರೆ. ಮುದ್ರಿತ ಲಕ್ಷಾಲಂಕಾರದಲ್ಲಿದ್ದ ಕೆಲವು ದೋಷಗಳನ್ನು ತಾಳೆಗರಿಗಳ ನೆರವಿನಿಂದ ಪರಿಶೀಲಿಸಿದುದನ್ನೂ ತಿಳಿಸುತ್ತಾರೆ. ನಂತರ ಪದಾರ್ಥದ ಒಂದು ವಿಧಾನವನ್ನು ವಿವರಿಸುತ್ತಾರೆ: ಕೋಶದಲ್ಲಿ ಪರಿಚಿತ ಅರ್ಥ ಸಿಗಲಿಲ್ಲವೆಂದು ಮೂಲಪದವನ್ನೇ ತಕ್ಷಣ ಬದಲಿಸಬಾರದು. ಪದದ ಧಾತು ಮತ್ತು ಸಂದರ್ಭದಿಂದ ಅರ್ಥವನ್ನು ವಿಚಾರಿಸಬೇಕು. ರೂಢಾರ್ಥ ಮತ್ತು ಯೌಗಿಕಾರ್ಥಗಳ ನಡುವಿನ ಸಂಬಂಧವನ್ನು ನೋಡಬೇಕು. ಈ ವ್ಯಾಕರಣದೃಷ್ಟಿಯೇ ಅವರ ಹಲವು ಅನುವಾದನಿರ್ಧಾರಗಳ ಹಿಂದೆ ನಿಂತಿದೆ.",,58,26,33,,,pending,pending,,
16,FF01-S11,ಪಾಠಾಂತರದ ಉದಾಹರಣೆ: ಒಂದು ಪದದ ಪರಿಣಾಮ,MAHABHARATA-1-AADIPARVA-_djvu (1).txt lines 922–1172,"ತಾಳೆಗರಿಗಳ ಪಾಠಗಳ ಸಾರಸ್ಯವನ್ನು ಹೇಳುವ ಭಾಗದಲ್ಲಿ ಸಂಪಾದಕರು ಹಲವು ಸ್ಥಳಗಳನ್ನು ಹೋಲಿಸುತ್ತಾರೆ. ಅವರ ಮುಖ್ಯ ಪ್ರಶ್ನೆ, ಇಲ್ಲಿ ಓದುತ್ತಿರುವ ಪದದಿಂದ ವಾಕ್ಯಕ್ಕೆ ಸರಿಯಾದ ಅರ್ಥ ಸಿಗುತ್ತಿದೆಯೇ ಎಂಬುದು. ಕೆಲವೊಮ್ಮೆ ಮುದ್ರಣದಲ್ಲಿ ಅಕ್ಷರ ಬದಲಾಗಿದೆ; ಕೆಲವೊಮ್ಮೆ ಎರಡು ಪದಗಳನ್ನು ತಪ್ಪಾಗಿ ಸೇರಿಸಲಾಗಿದೆ; ಇನ್ನೊಮ್ಮೆ ವ್ಯಾಖ್ಯಾನದ ನೆರವಿಲ್ಲದೆ ಸಂದರ್ಭ ಸ್ಪಷ್ಟವಾಗುವುದಿಲ್ಲ. ಇಂತಹ ಸ್ಥಳದಲ್ಲಿ ಕಥೆಗೆ ಹೊಸ ಘಟನೆಯನ್ನು ಕಲ್ಪಿಸುವುದಕ್ಕಿಂತ ಮೊದಲು ಪಾಠವನ್ನು ಪರಿಶೀಲಿಸಬೇಕು. ಪ್ರತಿಯೊಂದು ಉದಾಹರಣೆಯ ನಿರ್ಣಯವೂ ಈ ಸಂಪಾದಕರದೇ ಆಗಿರುವುದರಿಂದ ಅದನ್ನು ಅವರ ಆವೃತ್ತಿಯ ಆಯ್ಕೆಯೆಂದು ಗುರುತಿಸಬೇಕು. ಓದುಗನು ಅರ್ಥದ ಜೊತೆಗೆ ಆ ಅರ್ಥಕ್ಕೆ ಬಳಸಿದ ಸಾಕ್ಷಿಯನ್ನೂ ಗಮನಿಸಬೇಕೆಂಬುದು ಈ ಭಾಗದ ಪಾಠ.",,65,29,37,,,pending,pending,,
17,FF01-S12,ಲಕ್ಷಾಲಂಕಾರದ ಅರ್ಥವಿವರಣೆ: ಸಂದರ್ಭವೇ ದಾರಿ,MAHABHARATA-1-AADIPARVA-_djvu (1).txt lines 1173–1563,ಲಕ್ಷಾಲಂಕಾರದ ಸ್ವಾರಸ್ಯಗಳನ್ನು ವಿವರಿಸುವ ಭಾಗವು ಹದಿನೆಂಟು ಉದಾಹರಣೆಗಳನ್ನು ನೀಡುತ್ತದೆ. ಶರ್ಮಿಷ್ಠೆಯ ಮಾತಿನಲ್ಲಿ ನಿನ್ನ ಕುಲದಲ್ಲಿರುವ ಸ್ತ್ರೀ ಎಂಬ ಅರ್ಥವನ್ನು ಸಂದರ್ಭದಿಂದ ತುಂಬಿ ವಾಕ್ಯವನ್ನು ಸ್ಪಷ್ಟಪಡಿಸುವ ಉದಾಹರಣೆ ಇದೆ. ದೇವಯಾನಿಯನ್ನು ಕುರಿತು ಪಾಪವಿಲ್ಲದವಳು ಮತ್ತು ಪಾಪವರ್ಧಿನಿ ಎಂಬ ವಿರೋಧದಂತೆ ಕಾಣುವ ಪದಗಳನ್ನು ಸ್ವಭಾವ ಮತ್ತು ಆ ಕ್ಷಣದ ವರ್ತನೆಯ ವ್ಯತ್ಯಾಸದಿಂದ ವಿವರಿಸುತ್ತದೆ. ತುರ್ವಸುವಿನ ಪ್ರಸಂಗದಲ್ಲಿ ನಕ್ಷತ್ರ ಮತ್ತು ದೋಣಿಯ ಪದಗಳನ್ನು ಉಪಮೆಯ ಮೂಲಕ ಅರ್ಥೈಸುತ್ತದೆ. ಪುರೂವಿನ ಯೌವನವನ್ನು ಪಡೆದ ಯಯಾತಿಯ ಮಾತಿನಲ್ಲಿ ಯಜ್ಞ ಮತ್ತು ಆಸೆಯ ತೃಪ್ತಿಯ ಸಂಬಂಧವನ್ನು ಬಿಡಿಸುತ್ತದೆ. ಈ ಉದಾಹರಣೆಗಳ ಉದ್ದೇಶ ಕಠಿಣ ಪದಕ್ಕೆ ಪರಿಚಿತ ಅರ್ಥವೊಂದನ್ನು ಹಾಕುವುದಲ್ಲ; ವಾಕ್ಯದ ಸಂಬಂಧವನ್ನು ಮರುಪರಿಶೀಲಿಸುವುದಾಗಿದೆ.,,67,30,38,,,pending,pending,,
18,FF01-S13,ಈ ಆದಿಪರ್ವದ ಕ್ರಮ ಮತ್ತು ವಿವಾದಗಳು,MAHABHARATA-1-AADIPARVA-_djvu (1).txt lines 1564–1715,"ಆದಿಪರ್ವದ ಪರಿಚಯವು ಈ ಆವೃತ್ತಿಯಲ್ಲಿ ಇನ್ನೂರಮೂವತ್ತೇಳು ಅಧ್ಯಾಯಗಳಿವೆ ಎಂದು ತಿಳಿಸುತ್ತದೆ. ಬೇರೆ ಪಾಠಗಳಲ್ಲಿ ಇನ್ನೂರಹದಿನೆಂಟು ಅಥವಾ ಇನ್ನೂರು ಎಂಬ ವಿಭಾಗಗಳ ಉಲ್ಲೇಖವಿದೆ. ಅಧ್ಯಾಯವಿಭಾಗ ಬದಲಾಗಿದ್ದರೆ ವಿಷಯವೆಲ್ಲಾ ಬೇರೆ ಆಗಿರಬೇಕೆಂಬುದಿಲ್ಲ. ಪುರೂವಂಶದ ಅಧ್ಯಾಯವನ್ನು ಅರವತ್ತಮೂರು ಮತ್ತು ಎಂಭತ್ತಮೂರರಲ್ಲಿ ಉದ್ದೇಶಪೂರ್ವಕವಾಗಿ ಉಳಿಸಿರುವುದನ್ನೂ ಹೇಳುತ್ತದೆ. ಯಯಾತಿಯ ಕಥೆಯನ್ನು ದುಷ್ಯಂತನಿಗಿಂತ ಮೊದಲು ಇಟ್ಟಿರುವುದು ವಂಶಕ್ರಮದ ಕಾರಣ. ಪರಾಶರ–ಸತ್ಯವತಿಯ ವಿವಾಹ, ಕಣಿಂಕನ ಮಾತನ್ನು ಯಾರು ಕೇಳಿದರು ಮತ್ತು ದ್ರೌಪದಿಯ ಹಿಂದಿನ ಜನ್ಮಗಳ ವಿಷಯಗಳಲ್ಲಿ ಸಂಪಾದಕರು ತಮ್ಮ ಸಾಕ್ಷಿಗಳನ್ನು ಚರ್ಚಿಸುತ್ತಾರೆ. ಕೆಲವು ಕಡೆ ಅನಿಶ್ಚಿತತೆಯನ್ನೂ ಒಪ್ಪುತ್ತಾರೆ. ಹೀಗಾಗಿ ವಿವಾದವಿರುವ ಸ್ಥಳದಲ್ಲಿ ಒಂದು ನಿರ್ಣಯವನ್ನು ಎಲ್ಲರಿಗೂ ಒಪ್ಪಿದ ಸತ್ಯವೆಂದು ಹೇಳಬಾರದು.",,64,28,37,,,pending,pending,,
19,FF01-S14,ಪ್ರಕಾಶಕರ ಮಾತು: ಶ್ರಮ ಮತ್ತು ಸಹಕಾರ,MAHABHARATA-1-AADIPARVA-_djvu (1).txt lines 1716–2024,"ಪ್ರಕಾಶಕರ ಮಾತು ಈ ಕೃತಿಯನ್ನು ಸಿದ್ಧಪಡಿಸುವ ಉದ್ದೇಶ ಮತ್ತು ಅನೇಕ ಜನರ ಸಹಕಾರವನ್ನು ವಿವರಿಸುತ್ತದೆ. ಶ್ಲೋಕದ ಅರ್ಥ, ಕಠಿಣ ಪದದ ವಿವರಣೆ, ಪೌರಾಣಿಕ ಹಿನ್ನೆಲೆ ಮತ್ತು ಧಾರ್ಮಿಕ ತಾತ್ಪರ್ಯ ಓದುಗರಿಗೆ ತಲುಪಬೇಕೆಂಬ ಆಶಯವಿದೆ. ಅನುವಾದಕನ ಕೆಲಸದ ಜೊತೆಗೆ ಪರಿಶೀಲನೆ, ಕರಡುತಿದ್ದುಪಡಿ, ಅಕ್ಷರಜೋಡಣೆ ಮತ್ತು ಮುದ್ರಣದ ಶ್ರಮವೂ ಸೇರಿದೆ. ಪಂಡಿತರು ನೀಡಿದ ಸಲಹೆ, ಹಸ್ತಪ್ರತಿಗಳ ನೆರವು, ಆರ್ಥಿಕ ಸಹಕಾರ ಮತ್ತು ಸಂಸ್ಥೆಯ ನಿರ್ವಹಣೆಯನ್ನು ಕೃತಜ್ಞತೆಯಿಂದ ದಾಖಲಿಸಲಾಗಿದೆ. ಒಂದು ಸಂಪುಟ ಓದುಗರ ಕೈಗೆ ತಲುಪುವುದು ಒಬ್ಬರ ಕೆಲಸದ ಫಲ ಮಾತ್ರವಲ್ಲ; ಅನೇಕ ಹಂತದ ಜವಾಬ್ದಾರಿಗಳು ಸೇರಿ ಆಗುವ ಕಾರ್ಯವೆಂಬುದನ್ನು ಈ ಮಾತು ನಮಗೆ ನೆನಪಿಸುತ್ತದೆ.",,65,29,37,,,pending,pending,,
20,FF01-S15,ಮಹಾಭಾರತದ ಮಹತ್ವ: ಸಂಸ್ಕೃತಿ ಮತ್ತು ನೈತಿಕ ಪ್ರಶ್ನೆಗಳು,MAHABHARATA-1-AADIPARVA-_djvu (1).txt lines 2025–2477,"ಮುಂದಿನ ದೀರ್ಘ ಲೇಖನವು ಮಹಾಭಾರತದ ಪ್ರಭಾವವನ್ನು ಭಾರತೀಯ ಸಂಸ್ಕೃತಿ, ಕಲೆ, ಕುಟುಂಬ ಮತ್ತು ನಡೆನುಡಿಗಳೊಂದಿಗೆ ಸಂಪರ್ಕಿಸುತ್ತದೆ. ಬಾಲ್ಯದಲ್ಲಿ ಕೇಳಿದ ಕಥೆ ಯೌವನದಲ್ಲಿ ಹೊಸ ಅರ್ಥಕೊಡುತ್ತದೆ; ಜೀವನದ ಬೇರೆ ಹಂತಗಳಲ್ಲಿ ಅದೇ ಪ್ರಸಂಗವನ್ನು ಮತ್ತೆ ಯೋಚಿಸಬಹುದು ಎಂಬ ಭಾವ ಅದರಲ್ಲಿ ಇದೆ. ಯಾವುದು ಸರಿ, ಯಾವುದು ತಪ್ಪು, ಆಸೆ ಮತ್ತು ಕರ್ತವ್ಯದ ನಡುವೆ ಹೇಗೆ ಆಯ್ಕೆಮಾಡಬೇಕು ಎಂಬ ಪ್ರಶ್ನೆಗಳಿಗೆ ಗ್ರಂಥದಲ್ಲಿ ದಾರಿಯನ್ನು ಹುಡುಕುತ್ತದೆ. ಲೇಖಕನು ಮಹಾಭಾರತದ ಮಹತ್ವವನ್ನು ಅತ್ಯಂತ ಉತ್ಸಾಹದ ಭಾಷೆಯಲ್ಲಿ ಹೇಳುತ್ತಾನೆ. ಆ ಪ್ರಶಂಸೆಯನ್ನು ಅವನ ಭಕ್ತಿಪರ ಮತ್ತು ಸಾಂಸ್ಕೃತಿಕ ದೃಷ್ಟಿಯಾಗಿ ತಿಳಿಯಬೇಕು. ಬೇರೆ ಜನಾಂಗ ಅಥವಾ ಸಂಸ್ಕೃತಿಯ ಜ್ಞಾನವನ್ನು ಕಡಿಮೆಮಾಡುವ ಸಾಮಾನ್ಯ ತೀರ್ಪಾಗಿ ಅದನ್ನು ಬಳಸುವುದಿಲ್ಲ.",,69,31,39,,,pending,pending,,
21,FF01-S16,ಶುದ್ಧಪಾಠವನ್ನು ಹೇಗೆ ನಿರ್ಧರಿಸಬೇಕು?,MAHABHARATA-1-AADIPARVA-_djvu (1).txt lines 2478–2606,ಶುದ್ಧಪಾಠದ ವಿಚಾರದಲ್ಲಿ ಲೇಖನವು ಎರಡು ಕೆಲಸಗಳನ್ನು ಬೇರ್ಪಡಿಸುತ್ತದೆ: ದೊರೆತ ಪ್ರತಿಗಳನ್ನು ಹೋಲಿಸುವುದು ಮತ್ತು ಅವುಗಳ ಅರ್ಥವನ್ನು ನಿರ್ಧರಿಸುವುದು. ಪದಗಳು ಹಳೆಯ ಪ್ರತಿಯಲ್ಲಿ ಇವೆ ಎಂಬುದೇ ಒಂದೇ ಸಾಕ್ಷಿಯಾಗುವುದಿಲ್ಲ; ವ್ಯಾಖ್ಯಾನವು ಆ ಪದವನ್ನು ಹೇಗೆ ಓದಿದೆ ಎಂಬುದೂ ಮುಖ್ಯವೆಂದು ಈ ಪರಂಪರೆ ಹೇಳುತ್ತದೆ. ನಾರಾಯಣಸ್ತುತಿಯ ಆರಂಭಿಕ ಶ್ಲೋಕವನ್ನು ಆಯ್ಕೆಮಾಡಿದ ನಿರ್ಧಾರವನ್ನೂ ಈ ದೃಷ್ಟಿಯಿಂದ ವಿವರಿಸುತ್ತದೆ. ಸಂಪಾದಕನ ಮಾನದಂಡ ಸ್ಪಷ್ಟವಾಗಿದ್ದರೆ ಓದುಗನು ಆ ನಿರ್ಧಾರವನ್ನು ಪರಿಶೀಲಿಸಬಹುದು. ಆದರೆ ಮಾನದಂಡವೊಂದು ಆಯ್ಕೆಯಾಗಿರುವುದನ್ನು ಮರೆಯಬಾರದು. ಬೇರೆ ಸಂಶೋಧಕ ಬೇರೆ ಮಾನದಂಡದಿಂದ ಬೇರೆ ಪಾಠವನ್ನು ಆರಿಸಬಹುದು; ಆ ವ್ಯತ್ಯಾಸವನ್ನು ತಿಳಿದೇ ಓದುವುದು ಸಹಾಯಕ.,,61,27,35,,,pending,pending,,
22,FF01-S17,ಭಂಡಾರ್ಕರ್ ಸಂಸ್ಥೆಯ ಸಾಧನೆ ಮತ್ತು ಭಿನ್ನಾಭಿಪ್ರಾಯ,MAHABHARATA-1-AADIPARVA-_djvu (1).txt lines 2607–2683,ಈ ಲೇಖನವು ಭಂಡಾರ್ಕರ್ ಸಂಸ್ಥೆಯ ದೊಡ್ಡ ಸಂಶೋಧನಾ ಪ್ರಯತ್ನವನ್ನು ಮೆಚ್ಚುತ್ತದೆ. ಅನೇಕ ಪಂಡಿತರ ದೀರ್ಘಕಾಲದ ಪರಿಶ್ರಮ ಮತ್ತು ಬೇರೆ ಪ್ರದೇಶಗಳ ಹಸ್ತಪ್ರತಿಗಳ ಸಂಗ್ರಹವನ್ನು ಗುರುತಿಸುತ್ತದೆ. ಅದೇ ವೇಳೆ ಉಡುಪಿಯ ತಾಳೆಗರಿಗಳು ಮತ್ತು ಈ ಆವೃತ್ತಿಗೆ ಮುಖ್ಯವಾದ ವ್ಯಾಖ್ಯಾನಗಳಿಗೆ ಅವರ ಕಾರ್ಯದಲ್ಲಿ ಸಾಕಷ್ಟು ಸ್ಥಾನ ಸಿಗಲಿಲ್ಲವೆಂಬ ಅಸಮಾಧಾನವನ್ನು ಹೇಳುತ್ತದೆ. ಸಾಧನೆಯನ್ನು ಮೆಚ್ಚುವುದು ಮತ್ತು ಅದರ ಕೆಲವು ಆಯ್ಕೆಗಳನ್ನು ಪ್ರಶ್ನಿಸುವುದು ಒಂದೇ ಲೇಖನದಲ್ಲಿ ಬರುತ್ತವೆ. ಈ ಚರ್ಚೆಯನ್ನು ವೈಯಕ್ತಿಕ ವಿರೋಧದ ಕಥೆಯಾಗಿ ಬದಲಿಸಬಾರದು. ಯಾವ ಸಾಕ್ಷಿಗಳಿಗೆ ಎಷ್ಟು ಮಹತ್ವ ನೀಡಬೇಕು ಎಂಬ ಸಂಪಾದಕೀಯ ಭಿನ್ನಾಭಿಪ್ರಾಯವಾಗಿ ಅರ್ಥಮಾಡಿಕೊಳ್ಳಬೇಕು. ಇಲ್ಲಿ ನಾವು ಲೇಖಕರ ವಾದವನ್ನು ವಿವರಿಸುತ್ತಿದ್ದೇವೆ; ಸ್ವತಂತ್ರವಾಗಿ ಎಲ್ಲಾ ಐತಿಹಾಸಿಕ ವಿವರಗಳನ್ನು ದೃಢಪಡಿಸಿದ್ದೇವೆಂದು ಹೇಳುವುದಿಲ್ಲ.,,70,31,40,,,pending,pending,,
23,FF01-S18,ಹಿಂದಿನ ಮುದ್ರಣಗಳ ದೀರ್ಘ ಪ್ರಯಾಣ,MAHABHARATA-1-AADIPARVA-_djvu (1).txt lines 2684–2921,"ಹಿಂದಿನ ಸಂಶೋಧನೆಗಳ ಪರಿಚಯದಲ್ಲಿ ಲೇಖನವು ಬೇರೆ ಪ್ರದೇಶಗಳಲ್ಲಿ ಪ್ರಕಟವಾದ ಮಹಾಭಾರತದ ಆವೃತ್ತಿಗಳನ್ನು ಕ್ರಮವಾಗಿ ಚರ್ಚಿಸುತ್ತದೆ. ಬಂಗಾಳ, ಮುಂಬೈ ಮತ್ತು ದಕ್ಷಿಣ ಭಾರತದ ಮುದ್ರಣಗಳು, ವಾವಿಳ್ಳಿ ರಾಮಸ್ವಾಮಿ ಮತ್ತು ಟಿ. ಆರ್. ಕೃಷ್ಣಾಚಾರ್ಯರ ಪ್ರಕಟಣೆಗಳು, ಸಂಶೋಧನಾ ಆವೃತ್ತಿಯ ಪ್ರಯತ್ನಗಳು ಈ ಚರ್ಚೆಯಲ್ಲಿ ಬರುತ್ತವೆ. ಪ್ರತಿಯೊಂದು ಮುದ್ರಣವು ಯಾವ ಪ್ರತಿಗಳನ್ನು ಬಳಸಿತು, ಯಾವ ಪಾಠಕ್ಕೆ ಹತ್ತಿರವಾಗಿದೆ ಎಂಬ ಪ್ರಶ್ನೆ ಮುಖ್ಯ. ಗ್ರಂಥ ಮುದ್ರಿತವಾಗಿದೆ ಎಂದಷ್ಟಕ್ಕೆ ಎಲ್ಲ ಆವೃತ್ತಿಗಳ ಪದಗಳು ಒಂದೇ ಆಗಿರುವುದಿಲ್ಲ. ಈ ಹಿನ್ನೆಲೆ ತಿಳಿದಾಗ ನಮ್ಮ ಸರಣಿಯಲ್ಲಿ ಬಳಸುವ ಆವೃತ್ತಿಯ ಆಯ್ಕೆಗಳು ಏಕೆ ಬೇರೆ ಕಾಣಬಹುದು ಎಂಬುದು ಅರ್ಥವಾಗುತ್ತದೆ. ಇವು ಕಥೆಯ ಕಾಲದ ಘಟನೆಗಳಲ್ಲ; ಪುಸ್ತಕದ ಪ್ರಸರಣದ ಇತಿಹಾಸಕ್ಕೆ ಸೇರಿದ ವಿಷಯಗಳು.",,71,32,41,,,pending,pending,,
24,FF01-S19,ಹಸ್ತಪ್ರತಿಗಳ ವಿವರಣೆ ಮತ್ತು ವಿಷಯದ ಹಾಜರಿ,MAHABHARATA-1-AADIPARVA-_djvu (1).txt lines 2922–2947,"ಹಸ್ತಪ್ರತಿಗಳ ವಿವರಣೆಯಲ್ಲಿ ಲೇಖನವು ಕೆಲವು ಆವೃತ್ತಿಗಳ ಶ್ಲೋಕಸಂಖ್ಯೆ ಮತ್ತು ಅವುಗಳಲ್ಲಿ ಕಾಣುವ ಅಥವಾ ಕಾಣದ ಪ್ರಸಂಗಗಳನ್ನು ಹೋಲಿಸುತ್ತದೆ. ದುಶ್ಶಲೆಯ ಜನನ, ಅಶ್ವತ್ಥಾಮನ ಬಾಲ್ಯದ ಹಿಟ್ಟಿನ ನೀರಿನ ಘಟನೆ ಮತ್ತು ಗಣೇಶನು ಲಿಪಿಕಾರನಾದ ಕಥೆಯಂತಹ ಉದಾಹರಣೆಗಳನ್ನು ಕೊಡುತ್ತದೆ. ಒಂದು ಪ್ರತಿಯಲ್ಲಿ ಪ್ರಸಂಗ ಇಲ್ಲದಿದ್ದರೆ ಅದು ಎಲ್ಲ ಪ್ರತಿಗಳಲ್ಲೂ ಇಲ್ಲವೆಂದು ತೀರ್ಮಾನಿಸಲಾಗದು. ಹಾಗೆಯೇ ಪ್ರಸಿದ್ಧ ಕಥೆ ಇದೆ ಎಂಬ ಕಾರಣಕ್ಕೆ ಪ್ರತಿಯೊಂದು ಆವೃತ್ತಿಯೂ ಅದನ್ನೇ ಹೊಂದಿರಬೇಕಾಗಿಲ್ಲ. ಈ ವ್ಯತ್ಯಾಸವು ನಮ್ಮ ಕಥನಕ್ಕೆ ಮುಖ್ಯ: ನೀಡಲಾದ ಪುಸ್ತಕದಲ್ಲಿ ಯಾವ ರೂಪದಲ್ಲಿದೆ ಎಂಬುದನ್ನು ಮೊದಲು ಗುರುತಿಸಬೇಕು. ಬೇರೆ ಪ್ರಸಿದ್ಧ ರೂಪವನ್ನು ಗೊತ್ತಿಲ್ಲದೆ ಒಳಗೆ ಸೇರಿಸಬಾರದು.",,63,28,36,,,pending,pending,,
25,FF01-S20,ವ್ಯಾಖ್ಯಾನಗಳೂ ವಿಭಿನ್ನ ಸಾಕ್ಷಿಗಳು,MAHABHARATA-1-AADIPARVA-_djvu (1).txt lines 2948–2974,"ಈ ಭಾಗವು ಅರ್ಜುನಮಿಶ್ರ, ರತ್ನಗರ್ಭ, ನೀಲಕಂಠ ಮತ್ತು ದೇವಬೋಧ ಮೊದಲಾದ ವ್ಯಾಖ್ಯಾನಗಳನ್ನು ಪರಿಚಯಿಸುತ್ತದೆ. ಅವುಗಳ ಪ್ರದೇಶ, ಬಳಸಿದ ಪಾಠ ಮತ್ತು ಪರಸ್ಪರ ಹಳೆಯತನದ ಕುರಿತು ಲೇಖಕನು ಅಭಿಪ್ರಾಯಗಳನ್ನು ನೀಡುತ್ತಾನೆ. ಒಂದೇ ಶ್ಲೋಕದ ಅರ್ಥವನ್ನು ನೋಡಲು ಅನೇಕ ವ್ಯಾಖ್ಯಾನಗಳಿರುವುದು ಅಧ್ಯಯನಕ್ಕೆ ನೆರವು; ಆದರೆ ಅವೆಲ್ಲವೂ ಒಂದೇ ಪಾಠವನ್ನು ಓದಿರಬೇಕೆಂಬುದಿಲ್ಲ. ಹೀಗಾಗಿ ವ್ಯಾಖ್ಯಾನದ ವಿವರಣೆಯ ಜೊತೆಗೆ ಅದರ ಆಧಾರಪಾಠವನ್ನೂ ಗಮನಿಸಬೇಕು. ನಮ್ಮ ಆವೃತ್ತಿ ಲಕ್ಷಾಲಂಕಾರಕ್ಕೆ ವಿಶೇಷ ಸ್ಥಾನ ಕೊಟ್ಟಿದೆ. ಆ ಆಯ್ಕೆಯ ಕಾರಣವನ್ನು ತಿಳಿದ ನಂತರವೇ ಅದರ ನಿರ್ಣಯಗಳನ್ನು ನಾವು ಸಮರ್ಪಕವಾಗಿ ಓದಲು ಸಾಧ್ಯ.",,58,26,33,,,pending,pending,,
26,FF01-S21,ಔತ್ತರೇಯ ಪಾಠದ ಬಗ್ಗೆ ಲೇಖಕರ ಪ್ರಶ್ನೆಗಳು,MAHABHARATA-1-AADIPARVA-_djvu (1).txt lines 2975–3048,"ಉತ್ತರದ ಪಾಠದ ಸಮಸ್ಯೆಗಳನ್ನು ಚರ್ಚಿಸುವ ಭಾಗದಲ್ಲಿ ಲೇಖಕನು ಕೆಲವು ಪದ, ಶ್ಲೋಕ ಮತ್ತು ಅರ್ಥನಿರ್ಣಯಗಳನ್ನು ಪ್ರಶ್ನಿಸುತ್ತಾನೆ. ತನ್ನ ವ್ಯಾಖ್ಯಾನಪರಂಪರೆಯೊಂದಿಗೆ ಹೊಂದದ ಸ್ಥಳಗಳಿಗೆ ಪರ್ಯಾಯ ಓದನ್ನು ಸೂಚಿಸುತ್ತಾನೆ. ಇದನ್ನು ಎಲ್ಲ ಉತ್ತರ ಭಾರತದ ಓದುಗರ ಅಥವಾ ಅವರ ನಂಬಿಕೆಗಳ ಮೇಲಿನ ತೀರ್ಪಾಗಿ ಪರಿವರ್ತಿಸಬಾರದು. ಇದು ಗ್ರಂಥದ ಪಾಠವನ್ನು ಕುರಿತ ಚರ್ಚೆ. ಯಾವ ಪದವನ್ನು ಬದಲಿಸಬೇಕು, ಯಾವ ಪಾಠವನ್ನು ಉಳಿಸಬೇಕು ಎಂಬ ನಿರ್ಧಾರಗಳಿಗೆ ಲೇಖಕನು ನೀಡಿರುವ ಕಾರಣಗಳನ್ನು ಪ್ರತ್ಯೇಕವಾಗಿ ನೋಡಬೇಕು. ಈ ರೀತಿಯ ಚರ್ಚೆಯಲ್ಲಿ ಒಪ್ಪಿಗೆ ಮತ್ತು ಭಿನ್ನಾಭಿಪ್ರಾಯ ಎರಡಕ್ಕೂ ಸ್ಥಳವಿದೆ; ಅರ್ಥದ ವಿವಾದವನ್ನು ವ್ಯಕ್ತಿಗಳ ಮೇಲಿನ ದ್ವೇಷವಾಗಿ ಚಿತ್ರಿಸುವ ಅಗತ್ಯವಿಲ್ಲ.",,63,28,36,,,pending,pending,,
27,FF01-S22,ಹೊಸ ಕೊಡುಗೆ ಮತ್ತು ಪರಿಶೀಲನೆಯ ಮಿತಿ,MAHABHARATA-1-AADIPARVA-_djvu (1).txt lines 3049–3168,"ಕೊನೆಯ ಭಾಗವು ಲಕ್ಷಾಲಂಕಾರಕ್ಕೆ ಹೊಂದುವ ಪಾಠವನ್ನು ಹುಡುಕುವುದು ಸಂಸ್ಕೃತ ಅಧ್ಯಯನಕ್ಕೆ ಯಾವ ರೀತಿಯಲ್ಲಿ ನೆರವಾಗಬಹುದು ಎಂದು ವಿವರಿಸುತ್ತದೆ. ಕಠಿಣ ಪದಕ್ಕೆ ಅರ್ಥ ಕಾಣಲಿಲ್ಲವೆಂದು ಅದನ್ನೇ ಬದಲಿಸುವುದಕ್ಕಿಂತ, ಹಳೆಯ ವ್ಯಾಖ್ಯಾನ ಮತ್ತು ಹಸ್ತಪ್ರತಿಯ ನೆರವನ್ನು ಪಡೆಯಬೇಕೆಂಬ ವಾದವನ್ನು ಮುಂದುವರಿಸುತ್ತದೆ. ಒಗಟಿನಂತಿರುವ ಶ್ಲೋಕಗಳ ಬಗ್ಗೆ ಪರಂಪರೆಯ ಮಾತನ್ನೂ ನೆನಪಿಸುತ್ತದೆ. ಕೆಲವು ಕಡೆ ಶ್ಲೋಕಗಳು ಅಥವಾ ಅಧ್ಯಾಯಗಳು ತಪ್ಪಿಹೋಗಿರಬಹುದು ಎಂಬ ಲೇಖಕರ ಆತಂಕವೂ ಇದೆ. ಈ ಹಿನ್ನೆಲೆಯಲ್ಲೇ ಅವರ ಸಂಪಾದನೆಯ ಉದ್ದೇಶ ತಿಳಿಯುತ್ತದೆ: ಉಳಿದಿರುವ ಸಾಕ್ಷಿಯನ್ನು ಒಟ್ಟುಗೂಡಿಸಿ ಅರ್ಥಕ್ಕೆ ಸಾಧ್ಯವಾದಷ್ಟು ನೆರವಾಗುವುದು. ಅದು ಅಂತಿಮವಾಗಿ ಎಲ್ಲ ಪ್ರಶ್ನೆಗಳನ್ನೂ ಮುಚ್ಚಿಬಿಟ್ಟ ನಿರ್ಣಯವೆಂದು ಓದಬೇಕಾಗಿಲ್ಲ.",,62,28,35,,,pending,pending,,
28,FF01-S23,ವಿಷಯಾನುಕ್ರಮಣಿಕೆ: ಕಥೆಯ ದಾರಿಸೂಚಿ,MAHABHARATA-1-AADIPARVA-_djvu (1).txt lines 3169–3715,"ಮೊದಲ ಸಂಪುಟದ ವಿಷಯಾನುಕ್ರಮಣಿಕೆ ಕಥೆಯ ದಾರಿಯನ್ನು ಮುಂಚಿತವಾಗಿ ತೋರಿಸುತ್ತದೆ. ಅನುಕ್ರಮಣಿಕೆ, ಪರ್ವಸಂಗ್ರಹ, ಪೌಷ್ಯ, ಪೌಲೋಮ ಮತ್ತು ಆಸ್ತೀಕ ಪ್ರಸಂಗಗಳ ಮೂಲಕ ಕಥೆಯ ಹಲವು ಹಂತಗಳು ತೆರೆದುಕೊಳ್ಳುತ್ತವೆ. ಒಂದು ಉಪಕಥೆ ಮತ್ತೊಂದು ಮುಖ್ಯಘಟನೆಯ ಕಾರಣವನ್ನು ಹೇಳಲು ಬರುತ್ತದೆ. ಆದ್ದರಿಂದ ವಿಷಯಪಟ್ಟಿಯನ್ನು ಕೇವಲ ಅಧ್ಯಾಯಸಂಖ್ಯೆಗಳ ಪಟ್ಟಿಯಾಗಿ ನೋಡದೆ, ಕಥೆಯ ಸಂಬಂಧಗಳ ನಕ್ಷೆಯಾಗಿ ಬಳಸಬಹುದು. ಆದರೆ ವಿಷಯಪಟ್ಟಿಯ ಸಂಕ್ಷಿಪ್ತ ವಾಕ್ಯವೇ ಅಧ್ಯಾಯದ ಸಂಪೂರ್ಣ ವಿಷಯವಲ್ಲ. ಕಥೆಯೊಳಗಿನ ಸಂಭಾಷಣೆ, ಹೆಸರುಗಳು, ಕಾರಣಗಳು ಮತ್ತು ವಿವರಣೆಗಳನ್ನು ತಿಳಿಯಲು ಅಧ್ಯಾಯದ ಪಠ್ಯವನ್ನು ಅನುಸರಿಸಬೇಕು. ಈ ಪರಿಚಯದ ನಂತರ ನೈಮಿಷಾರಣ್ಯದ ಸಭೆಯಲ್ಲಿ ಕಥೆಯ ವಾಚನ ಆರಂಭವಾಗುತ್ತದೆ.",,61,27,35,,,pending,pending,,
29,G01-S01,ಮಂಗಳಾಚರಣೆ ಮತ್ತು ಈ ಆವೃತ್ತಿಯ ಅರ್ಥದಿಕ್ಕು,MAHABHARATA-1-AADIPARVA-_djvu (1).txt lines 3716–3795,"ನಾರಾಯಣನಿಗೆ ನಮಸ್ಕರಿಸಿ ಈ ಕಥೆಯನ್ನು ಆರಂಭಿಸೋಣ. ಈ ಪುಸ್ತಕದ ಮೊದಲ ಮಂಗಳಪದ್ಯಗಳು ಕೃಷ್ಣನ ಮಹಿಮೆ ಮತ್ತು ವಿಷ್ಣುವಿನ ಸರ್ವೋತ್ತಮತೆಯನ್ನು ಸ್ಮರಿಸುತ್ತವೆ. ನಂತರ ನರ, ನರೋತ್ತಮ, ದೇವಿ, ಸರಸ್ವತಿ ಮತ್ತು ವ್ಯಾಸರಿಗೆ ವಂದನೆ ಸಲ್ಲಿಸಿ ಜಯವೆಂಬ ಮಹಾಭಾರತವನ್ನು ಹೇಳಲಾಗುತ್ತದೆ. ಇಲ್ಲಿನ ವ್ಯಾಖ್ಯಾನವು ನರನನ್ನು ಶೇಷನೆಂದೂ, ನರೋತ್ತಮನನ್ನು ವಾಯುದೇವರೆಂದೂ, ದೇವಿಯನ್ನು ಲಕ್ಷ್ಮಿಯೆಂದೂ ವಿವರಿಸುತ್ತದೆ. ಇದು ಈ ಆವೃತ್ತಿಯ ಮಾಧ್ವ ವ್ಯಾಖ್ಯಾನದ ಅರ್ಥದಿಕ್ಕು. ಅದನ್ನು ಕಥೆಯಲ್ಲಿ ನಡೆಯುವ ಘಟನೆಯಿಂದ ಪ್ರತ್ಯೇಕವಾಗಿ ಗುರುತಿಸಿಕೊಳ್ಳೋಣ. ಈಗ ವಂದನೆಯ ಮೌನದಿಂದ ಋಷಿಗಳ ಸಭೆಯ ಕಡೆಗೆ ಸಾಗೋಣ.",,55,24,31,,,pending,pending,,
30,G01-S02,ಹನ್ನೆರಡು ವರ್ಷದ ಸತ್ರ,MAHABHARATA-1-AADIPARVA-_djvu (1).txt lines 3796–3828,"ನೈಮಿಷಾರಣ್ಯದೊಳಗೆ ಕುಲಪತಿ ಶೌನಕರು ಹನ್ನೆರಡು ವರ್ಷಗಳ ಸತ್ರಯಾಗವನ್ನು ನಡೆಸುತ್ತಿದ್ದಾರೆ. ಬ್ರಹ್ಮರ್ಷಿಗಳು ತಮ್ಮ ವ್ರತಾನುಷ್ಠಾನಗಳ ನಡುವೆ ಇಲ್ಲಿ ನೆರೆದಿದ್ದಾರೆ. ಆ ಸಭೆಯ ಕಡೆಗೆ ಪ್ರಯಾಣಿಕನೊಬ್ಬ ಬರುತ್ತಾನೆ. ಅವನು ರೋಮಹರ್ಷಣರ ಪುತ್ರ ಉಗ್ರಶ್ರವಸ್ಸು; ಪುರಾಣಗಳ ಕಥಾವಕ್ತೃ. ಆಶ್ರಮವನ್ನು ತಲುಪಿದ ಅವನು ವಿನಯದಿಂದ ತಲೆಬಾಗಿ ಋಷಿಗಳಿಗೆ ವಂದಿಸುತ್ತಾನೆ. ಧರ್ಮ ಮತ್ತು ಅರ್ಥವನ್ನು ತಿಳಿಸುವ ವ್ಯಾಸರ ಕಥೆಗಳನ್ನು ಹೇಳಬಲ್ಲೆನೆಂದು ತಿಳಿಸಿದಾಗ, ಕೇಳುವ ಆಸೆಯಿಂದ ಮುನಿಗಳು ಅವನ ಸುತ್ತ ಸೇರುತ್ತಾರೆ.",,45,20,26,,,pending,pending,,
31,G01-S03,ಅತಿಥಿಯ ಪ್ರಶ್ನೋತ್ತರ,MAHABHARATA-1-AADIPARVA-_djvu (1).txt lines 3829–3896,"ಉಗ್ರಶ್ರವಸ್ಸು ಮುನಿಗಳ ತಪಸ್ಸಿನ ಕ್ಷೇಮವನ್ನು ವಿಚಾರಿಸುತ್ತಾನೆ. ಎಲ್ಲರೂ ಕುಳಿತ ನಂತರ ಅವನಿಗೂ ಆಸನ ದೊರೆಯುತ್ತದೆ. ಪ್ರಯಾಣದ ಆಯಾಸ ಕಳೆದು ಅವನು ಸುಖವಾಗಿ ಕುಳಿತಿರುವುದನ್ನು ಗಮನಿಸಿದ ಋಷಿಯೊಬ್ಬರು, ಎಲ್ಲಿಂದ ಬಂದಿರಿ, ಯಾವ ಕ್ಷೇತ್ರಗಳಲ್ಲಿ ಸಂಚರಿಸಿದಿರಿ ಎಂದು ಕೇಳುತ್ತಾರೆ. ಉಗ್ರಶ್ರವಸ್ಸು ಜನಮೇಜಯನ ಸರ್ಪಸತ್ರವನ್ನು ನೆನಪಿಸಿಕೊಳ್ಳುತ್ತಾನೆ. ಪರೀಕ್ಷಿತನ ಮಗನಾದ ಆ ರಾಜನ ಯಜ್ಞದಲ್ಲಿ ವ್ಯಾಸರ ಶಿಷ್ಯ ವೈಶಂಪಾಯನರು ಮಹಾಭಾರತವನ್ನು ನಿರೂಪಿಸಿದ್ದರು. ತಾನೂ ಆ ಕಥೆಗಳನ್ನು ಅಲ್ಲಿಯೇ ಕೇಳಿದನೆಂದು ಹೇಳುತ್ತಾನೆ. ಹೀಗಾಗಿ ನೈಮಿಷಾರಣ್ಯದ ಸಭೆಯೊಳಗೆ ಮತ್ತೊಂದು ಯಜ್ಞಸಭೆಯ ನೆನಪು ತೆರೆಯುತ್ತದೆ.",,53,24,30,,,pending,pending,,
32,G01-S04,ಯುದ್ಧದ ನೆಲದಿಂದ ಬಂದ ಸಾಕ್ಷಿ,MAHABHARATA-1-AADIPARVA-_djvu (1).txt lines 3897–3971,"ಜನಮೇಜಯನ ಸಭೆಯಿಂದ ಹೊರಟ ಉಗ್ರಶ್ರವಸ್ಸು ಹಲವು ತೀರ್ಥಕ್ಷೇತ್ರಗಳಲ್ಲಿ ಸಂಚರಿಸಿದ್ದ. ಕೊನೆಗೆ ಸಮಂತಪಂಚಕವನ್ನು ಕಂಡಿದ್ದ. ಕೌರವರು, ಪಾಂಡವರು ಮತ್ತು ಅನೇಕ ದೇಶಗಳ ರಾಜರು ಪರಸ್ಪರ ಎದುರಾದ ನೆಲ ಅದು. ಅಲ್ಲಿಂದಲೇ ಅವನು ನೈಮಿಷಾರಣ್ಯಕ್ಕೆ ಬಂದಿದ್ದಾನೆ. ಋಷಿಗಳು ಕೇಳಲು ಸಿದ್ಧರಾಗಿದ್ದಾರೆ; ಅವರಿಗೆ ಕೇವಲ ಯುದ್ಧದ ಫಲವಲ್ಲ, ಧರ್ಮಾರ್ಥಗಳಿಂದ ಕೂಡಿದ ಸಂಪೂರ್ಣ ಭಾರತಕಥೆ ಬೇಕು. ವ್ಯಾಸರು ಹೇಳಿ ವೈಶಂಪಾಯನರು ನಿರೂಪಿಸಿದ ಕಥೆಯನ್ನೇ ಕೇಳಲು ಅವರು ಕೋರುತ್ತಾರೆ. ಉಗ್ರಶ್ರವಸ್ಸಿನ ಪ್ರಯಾಣ ಈಗ ಮುಗಿದಿದೆ. ಆದರೆ ಅವನ ಮಾತುಗಳಲ್ಲಿ ಬಹುದೊಡ್ಡ ಪ್ರಯಾಣ ಪ್ರಾರಂಭವಾಗಲಿದೆ.",,54,24,31,,,pending,pending,,
33,G01-S05,ಸೃಷ್ಟಿಯಿಂದ ಮಾನವಕಥೆಗೆ,MAHABHARATA-1-AADIPARVA-_djvu (1).txt lines 3972–4389,"ಕಥೆ ಹೇಳುವ ಮೊದಲು ಉಗ್ರಶ್ರವಸ್ಸು ಪರಮಾತ್ಮನನ್ನು ಸ್ಮರಿಸುತ್ತಾನೆ. ಲೋಕದ ಸೃಷ್ಟಿ, ಜೀವಿಗಳ ಉದ್ಭವ, ಕಾಲದ ಚಕ್ರ ಮತ್ತು ವಂಶಗಳ ವಿಸ್ತಾರವನ್ನು ಮೊದಲ ಅಧ್ಯಾಯ ಪರಿಚಯಿಸುತ್ತದೆ. ಬೆಳಕು ಕಾಣದ ಸ್ಥಿತಿಯಿಂದ ವಿಶ್ವದ ವ್ಯವಸ್ಥೆ ಮೂಡುವ ದೃಶ್ಯವನ್ನು ಹೇಳಿ, ದೇವತೆಗಳು ಮತ್ತು ಜೀವಸಮುದಾಯಗಳ ಕಡೆಗೆ ನಿರೂಪಣೆ ಸಾಗುತ್ತದೆ. ಈ ಸೃಷ್ಟಿವರ್ಣನೆ ವಿಜ್ಞಾನಪಾಠದ ಕಾಲಪಟ್ಟಿಯಲ್ಲ; ಗ್ರಂಥವು ಜಗತ್ತಿನ ಮೂಲವನ್ನು ವಿವರಿಸುವ ಧಾರ್ಮಿಕ ನಿರೂಪಣೆ. ಅದರೊಳಗೇ ಮುಂದೆ ಮನುಷ್ಯರ ರಾಜ್ಯಗಳು, ಕುಟುಂಬಗಳು ಮತ್ತು ಸಂಘರ್ಷಗಳು ಬರುತ್ತವೆ. ರಾಜರ ಕತೆ ಆರಂಭವಾದರೂ ಅವರಿಗಿಂತ ದೊಡ್ಡ ವಿಶ್ವದ ನೆಲೆ ಮರೆವಾಗುವುದಿಲ್ಲ.",,58,26,33,,,pending,pending,,
34,G01-S06,ಸಂಗ್ರಹ ಮತ್ತು ವಿಸ್ತಾರ,MAHABHARATA-1-AADIPARVA-_djvu (1).txt lines 4390–4838,"ವ್ಯಾಸರು ರಚಿಸಿದ ಭಾರತವು ಸಂಕ್ಷೇಪದಲ್ಲಿಯೂ ವಿಸ್ತಾರದಲ್ಲಿಯೂ ಹೇಳಲ್ಪಡುತ್ತದೆ ಎಂದು ಗ್ರಂಥ ವಿವರಿಸುತ್ತದೆ. ಉಪಾಖ್ಯಾನಗಳನ್ನು ಹೊರತುಪಡಿಸಿದ ಭಾರತಸಂಹಿತೆ ಮತ್ತು ಉಪಾಖ್ಯಾನಗಳೊಂದಿಗೆ ವಿಸ್ತರಿಸಿದ ರೂಪಗಳ ವಿಷಯವೂ ಬರುತ್ತದೆ. ಯಾರು ಹೇಗೆ ಕೇಳುತ್ತಾರೆ ಎಂಬುದರಂತೆ ಕಥೆಯ ಪ್ರವೇಶವೂ ಬದಲಾಗುತ್ತದೆ. ವ್ಯಾಸರು ತಮ್ಮ ಮಗ ಶುಕರಿಗೂ ಶಿಷ್ಯರಿಗೂ ಅದನ್ನು ಉಪದೇಶಿಸುತ್ತಾರೆ. ನಾರದರು ದೇವತೆಗಳಿಗೆ, ಅಸಿತದೇವಲರು ಪಿತೃಗಳಿಗೆ, ಶುಕರು ಇತರ ಲೋಕಗಳಿಗೆ ಕಥೆಯನ್ನು ತಲುಪಿಸುತ್ತಾರೆ ಎಂದು ಈ ಅಧ್ಯಾಯ ಹೇಳುತ್ತದೆ. ಮನುಷ್ಯಲೋಕದಲ್ಲಿ ಜನಮೇಜಯನ ಮುಂದೆ ವೈಶಂಪಾಯನರ ಮಾತು ಅದೇ ಜ್ಞಾನಪರಂಪರೆಯ ಮುಂದುವರಿಕೆಯಾಗಿದೆ.",,53,24,30,,,pending,pending,,
35,G01-S07,ಎರಡು ವೃಕ್ಷಗಳು ಮತ್ತು ಯುದ್ಧದ ಮುನ್ನೋಟ,MAHABHARATA-1-AADIPARVA-_djvu (1).txt lines 4839–6005,"ಈ ಅಧ್ಯಾಯ ದುರ್ಯೋಧನನ ಬಳಗವನ್ನೂ ಯುಧಿಷ್ಠಿರನ ಬಳಗವನ್ನೂ ಎರಡು ವೃಕ್ಷಗಳಂತೆ ಚಿತ್ರಿಸುತ್ತದೆ. ಒಂದು ಕಡೆ ಕೋಪದ ವೃಕ್ಷಕ್ಕೆ ಧೃತರಾಷ್ಟ್ರನ ಮೋಹವೇ ಬೇರು. ಇನ್ನೊಂದು ಕಡೆ ಧರ್ಮವೃಕ್ಷಕ್ಕೆ ಕೃಷ್ಣ ಮತ್ತು ಜ್ಞಾನಪರಂಪರೆಯೇ ಆಧಾರ. ನಂತರ ಪಾಂಡವರ ಜನನ, ಬೆಳೆದ ವೈಷಮ್ಯ, ವನವಾಸ ಮತ್ತು ಯುದ್ಧದ ಘಟನೆಗಳನ್ನು ಮುನ್ನೋಟವಾಗಿ ತಿಳಿಸುತ್ತದೆ. ಸಂಜಯನಿಗೆ ಧೃತರಾಷ್ಟ್ರ ಹೇಳುವ ನೆನಪುಗಳಲ್ಲಿ ತನ್ನ ಪುತ್ರರ ವಿಜಯದ ಆಶೆ ಒಂದೊಂದಾಗಿ ಕಳೆದುಹೋದ ಸಂದರ್ಭಗಳು ಬರುತ್ತವೆ. ಇವೆಲ್ಲ ಮುಂದಿನ ಕಥೆಯ ಸಂಕ್ಷಿಪ್ತ ನೆರಳುಗಳು. ಅವುಗಳ ಕಾರಣ ಮತ್ತು ಸಂಪೂರ್ಣ ಘಟನೆಗಳನ್ನು ಮುಂದಿನ ಅಧ್ಯಾಯಗಳು ಕ್ರಮವಾಗಿ ಬಿಚ್ಚಿಡುತ್ತವೆ.",,60,27,34,,,pending,pending,,
36,G01-S08,ಕೇಳುವ ಬಾಗಿಲು ತೆರೆದಿದೆ,MAHABHARATA-1-AADIPARVA-_djvu (1).txt lines 6006–6495,"ಮಹಾಭಾರತವನ್ನು ಕೇಳುವುದರ ಫಲವನ್ನು ಮೊದಲ ಅಧ್ಯಾಯ ಹೊಗಳುತ್ತದೆ. ಅದನ್ನು ಪವಿತ್ರ ಶ್ರವಣವೆಂದೂ, ಧರ್ಮಜ್ಞಾನದ ಸಾಧನವೆಂದೂ ಪರಿಚಯಿಸುತ್ತದೆ. ಇವು ಗ್ರಂಥದ ಸ್ವಂತ ಫಲಶ್ರುತಿ ವಚನಗಳು. ಯುದ್ಧದ ಮುನ್ನೋಟ ಮತ್ತು ವಿಶ್ವವರ್ಣನೆಯ ನಂತರ ನಾವು ಮತ್ತೆ ನೈಮಿಷಾರಣ್ಯದ ಸಭೆಗೆ ಮರಳುತ್ತೇವೆ. ಉಗ್ರಶ್ರವಸ್ಸಿನ ಮುಂದೆ ಪ್ರಶ್ನೆಗಳು ಇನ್ನೂ ಉಳಿದಿವೆ. ಸಮಂತಪಂಚಕ ಎಂಬ ಹೆಸರಿಗೆ ಕಾರಣವೇನು? ಸೇನೆಗಳ ಪ್ರಮಾಣ ಎಷ್ಟು? ವಿಶಾಲವಾದ ಭಾರತವನ್ನು ಯಾವ ಪರ್ವಗಳಲ್ಲಿ ನಿರೂಪಿಸಲಾಗಿದೆ? ಈ ಪ್ರಶ್ನೆಗಳಿಗೆ ಉತ್ತರ ಸಿಕ್ಕಾಗ, ಮುಂದಿನ ಉಪಾಖ್ಯಾನಗಳಲ್ಲಿ ನಾವು ದಾರಿ ತಪ್ಪದೆ ಸಾಗಬಹುದು.",,54,24,31,,,pending,pending,,
37,G02-S01,ಐದು ಸರೋವರಗಳ ನೆನಪು,MAHABHARATA-1-AADIPARVA-_djvu (1).txt lines 6502–6610,ಶೌನಕರು ಸಮಂತಪಂಚಕದ ವಿಷಯವನ್ನು ವಿವರಿಸಲು ಕೇಳುತ್ತಾರೆ. ಉಗ್ರಶ್ರವಸ್ಸು ಹಿಂದಿನ ಯುಗದ ಪರಶುರಾಮನ ಕಡೆಗೆ ಕಥೆಯನ್ನು ಕರೆದೊಯ್ಯುತ್ತಾನೆ. ಕ್ಷತ್ರಿಯರ ಸಂಹಾರದ ನಂತರ ಅವರ ರಕ್ತದಿಂದ ಐದು ಸರೋವರಗಳನ್ನು ನಿರ್ಮಿಸಿದನೆಂದು ಈ ಕಥೆ ಹೇಳುತ್ತದೆ. ಪರಶುರಾಮನು ತನ್ನ ಪಿತೃಗಳಿಗೆ ಅಲ್ಲಿ ತರ್ಪಣ ಸಲ್ಲಿಸುತ್ತಾನೆ. ಆ ಹಿಂಸೆಯ ನೆನಪಿನ ಮಧ್ಯೆ ಅವನ ಪೂರ್ವಜರು ಪ್ರತ್ಯಕ್ಷರಾಗುತ್ತಾರೆ. ಪ್ರತೀಕಾರವನ್ನು ಮುಂದುವರಿಸುವುದಕ್ಕಿಂತ ಕೋಪವನ್ನು ಬಿಡುವಂತೆ ಅವರು ಸೂಚಿಸುತ್ತಾರೆ. ಮುಂದೆ ಕೌರವಪಾಂಡವರ ಯುದ್ಧ ನಡೆಯುವ ನೆಲಕ್ಕೆ ಅದಕ್ಕಿಂತಲೂ ಹಳೆಯ ದುಃಖದ ಇತಿಹಾಸವಿದೆ.,,51,23,29,,,pending,pending,,
38,G02-S02,ಪಿತೃಗಳ ವರ,MAHABHARATA-1-AADIPARVA-_djvu (1).txt lines 6550–6650,"ಪರಶುರಾಮನು ಪಿತೃಗಳಿಂದ ಅನುಗ್ರಹವನ್ನು ಬೇಡುತ್ತಾನೆ. ತಾನು ಮಾಡಿದ ಸಂಹಾರದ ದೋಷದಿಂದ ಬಿಡುಗಡೆಯಾಗಬೇಕೆಂದೂ, ಈ ಸರೋವರಗಳು ಪುಣ್ಯಕ್ಷೇತ್ರಗಳಾಗಿ ಮಾನ್ಯವಾಗಬೇಕೆಂದೂ ಕೇಳುತ್ತಾನೆ. ಪಿತೃಗಳು ಅವನಿಗೆ ಸಮಾಧಾನ ನೀಡಿ ಕೋಪವನ್ನು ಶಮನಗೊಳಿಸುತ್ತಾರೆ. ಹೀಗೆ ಐದು ಸರೋವರಗಳಿಂದ ಕೂಡಿದ ಸಮಂತಪಂಚಕದ ಮಹಿಮೆಯನ್ನು ಕಥೆ ವಿವರಿಸುತ್ತದೆ. ನಂತರ ದ್ವಾಪರ ಮತ್ತು ಕಲಿಯ ಸಂಧಿಯಲ್ಲಿ ಇದೇ ಪ್ರದೇಶದಲ್ಲಿ ಮಹಾಯುದ್ಧ ನಡೆಯುತ್ತದೆ. ಒಂದೇ ನೆಲದಲ್ಲಿ ಎರಡು ಯುಗಗಳ ಘಟನೆಗಳು ನೆನಪಾಗುತ್ತವೆ; ಆದರೆ ಅವು ಒಂದೇ ಯುದ್ಧವಲ್ಲ.",,47,21,27,,,pending,pending,,
39,G02-S03,ಅಕ್ಷೌಹಿಣಿ ಎಂದರೆ ಏನು?,MAHABHARATA-1-AADIPARVA-_djvu (1).txt lines 6640–6755,"ಯುದ್ಧದಲ್ಲಿ ಹದಿನೆಂಟು ಅಕ್ಷೌಹಿಣಿ ಸೇನೆಗಳು ಸೇರಿದ್ದವು ಎಂದು ಉಗ್ರಶ್ರವಸ್ಸು ಹೇಳುತ್ತಾನೆ. ಅಕ್ಷೌಹಿಣಿ ಎಂದರೆ ಕೇವಲ ದೊಡ್ಡ ಗುಂಪು ಎಂಬ ಅಸ್ಪಷ್ಟ ಪದವಲ್ಲ. ರಥ, ಆನೆ, ಕುದುರೆಸವಾರ ಮತ್ತು ಪದಾತಿಗಳ ನಿಗದಿತ ಅನುಪಾತಗಳಿಂದ ಅದರ ರಚನೆ ವಿವರಿಸಲ್ಪಡುತ್ತದೆ. ಒಂದು ಅಕ್ಷೌಹಿಣಿಯಲ್ಲಿ ಇಪ್ಪತ್ತೊಂದು ಸಾವಿರದ ಎಂಟುನೂರ ಎಪ್ಪತ್ತು ರಥಗಳು; ಅಷ್ಟೇ ಆನೆಗಳು; ಅರವತ್ತೈದು ಸಾವಿರದ ಆರುನೂರ ಹತ್ತು ಕುದುರೆಸವಾರರು; ಒಂದು ಲಕ್ಷದ ಒಂಬತ್ತು ಸಾವಿರದ ಮುನ್ನೂರ ಐವತ್ತು ಪದಾತಿಗಳು. ಈ ಸಂಖ್ಯೆಗಳು ಕಥೆ ಹೇಳುವ ಸೇನಾ ಪ್ರಮಾಣ.",,53,24,30,,,pending,pending,,
40,G02-S04,ಯುದ್ಧದ ಹಂತಗಳು,MAHABHARATA-1-AADIPARVA-_djvu (1).txt lines 6680–6758,"ಈ ಸೇನೆಗಳು ಹದಿನೆಂಟು ದಿನಗಳಲ್ಲಿ ನಾಶದ ಅಂಚಿಗೆ ಹೋಗುತ್ತವೆ. ಭೀಷ್ಮನು ಮೊದಲ ಹತ್ತು ದಿನ ಕೌರವ ಸೇನೆಯನ್ನು ನಡೆಸುತ್ತಾನೆ. ದ್ರೋಣನು ಮುಂದಿನ ಐದು ದಿನ ಸೇನಾಪತಿಯಾಗುತ್ತಾನೆ. ಕರ್ಣನ ನೇತೃತ್ವದಲ್ಲಿ ಎರಡು ದಿನ ಯುದ್ಧ ನಡೆಯುತ್ತದೆ; ನಂತರ ಶಲ್ಯನ ಘಟ್ಟ ಬರುತ್ತದೆ. ಗದಾಯುದ್ಧದ ನಂತರವೂ ಹಿಂಸೆ ಕೊನೆಗೊಳ್ಳುವುದಿಲ್ಲ; ರಾತ್ರಿ ನಡೆದ ದಾಳಿಯೂ ಕಥೆಯಲ್ಲಿ ಸೇರಿದೆ. ಈ ವಿವರಗಳು ಈಗ ಸಂಕ್ಷಿಪ್ತ ಕಾಲಪಟ್ಟಿ ಮಾತ್ರ. ಪ್ರತಿ ಸೇನಾಪತಿಯ ಪತನದ ಕಾರಣ, ಪ್ರತಿಜ್ಞೆ ಮತ್ತು ಸಂಬಂಧಗಳನ್ನು ಅವರವರ ಪರ್ವಗಳಲ್ಲಿ ವಿಸ್ತಾರವಾಗಿ ಕಾಣುವೆವು.",,55,24,31,,,pending,pending,,
41,G02-S05,ಆರಂಭದಿಂದ ಉದ್ಯೋಗದವರೆಗೆ,MAHABHARATA-1-AADIPARVA-_djvu (1).txt lines 6759–8045,"ಹದಿನೆಂಟು ಮುಖ್ಯ ಪರ್ವಗಳ ಮೊದಲ ಐದು ಭಾಗಗಳು ಯುದ್ಧಕ್ಕೆ ಮುಂಚಿನ ನೆಲೆಯನ್ನು ಕಟ್ಟುತ್ತವೆ. ಆದಿಪರ್ವದಲ್ಲಿ ವಂಶಗಳು, ಜನನಗಳು, ಶಿಕ್ಷಣ, ವಿವಾಹ ಮತ್ತು ಪಾಂಡವರ ಬದುಕಿನ ಆರಂಭ ಬರುತ್ತದೆ. ಸಭಾಪರ್ವದಲ್ಲಿ ರಾಜಸಭೆಯ ವೈಭವದಿಂದ ದ್ಯೂತದ ಸಂಕಟಕ್ಕೆ ಕಥೆ ತಿರುಗುತ್ತದೆ. ವನಪರ್ವ ಅರಣ್ಯವಾಸವನ್ನೂ ಅನೇಕ ಉಪಾಖ್ಯಾನಗಳನ್ನೂ ಹೇಳುತ್ತದೆ. ವಿರಾಟಪರ್ವದಲ್ಲಿ ಅಜ್ಞಾತವಾಸ ನಡೆಯುತ್ತದೆ. ಉದ್ಯೋಗಪರ್ವದಲ್ಲಿ ಶಾಂತಿಯ ಪ್ರಯತ್ನಗಳು ಮತ್ತು ಯುದ್ಧಸಿದ್ಧತೆ ಎದುರಾಗುತ್ತವೆ. ಇವುಗಳೊಳಗೆ ಉಪಪರ್ವಗಳೂ ಇವೆ. ದೊಡ್ಡ ಪರ್ವದ ಹೆಸರನ್ನು ತಿಳಿದುಕೊಂಡರೆ ಅದರ ಪ್ರತಿಯೊಂದು ಉಪಕಥೆಯನ್ನೂ ಕೇಳಿಬಿಟ್ಟೆವೆಂದು ಆಗುವುದಿಲ್ಲ.",,53,24,30,,,pending,pending,,
42,G02-S06,ಯುದ್ಧ ಮತ್ತು ಅದರ ಗಾಯಗಳು,MAHABHARATA-1-AADIPARVA-_djvu (1).txt lines 8046–8558,"ಮುಂದಿನ ಪರ್ವಗಳು ಯುದ್ಧದ ಮಧ್ಯಕ್ಕೆ ಕರೆದೊಯ್ಯುತ್ತವೆ. ಭೀಷ್ಮಪರ್ವದಲ್ಲಿ ಯುದ್ಧಾರಂಭ ಮತ್ತು ಗೀತೋಪದೇಶ; ದ್ರೋಣಪರ್ವದಲ್ಲಿ ದ್ರೋಣನ ಸೇನಾಪತ್ಯದ ಘಟ್ಟಗಳು; ಕರ್ಣಪರ್ವದಲ್ಲಿ ಕರ್ಣನ ಯುದ್ಧ; ಶಲ್ಯಪರ್ವದಲ್ಲಿ ಅಂತಿಮ ಸಮರಗಳು ಬರುತ್ತವೆ. ಸೌಪ್ತಿಕಪರ್ವ ನಿದ್ರೆಯಲ್ಲಿದ್ದ ಶಿಬಿರದ ಮೇಲೆ ನಡೆದ ದಾಳಿಯನ್ನು ಹೇಳುತ್ತದೆ. ಸ್ತ್ರೀಪರ್ವದಲ್ಲಿ ಉಳಿದ ಕುಟುಂಬಗಳ ಶೋಕ ಕೇಳಿಸುತ್ತದೆ. ಶಾಂತಿಪರ್ವ ಮತ್ತು ಅನುಶಾಸನಪರ್ವಗಳು ಯುದ್ಧದ ನಂತರದ ಧರ್ಮ, ರಾಜಕಾರ್ಯ ಮತ್ತು ಜೀವನದ ಕರ್ತವ್ಯಗಳನ್ನು ಬೋಧಿಸುತ್ತವೆ. ವಿಜಯದ ಘೋಷಣೆಯಿಂದ ಮಹಾಭಾರತ ಮುಗಿಯುವುದಿಲ್ಲ; ಬದುಕಿ ಉಳಿದವರ ಹೊಣೆಗಾರಿಕೆಯೂ ಅದರ ದೊಡ್ಡ ಭಾಗವಾಗಿದೆ.",,53,24,30,,,pending,pending,,
43,G02-S07,ಯುದ್ಧದ ನಂತರದ ಐದು ಪರ್ವಗಳು,MAHABHARATA-1-AADIPARVA-_djvu (1).txt lines 8559–8810,"ಅಶ್ವಮೇಧಿಕಪರ್ವದಲ್ಲಿ ಯುಧಿಷ್ಠಿರನ ಅಶ್ವಮೇಧ ಮತ್ತು ಅದಕ್ಕೆ ಸಂಬಂಧಿಸಿದ ಪ್ರಯಾಣಗಳು ಬರುತ್ತವೆ. ಆಶ್ರಮವಾಸಿಕಪರ್ವದಲ್ಲಿ ಹಿರಿಯರು ಅರಣ್ಯವಾಸವನ್ನು ಸ್ವೀಕರಿಸುತ್ತಾರೆ. ಮೌಸಲಪರ್ವ ಯಾದವಕುಲದ ಅಂತ್ಯವನ್ನು ಹೇಳುತ್ತದೆ. ಮಹಾಪ್ರಸ್ಥಾನಿಕಪರ್ವದಲ್ಲಿ ಪಾಂಡವರು ರಾಜ್ಯವನ್ನು ಬಿಟ್ಟು ಅಂತಿಮ ಪ್ರಯಾಣಕ್ಕೆ ಹೊರಡುತ್ತಾರೆ. ಸ್ವರ್ಗಾರೋಹಣಪರ್ವದಲ್ಲಿ ಆ ಪ್ರಯಾಣದ ಕೊನೆಯ ಪರೀಕ್ಷೆ ಮತ್ತು ಪರಲೋಕದ ದರ್ಶನ ಬರುತ್ತದೆ. ಹೀಗೆ ಜನನದಿಂದ ಅಧಿಕಾರಕ್ಕೆ, ಯುದ್ಧದಿಂದ ವೈರಾಗ್ಯಕ್ಕೆ ಸಾಗುವ ವಿಶಾಲ ವಿನ್ಯಾಸ ನಮ್ಮ ಮುಂದೆ ನಿಂತಿದೆ. ಈ ಹೆಸರುಗಳು ಈಗ ನೆನಪಿನ ನಕ್ಷೆ; ಸಂಪೂರ್ಣ ಕಥೆಯನ್ನು ಮುಂದಿನ ಭಾಗಗಳು ತುಂಬುತ್ತವೆ.",,53,24,30,,,pending,pending,,
44,G02-S08,ಆದಿಪರ್ವದ ಒಳನಕ್ಷೆ,MAHABHARATA-1-AADIPARVA-_djvu (1).txt lines 7280–7525,"ನಾವು ಈಗ ಆದಿಪರ್ವದೊಳಗೇ ನಿಂತಿದ್ದೇವೆ. ಅನುಕ್ರಮಣಿಕಾ ಮತ್ತು ಪರ್ವಸಂಗ್ರಹದ ನಂತರ ಪೌಷ್ಯ, ಪೌಲೋಮ, ಆಸ್ತೀಕ ಮತ್ತು ಸಂಭವ ಉಪಪರ್ವಗಳು ಬರುತ್ತವೆ. ಮುಂದೆ ಅರಗಿನ ಮನೆಯ ದಹನ, ಹಿಡಿಂಬವಧೆ, ಬಕವಧೆ, ಚೈತ್ರರಥ, ಸ್ವಯಂವರ ಮತ್ತು ವಿವಾಹದ ಘಟ್ಟಗಳಿವೆ. ವಿದುರನ ಆಗಮನ, ರಾಜ್ಯಲಾಭ, ಅರ್ಜುನನ ವನವಾಸ, ಸುಭದ್ರಾಹರಣ, ಉಡುಗೊರೆಗಳೊಂದಿಗೆ ಮರಳಿಕೆ, ಖಾಂಡವದಾಹ ಮತ್ತು ಮಯನ ದರ್ಶನದವರೆಗೆ ಈ ಪರ್ವ ಹರಡುತ್ತದೆ. ಸಂಖ್ಯೆಗಳು ಮತ್ತು ಪರ್ವವಿಭಾಗಗಳಲ್ಲಿ ಆವೃತ್ತಿಭೇದಗಳಿರುವುದನ್ನು ಸಂಪಾದಕೀಯ ಮುನ್ನುಡಿಯೇ ತಿಳಿಸುತ್ತದೆ. ಆದ್ದರಿಂದ ನಮ್ಮ ದಾರಿಸೂಚಿ ಈ ಪುಸ್ತಕದ ಕ್ರಮವಾಗಿರುತ್ತದೆ.",,54,24,31,,,pending,pending,,
45,G03-S01,ಯಜ್ಞಸ್ಥಳಕ್ಕೆ ಬಂದ ಮರಿ,MAHABHARATA-1-AADIPARVA-_djvu (1).txt lines 8943–8985,"ಜನಮೇಜಯನು ತನ್ನ ಸಹೋದರರಾದ ಶ್ರುತಸೇನ, ಉಗ್ರಸೇನ ಮತ್ತು ಭೀಮಸೇನರೊಂದಿಗೆ ಸತ್ರವನ್ನು ನಡೆಸುತ್ತಿದ್ದಾನೆ. ಯಜ್ಞಸ್ಥಳದ ಬಳಿ ದೇವಶುನಿ ಸರಮೆಯ ಮರಿಯೊಂದು ಬರುತ್ತದೆ. ರಾಜನ ಸಹೋದರರು ಅದನ್ನು ಹೊಡೆಯುತ್ತಾರೆ. ಅದು ಅಳುತ್ತಾ ತನ್ನ ತಾಯಿಯ ಕಡೆಗೆ ಓಡುತ್ತದೆ. ಇಲ್ಲಿ ಹೇಳುವ ಭೀಮಸೇನನು ಜನಮೇಜಯನ ಸಹೋದರ; ಪಾಂಡವ ಭೀಮನಲ್ಲ. ಕಥೆಯ ಕಾಲವೂ ತಲೆಮಾರೂ ಬೇರೆಯಾಗಿದೆ. ರಾಜಸಭೆಯ ದೊಡ್ಡ ಕಾರ್ಯದ ಪಕ್ಕದಲ್ಲಿ ನಡೆದ ಈ ಸಣ್ಣ ಹಿಂಸೆ, ಯಜ್ಞವನ್ನು ನಡೆಸುವವರನ್ನೇ ಪ್ರಶ್ನೆಯ ಮುಂದೆ ನಿಲ್ಲಿಸಲಿದೆ.",,49,22,28,,,pending,pending,,
46,G03-S02,ತಾಯಿಯ ಮೊದಲ ವಿಚಾರಣೆ,MAHABHARATA-1-AADIPARVA-_djvu (1).txt lines 8986–9013,"ಸರಮೆ ತನ್ನ ಮರಿಯ ಅಳುವನ್ನು ಕೇಳುತ್ತದೆ. ತಕ್ಷಣ ರಾಜನನ್ನು ಶಪಿಸುವುದಿಲ್ಲ; ಮೊದಲು ಮರಿಯನ್ನೇ ಪ್ರಶ್ನಿಸುತ್ತದೆ. ನೀನು ಏನಾದರೂ ತಪ್ಪು ಮಾಡಿದ್ದರಿಂದ ಹೊಡೆದಿರಬಹುದೆಂದು ಕೇಳುತ್ತದೆ. ಮರಿ ತಾನು ಹವಿಸ್ಸನ್ನು ನೋಡಲಿಲ್ಲ, ಆಹಾರವನ್ನು ನೆಕ್ಕಲಿಲ್ಲ, ಯಾವ ಅಪರಾಧವನ್ನೂ ಮಾಡಲಿಲ್ಲ ಎಂದು ಹೇಳುತ್ತದೆ. ಈ ಉತ್ತರ ಕೇಳಿದ ಸರಮೆ ಮಗನ ನೋವಿನ ಕಾರಣವನ್ನು ತಿಳಿಯಲು ಯಜ್ಞಸ್ಥಳಕ್ಕೆ ಹೊರಡುತ್ತದೆ. ಅದರೊಂದಿಗೆ ನಿರಪರಾಧಿಯ ದೂರು ನೇರವಾಗಿ ಅಧಿಕಾರದ ಮುಂದೆ ಬರುತ್ತದೆ.",,45,20,26,,,pending,pending,,
47,G03-S03,ಉತ್ತರಿಸದ ರಾಜಕುಮಾರರು,MAHABHARATA-1-AADIPARVA-_djvu (1).txt lines 9014–9034,"ದುಃಖಿತಳಾದ ಸರಮೆ ಜನಮೇಜಯನು ಸಹೋದರರೊಂದಿಗೆ ಕುಳಿತಿದ್ದ ಸ್ಥಳಕ್ಕೆ ಬರುತ್ತದೆ. ನನ್ನ ಮಗ ಯಾವ ತಪ್ಪನ್ನೂ ಮಾಡಿಲ್ಲ; ಹಾಗಿದ್ದಾಗ ಏಕೆ ಹೊಡೆದಿರಿ ಎಂದು ಕೇಳುತ್ತದೆ. ಆ ಪ್ರಶ್ನೆಗೆ ಅವರು ಉತ್ತರ ಕೊಡುವುದಿಲ್ಲ. ಯಜ್ಞದ ಸದ್ದು ಇದ್ದ ಜಾಗದಲ್ಲಿ ಅವರ ಮೌನವೇ ಉಳಿಯುತ್ತದೆ. ಮರಿಯನ್ನು ಹೊಡೆದವರು ರಾಜನ ಸಹೋದರರಾಗಿದ್ದರೂ, ಸರಮೆ ಪ್ರಶ್ನೆಯನ್ನು ರಾಜನ ಎದುರಿಗೇ ಇಡುತ್ತದೆ. ಅವನು ನಡೆಸುವ ಯಜ್ಞಸ್ಥಳದಲ್ಲಿ ನಿರಪರಾಧಿಗೆ ರಕ್ಷಣೆಯಿರಬೇಕೆಂಬ ಬೇಡಿಕೆ ಈಗ ತಪ್ಪಿಸಿಕೊಳ್ಳಲಾಗದಂತಾಗಿದೆ.",,46,20,26,,,pending,pending,,
48,G03-S04,ಅನಿರೀಕ್ಷಿತ ಭಯದ ಶಾಪ,MAHABHARATA-1-AADIPARVA-_djvu (1).txt lines 9035–9053,ನಿರಪರಾಧಿಯಾದ ಮರಿಯನ್ನು ಹೊಡೆದ ಕಾರಣದಿಂದ ಅನಿರೀಕ್ಷಿತ ಭಯವು ನಿಮಗೆ ಬರಲಿ ಎಂದು ಸರಮೆ ಹೇಳುತ್ತದೆ. ಶಾಪದ ನಿಖರ ರೂಪ ಈಗ ಹೇಳಲ್ಪಡುವುದಿಲ್ಲ. ಜನಮೇಜಯನು ಅದನ್ನು ಕೇಳಿ ದಿಗ್ಭ್ರಮೆ ಮತ್ತು ವಿಷಾದಕ್ಕೆ ಒಳಗಾಗುತ್ತಾನೆ. ತನ್ನ ಶಕ್ತಿಯಿಂದ ಎಲ್ಲವನ್ನೂ ನಿಯಂತ್ರಿಸಬಹುದು ಎಂಬ ಭರವಸೆ ಅವನಿಗೆ ಸಾಲುವುದಿಲ್ಲ. ಸತ್ರದ ನಂತರ ಹಸ್ತಿನಪುರಕ್ಕೆ ಮರಳಿದಾಗಲೂ ಆ ಮಾತಿನ ಆತಂಕ ಅವನನ್ನು ಬಿಡುವುದಿಲ್ಲ. ತನ್ನ ತಪ್ಪಿನ ಪರಿಣಾಮವನ್ನು ಪರಿಹರಿಸಬಲ್ಲ ಪುರೋಹಿತನನ್ನು ಹುಡುಕಬೇಕೆಂದು ನಿರ್ಧರಿಸುತ್ತಾನೆ.,,47,21,27,,,pending,pending,,
49,G03-S05,ಆಶ್ರಮದಲ್ಲಿ ಕಂಡ ತಂದೆಮಗ,MAHABHARATA-1-AADIPARVA-_djvu (1).txt lines 9054–9096,"ಪುರೋಹಿತನ ಹುಡುಕಾಟದಲ್ಲಿ ಜನಮೇಜಯನು ಪ್ರಯತ್ನಿಸುತ್ತಾನೆ. ಒಮ್ಮೆ ತನ್ನ ರಾಜ್ಯದಲ್ಲಿ ಬೇಟೆಗೆ ಹೋಗಿದ್ದಾಗ ಆಶ್ರಮವೊಂದನ್ನು ಕಾಣುತ್ತಾನೆ. ಅಲ್ಲಿ ಶ್ರುತಶ್ರವ ಎಂಬ ಋಷಿ ಮತ್ತು ಅವರ ಪುತ್ರ ಸೋಮಶ್ರವಸ್ಸು ಇದ್ದಾರೆ. ಸೋಮಶ್ರವಸ್ಸಿನ ತಪಸ್ಸು ಮತ್ತು ಅಧ್ಯಯನದ ವಿಷಯ ತಿಳಿದ ರಾಜನು ಅವನನ್ನು ಪುರೋಹಿತನಾಗಿ ಬೇಡುತ್ತಾನೆ. ತಂದೆಯ ಮುಂದೆ ತಲೆಬಾಗಿ ತನ್ನ ಬಯಕೆಯನ್ನು ಹೇಳುತ್ತಾನೆ. ರಾಜನು ಕೇಳುವ ಸೇವೆಯನ್ನು ಒಪ್ಪಿಸುವ ಮೊದಲು, ಋಷಿ ಮಗನ ಜನ್ಮ ಮತ್ತು ಅವನ ವ್ರತದ ವಿಷಯವನ್ನು ವಿವರಿಸಲು ಆರಂಭಿಸುತ್ತಾರೆ.",,50,22,29,,,pending,pending,,
50,G03-S06,ಸೋಮಶ್ರವಸ್ಸಿನ ವ್ರತ,MAHABHARATA-1-AADIPARVA-_djvu (1).txt lines 9097–9132,"ಶ್ರುತಶ್ರವರು ಮಗನ ವಿಶಿಷ್ಟ ಜನ್ಮವನ್ನು ಹೇಳುತ್ತಾರೆ. ತಮ್ಮ ತಪೋವೀರ್ಯದಿಂದ, ಹೆಣ್ಣುಸರ್ಪದ ಗರ್ಭದಲ್ಲಿ ಸೋಮಶ್ರವಸ್ಸು ಬೆಳೆದನೆಂದು ವಿವರಿಸುತ್ತಾರೆ. ಅವನು ಮಹಾತಪಸ್ವಿ ಮತ್ತು ಅಧ್ಯಯನಸಂಪನ್ನ. ಆದರೆ ಅವನಿಗೆ ಒಂದು ಕಟ್ಟುನಿಟ್ಟಿನ ವ್ರತವಿದೆ: ಬ್ರಾಹ್ಮಣನೊಬ್ಬ ಏನನ್ನಾದರೂ ಬೇಡಿದರೆ ಅದನ್ನು ಕೊಡಲೇಬೇಕು. ಈ ವ್ರತದಿಂದ ಮುಂದೆ ರಾಜನಿಗೆ ಅಸೌಕರ್ಯ ಉಂಟಾದರೂ ಸಹಿಸಬೇಕಾಗುತ್ತದೆ. ಶಾಪನಿವಾರಣೆಯ ಸಾಮರ್ಥ್ಯಕ್ಕೂ ಗ್ರಂಥವು ಒಂದು ಮಿತಿಯನ್ನು ಹೇಳುತ್ತದೆ.",,39,17,22,,,pending,pending,,
51,G03-S07,ಷರತ್ತನ್ನು ಒಪ್ಪಿದ ನೇಮಕ,MAHABHARATA-1-AADIPARVA-_djvu (1).txt lines 9133–9165,ಜನಮೇಜಯನು ಋಷಿಯ ಷರತ್ತನ್ನು ಒಪ್ಪುತ್ತಾನೆ. ಸೋಮಶ್ರವಸ್ಸನ್ನು ಕರೆದುಕೊಂಡು ಮರಳಿದ ರಾಜನು ತನ್ನ ಸಹೋದರರಿಗೆ ಹೊಸ ಪುರೋಹಿತನ ಮಾತುಗಳನ್ನು ಪಾಲಿಸಲು ತಿಳಿಸುತ್ತಾನೆ. ಅವರು ಹಾಗೆಯೇ ನಡೆಯುತ್ತಾರೆ. ಅನಂತರ ಜನಮೇಜಯನು ತಕ್ಷಶಿಲೆಯ ಕಡೆಗೆ ದಂಡಯಾತ್ರೆ ಕೈಗೊಂಡು ಆ ದೇಶವನ್ನು ವಶಪಡಿಸಿಕೊಳ್ಳುತ್ತಾನೆ. ಈ ನೇಮಕ ಮತ್ತು ದಂಡಯಾತ್ರೆಯನ್ನು ಮೂಲಪಾಠ ಹೇಳುತ್ತದೆ; ಸರಮೆಯ ಶಾಪಕ್ಕೆ ಅಂತಿಮ ಪರಿಹಾರ ಕಂಡಿತೆಂದು ಇಲ್ಲಿ ಘೋಷಿಸುವುದಿಲ್ಲ. ರಾಜನ ಕಥೆ ಈ ಹಂತದಲ್ಲಿ ತಾತ್ಕಾಲಿಕವಾಗಿ ಹಿಂದೆ ಸರಿಯುತ್ತದೆ.,,47,21,27,,,pending,pending,,
52,G03-S08,ಆಯೋದಧೌಮ್ಯರ ಮೂರು ಶಿಷ್ಯರು,MAHABHARATA-1-AADIPARVA-_djvu (1).txt lines 9166–9182,"ಈಗ ನಿರೂಪಣೆ ಆಯೋದಧೌಮ್ಯ ಋಷಿಯ ಕಡೆಗೆ ತಿರುಗುತ್ತದೆ. ಅವರ ಬಳಿ ಆರುಣಿಪಾಂಚಾಲ, ಉಪಮನ್ಯು ಮತ್ತು ಬೈದ ಎಂಬ ಮೂವರು ಶಿಷ್ಯರಿದ್ದಾರೆ. ರಾಜಮನೆತನದ ನಂತರ ಆಶ್ರಮದ ದಿನಚರಿ ನಮ್ಮ ಮುಂದೆ ಬರುತ್ತದೆ. ಹೊಲಕ್ಕೆ ನೀರು ಕಟ್ಟುವುದು, ಗೋವುಗಳನ್ನು ಕಾಯುವುದು ಮತ್ತು ಗುರುಮನೆಯ ಸೇವೆ—ಇವು ಅವರ ಪರೀಕ್ಷೆಗಳ ಹಿನ್ನೆಲೆ. ಬೈದನು ಮುಂದೆ ತಾನೇ ಗುರುವಾಗುತ್ತಾನೆ. ಅವನ ಶಿಷ್ಯ ಉದಂಕನು ಕುಂಡಲಗಳಿಗಾಗಿ ಕೈಗೊಳ್ಳುವ ಪ್ರಯಾಣವು ತಕ್ಷಕನೊಂದಿಗೆ ವೈರವನ್ನೂ ಜನಮೇಜಯನ ಸರ್ಪಸತ್ರದ ಮತ್ತೊಂದು ಕಾರಣವನ್ನೂ ಕಟ್ಟುತ್ತದೆ. ಮೊದಲು ಆ ಮೂರು ಶಿಷ್ಯರ ಅನುಭವಗಳನ್ನು ಕೇಳೋಣ.",,56,25,32,,,pending,pending,,
53,G04-S01,ದೇಹವೇ ಹೊಲದ ಕಟ್ಟೆ,MAHABHARATA-1-AADIPARVA-_djvu (1).txt lines 9174–9275,ಆಯೋದಧೌಮ್ಯರು ಆರುಣಿಪಾಂಚಾಲನನ್ನು ಹೊಲದ ನೀರಿಗೆ ಕಟ್ಟೆ ಕಟ್ಟಲು ಕಳುಹಿಸುತ್ತಾರೆ. ಎಷ್ಟು ಪ್ರಯತ್ನಿಸಿದರೂ ಬಿರುಕು ಮುಚ್ಚುವುದಿಲ್ಲ. ಕೊನೆಗೆ ಆರುಣಿ ತನ್ನ ದೇಹವನ್ನೇ ನೀರಿನ ದಾರಿಗೆ ಅಡ್ಡವಾಗಿ ಮಲಗಿಸುತ್ತಾನೆ. ಅವನು ಹಿಂದಿರುಗದಾಗ ಗುರುಗಳು ಉಳಿದ ಶಿಷ್ಯರೊಂದಿಗೆ ಹುಡುಕಿಕೊಂಡು ಬರುತ್ತಾರೆ. ಗುರುಗಳ ಕೂಗು ಕೇಳಿದ ಆರುಣಿ ಮೇಲೇಳುತ್ತಾನೆ; ನೀರು ಮತ್ತೆ ಹರಿಯುತ್ತದೆ. ತಾನು ಮಾಡಿದುದನ್ನು ವಿವರಿಸಿ ಮುಂದೇನು ಮಾಡಬೇಕೆಂದು ಕೇಳುತ್ತಾನೆ. ಗುರುಗಳು ಅವನ ನಿಷ್ಠೆಗೆ ಮೆಚ್ಚಿ ಉದ್ಧಾಲಕನೆಂಬ ಹೆಸರನ್ನೂ ಜ್ಞಾನಸಿದ್ಧಿಯ ಆಶೀರ್ವಾದವನ್ನೂ ನೀಡುತ್ತಾರೆ.,,49,22,28,,,pending,pending,,
54,G04-S02,ಉಪಮನ್ಯುವಿನ ಹಸಿವು,MAHABHARATA-1-AADIPARVA-_djvu (1).txt lines 9276–9493,"ಉಪಮನ್ಯುವಿಗೆ ಗೋವುಗಳನ್ನು ಕಾಯುವ ಕೆಲಸ ಸಿಗುತ್ತದೆ. ಅವನು ಭಿಕ್ಷೆ ತಂದು ತಿನ್ನುತ್ತಿದ್ದೇನೆಂದಾಗ, ಅದನ್ನು ಮೊದಲು ಗುರುಗಳಿಗೆ ಕೊಡಬೇಕೆಂಬ ನಿಯಮ ಬರುತ್ತದೆ. ಮತ್ತೆ ಭಿಕ್ಷೆ ಬೇಡುವುದೂ ನಿಷೇಧವಾಗುತ್ತದೆ. ಹಾಲು ಕುಡಿಯುತ್ತಿದ್ದೇನೆಂದಾಗ ಅದಕ್ಕೂ ಅವಕಾಶವಿಲ್ಲ. ಕರುಗಳು ಕುಡಿದು ಉಳಿಸಿದ ನೊರೆಯನ್ನು ಆಶ್ರಯಿಸಿದಾಗ, ಕರುಗಳ ಆಹಾರಕ್ಕೆ ತೊಂದರೆಯಾಗುತ್ತದೆಂದು ಅದನ್ನೂ ನಿಲ್ಲಿಸಲಾಗುತ್ತದೆ. ಹಸಿವಿನಿಂದ ಕಾಡಿನಲ್ಲಿ ಎಕ್ಕದ ಎಲೆಗಳನ್ನು ತಿಂದ ಉಪಮನ್ಯು ದೃಷ್ಟಿ ಕಳೆದುಕೊಳ್ಳುತ್ತಾನೆ. ದಾರಿ ಕಾಣದೆ ಬಾವಿಗೆ ಬೀಳುತ್ತಾನೆ. ಸಾಯಂಕಾಲ ಗೋವುಗಳು ಬಂದರೂ ಅವನು ಬರುವುದಿಲ್ಲ.",,50,22,29,,,pending,pending,,
55,G04-S03,ಬಾವಿಯಲ್ಲಿ ಅಶ್ವಿನೀ ಸ್ತುತಿ,MAHABHARATA-1-AADIPARVA-_djvu (1).txt lines 9494–9859,ಆಯೋದಧೌಮ್ಯರು ಹುಡುಕುತ್ತಾ ಉಪಮನ್ಯುವನ್ನು ಕರೆಯುತ್ತಾರೆ. ಬಾವಿಯೊಳಗಿಂದ ಅವನ ಉತ್ತರ ಬರುತ್ತದೆ. ಎಕ್ಕದ ಎಲೆ ತಿಂದ ಬಳಿಕ ಕಣ್ಣು ಕಾಣದೆ ಬಿದ್ದೆನೆಂದು ಹೇಳುತ್ತಾನೆ. ಗುರುಗಳು ಅಶ್ವಿನೀದೇವತೆಗಳನ್ನು ಸ್ತುತಿಸಲು ತಿಳಿಸುತ್ತಾರೆ. ಅವನ ಪ್ರಾರ್ಥನೆಗೆ ದೇವವೈದ್ಯರು ಪ್ರಸನ್ನರಾಗಿ ಅಪೂಪವನ್ನು ನೀಡುತ್ತಾರೆ. ಗುರುಗಳಿಗೆ ಅರ್ಪಿಸದೆ ತಿನ್ನುವುದಿಲ್ಲವೆಂದು ಉಪಮನ್ಯು ಹೇಳುತ್ತಾನೆ. ಅವನ ನಿಷ್ಠೆಯನ್ನು ಮೆಚ್ಚಿದ ಅಶ್ವಿನೀದೇವತೆಗಳು ದೃಷ್ಟಿಯ ಅನುಗ್ರಹ ನೀಡುತ್ತಾರೆ. ಉಪಮನ್ಯು ಮೇಲಕ್ಕೆ ಬಂದು ಗುರುಗಳಿಗೆ ನಡೆದದ್ದನ್ನು ಹೇಳುತ್ತಾನೆ. ಅವನ ಕಣ್ಣಿಗೆ ಮತ್ತೆ ಬೆಳಕು ಬಂದಿದೆ; ಗುರುಗಳು ಅವನ ಜ್ಞಾನವೃದ್ಧಿಯನ್ನು ಆಶೀರ್ವದಿಸುತ್ತಾರೆ.,,53,24,30,,,pending,pending,,
56,G04-S04,ಕಷ್ಟವನ್ನು ಮುಂದಕ್ಕೆ ಕೊಡದ ಗುರು,MAHABHARATA-1-AADIPARVA-_djvu (1).txt lines 9860–10042,"ಮೂರನೆಯ ಶಿಷ್ಯ ಬೈದನು ಗುರುಮನೆಯ ಭಾರವಾದ ಸೇವೆಗಳನ್ನು ದೀರ್ಘಕಾಲ ನೆರವೇರಿಸುತ್ತಾನೆ. ಚಳಿ, ಬಿಸಿಲು, ಹಸಿವು ಮತ್ತು ದಣಿವನ್ನು ಸಹಿಸಿಕೊಂಡು ಶಿಕ್ಷಣ ಪಡೆಯುತ್ತಾನೆ. ನಂತರ ಗುರುಗಳ ಅನುಮತಿಯಿಂದ ಗೃಹಸ್ಥನಾಗುತ್ತಾನೆ. ಅವನಿಗೂ ಶಿಷ್ಯರು ಬರುತ್ತಾರೆ. ಆದರೆ ತಾನು ಅನುಭವಿಸಿದ ಕ್ಲೇಶವನ್ನು ಅವರ ಮೇಲೆ ಹೇರಲು ಇಚ್ಛಿಸುವುದಿಲ್ಲ. ಅವರಿಂದ ನಿರಂತರ ಕಠಿಣ ಸೇವೆ ಕೇಳದೆ ಶಿಕ್ಷಣ ನೀಡುತ್ತಾನೆ. ಜನಮೇಜಯ ಮತ್ತು ಪೌಷ್ಯರು ಅವನನ್ನು ಪುರೋಹಿತನಾಗಿ ಸ್ವೀಕರಿಸುತ್ತಾರೆ. ಒಂದು ಯಜ್ಞಕಾರ್ಯಕ್ಕೆ ಹೊರಡುವಾಗ, ತನ್ನ ಮನೆಯಲ್ಲಿ ನ್ಯೂನತೆ ಉಂಟಾಗದಂತೆ ನೋಡಿಕೊಳ್ಳುವ ಹೊಣೆಯನ್ನು ಉದಂಕನಿಗೆ ಕೊಡುತ್ತಾನೆ.",,55,24,31,,,pending,pending,,
57,G04-S05,ಉದಂಕನ ನಿರಾಕರಣೆ ಮತ್ತು ದಕ್ಷಿಣೆ,MAHABHARATA-1-AADIPARVA-_djvu (1).txt lines 10043–10235,ಗುರುಗಳು ಹೊರಗಿರುವಾಗ ಮನೆಯ ಮಹಿಳೆಯರು ಉದಂಕನ ಮುಂದೆ ಸೂಕ್ಷ್ಮವಾದ ಬೇಡಿಕೆ ಇಡುತ್ತಾರೆ: ಗುರುಪತ್ನಿಯ ಋತುಕಾಲ ವ್ಯರ್ಥವಾಗದಂತೆ ಸಂಬಂಧಿಸಬೇಕೆಂದು ಕೇಳುತ್ತಾರೆ. ಉದಂಕನು ಅದನ್ನು ನಿರಾಕರಿಸುತ್ತಾನೆ; ಗುರುಗಳು ತನಗೆ ಇಂತಹ ಕಾರ್ಯವನ್ನು ಆದೇಶಿಸಿಲ್ಲವೆಂದು ಹೇಳುತ್ತಾನೆ. ಮರಳಿದ ಬೈದನು ಅವನ ನಡೆಗೆ ಮೆಚ್ಚಿ ಮನೆಗೆ ಹೋಗಲು ಅನುಮತಿಸುತ್ತಾನೆ. ಆದರೂ ಉದಂಕನು ಗುರುದಕ್ಷಿಣೆಯನ್ನು ನೀಡಲು ಒತ್ತಾಯಿಸುತ್ತಾನೆ. ಗುರುಪತ್ನಿ ಪೌಷ್ಯರಾಣಿಯ ಮಣಿಕುಂಡಲಗಳನ್ನು ನಾಲ್ಕನೆಯ ದಿನದ ಪುಣ್ಯಕಾರ್ಯಕ್ಕೆ ತಂದುಕೊಡಲು ಕೇಳುತ್ತಾಳೆ. ಉದಂಕನು ಆ ಗಡುವನ್ನು ಒಪ್ಪಿ ಹೊರಡುತ್ತಾನೆ.,,49,22,28,,,pending,pending,,
58,G04-S06,ಎತ್ತಿನ ಬಳಿಯ ವಿಚಿತ್ರ ಪರೀಕ್ಷೆ,MAHABHARATA-1-AADIPARVA-_djvu (1).txt lines 10236–10296,ದಾರಿಯಲ್ಲಿ ಉದಂಕನು ದೊಡ್ಡ ಎತ್ತಿನ ಮೇಲೆ ಕುಳಿತ ಪುರುಷನನ್ನು ನೋಡುತ್ತಾನೆ. ಅವನು ಎತ್ತಿನ ಸಗಣಿಯನ್ನು ತಿನ್ನುವಂತೆ ಹೇಳುತ್ತಾನೆ. ಉದಂಕನು ಮೊದಲು ಹಿಂಜರಿಯುತ್ತಾನೆ. ನಿನ್ನ ಗುರುಗಳೂ ಇದನ್ನು ಸ್ವೀಕರಿಸಿದ್ದಾರೆ ಎಂಬ ಮಾತು ಕೇಳಿ ಅವನು ಅದನ್ನು ಸ್ವೀಕರಿಸುತ್ತಾನೆ. ಈ ವಿಚಿತ್ರ ಘಟನೆಯ ಅರ್ಥ ಅವನಿಗೆ ಆಗ ತಿಳಿಯುವುದಿಲ್ಲ. ನಂತರ ಗುರುಗಳು ಅದು ಅಮೃತರೂಪದ ಅನುಗ್ರಹವಾಗಿತ್ತೆಂದು ವಿವರಿಸಲಿದ್ದಾರೆ. ಈಗ ಅವನ ಗಮನ ಕುಂಡಲಗಳ ಮೇಲೆಯೇ ಇದೆ. ಆತ ಪೌಷ್ಯನ ಅರಮನೆಗೆ ಹೋಗುತ್ತಾನೆ; ಆದರೆ ರಾಣಿಯನ್ನು ನೋಡಲು ಹೋದಾಗ ಅವಳು ಅವನಿಗೆ ಕಾಣುವುದಿಲ್ಲ.,,56,25,32,,,pending,pending,,
59,G04-S07,ರಾಣಿ ಕಾಣದ ಕಾರಣ,MAHABHARATA-1-AADIPARVA-_djvu (1).txt lines 10297–10426,ಪೌಷ್ಯನು ತನ್ನ ರಾಣಿಯನ್ನು ಭೇಟಿ ಮಾಡಲು ಉದಂಕನಿಗೆ ಅವಕಾಶ ಕೊಡುತ್ತಾನೆ. ಅವಳಿರುವ ಜಾಗಕ್ಕೆ ಹೋದರೂ ಉದಂಕನಿಗೆ ಅವಳು ಕಾಣುವುದಿಲ್ಲ. ಹಿಂದಿರುಗಿ ಹೇಳಿದಾಗ ಅವನ ಶೌಚಾಚರಣೆಯಲ್ಲಿ ತಪ್ಪಾಗಿರಬಹುದೆಂದು ರಾಜನು ಸೂಚಿಸುತ್ತಾನೆ. ಉದಂಕನು ಸರಿಯಾಗಿ ಆಚಮನ ಮಾಡಿಕೊಂಡು ಮತ್ತೆ ಹೋಗುತ್ತಾನೆ. ಈ ಬಾರಿ ರಾಣಿಯನ್ನು ಕಾಣುತ್ತಾನೆ. ಗುರುಪತ್ನಿಗೆ ಬೇಕೆಂದು ಕೇಳಿದ ಮಣಿಕುಂಡಲಗಳನ್ನು ಅವಳು ಕೊಡುತ್ತಾಳೆ. ಆದರೆ ತಕ್ಷಕನು ಅವುಗಳನ್ನು ಬಯಸುತ್ತಾನೆ; ಬಹಳ ಎಚ್ಚರಿಕೆಯಿಂದ ತೆಗೆದುಕೊಂಡು ಹೋಗಬೇಕೆಂದು ಹೇಳುತ್ತಾಳೆ. ಉದಂಕನು ಅವಳಿಗೆ ಭರವಸೆ ನೀಡುತ್ತಾನೆ.,,50,22,29,,,pending,pending,,
60,G04-S08,ಆತಿಥ್ಯದಲ್ಲಿ ಹುಟ್ಟಿದ ಶಾಪಗಳು,MAHABHARATA-1-AADIPARVA-_djvu (1).txt lines 10427–10563,ಕುಂಡಲಗಳನ್ನು ಪಡೆದ ನಂತರ ಪೌಷ್ಯನು ಉದಂಕನನ್ನು ಊಟಕ್ಕೆ ಕೂರಿಸುತ್ತಾನೆ. ಬಡಿಸಿದ ಅನ್ನ ತಣ್ಣಗಿದ್ದು ಅದರಲ್ಲಿ ಕೂದಲು ಕಾಣುತ್ತದೆ. ಅಶುದ್ಧ ಆಹಾರ ನೀಡಿದ ಕಾರಣದಿಂದ ಕುರುಡನಾಗುವಂತೆ ಉದಂಕನು ರಾಜನನ್ನು ಶಪಿಸುತ್ತಾನೆ. ರಾಜನು ಕೋಪದಿಂದ ಉದಂಕನಿಗೆ ಸಂತಾನವಿಲ್ಲದಿರಲಿ ಎನ್ನುತ್ತಾನೆ. ನಂತರ ಆಹಾರವನ್ನು ಪರಿಶೀಲಿಸಿದ ಪೌಷ್ಯನು ತಪ್ಪನ್ನು ಒಪ್ಪಿ ಕ್ಷಮೆ ಕೇಳುತ್ತಾನೆ. ಉದಂಕನು ರಾಜನ ದೃಷ್ಟಿ ಮರಳುವಂತೆ ಶಾಪವನ್ನು ಮೃದುಗೊಳಿಸುತ್ತಾನೆ; ತನ್ನ ಮೇಲೆ ಬಂದ ಅನ್ಯಾಯಶಾಪ ಫಲಿಸುವುದಿಲ್ಲವೆಂದು ಹೇಳುತ್ತಾನೆ. ಗುರುದಕ್ಷಿಣೆಯ ಪ್ರಯಾಣದಲ್ಲೂ ಅವನ ಕೋಪ ಮತ್ತೊಂದು ಸಂಬಂಧವನ್ನು ಕದಡಿದೆ.,,53,24,30,,,pending,pending,,
61,G04-S09,ತಕ್ಷಕನ ಕಳವು,MAHABHARATA-1-AADIPARVA-_djvu (1).txt lines 10564–10712,ಉದಂಕನು ಹಿಂದಿರುಗುವ ದಾರಿಯಲ್ಲಿ ಸ್ನಾನಕ್ಕಾಗಿ ಕುಂಡಲಗಳನ್ನು ಪಕ್ಕದಲ್ಲಿ ಇಡುತ್ತಾನೆ. ಅವನನ್ನು ಹಿಂಬಾಲಿಸುತ್ತಿದ್ದ ಕ್ಷಪಣಕವೇಷದ ವ್ಯಕ್ತಿ ಅವನ್ನು ತೆಗೆದುಕೊಂಡು ಓಡುತ್ತಾನೆ. ಉದಂಕನು ಬೆನ್ನಟ್ಟಿದಾಗ ಆ ವ್ಯಕ್ತಿ ತಕ್ಷಕನಾಗಿ ರೂಪಾಂತರಗೊಂಡು ಭೂಮಿಯ ಬಿಲದೊಳಗೆ ಇಳಿಯುತ್ತಾನೆ. ಬಿಲವನ್ನು ತೆರೆಯಲು ಉದಂಕನ ಪ್ರಯತ್ನ ಸಾಲುವುದಿಲ್ಲ. ಇಂದ್ರನ ಸಹಾಯದಿಂದ ದಾರಿ ವಿಸ್ತಾರವಾಗುತ್ತದೆ; ಉದಂಕನು ನಾಗಲೋಕಕ್ಕೆ ಪ್ರವೇಶಿಸುತ್ತಾನೆ. ಅಲ್ಲಿ ವಿಶಾಲವಾದ ನಿವಾಸಗಳೂ ವಿಚಿತ್ರ ದೃಶ್ಯಗಳೂ ಕಾಣುತ್ತವೆ. ಕುಂಡಲಗಳ ಹುಡುಕಾಟ ಈಗ ಮನುಷ್ಯರ ಲೋಕದ ಗಡಿಯನ್ನು ದಾಟಿದೆ.,,48,21,27,,,pending,pending,,
62,G04-S10,ಕಾಲದ ನೇಯ್ಗೆ,MAHABHARATA-1-AADIPARVA-_djvu (1).txt lines 10713–10795,"ನಾಗಲೋಕದಲ್ಲಿ ಉದಂಕನು ಕಪ್ಪು ಮತ್ತು ಬಿಳಿಯ ದಾರಗಳಿಂದ ನೇಯುತ್ತಿರುವ ಇಬ್ಬರು ಸ್ತ್ರೀಯರನ್ನು ನೋಡುತ್ತಾನೆ. ಹನ್ನೆರಡು ಅರಗಳುಳ್ಳ ಚಕ್ರವನ್ನು ಆರು ಬಾಲಕರು ತಿರುಗಿಸುತ್ತಿದ್ದಾರೆ. ಮತ್ತೊಂದು ಕಡೆ ಅದ್ಭುತ ಅಶ್ವದ ಬಳಿಯಲ್ಲಿ ಪುರುಷನೊಬ್ಬ ಇದ್ದಾನೆ. ಉದಂಕನು ಆ ದೃಶ್ಯಗಳನ್ನು ಸ್ತುತಿಸುತ್ತಾನೆ. ಗುರುಗಳು ಮುಂದೆ ವಿವರಿಸುವಂತೆ, ದಾರಗಳು ಹಗಲು ಮತ್ತು ರಾತ್ರಿ; ಚಕ್ರವು ವರ್ಷ; ಅದರ ಚಲನೆ ಋತುಗಳ ಕಾಲಕ್ರಮವನ್ನು ಸೂಚಿಸುತ್ತದೆ. ಆದರೆ ಆ ಕ್ಷಣದಲ್ಲಿ ಉದಂಕನು ಸಂಕೇತಗಳ ಮಧ್ಯೆ ಕುಂಡಲಗಳನ್ನು ಮರಳಿ ಪಡೆಯುವ ದಾರಿಯನ್ನೇ ಹುಡುಕುತ್ತಿದ್ದಾನೆ.",,52,23,30,,,pending,pending,,
63,G04-S11,ಅಗ್ನಿಯ ಅಶ್ವ ಮತ್ತು ಕುಂಡಲಗಳ ಮರಳಿಕೆ,MAHABHARATA-1-AADIPARVA-_djvu (1).txt lines 10796–10933,ಸ್ತುತಿ ಕೇಳಿದ ಪುರುಷನು ಉದಂಕನಿಗೆ ಬೇಕಾದ ವರವನ್ನು ಕೇಳುತ್ತಾನೆ. ನಾಗಗಳು ತನ್ನ ವಶಕ್ಕೆ ಬರಬೇಕೆಂದು ಉದಂಕನು ಹೇಳುತ್ತಾನೆ. ಅವನ ಸೂಚನೆಯಂತೆ ಉದಂಕನು ಅಶ್ವದ ಹಿಂಭಾಗದ ಮೂಲಕ ಊದುತ್ತಾನೆ. ಅಶ್ವದ ದ್ವಾರಗಳಿಂದ ಹೊಗೆ ಮತ್ತು ಅಗ್ನಿ ಹೊರಹೊಮ್ಮಿ ನಾಗಲೋಕವನ್ನು ಆವರಿಸುತ್ತದೆ. ಭಯಗೊಂಡ ತಕ್ಷಕನು ಮಣಿಕುಂಡಲಗಳನ್ನು ತಂದು ಕೊಡುತ್ತಾನೆ. ಆದರೆ ಗುರುಪತ್ನಿಯ ಗಡುವು ಮುಗಿಯುವ ದಿನ ಬಂದಿದೆ. ಅದೇ ಅಶ್ವ ಉದಂಕನನ್ನು ಕ್ಷಣದಲ್ಲೇ ಗುರುಮನೆಗೆ ತಲುಪಿಸುತ್ತದೆ. ಅವನು ಸಮಯಕ್ಕೆ ಸರಿಯಾಗಿ ಎರಡು ಕುಂಡಲಗಳನ್ನು ಅರ್ಪಿಸುತ್ತಾನೆ; ಗುರುಪತ್ನಿಯ ಕೋಪ ಆಶೀರ್ವಾದವಾಗಿ ಬದಲಾಗುತ್ತದೆ.,,55,24,31,,,pending,pending,,
64,G04-S12,ರಹಸ್ಯದ ಉತ್ತರ ಮತ್ತು ಹೊಸ ವೈರು,MAHABHARATA-1-AADIPARVA-_djvu (1).txt lines 10934–11150,ಬೈದನು ಉದಂಕನಿಗೆ ಪ್ರಯಾಣದ ರಹಸ್ಯವನ್ನು ತಿಳಿಸುತ್ತಾನೆ. ಕಪ್ಪುಬಿಳಿ ದಾರಗಳು ಹಗಲಿರುಳು; ನೇಯುವವರು ಧಾತೃ ಮತ್ತು ವಿಧಾತೃ. ಅಶ್ವವು ಅಗ್ನಿ; ಸಹಾಯಮಾಡಿದ ಪುರುಷ ಇಂದ್ರ. ದಾರಿಯಲ್ಲಿ ತಿಂದದ್ದೂ ಅಮೃತವಾಗಿದ್ದರಿಂದ ನಾಗಲೋಕದ ಅಪಾಯವನ್ನು ತಾಳಲು ಸಾಧ್ಯವಾಯಿತು ಎಂದು ವಿವರಿಸುತ್ತಾನೆ. ದಕ್ಷಿಣೆ ಪೂರ್ಣಗೊಂಡರೂ ತಕ್ಷಕನ ಮೇಲಿನ ಉದಂಕನ ಕೋಪ ಶಮನವಾಗುವುದಿಲ್ಲ. ಅವನು ಹಸ್ತಿನಪುರಕ್ಕೆ ಹೋಗಿ ಜನಮೇಜಯನಿಗೆ ತನ್ನ ತಂದೆ ಪರೀಕ್ಷಿತನನ್ನು ತಕ್ಷಕ ಕೊಂದ ವಿಷಯವನ್ನು ನೆನಪಿಸುತ್ತಾನೆ. ಸರ್ಪಸತ್ರ ಮಾಡುವಂತೆ ಪ್ರೇರೇಪಿಸುತ್ತಾನೆ. ಶಿಷ್ಯನ ಪ್ರಯಾಣ ಈಗ ರಾಜನ ಪ್ರತೀಕಾರಕ್ಕೆ ಸೇರಿದೆ.,,53,24,30,,,pending,pending,,
65,G05-S01,ಶೌನಕರಿಗಾಗಿ ಕಾಯುವ ಸಭೆ,MAHABHARATA-1-AADIPARVA-_djvu (1).txt lines 11158–11284,ಉಗ್ರಶ್ರವಸ್ಸು ಕಥೆ ಮುಂದುವರಿಸಲು ಸಿದ್ಧನಾಗಿದ್ದಾನೆ. ಆದರೆ ಋಷಿಗಳು ಶೌನಕರು ತಮ್ಮ ನಿತ್ಯಕರ್ಮಗಳನ್ನು ಮುಗಿಸಿ ಬರುವವರೆಗೆ ಕಾಯಲು ಕೇಳುತ್ತಾರೆ. ಭೃಗುವಂಶದ ವಿಷಯದಲ್ಲಿ ಅವರಿಗೆ ವಿಶೇಷ ಆಸಕ್ತಿಯಿದೆ. ಶೌನಕರು ಬಂದ ನಂತರ ಅವರಿಗೆ ಗೌರವ ಸಲ್ಲಿಸಿ ಸಭೆ ಮತ್ತೆ ನೆಲೆಯಾಗುತ್ತದೆ. ಈ ವಿರಾಮದಿಂದ ನಾವು ಉದಂಕನ ಸಾಹಸದಿಂದ ಹೊರಬಂದು ಮೊದಲ ಕಥಾವೇದಿಕೆಗೆ ಮರಳಿದ್ದೇವೆಂಬುದು ಸ್ಪಷ್ಟವಾಗುತ್ತದೆ. ಈಗ ಶೌನಕರು ತಮ್ಮ ವಂಶದ ಪೂರ್ವಜರ ಇತಿಹಾಸವನ್ನು ಕೇಳಲು ಬಯಸುತ್ತಾರೆ. ಉಗ್ರಶ್ರವಸ್ಸು ಭೃಗುಮಹರ್ಷಿಯಿಂದ ಆ ವಂಶಕಥೆಯನ್ನು ಆರಂಭಿಸುತ್ತಾನೆ.,,50,22,29,,,pending,pending,,
66,G05-S02,ಭೃಗುಮನೆಯ ಅತಿಥಿ,MAHABHARATA-1-AADIPARVA-_djvu (1).txt lines 11288–11373,"ಭೃಗುಮಹರ್ಷಿಯ ಪತ್ನಿ ಪುಲೋಮೆ ಗರ್ಭಿಣಿಯಾಗಿದ್ದಾಳೆ. ಭೃಗು ಹೊರಗೆ ಹೋದ ಸಮಯದಲ್ಲಿ ಪುಲೋಮ ಎಂಬ ರಾಕ್ಷಸ ಆಶ್ರಮಕ್ಕೆ ಬರುತ್ತಾನೆ. ಮನೆಯ ಅತಿಥಿಯಾಗಿ ಬಂದವನಿಗೆ ಪುಲೋಮೆ ಸತ್ಕಾರ ಮಾಡುತ್ತಾಳೆ. ಆದರೆ ಅವನ ಮನಸ್ಸಿನಲ್ಲಿ ಬೇರೆ ಉದ್ದೇಶವಿದೆ. ಹಿಂದೆ ಅವಳನ್ನು ತಾನು ಬಯಸಿದ್ದನೆಂಬ ನೆನಪನ್ನು ಹಿಡಿದು, ಈಗ ಅವಳು ಯಾರ ಪತ್ನಿ ಎಂದು ಅಗ್ನಿಯನ್ನು ಪ್ರಶ್ನಿಸುತ್ತಾನೆ. ಒಂದೇ ರೀತಿಯ ಹೆಸರಿದ್ದರೂ ಪುಲೋಮೆ ಮಹಿಳೆ; ಪುಲೋಮ ಅವಳನ್ನು ಅಪಹರಿಸಲು ಬಂದ ರಾಕ್ಷಸ.",,47,21,27,,,pending,pending,,
67,G05-S03,ಅಗ್ನಿಯ ಉತ್ತರ,MAHABHARATA-1-AADIPARVA-_djvu (1).txt lines 11374–11534,"ರಾಕ್ಷಸನು ಅಗ್ನಿಯನ್ನು ಸತ್ಯಸಾಕ್ಷಿಯಾಗಿ ಉತ್ತರಿಸಲು ಒತ್ತಾಯಿಸುತ್ತಾನೆ. ಅಗ್ನಿ ಸುಳ್ಳು ಹೇಳುವುದಿಲ್ಲ. ಹಿಂದೆ ಅವಳನ್ನು ರಾಕ್ಷಸನು ಬಯಸಿದ್ದರೂ, ಶಾಸ್ತ್ರೋಕ್ತ ವಿಧಿಯಿಂದ ಭೃಗು ಅವಳನ್ನು ವಿವಾಹವಾಗಿದ್ದಾರೆಂದು ತಿಳಿಸುತ್ತಾನೆ. ಈ ಉತ್ತರ ರಾಕ್ಷಸನಿಗೆ ಹಕ್ಕನ್ನು ಕೊಡುವುದಿಲ್ಲ. ಆದರೂ ಅವನು ತನ್ನ ಹಳೆಯ ಬಯಕೆಯನ್ನೇ ನೆಪ ಮಾಡಿಕೊಂಡು ಪುಲೋಮೆಯನ್ನು ಕೊಂಡೊಯ್ಯಲು ಮುಂದಾಗುತ್ತಾನೆ. ವರಾಹರೂಪ ತಾಳಿ ಅವಳನ್ನು ಅಪಹರಿಸುತ್ತಾನೆ. ಆಶ್ರಮದಲ್ಲಿ ನೀಡಿದ ಆತಿಥ್ಯಕ್ಕೆ ಪ್ರತಿಯಾಗಿ ಅವಳ ಮೇಲೆ ಹಿಂಸೆ ನಡೆಯುತ್ತದೆ; ಅಗ್ನಿಯ ಸಾಕ್ಷಿವಚನವೂ ಅದರ ನಂತರದ ಕೋಪಕ್ಕೆ ಕಾರಣವಾಗುತ್ತದೆ.",,51,23,29,,,pending,pending,,
68,G05-S04,ಚ್ಯವನನ ಪ್ರಾದುರ್ಭಾವ,MAHABHARATA-1-AADIPARVA-_djvu (1).txt lines 11543–11606,ಅಪಹರಣದ ಆಘಾತದಲ್ಲಿ ಪುಲೋಮೆಯ ಗರ್ಭದಿಂದ ಶಿಶು ಹೊರಬರುತ್ತದೆ. ಗರ್ಭದಿಂದ ಚ್ಯುತನಾದ ಕಾರಣ ಅವನಿಗೆ ಚ್ಯವನನೆಂಬ ಹೆಸರು ಬರುತ್ತದೆ. ಆ ಶಿಶುವಿನ ತೇಜಸ್ಸನ್ನು ರಾಕ್ಷಸನು ತಡೆಯಲಾರದೆ ಭಸ್ಮವಾಗುತ್ತಾನೆ. ಪುಲೋಮೆ ತನ್ನ ಮಗುವನ್ನು ಎತ್ತಿಕೊಂಡು ಹಿಂದಿರುಗುತ್ತಾಳೆ. ದಾರಿಯುದ್ದಕ್ಕೂ ಅವಳ ಕಣ್ಣೀರು ಹರಿಯುತ್ತದೆ. ಆ ಕಣ್ಣೀರಿನಿಂದ ನದಿ ಮೂಡಿದುದನ್ನು ಕಂಡ ಬ್ರಹ್ಮ ಅದಕ್ಕೆ ವಧೂಸರ ಎಂಬ ಹೆಸರು ನೀಡುತ್ತಾರೆ ಎಂದು ಕಥೆ ಹೇಳುತ್ತದೆ. ತಾಯಿ ಉಳಿದಿದ್ದಾಳೆ; ಅವಳ ದುಃಖವೂ ನದಿಯ ನೆನಪಾಗಿ ಉಳಿಯುತ್ತದೆ.,,49,22,28,,,pending,pending,,
69,G05-S05,ಭೃಗುವಿನ ಕೋಪ,MAHABHARATA-1-AADIPARVA-_djvu (1).txt lines 11607–11687,"ಪುಲೋಮೆ ಮಗುವಿನೊಂದಿಗೆ ಆಶ್ರಮಕ್ಕೆ ಮರಳಿದಾಗ ಭೃಗು ನಡೆದದ್ದನ್ನು ಕೇಳುತ್ತಾರೆ. ತನ್ನ ಪತ್ನಿಯ ಗುರುತನ್ನು ರಾಕ್ಷಸನಿಗೆ ತಿಳಿಸಿದವರು ಯಾರು ಎಂದು ವಿಚಾರಿಸುತ್ತಾರೆ. ಅಗ್ನಿಯ ಉತ್ತರದಿಂದ ಅವನಿಗೆ ತಿಳಿಯಿತೆಂದು ಪುಲೋಮೆ ಹೇಳುತ್ತಾಳೆ. ಕೋಪಗೊಂಡ ಭೃಗು ಅಗ್ನಿಯನ್ನು ಎಲ್ಲವನ್ನೂ ಭಕ್ಷಿಸುವವನಾಗುವಂತೆ ಶಪಿಸುತ್ತಾರೆ. ಅಪಹರಣಕಾರನ ದೋಷ ಸ್ಪಷ್ಟವಾಗಿದ್ದರೂ, ಈಗ ಸತ್ಯ ಹೇಳಿದ ಸಾಕ್ಷಿಯ ಮೇಲೂ ದಂಡನೆ ಬೀಳುತ್ತದೆ. ಅಗ್ನಿ ತನ್ನ ಸ್ಥಾನವನ್ನು ವಿವರಿಸಬೇಕಾಗುತ್ತದೆ. ಈ ಕಥೆಯ ಮುಂದಿನ ಸಂಘರ್ಷ ಆಯುಧಗಳ ನಡುವೆ ಅಲ್ಲ; ಸತ್ಯವಚನ, ಶಾಪ ಮತ್ತು ಲೋಕದ ಅಗತ್ಯಗಳ ನಡುವೆ.",,54,24,31,,,pending,pending,,
70,G05-S06,ಅಗ್ನಿಯ ಮರೆಯಾಗುವಿಕೆ,MAHABHARATA-1-AADIPARVA-_djvu (1).txt lines 11691–11800,ಅಗ್ನಿ ತನ್ನ ಉತ್ತರವನ್ನು ಸಮರ್ಥಿಸಿಕೊಳ್ಳುತ್ತಾನೆ. ಕಂಡ ಸತ್ಯವನ್ನು ಮರೆಮಾಡುವುದು ಸಾಕ್ಷಿಗೆ ಸರಿಯಲ್ಲವೆಂದು ಹೇಳುತ್ತಾನೆ. ಯಜ್ಞಗಳ ಮೂಲಕ ದೇವತೆಗಳು ಮತ್ತು ಪಿತೃಗಳಿಗೆ ಹವಿಸ್ಸನ್ನು ತಲುಪಿಸುವ ತನ್ನ ಕೆಲಸವನ್ನೂ ವಿವರಿಸುತ್ತಾನೆ. ಆದರೂ ಶಾಪದಿಂದ ವ್ಯಥೆಗೊಂಡ ಅಗ್ನಿ ಯಜ್ಞಕುಂಡಗಳು ಮತ್ತು ಹೋಮಸ್ಥಾನಗಳಿಂದ ಮರೆಯಾಗುತ್ತಾನೆ. ಅಗ್ನಿಯಿಲ್ಲದೆ ನಿತ್ಯಕರ್ಮಗಳು ನಡೆಯುವುದಿಲ್ಲ. ಋಷಿಗಳು ಸಂಕಟಕ್ಕೊಳಗಾಗುತ್ತಾರೆ; ದೇವತೆಗಳಿಗೂ ಹವಿಸ್ಸು ತಲುಪುವುದಿಲ್ಲ. ವೈಯಕ್ತಿಕ ಕೋಪದಿಂದ ಹೊರಬಂದ ಶಾಪವು ಈಗ ಸಮಸ್ತ ಆಚರಣಾವ್ಯವಸ್ಥೆಯನ್ನು ಸ್ಥಗಿತಗೊಳಿಸಿದೆ.,,44,20,25,,,pending,pending,,
71,G05-S07,ಬ್ರಹ್ಮನ ಪರಿಹಾರ,MAHABHARATA-1-AADIPARVA-_djvu (1).txt lines 11801–11948,ಋಷಿಗಳು ಮತ್ತು ದೇವತೆಗಳು ಬ್ರಹ್ಮನನ್ನು ಆಶ್ರಯಿಸಿ ಅಗ್ನಿ ಮರೆಯಾಗಿರುವ ಸಂಕಟವನ್ನು ತಿಳಿಸುತ್ತಾರೆ. ಬ್ರಹ್ಮ ಅಗ್ನಿಯನ್ನು ಕರೆದು ಸಮಾಧಾನಪಡಿಸುತ್ತಾರೆ. ಎಲ್ಲವನ್ನೂ ಭಕ್ಷಿಸುವ ಶಾಪವು ಅವನ ಪಾವಿತ್ರ್ಯವನ್ನು ನಾಶಮಾಡಬೇಕಿಲ್ಲವೆಂದು ವಿವರಿಸುತ್ತಾರೆ. ಅಗ್ನಿಯ ವಿಭಿನ್ನ ಕಾರ್ಯರೂಪಗಳ ಮೂಲಕ ಭಕ್ಷಣೆ ನಡೆಯಲಿ; ಅವನ ಶುದ್ಧೀಕರಿಸುವ ಸ್ವಭಾವ ಉಳಿಯಲಿ ಎಂಬ ವ್ಯವಸ್ಥೆ ಮೂಡುತ್ತದೆ. ಸೂರ್ಯನ ಸ್ಪರ್ಶದಂತೆ ಅಗ್ನಿಯ ಸ್ಪರ್ಶವೂ ಶುದ್ಧೀಕರಣದ ನೆಲೆಯಾಗುತ್ತದೆ. ಅಗ್ನಿ ತನ್ನ ಸ್ಥಾನಕ್ಕೆ ಮರಳುತ್ತಾನೆ. ಕುಂಡದಲ್ಲಿ ಮತ್ತೆ ಜ್ವಾಲೆ ಏಳುತ್ತಿದ್ದಂತೆ ನಿಂತಿದ್ದ ಕ್ರಿಯೆಗಳು ಮುಂದುವರಿಯುತ್ತವೆ.,,50,22,29,,,pending,pending,,
72,G05-S08,ಭೃಗುವಂಶದ ಮುಂದಿನ ಕೊಂಡಿ,MAHABHARATA-1-AADIPARVA-_djvu (1).txt lines 11949–12030,"ಪುಲೋಮೆ ಮತ್ತು ಭೃಗುವಿನ ಮಗ ಚ್ಯವನನಿಂದ ವಂಶ ಮುಂದುವರಿಯುತ್ತದೆ. ಚ್ಯವನನ ಪುತ್ರ ಪ್ರಮತಿ; ಪ್ರಮತಿಯ ಮಗ ರುರು. ರುರುವಿನ ಮಗ ಶುನಕ, ಅವನ ಪರಂಪರೆಯ ಶೌನಕರು ಈಗ ನೈಮಿಷಾರಣ್ಯದಲ್ಲಿ ಈ ಕಥೆಯನ್ನು ಕೇಳುತ್ತಿದ್ದಾರೆ. ಹೀಗಾಗಿ ಕೇಳುವ ಋಷಿಯ ಕುಟುಂಬವೇ ಈಗ ನಿರೂಪಣೆಯ ವಿಷಯವಾಗಿದೆ. ಅಗ್ನಿಯ ಶಾಪದ ಕಥೆ ಮುಗಿದಿದೆ. ಆದರೆ ಈ ವಂಶದ ಮುಂದಿನ ಜೀವನದಲ್ಲೂ ಸರ್ಪ, ಮರಣ ಮತ್ತು ಕೋಪ ಎದುರಾಗಲಿವೆ. ಪ್ರಮದ್ವರೆ ಎಂಬ ಯುವತಿಯೊಂದಿಗೆ ರುರುವಿನ ವಿವಾಹ ನಿಶ್ಚಯವಾಗುವಾಗ, ಸಂತೋಷದ ಮನೆಗೆ ಅನಿರೀಕ್ಷಿತ ದುಃಖ ಪ್ರವೇಶಿಸುತ್ತದೆ.",,56,25,32,,,pending,pending,,
73,G06-S01,ಆಶ್ರಮದಲ್ಲಿ ಬೆಳೆದ ಪ್ರಮದ್ವರೆ,MAHABHARATA-1-AADIPARVA-_djvu (1).txt lines 11980–12120,ವಿಶ್ವಾವಸು ಗಂಧರ್ವ ಮತ್ತು ಮೇನಕೆಯ ಮಗಳು ಪ್ರಮದ್ವರೆ. ತಾಯಿಯಿಂದ ಬಿಟ್ಟುಹೋಗಲ್ಪಟ್ಟ ಶಿಶುವನ್ನು ಸ್ಥೂಲಕೇಶ ಋಷಿ ಕಂಡು ತನ್ನ ಆಶ್ರಮದಲ್ಲಿ ಬೆಳೆಸುತ್ತಾರೆ. ಅವಳು ಬೆಳೆದು ಯೌವನ ತಲುಪಿದಾಗ ರುರು ಅವಳನ್ನು ನೋಡಿ ಮನಸೋಲುತ್ತಾನೆ. ತನ್ನ ತಂದೆ ಪ್ರಮತಿಗೆ ಆ ಬಯಕೆಯನ್ನು ತಿಳಿಸುತ್ತಾನೆ. ಹಿರಿಯರ ಒಪ್ಪಿಗೆಯಿಂದ ರುರು ಮತ್ತು ಪ್ರಮದ್ವರೆಯ ವಿವಾಹ ನಿಶ್ಚಯವಾಗುತ್ತದೆ. ಆಶ್ರಮವು ಮದುವೆಯ ಸಿದ್ಧತೆಯಲ್ಲಿ ತೊಡಗುತ್ತದೆ. ಆದರೆ ವಿವಾಹದ ದಿನ ಇನ್ನೂ ಬಂದಿಲ್ಲ. ಅವರ ಭವಿಷ್ಯ ಒಟ್ಟಾಗುವ ಮುನ್ನವೇ ಜೀವಕ್ಕೆ ಅಪಾಯ ಎದುರಾಗಲಿದೆ.,,52,23,30,,,pending,pending,,
74,G06-S02,ಹುಲ್ಲಿನೊಳಗಿನ ಸರ್ಪ,MAHABHARATA-1-AADIPARVA-_djvu (1).txt lines 12121–12191,ವಿವಾಹಕ್ಕೆ ಮುಂಚೆ ಪ್ರಮದ್ವರೆ ತನ್ನ ಸಂಗಾತಿಯರೊಂದಿಗೆ ಆಟವಾಡುತ್ತಾ ಹೋಗುತ್ತಾಳೆ. ಹುಲ್ಲಿನೊಳಗೆ ಮಲಗಿದ್ದ ಸರ್ಪ ಅವಳ ಗಮನಕ್ಕೆ ಬರುವುದಿಲ್ಲ. ಅವಳ ಪಾದ ತಾಕಿದಾಗ ಅದು ಕಚ್ಚುತ್ತದೆ. ಕೆಲವೇ ಕ್ಷಣಗಳಲ್ಲಿ ಅವಳು ನೆಲಕ್ಕುರುಳುತ್ತಾಳೆ. ಸ್ನೇಹಿತೆಯರ ಕೂಗು ಕೇಳಿ ಆಶ್ರಮದವರು ಬರುತ್ತಾರೆ. ರುರುವೂ ಅಲ್ಲಿಗೆ ತಲುಪುತ್ತಾನೆ. ಮದುವೆಗೆ ಸಿದ್ಧವಾಗುತ್ತಿದ್ದ ಯುವತಿ ಈಗ ಚಲನೆಯಿಲ್ಲದೆ ಬಿದ್ದಿದ್ದಾಳೆ. ಋಷಿಗಳು ಅವಳ ಸುತ್ತ ನಿಂತು ದುಃಖಿಸುತ್ತಾರೆ. ರುರು ಆ ದೃಶ್ಯವನ್ನು ಸಹಿಸಲಾರದೆ ಏಕಾಂತಕ್ಕೆ ತೆರಳುತ್ತಾನೆ.,,47,21,27,,,pending,pending,,
75,G06-S03,ಕಾಡಿನಲ್ಲಿ ರುರುವಿನ ವಿಲಾಪ,MAHABHARATA-1-AADIPARVA-_djvu (1).txt lines 12198–12294,"ಋಷಿಗಳು ಪ್ರಮದ್ವರೆಯ ಬಳಿ ಉಳಿದಿರುವಾಗ ರುರು ಕಾಡಿನಲ್ಲಿ ಅಳುತ್ತಾನೆ. ತನ್ನ ತಪಸ್ಸು, ಸೇವೆ ಮತ್ತು ಸತ್ಕರ್ಮಗಳಿಗೆ ಫಲವಿದ್ದರೆ ಅವಳು ಬದುಕಲಿ ಎಂದು ಪ್ರಾರ್ಥಿಸುತ್ತಾನೆ. ದೇವದೂತನಾದ ಗಂಧರ್ವನೊಬ್ಬ ಅವನನ್ನು ಸಮೀಪಿಸುತ್ತಾನೆ. ಕಳೆದುಹೋದ ಆಯುಷ್ಯ ಸಾಮಾನ್ಯವಾಗಿ ಮರಳುವುದಿಲ್ಲವೆಂದು ತಿಳಿಸುತ್ತಾನೆ. ಆದರೆ ದೇವತೆಗಳು ನಿಗದಿಪಡಿಸಿದ ಒಂದು ಅಪರೂಪದ ಮಾರ್ಗವಿದೆ: ರುರು ತನ್ನ ಉಳಿದ ಆಯುಷ್ಯದ ಅರ್ಧವನ್ನು ಕೊಟ್ಟರೆ ಪ್ರಮದ್ವರೆಯನ್ನು ಮರಳಿ ಪಡೆಯಬಹುದು. ದುಃಖಕ್ಕೆ ಮೊದಲ ಬಾರಿಗೆ ಒಂದು ನಿರ್ದಿಷ್ಟ ಆಯ್ಕೆ ಸಿಕ್ಕಿದೆ. ಅದರ ಬೆಲೆ ರುರುವಿನ ಸ್ವಂತ ಜೀವನ.",,53,24,30,,,pending,pending,,
76,G06-S04,ಅರ್ಧಾಯುಷ್ಯದ ದಾನ,MAHABHARATA-1-AADIPARVA-_djvu (1).txt lines 12295–12410,ರುರು ಹಿಂಜರಿಯುವುದಿಲ್ಲ. ತನ್ನ ಆಯುಷ್ಯದ ಅರ್ಧವನ್ನು ಪ್ರಮದ್ವರೆಗೆ ನೀಡಲು ಒಪ್ಪುತ್ತಾನೆ. ದೇವದೂತ ಮತ್ತು ಅವಳ ತಂದೆ ವಿಶ್ವಾವಸು ಆ ನಿರ್ಧಾರವನ್ನು ಯಮನ ಮುಂದೆ ತಿಳಿಸುತ್ತಾರೆ. ಅನುಮತಿ ದೊರೆತ ನಂತರ ಪ್ರಮದ್ವರೆ ಮತ್ತೆ ಜೀವ ಪಡೆಯುತ್ತಾಳೆ. ನಿದ್ರೆಯಿಂದ ಎದ್ದವಳಂತೆ ಅವಳು ಕಣ್ಣು ತೆರೆಯುತ್ತಾಳೆ. ಆಶ್ರಮದ ದುಃಖ ಸಂತೋಷವಾಗುತ್ತದೆ. ನಿಗದಿತ ಶುಭಕಾಲದಲ್ಲಿ ರುರು ಮತ್ತು ಪ್ರಮದ್ವರೆಯ ವಿವಾಹ ನೆರವೇರುತ್ತದೆ. ಆದರೆ ಮರಣದ ಕ್ಷಣವನ್ನು ಕಂಡ ರುರುವಿನ ಮನಸ್ಸಿನಲ್ಲಿ ಒಂದು ಗಾಯ ಉಳಿದಿದೆ. ತನ್ನ ಪ್ರಿಯೆಯನ್ನು ಕಚ್ಚಿದ ಸರ್ಪದ ನೆನಪು ಅವನ ಕೋಪವನ್ನು ಬೆಳೆಯಿಸುತ್ತದೆ.,,57,25,33,,,pending,pending,,
77,G06-S05,ದೋಷದ ಗಡಿಯನ್ನು ಮೀರುವ ಕೋಪ,MAHABHARATA-1-AADIPARVA-_djvu (1).txt lines 12411–12535,"ರುರು ಸರ್ಪಗಳನ್ನು ಕಂಡಲ್ಲೆಲ್ಲ ಕೊಲ್ಲುವ ಪ್ರತಿಜ್ಞೆ ಮಾಡುತ್ತಾನೆ. ಪ್ರಮದ್ವರೆ ಬದುಕಿದ್ದರೂ, ಅವಳನ್ನು ಕಳೆದುಕೊಳ್ಳುವ ಭಯ ಅವನನ್ನು ಬಿಡುವುದಿಲ್ಲ. ಒಂದು ದಿನ ಕಾಡಿನಲ್ಲಿ ವಿಷವಿಲ್ಲದ ದುಂಡುಭ ಸರ್ಪವನ್ನು ಕಾಣುತ್ತಾನೆ. ದಂಡವನ್ನು ಎತ್ತಿ ಹೊಡೆಯಲು ಮುಂದಾಗುತ್ತಾನೆ. ಆಗ ಸರ್ಪವೇ ಅವನನ್ನು ಪ್ರಶ್ನಿಸುತ್ತದೆ: ನಾನು ನಿನಗೆ ಯಾವ ತಪ್ಪು ಮಾಡಿದೆ? ರುರು ತನ್ನ ಪತ್ನಿಯ ಕಥೆಯನ್ನು ಹೇಳುತ್ತಾನೆ. ತನ್ನ ನೋವಿಗೆ ಕಾರಣವಾದ ಸರ್ಪ ಮತ್ತು ಈಗ ಎದುರಿನ ನಿರಪರಾಧಿ ಜೀವ ಒಂದೇ ಅಲ್ಲವೆಂಬ ಪ್ರಶ್ನೆ ಅವನ ಮುಂದೆ ನಿಂತಿದೆ.",,53,24,30,,,pending,pending,,
78,G06-S06,ಹುಲ್ಲಿನ ಸರ್ಪದ ಹಳೆಯ ಆಟ,MAHABHARATA-1-AADIPARVA-_djvu (1).txt lines 12539–12682,"ದುಂಡುಭ ತನ್ನ ಹಿಂದಿನ ಹೆಸರನ್ನು ಹೇಳುತ್ತದೆ: ಸಹಸ್ರಪಾತ್. ಬಾಲ್ಯದಲ್ಲಿ ಖಗಮ ಎಂಬ ತಪಸ್ವಿ ಸ್ನೇಹಿತನನ್ನು ಹೆದರಿಸಲು ಹುಲ್ಲಿನಿಂದ ಸರ್ಪ ಮಾಡಿ ತೋರಿಸಿದ್ದ. ಅಗ್ನಿಹೋತ್ರದಲ್ಲಿದ್ದ ಖಗಮ ಭಯದಿಂದ ಮೂರ್ಛೆಹೋಗಿದ್ದ. ಎಚ್ಚರವಾದಾಗ ಕೋಪಗೊಂಡು, ನೀನು ಮಾಡಿದ ಶಕ್ತಿಹೀನ ಸರ್ಪದಂತೆಯೇ ಆಗು ಎಂದು ಶಪಿಸಿದ್ದ. ಸಹಸ್ರಪಾತ್ ಕ್ಷಮೆ ಕೇಳಿದರೂ ಉಚ್ಚರಿಸಿದ ಶಾಪವನ್ನು ಹಿಂದಕ್ಕೆ ಪಡೆಯಲಾಗಲಿಲ್ಲ. ಮುಂದೆ ಪ್ರಮತಿಯ ಮಗ ರುರುವಿನ ದರ್ಶನದಿಂದ ಬಿಡುಗಡೆ ಸಿಗುವುದೆಂದು ಖಗಮ ಹೇಳಿದ್ದ. ಈಗ ಆ ರುರುವೇ ಅವನ ಮುಂದೆ ನಿಂತಿದ್ದಾನೆ.",,51,23,29,,,pending,pending,,
79,G06-S07,ಶಾಪಮೋಚನೆ ಮತ್ತು ಉಪದೇಶ,MAHABHARATA-1-AADIPARVA-_djvu (1).txt lines 12683–12704,"ರುರುವಿನ ದರ್ಶನದಿಂದ ಸಹಸ್ರಪಾತ್ ತನ್ನ ಹಿಂದಿನ ರೂಪವನ್ನು ಪಡೆಯುತ್ತಾನೆ. ಅವನು ರುರುವಿಗೆ ತನ್ನ ಹಿತವಚನ ಹೇಳುತ್ತಾನೆ. ಅಹಿಂಸೆ, ಸತ್ಯ ಮತ್ತು ಕ್ಷಮೆಯ ಮಹತ್ವವನ್ನು ವಿವರಿಸಿ, ವಿಷಸರ್ಪಗಳನ್ನೂ ನಿರುಪದ್ರವಿ ಜೀವಿಗಳನ್ನೂ ಒಂದೇ ರೀತಿಯಾಗಿ ದಂಡಿಸುವುದು ಸರಿಯಲ್ಲವೆಂದು ತಿಳಿಸುತ್ತಾನೆ. ರುರುವಿನ ಕೈಯಲ್ಲಿದ್ದ ದಂಡ ಈಗ ಕೆಳಗಿಳಿಯುತ್ತದೆ. ತನ್ನ ಪ್ರೀತಿಗಾಗಿ ಆಯುಷ್ಯ ಕೊಟ್ಟವನು, ಅದೇ ದುಃಖದಿಂದ ಇತರ ಜೀವಿಗಳ ಆಯುಷ್ಯ ಕಸಿಯಲು ಹೊರಟಿದ್ದ. ತನ್ನ ಮುಂದೆ ನಿಂತ ಋಷಿಯ ಅನುಭವದಿಂದ ಅವನು ಆ ವ್ಯತ್ಯಾಸವನ್ನು ಎದುರಿಸುತ್ತಾನೆ.",,51,23,29,,,pending,pending,,
80,G06-S08,ಆಸ್ತೀಕನ ಹೆಸರಿನತ್ತ,MAHABHARATA-1-AADIPARVA-_djvu (1).txt lines 12708–12799,ಸಹಸ್ರಪಾತ್ ಜನಮೇಜಯನ ಸರ್ಪಯಾಗದ ವಿಷಯವನ್ನು ಉಲ್ಲೇಖಿಸುತ್ತಾನೆ. ಆ ಯಜ್ಞದಲ್ಲಿ ಅನೇಕ ಸರ್ಪಗಳು ನಾಶವಾಗುವಾಗ ಆಸ್ತೀಕ ಎಂಬ ಜ್ಞಾನಿ ಅವನ್ನು ರಕ್ಷಿಸಿದನೆಂದು ತಿಳಿಸುತ್ತಾನೆ. ರುರು ಸಂಪೂರ್ಣ ಕಥೆಯನ್ನು ಕೇಳಲು ಬಯಸುತ್ತಾನೆ. ಆದರೆ ಸಹಸ್ರಪಾತ್ ಮುಂದೆ ಕೇಳುವೆ ಎಂದು ಹೇಳಿ ಮರೆಯಾಗುತ್ತಾನೆ. ರುರು ಮನೆಗೆ ಹೋಗಿ ತನ್ನ ತಂದೆಯನ್ನೇ ಆ ವಿಷಯ ಕೇಳುತ್ತಾನೆ. ನೈಮಿಷಾರಣ್ಯದಲ್ಲಿ ಶೌನಕರಿಗೂ ಅದೇ ಕುತೂಹಲ ಉಂಟಾಗುತ್ತದೆ. ಸರ್ಪಗಳನ್ನು ಉಳಿಸಿದ ಆಸ್ತೀಕ ಯಾರು? ಅವನಿಗೆ ಆ ಕಾರ್ಯದ ಹೊಣೆ ಹೇಗೆ ಬಂತು? ಮುಂದಿನ ಕಥೆ ಆ ಉತ್ತರವನ್ನು ಹುಡುಕುತ್ತದೆ.,,56,25,32,,,pending,pending,,
81,G07-S01,ತೂಗುತ್ತಿರುವ ಪೂರ್ವಜರು,MAHABHARATA-1-AADIPARVA-_djvu (1).txt lines 12812–13125,"ಜರತ್ಕಾರು ಎಂಬ ತಪಸ್ವಿ ವಿವಾಹವಿಲ್ಲದೆ ಸಂಚರಿಸುತ್ತಿದ್ದ. ಒಂದು ಕಡೆ ತನ್ನ ಪೂರ್ವಜರು ತಲೆಕೆಳಗಾಗಿ ತೂಗುತ್ತಿರುವುದನ್ನು ಕಂಡನು. ಅವರನ್ನು ಹಿಡಿದಿದ್ದ ಬೇರು ಕ್ಷೀಣಿಸುತ್ತಿತ್ತು; ಇಲಿಯೊಂದು ಅದನ್ನೂ ಕಡಿಯುತ್ತಿತ್ತು. ಏಕೆ ಈ ಸ್ಥಿತಿ ಎಂದು ಕೇಳಿದಾಗ, ಅವರ ವಂಶದಲ್ಲಿ ಉಳಿದ ಜರತ್ಕಾರು ಸಂತಾನವನ್ನು ಪಡೆಯದೆ ಇದ್ದುದರಿಂದ ವಂಶ ಮುಂದುವರಿಯುವುದಿಲ್ಲವೆಂದು ತಿಳಿಸಿದರು. ನಾನು ಆ ಜರತ್ಕಾರುವೇ ಎಂದು ಅವನು ಹೇಳುತ್ತಾನೆ. ತನ್ನ ತಪಸ್ಸು ಸಾಕೆಂದುಕೊಂಡವನಿಗೆ ಈಗ ಪೂರ್ವಜರ ಬೇಡಿಕೆ ಎದುರಾಗುತ್ತದೆ. ಅವರಿಗಾಗಿ ವಿವಾಹವಾಗುವುದಾಗಿ ಒಪ್ಪುತ್ತಾನೆ; ಆದರೆ ತನ್ನ ಹೆಸರಿನ ಕನ್ಯೆ ಸ್ವಯಂ ದೊರೆಯಬೇಕೆಂಬ ಷರತ್ತು ಇಡುತ್ತಾನೆ.",,58,26,33,,,pending,pending,,
82,G07-S02,ಎರಡು ವರಗಳು,MAHABHARATA-1-AADIPARVA-_djvu (1).txt lines 13334–13430,"ಕಶ್ಯಪನ ಪತ್ನಿಯರಾದ ಕದ್ರು ಮತ್ತು ವಿನತೆ ಸಂತಾನಕ್ಕಾಗಿ ವರ ಕೇಳುತ್ತಾರೆ. ಕದ್ರು ಸಾವಿರ ಬಲಿಷ್ಠ ಸರ್ಪಪುತ್ರರನ್ನು ಬಯಸುತ್ತಾಳೆ. ವಿನತೆ ಆ ಸಾವಿರ ಮಕ್ಕಳಿಗಿಂತ ಶ್ರೇಷ್ಠರಾದ ಇಬ್ಬರು ಪುತ್ರರನ್ನು ಕೇಳುತ್ತಾಳೆ. ವರ ದೊರೆತ ನಂತರ ಕದ್ರುವಿಗೆ ಸಾವಿರ ಮೊಟ್ಟೆಗಳು, ವಿನತೆಗೆ ಎರಡು ಮೊಟ್ಟೆಗಳು ಉಂಟಾಗುತ್ತವೆ. ಅವುಗಳನ್ನು ಜಾಗ್ರತೆಯಿಂದ ಇರಿಸಿ ಇಬ್ಬರೂ ಕಾಯುತ್ತಾರೆ. ಬಹುಕಾಲದ ನಂತರ ಕದ್ರುವಿನ ಮೊಟ್ಟೆಗಳಿಂದ ಸರ್ಪಗಳು ಹೊರಬರುತ್ತವೆ. ವಿನತೆಯ ಎರಡು ಮೊಟ್ಟೆಗಳು ಇನ್ನೂ ಬದಲಾಗಿಲ್ಲ. ಅಕ್ಕನಿಗೆ ಸಂತಾನ ಬಂದಿರುವುದನ್ನು ಕಂಡ ಅವಳಲ್ಲಿ ಕಾಯುವ ಶಕ್ತಿ ಕಡಿಮೆಯಾಗುತ್ತದೆ.",,55,24,31,,,pending,pending,,
83,G07-S03,ಅರುಣನ ಅಪೂರ್ಣ ಜನನ,MAHABHARATA-1-AADIPARVA-_djvu (1).txt lines 13431–13577,ವಿನತೆ ಆತುರದಿಂದ ಒಂದು ಮೊಟ್ಟೆಯನ್ನು ಒಡೆಯುತ್ತಾಳೆ. ಅದರೊಳಗಿಂದ ಅರುಣ ಹೊರಬರುತ್ತಾನೆ; ಅವನ ಕೆಳದೇಹ ಇನ್ನೂ ಪೂರ್ಣವಾಗಿ ಬೆಳೆದಿಲ್ಲ. ತಾಯಿಯ ಅಸಹನೆಯ ಕಾರಣ ತನ್ನ ಬೆಳವಣಿಗೆ ತಡೆಯಲ್ಪಟ್ಟಿತೆಂದು ಅವನು ಹೇಳುತ್ತಾನೆ. ಅವಳು ಕದ್ರುವಿನ ದಾಸಿಯಾಗುವಳೆಂದು ಶಪಿಸುತ್ತಾನೆ. ಆದರೆ ಎರಡನೆಯ ಮೊಟ್ಟೆಯನ್ನು ಆತುರದಿಂದ ಒಡೆಯಬಾರದು; ಸರಿಯಾದ ಸಮಯದಲ್ಲಿ ಹುಟ್ಟುವ ಮಗ ಅವಳನ್ನು ದಾಸ್ಯದಿಂದ ಬಿಡಿಸುವನೆಂದು ತಿಳಿಸುತ್ತಾನೆ. ಅರುಣನು ಸೂರ್ಯನ ಸಾರಥಿಯಾಗುತ್ತಾನೆ. ವಿನತೆ ತನ್ನ ತಪ್ಪಿನ ಫಲದೊಂದಿಗೆ ಉಳಿದ ಮೊಟ್ಟೆಯನ್ನು ಕಾಯುತ್ತಾಳೆ.,,48,21,27,,,pending,pending,,
84,G07-S04,ಬಿಳಿ ಕುದುರೆಯ ಬಾಲ,MAHABHARATA-1-AADIPARVA-_djvu (1).txt lines 13584–13706,"ಒಮ್ಮೆ ಕದ್ರು ಮತ್ತು ವಿನತೆ ಉಚ್ಚೈಃಶ್ರವಸ್ಸನ್ನು ಕಾಣುತ್ತಾರೆ. ಸಮುದ್ರಮಥನದಿಂದ ಉದ್ಭವಿಸಿದ ಆ ದಿವ್ಯ ಅಶ್ವ ಶ್ವೇತವರ್ಣದವನು. ಅದರ ಬಾಲದ ಬಣ್ಣದ ವಿಷಯದಲ್ಲಿ ಇಬ್ಬರ ಅಭಿಪ್ರಾಯ ಬೇರೆಯಾಗುತ್ತದೆ. ವಿನತೆ ಬಾಲವೂ ಬಿಳಿಯೇ ಎನ್ನುತ್ತಾಳೆ; ಕದ್ರು ಅದು ಕಪ್ಪೆಂದು ಹೇಳುತ್ತಾಳೆ. ಸೋತವಳು ಗೆದ್ದವಳ ದಾಸಿಯಾಗಬೇಕೆಂದು ಪಣ ಇಡುತ್ತಾರೆ. ಈ ಅಶ್ವ ಹೇಗೆ ಉದ್ಭವಿಸಿದ ಎಂಬ ಪ್ರಶ್ನೆಯಿಂದ ಕಥೆ ತಾತ್ಕಾಲಿಕವಾಗಿ ಹಿಂದಕ್ಕೆ ಹೋಗುತ್ತದೆ. ಪಣದ ಫಲ ನೋಡುವ ಮೊದಲು, ಅಮೃತಕ್ಕಾಗಿ ದೇವತೆಗಳೂ ಅಸುರರೂ ಮಾಡಿದ ಸಮುದ್ರಮಥನವನ್ನು ಕೇಳೋಣ.",,52,23,30,,,pending,pending,,
85,G07-S05,ಅಮೃತದ ಸಲುವಿನ ಒಪ್ಪಂದ,MAHABHARATA-1-AADIPARVA-_djvu (1).txt lines 13623–13706,"ಅಮೃತವನ್ನು ಪಡೆಯುವ ಉಪಾಯಕ್ಕಾಗಿ ದೇವತೆಗಳು ಸಭೆ ಸೇರುತ್ತಾರೆ. ವಿಷ್ಣುವಿನ ಮಾರ್ಗದರ್ಶನದಲ್ಲಿ ಔಷಧಿಗಳನ್ನು ಕ್ಷೀರಸಮುದ್ರದಲ್ಲಿ ಸೇರಿಸಿ, ದೇವಾಸುರರು ಒಟ್ಟಾಗಿ ಅದನ್ನು ಕಡೆಯಬೇಕೆಂದು ನಿರ್ಧಾರವಾಗುತ್ತದೆ. ಎರಡೂ ಪಕ್ಷಗಳಿಗೆ ಅಮೃತ ಬೇಕು; ಅದಕ್ಕಾಗಿ ಈಗ ಒಂದೇ ಕೆಲಸಕ್ಕೆ ಸೇರುತ್ತಾರೆ. ಮಂದರಪರ್ವತವನ್ನು ಕಡೆಗೋಲಾಗಿ ಬಳಸಬೇಕಿದೆ. ಆದರೆ ಅದರ ಅಪಾರ ಭಾರವನ್ನು ಎತ್ತಲು ದೇವತೆಗಳಿಂದ ಆಗುವುದಿಲ್ಲ. ಅವರು ಮತ್ತೆ ಸಹಾಯವನ್ನು ಕೋರುತ್ತಾರೆ. ಅಮೃತದ ಬಯಕೆ ಇದ್ದರೆ ಸಾಕಾಗುವುದಿಲ್ಲ; ಮಥನಕ್ಕೆ ಬೇಕಾದ ಬೆಂಬಲ, ಸಾಧನ ಮತ್ತು ಶಕ್ತಿಯೂ ಸಿದ್ಧವಾಗಬೇಕು.",,50,22,29,,,pending,pending,,
86,G07-S06,"ಮಂದರ, ವಾಸುಕಿ ಮತ್ತು ಕೂರ್ಮಾಧಾರ",MAHABHARATA-1-AADIPARVA-_djvu (1).txt lines 14104–14263,"ವಿಷ್ಣುವಿನ ಸೂಚನೆಯಂತೆ ಅನಂತನು ಮಂದರಪರ್ವತವನ್ನು ಎತ್ತುವ ಕಾರ್ಯದಲ್ಲಿ ನೆರವಾಗುತ್ತಾನೆ. ಸಮುದ್ರವು ಮಥನಕ್ಕೆ ಒಪ್ಪಿ ತನ್ನ ಪಾಲಿನ ನಿರೀಕ್ಷೆಯನ್ನು ತಿಳಿಸುತ್ತದೆ. ಪರ್ವತಕ್ಕೆ ಕೂರ್ಮದ ಆಧಾರ ಸಿಗುತ್ತದೆ. ವಾಸುಕಿಯನ್ನು ಹಗ್ಗವನ್ನಾಗಿ ಸುತ್ತಿ ದೇವತೆಗಳೂ ಅಸುರರೂ ಎರಡೂ ತುದಿಗಳನ್ನು ಹಿಡಿಯುತ್ತಾರೆ. ಪರ್ವತ ತಿರುಗಲು ಆರಂಭಿಸುತ್ತದೆ. ಅದರೊಂದಿಗೆ ಸಮುದ್ರದ ನೀರು, ಔಷಧಿಗಳು ಮತ್ತು ಪರ್ವತದ ವಸ್ತುಗಳು ಬೆರೆಯುತ್ತವೆ. ಇದು ಶಾಂತವಾದ ಉದ್ಯೋಗವಲ್ಲ; ದೇಹಗಳನ್ನು ದಣಿಸುವ, ನೆಲ ಮತ್ತು ಜಲಜೀವನವನ್ನು ಕದಡುವ ಮಹಾಕಾರ್ಯ. ಮೊದಲ ಫಲ ಅಮೃತವಾಗಿರುವುದಿಲ್ಲ.",,50,22,29,,,pending,pending,,
87,G07-S07,ಹಾಲಾಹಲ ಮತ್ತು ನೀಲಕಂಠ,MAHABHARATA-1-AADIPARVA-_djvu (1).txt lines 14264–14382,ಮಥನದಿಂದ ಹಾಲಾಹಲವೆಂಬ ತೀಕ್ಷ್ಣ ವಿಷ ಉದ್ಭವಿಸುತ್ತದೆ. ಅದರ ತಾಪಕ್ಕೆ ದೇವತೆಗಳೂ ಅಸುರರೂ ಹಿಂದೆ ಸರಿಯುತ್ತಾರೆ. ಲೋಕಗಳ ಸಂಕಟವನ್ನು ತಿಳಿಸಲು ದೇವತೆಗಳು ಋಷಿಗಳೊಂದಿಗೆ ಬ್ರಹ್ಮನ ಬಳಿಗೆ ಹೋಗುತ್ತಾರೆ. ಬ್ರಹ್ಮ ರುದ್ರನನ್ನು ಸ್ಮರಿಸುತ್ತಾನೆ. ಶಂಕರನು ಬಂದು ಪರಿಸ್ಥಿತಿಯನ್ನು ತಿಳಿದು ಲೋಕಹಿತಕ್ಕಾಗಿ ವಿಷವನ್ನು ಪಾನಮಾಡುತ್ತಾನೆ. ಅದನ್ನು ಕಂಠದಲ್ಲೇ ಧರಿಸಿದ ಕಾರಣ ಅವನ ಕಂಠ ನೀಲವಾಗುತ್ತದೆ; ಅವನು ನೀಲಕಂಠನೆಂದು ಪ್ರಸಿದ್ಧನಾಗುತ್ತಾನೆ. ಈ ಮೂಲಕಥನದ ನಂತರ ದೇವತೆಗಳು ಸಮುದ್ರಕ್ಕೆ ಮರಳಿ ಮಥನವನ್ನು ಮುಂದುವರಿಸುತ್ತಾರೆ. ವಿಷದ ಅಪಾಯದ ನಡುವೆ ಅಮೃತದ ಪ್ರಯತ್ನ ನಿಂತು ಮತ್ತೆ ಆರಂಭವಾಗಿದೆ.,,55,24,31,,,pending,pending,,
88,G07-S08,ಈ ಆವೃತ್ತಿಯ ವ್ಯಾಖ್ಯಾನ ವಿರಾಮ,MAHABHARATA-1-AADIPARVA-_djvu (1).txt lines 13714–14090,"ಇಲ್ಲಿ ಪುಸ್ತಕದ ವ್ಯಾಖ್ಯಾನಪದರವನ್ನು ಪ್ರತ್ಯೇಕವಾಗಿ ಗಮನಿಸಬೇಕು. ಮಥನದ ಮೂಲಕಥೆಗೆ ಜೊತೆಯಾಗಿ ನೀಡಿರುವ ಮಾಧ್ವ ತಾತ್ಪರ್ಯಭಾಗವು ವಿಷ್ಣುವಿನ ಪ್ರಧಾನ ಪಾತ್ರವನ್ನು ವಿಸ್ತರಿಸುತ್ತದೆ. ವಿಷಪಾನದ ಸಂದರ್ಭದಲ್ಲಿ ವಾಯುದೇವರ ಪಾತ್ರವನ್ನೂ, ರುದ್ರನು ಕುಡಿದ ಅಲ್ಪಭಾಗದ ನಂತರ ಉಳಿದ ವಿಷವನ್ನು ವಾಯು ಸ್ವೀಕರಿಸಿದನೆಂಬ ವಿವರಣೆಯನ್ನೂ ನೀಡುತ್ತದೆ. ಈ ವಿವರಣೆ ಹಿಂದಿನ ದೃಶ್ಯದ ಅದೇ ವಚನವೆಂದು ಕಲಸಬಾರದು. ಈಗ ಮತ್ತೆ ಮಥನದ ಮೂಲನಿರೂಪಣೆಗೆ ಮರಳಿ ಸಮುದ್ರದಿಂದ ಹೊರಬರುವ ವಸ್ತುಗಳನ್ನು ಕಾಣೋಣ.",,45,20,26,,,pending,pending,,
89,G07-S09,ಮಥನದ ಬೆಲೆ ಮತ್ತು ಉದ್ಭವಗಳು,MAHABHARATA-1-AADIPARVA-_djvu (1).txt lines 14383–14565,"ಮಂದರ ತಿರುಗುತ್ತಿದ್ದಂತೆ ಅದರ ಮರಗಳು, ಪಕ್ಷಿಗಳು ಮತ್ತು ಜಲಜೀವಿಗಳು ಸಂಕಟಕ್ಕೊಳಗಾಗುತ್ತವೆ. ಉಷ್ಣ ಮತ್ತು ದಣಿವು ಹೆಚ್ಚಿದಾಗ ಮಳೆ ತಂಪು ನೀಡುತ್ತದೆ. ಔಷಧಿಗಳು ನೀರಿನೊಂದಿಗೆ ಬೆರೆತು ಮಥನ ಮುಂದುವರಿಯುತ್ತದೆ. ಚಂದ್ರ, ಲಕ್ಷ್ಮಿ, ಸುರಾ, ದಿವ್ಯ ಅಶ್ವ ಮತ್ತು ಕೌಸ್ತುಭಮಣಿಯಂತಹ ಅದ್ಭುತ ವಸ್ತುಗಳ ಉದ್ಭವವನ್ನು ಪಾಠ ಹೇಳುತ್ತದೆ. ಕೊನೆಗೆ ಧನ್ವಂತರಿ ಅಮೃತಭರಿತ ಪಾತ್ರೆಯೊಂದಿಗೆ ಕಾಣಿಸಿಕೊಳ್ಳುತ್ತಾನೆ. ನಿರೀಕ್ಷಿತ ಫಲ ಸಿಕ್ಕ ತಕ್ಷಣ ದೇವಾಸುರರ ಸಹಕಾರ ಕುಸಿಯುತ್ತದೆ. ಅಮೃತವನ್ನು ತಮ್ಮ ವಶಕ್ಕೆ ಪಡೆಯಲು ಅಸುರರು ಮುಂದಾಗುತ್ತಾರೆ. ಸಮುದ್ರದೊಳಗಿನ ಸಂಘರ್ಷ ಈಗ ಪಾಲಿನ ಪ್ರಶ್ನೆಯಾಗಿ ಹೊರಬರುತ್ತದೆ.",,56,25,32,,,pending,pending,,
90,G07-S10,ಮೋಹಿನಿಯ ಕೈಯಲ್ಲಿನ ಅಮೃತ,MAHABHARATA-1-AADIPARVA-_djvu (1).txt lines 14566–14647,ಅಮೃತದ ಪಾತ್ರೆ ಅಸುರರ ವಶಕ್ಕೆ ಹೋಗುತ್ತದೆ. ಆಗ ವಿಷ್ಣು ಮೋಹಿನೀರೂಪ ತಾಳುತ್ತಾನೆ. ಅವಳ ಸೌಂದರ್ಯಕ್ಕೆ ಆಕರ್ಷಿತರಾದ ಅಸುರರು ಅಮೃತವನ್ನು ಹಂಚುವ ಹೊಣೆಯನ್ನು ಅವಳಿಗೆ ಕೊಡುತ್ತಾರೆ. ಅವಳು ದೇವತೆಗಳನ್ನೂ ಅಸುರರನ್ನೂ ಪ್ರತ್ಯೇಕವಾಗಿ ಕುಳ್ಳಿರಿಸಿ ದೇವತೆಗಳಿಗೆ ಅಮೃತ ವಿತರಿಸುತ್ತಾಳೆ. ತಮ್ಮ ಪಾಲು ಬರುವುದನ್ನು ಕಾಯುವ ಅಸುರರಿಗೆ ನಡೆಯುತ್ತಿರುವುದು ಅರ್ಥವಾಗುವಷ್ಟರಲ್ಲಿ ಸ್ಥಿತಿ ಬದಲಾಗಿದೆ. ಒಟ್ಟಾಗಿ ನಡೆಸಿದ ಮಥನದ ಫಲ ಒಂದೇ ರೀತಿಯಾಗಿ ಹಂಚಿಕೆಯಾಗುವುದಿಲ್ಲ.,,42,19,24,,,pending,pending,,
91,G07-S11,ರಾಹು ಮತ್ತು ದೇವಾಸುರ ಸಮರ,MAHABHARATA-1-AADIPARVA-_djvu (1).txt lines 14656–14983,ರಾಹು ದೇವತೆಯ ರೂಪದಲ್ಲಿ ಅಮೃತಪಾನಕ್ಕೆ ಸಾಲಿನಲ್ಲಿ ಸೇರುತ್ತಾನೆ. ಸೂರ್ಯ ಮತ್ತು ಚಂದ್ರ ಅವನನ್ನು ಗುರುತಿಸಿ ತಿಳಿಸುತ್ತಾರೆ. ವಿಷ್ಣು ಅವನ ಶಿರವನ್ನು ಛೇದಿಸುತ್ತಾನೆ; ಅಮೃತ ತಲುಪಿದ ಶಿರ ಜೀವಂತವಾಗಿರುತ್ತದೆ. ಸೂರ್ಯಚಂದ್ರರ ಮೇಲಿನ ರಾಹುವಿನ ವೈರಕ್ಕೆ ಕಥೆ ಇಲ್ಲಿ ಕಾರಣ ನೀಡುತ್ತದೆ. ಮೋಸ ತಿಳಿದ ಅಸುರರು ಆಯುಧ ಎತ್ತುತ್ತಾರೆ. ನರನಾರಾಯಣರ ಸಹಾಯದೊಂದಿಗೆ ದೇವತೆಗಳು ಸಮರ ನಡೆಸಿ ಅಸುರರನ್ನು ಸೋಲಿಸುತ್ತಾರೆ. ಮಂದರ ಮತ್ತೆ ತನ್ನ ಸ್ಥಾನಕ್ಕೆ ತಲುಪುತ್ತದೆ; ಅಮೃತ ರಕ್ಷಣೆಗೆ ವ್ಯವಸ್ಥೆ ಮಾಡಲಾಗುತ್ತದೆ. ಉಚ್ಚೈಃಶ್ರವಸ್ಸು ಉದ್ಭವಿಸಿದ ಮಥನದ ಕಥೆ ಈಗ ಮುಗಿದಿದೆ.,,55,24,31,,,pending,pending,,
92,G07-S12,ಕದ್ರುವಿನ ಶಾಪ,MAHABHARATA-1-AADIPARVA-_djvu (1).txt lines 14992–15164,"ನಾವು ಮತ್ತೆ ಕದ್ರು ಮತ್ತು ವಿನತೆಯ ಪಣದ ಕಡೆಗೆ ಬರುತ್ತೇವೆ. ತನ್ನ ಮಾತು ಸುಳ್ಳಾಗದಂತೆ ಕದ್ರು ಪುತ್ರರಿಗೆ ಒಂದು ಉಪಾಯ ಹೇಳುತ್ತಾಳೆ: ಉಚ್ಚೈಃಶ್ರವಸ್ಸಿನ ಬಾಲಕ್ಕೆ ಅಂಟಿಕೊಂಡು ಅದು ಕಪ್ಪಾಗಿ ಕಾಣುವಂತೆ ಮಾಡಬೇಕು. ಕೆಲ ಸರ್ಪಪುತ್ರರು ಈ ವಂಚನೆಗೆ ಒಪ್ಪುವುದಿಲ್ಲ. ಕೋಪಗೊಂಡ ಕದ್ರು, ತನ್ನ ಮಾತನ್ನು ಪಾಲಿಸದವರು ಜನಮೇಜಯನ ಸರ್ಪಸತ್ರದಲ್ಲಿ ಸುಟ್ಟುಹೋಗಲಿ ಎಂದು ಶಪಿಸುತ್ತಾಳೆ. ಬ್ರಹ್ಮ ಅದನ್ನು ಅನುಮೋದಿಸುವ ಕಾರಣವನ್ನೂ ಪಾಠ ವಿವರಿಸುತ್ತದೆ. ಕಾರ್ಕೋಟಕನು ತಾಯಿಗೆ ಸಹಾಯದ ಭರವಸೆ ನೀಡುತ್ತಾನೆ. ನಾಳೆ ಕಾಣುವ ಬಾಲದ ಬಣ್ಣ ವಿನತೆಯ ಬದುಕನ್ನು ಬದಲಾಯಿಸಲಿದೆ.",,56,25,32,,,pending,pending,,
93,G08-S01,ಸಮುದ್ರದಾಚೆಯ ಪಣ,MAHABHARATA-1-AADIPARVA-_djvu (1).txt lines 15167–15408,"ಕದ್ರು ಮತ್ತು ವಿನತೆ ಉಚ್ಚೈಃಶ್ರವಸ್ಸನ್ನು ಮತ್ತೆ ನೋಡಲು ಹೊರಡುತ್ತಾರೆ. ಅವರ ದಾರಿಯಲ್ಲಿ ವಿಶಾಲ ಸಮುದ್ರದ ವರ್ಣನೆ ಬರುತ್ತದೆ—ಅಲೆಗಳು, ಜಲಜೀವಿಗಳು ಮತ್ತು ಅಳೆಯಲಾಗದ ಆಳ. ಕುದುರೆಯ ಬಳಿಗೆ ತಲುಪಿದಾಗ ಅದರ ಬಾಲ ಕಪ್ಪಾಗಿ ಕಾಣುತ್ತದೆ. ಸರ್ಪಗಳು ಅದಕ್ಕೆ ಅಂಟಿಕೊಂಡಿರುವ ಕುತಂತ್ರ ವಿನತೆಗೆ ತಿಳಿದಿಲ್ಲ. ತಾನು ಪಣದಲ್ಲಿ ಸೋತಿರುವೆನೆಂದು ಒಪ್ಪಿ ಕದ್ರುವಿನ ದಾಸಿಯಾಗುತ್ತಾಳೆ. ಒಂದು ಸುಳ್ಳಿನ ನೆರವು ಪಡೆದ ಗೆಲುವು ತಾಯಿಯ ಬದುಕನ್ನು ಅಧೀನತೆಗೆ ತಳ್ಳುತ್ತದೆ. ಅರುಣನು ಹೇಳಿದ್ದ ಭವಿಷ್ಯ ಈಗ ನೆರವೇರಿದೆ.",,50,22,29,,,pending,pending,,
94,G08-S02,ಗರುಡನ ಪ್ರಕಾಶ,MAHABHARATA-1-AADIPARVA-_djvu (1).txt lines 15409–15731,ಕಾಲಪಕ್ವವಾದಾಗ ವಿನತೆಯ ಎರಡನೆಯ ಮೊಟ್ಟೆಯಿಂದ ಗರುಡನು ಹೊರಬರುತ್ತಾನೆ. ಅವನ ತೇಜಸ್ಸು ಅಗ್ನಿಯಂತೆ ವ್ಯಾಪಿಸುತ್ತದೆ. ದೇವತೆಗಳು ಅದನ್ನು ಹೊಸ ಅಗ್ನಿಪ್ರಳಯವೆಂದು ಭಯಪಡುತ್ತಾರೆ. ಅದು ವಿನತಾಪುತ್ರ ಗರುಡನೆಂದು ತಿಳಿದ ನಂತರ ಅವನನ್ನು ಸ್ತುತಿಸುತ್ತಾರೆ. ಗರುಡನು ಅವರ ಆತಂಕವನ್ನು ತಿಳಿದು ತನ್ನ ರೂಪ ಮತ್ತು ಪ್ರಕಾಶವನ್ನು ಮಿತಿಗೊಳಿಸುತ್ತಾನೆ. ಅವನ ಬಲ ಅಪಾರವಾದರೂ ತನ್ನ ಮುಂದೆ ಇರುವವರ ಭಯವನ್ನು ಅವನು ಗಮನಿಸುತ್ತಾನೆ. ಈ ಮಹಾಶಕ್ತಿಯ ಪುತ್ರ ಹುಟ್ಟಿದ ಸಮಯದಲ್ಲಿ ಅವನ ತಾಯಿ ಇನ್ನೂ ದಾಸಿಯಾಗಿದ್ದಾಳೆ. ಅವನ ಮೊದಲ ದೊಡ್ಡ ಕಾರ್ಯ ಆ ಸ್ಥಿತಿಯನ್ನು ಬದಲಾಯಿಸುವುದಾಗಲಿದೆ.,,56,25,32,,,pending,pending,,
95,G08-S03,ದಾಸ್ಯದ ಪ್ರಯಾಣ ಮತ್ತು ಮಳೆ,MAHABHARATA-1-AADIPARVA-_djvu (1).txt lines 15737–16004,ಕದ್ರು ವಿನತೆಯನ್ನು ತನ್ನನ್ನು ಹೊತ್ತುಕೊಂಡು ಹೋಗಲು ಹೇಳುತ್ತಾಳೆ. ಗರುಡನು ಸರ್ಪಗಳನ್ನು ಹೊತ್ತು ಸಾಗುತ್ತಾನೆ. ದಾಸ್ಯದ ಕಷ್ಟ ಈಗ ತಾಯಿ ಮತ್ತು ಮಗ ಇಬ್ಬರಿಗೂ ಅನುಭವವಾಗುತ್ತದೆ. ಗರುಡನು ಎತ್ತರಕ್ಕೆ ಏರಿದಾಗ ಸೂರ್ಯನ ತಾಪಕ್ಕೆ ಸರ್ಪಗಳು ಬಳಲುತ್ತವೆ. ಕದ್ರು ಇಂದ್ರನನ್ನು ಸ್ತುತಿಸಿ ಮಳೆ ಬೇಡುತ್ತಾಳೆ. ಇಂದ್ರನು ಮೋಡಗಳನ್ನು ಕಳುಹಿಸಿ ಮಳೆ ಸುರಿಸುತ್ತಾನೆ. ಸರ್ಪಗಳ ತಾಪ ಕಡಿಮೆಯಾಗುತ್ತದೆ. ಅವರು ಸುಂದರ ದ್ವೀಪಕ್ಕೆ ತಲುಪಿದರೂ ಗರುಡನಿಗೆ ಒಂದು ಪ್ರಶ್ನೆ ಉಳಿಯುತ್ತದೆ: ಇತರರ ಆದೇಶದಂತೆ ತನ್ನ ತಾಯಿ ಏಕೆ ಈ ಸೇವೆ ಮಾಡಬೇಕು?,,54,24,31,,,pending,pending,,
96,G08-S04,ಬಿಡುಗಡೆಯ ಬೆಲೆ,MAHABHARATA-1-AADIPARVA-_djvu (1).txt lines 16008–16213,"ಗರುಡನು ವಿನತೆಯನ್ನು ಅವಳ ದಾಸ್ಯಕ್ಕೆ ಕಾರಣ ಕೇಳುತ್ತಾನೆ. ತಾಯಿ ಕದ್ರುವಿನೊಂದಿಗೆ ಮಾಡಿದ ಪಣ ಮತ್ತು ಸೋಲಿನ ವಿಷಯವನ್ನು ಹೇಳುತ್ತಾಳೆ. ಗರುಡನು ಸರ್ಪರ ಬಳಿಗೆ ಹೋಗಿ, ಯಾವ ಕಾರ್ಯ ಮಾಡಿದರೆ ತಾಯಿ ಬಿಡುಗಡೆಯಾಗುವಳು ಎಂದು ಕೇಳುತ್ತಾನೆ. ಅವರು ಅಮೃತವನ್ನು ತಂದುಕೊಡಬೇಕು ಎಂದು ಷರತ್ತು ಇಡುತ್ತಾರೆ. ಗರುಡನು ಒಪ್ಪುತ್ತಾನೆ. ಇದು ಅವನಿಗೆ ಅಮರತ್ವದ ಲೋಭವಲ್ಲ; ತಾಯಿಯನ್ನು ಬಿಡಿಸುವ ಕಾರ್ಯ. ಆದರೆ ದೂರದ ಯಾನಕ್ಕೆ ಅವನಿಗೆ ಆಹಾರ ಬೇಕು. ವಿನತೆ ಅವನಿಗೆ ದಾರಿಯ ಉಪಾಯವನ್ನೂ ಕೆಲವು ಎಚ್ಚರಿಕೆಗಳನ್ನೂ ತಿಳಿಸಿ ಆಶೀರ್ವದಿಸುತ್ತಾಳೆ.",,54,24,31,,,pending,pending,,
97,G08-S05,ಹಸಿವಿನ ಕಠಿಣ ಘಟನೆ,MAHABHARATA-1-AADIPARVA-_djvu (1).txt lines 16214–16398,"ವಿನತೆಯ ಸೂಚನೆಯಂತೆ ಗರುಡನು ನಿಷಾದರ ಪ್ರದೇಶಕ್ಕೆ ಹೋಗಿ ಆಹಾರ ಪಡೆಯುತ್ತಾನೆ. ಅವನ ಕಂಠದಲ್ಲಿ ಉರಿಯುವ ಅನುಭವ ಉಂಟಾದಾಗ, ಒಳಗೆ ಬ್ರಾಹ್ಮಣನೊಬ್ಬ ಇರುವುದನ್ನು ತಿಳಿಯುತ್ತಾನೆ. ಹೊರಗೆ ಬರಲು ಹೇಳಿದಾಗ ಆ ಬ್ರಾಹ್ಮಣ ತನ್ನ ನಿಷಾದ ಪತ್ನಿಯನ್ನೂ ಉಳಿಸಬೇಕೆಂದು ಕೇಳುತ್ತಾನೆ. ಗರುಡನು ಇಬ್ಬರನ್ನೂ ಬಿಡುತ್ತಾನೆ. ಹಸಿವಿನ ಕಥೆಯೊಳಗೆ ದಂಪತಿಯ ಪರಸ್ಪರ ನಿಷ್ಠೆಯೂ ಕಾಣುತ್ತದೆ. ಉಳಿದ ಹಸಿವು ತೀರಲು ಅವನು ತನ್ನ ತಂದೆ ಕಶ್ಯಪನ ಬಳಿಗೆ ಹೊರಡುತ್ತಾನೆ.",,45,20,26,,,pending,pending,,
98,G08-S06,ಸಹೋದರರ ಆಸ್ತಿ ಕಲಹ,MAHABHARATA-1-AADIPARVA-_djvu (1).txt lines 16400–16537,ಕಶ್ಯಪನು ಗರುಡನಿಗೆ ಒಂದು ಸರೋವರದಲ್ಲಿರುವ ದೊಡ್ಡ ಆನೆ ಮತ್ತು ಆಮೆಯ ಕಥೆಯನ್ನು ಹೇಳುತ್ತಾನೆ. ಅವು ಹಿಂದೆ ಸುಪ್ರತೀಕ ಮತ್ತು ವಿಭಾವಸು ಎಂಬ ಸಹೋದರರು. ಆಸ್ತಿ ವಿಭಾಗದ ವಿಷಯದಲ್ಲಿ ಅವರ ನಡುವೆ ಕಲಹ ಬೆಳೆದಿತ್ತು. ಅಣ್ಣ ವಿಭಾವಸು ಪಾಲುಮಾಡಿದರೆ ಸಂಬಂಧ ಹಾಳಾಗುತ್ತದೆಂದು ಹೇಳಿದರೂ ತಮ್ಮ ಸುಪ್ರತೀಕ ತನ್ನ ಪಾಲನ್ನು ಕೇಳುತ್ತಲೇ ಇದ್ದ. ಕೋಪದಲ್ಲಿ ಇಬ್ಬರೂ ಪರಸ್ಪರ ಶಾಪ ಕೊಡುತ್ತಾರೆ. ಸುಪ್ರತೀಕ ಆನೆಯಾಗುತ್ತಾನೆ; ವಿಭಾವಸು ಆಮೆಯಾಗುತ್ತಾನೆ. ರೂಪ ಬದಲಾಗಿದ್ದರೂ ಅವರ ವೈಷಮ್ಯ ಕಡಿಮೆಯಾಗದೆ ಸರೋವರದಲ್ಲೂ ಹೋರಾಟ ಮುಂದುವರಿಯುತ್ತದೆ. ಗರುಡನ ಆಹಾರಕ್ಕೆ ಅವರ ಕಥೆ ಇಲ್ಲಿ ಸೇರಿದೆ.,,59,26,34,,,pending,pending,,
99,G08-S07,"ಆನೆ, ಆಮೆ ಮತ್ತು ಮುರಿಯುವ ಕೊಂಬೆ",MAHABHARATA-1-AADIPARVA-_djvu (1).txt lines 16538–16675,ಕಶ್ಯಪನ ಸೂಚನೆಯಂತೆ ಗರುಡನು ಆನೆ ಮತ್ತು ಆಮೆಯನ್ನು ತನ್ನ ಪಂಜಗಳಲ್ಲಿ ಹಿಡಿದು ಹಾರುತ್ತಾನೆ. ಅವುಗಳನ್ನು ತಿನ್ನಲು ದೃಢವಾದ ಆಸರೆಯನ್ನು ಹುಡುಕುತ್ತಾನೆ. ದೊಡ್ಡ ವಟವೃಕ್ಷ ಅವನಿಗೆ ಕುಳಿತುಕೊಳ್ಳುವಂತೆ ಆಹ್ವಾನಿಸುತ್ತದೆ. ಆದರೆ ಗರುಡನ ಭಾರದಿಂದ ಕೊಂಬೆ ಮುರಿಯುತ್ತದೆ. ಆ ಕೊಂಬೆಯಲ್ಲಿ ತಲೆಕೆಳಗಾಗಿ ತಪಸ್ಸು ಮಾಡುತ್ತಿದ್ದ ವಾಲಖಿಲ್ಯ ಋಷಿಗಳು ಇದ್ದಾರೆ. ಕೊಂಬೆ ಬಿದ್ದರೆ ಅವರಿಗೆ ಅಪಾಯ. ಗರುಡನು ಆನೆ ಮತ್ತು ಆಮೆಯನ್ನು ಬಿಡದೆ ಕೊಂಬೆಯನ್ನೂ ಹಿಡಿದುಕೊಳ್ಳುತ್ತಾನೆ. ತನ್ನ ಹಸಿವು ತೀರಿಸುವ ಮುನ್ನ ಅವರ ರಕ್ಷಣೆಯ ದಾರಿ ಹುಡುಕಬೇಕಾಗಿದೆ.,,52,23,30,,,pending,pending,,
100,G08-S08,ಋಷಿಗಳ ಸುರಕ್ಷಿತ ಇಳಿಕೆ,MAHABHARATA-1-AADIPARVA-_djvu (1).txt lines 16679–16865,ಭಾರವಾದ ಕೊಂಬೆಯೊಂದಿಗೆ ಗರುಡನು ಕಶ್ಯಪನನ್ನು ಮತ್ತೆ ಸಮೀಪಿಸುತ್ತಾನೆ. ಸಣ್ಣ ದೇಹದ ವಾಲಖಿಲ್ಯರನ್ನು ಲಘುವಾಗಿ ಕಾಣಬಾರದೆಂದು ತಂದೆ ಎಚ್ಚರಿಸುತ್ತಾನೆ; ಅವರ ತಪೋಬಲ ಅಪಾರ. ಗರುಡನ ಉದ್ದೇಶವನ್ನು ತಿಳಿಸಿ ಕಶ್ಯಪನು ಋಷಿಗಳನ್ನು ಸಮಾಧಾನಪಡಿಸುತ್ತಾನೆ. ಅವರು ಕೊಂಬೆಯಿಂದ ಇಳಿದು ಮತ್ತೊಂದು ಸ್ಥಳಕ್ಕೆ ತೆರಳುತ್ತಾರೆ. ಈಗ ಕೊಂಬೆಯನ್ನು ಸುರಕ್ಷಿತವಾಗಿ ಬಿಡಲು ಯಾವ ಪ್ರದೇಶ ಸೂಕ್ತವೆಂದು ಗರುಡನು ಕೇಳುತ್ತಾನೆ. ತಂದೆ ಸೂಚಿಸಿದ ನಿರ್ಜನ ಹಿಮಾಲಯ ಪ್ರದೇಶದ ಕಡೆಗೆ ಅವನು ಹಾರುತ್ತಾನೆ. ತನ್ನ ಬಲಕ್ಕಿಂತ ಸಣ್ಣವರ ಸುರಕ್ಷತೆಯನ್ನು ಕಾಯ್ದ ನಂತರವೇ ಅವನ ಪ್ರಯಾಣ ಮುಂದುವರಿಯುತ್ತದೆ.,,54,24,31,,,pending,pending,,
101,G08-S09,ಹಿಮಾಲಯದ ಆಹಾರ ಮತ್ತು ದೇವತೆಗಳ ಆತಂಕ,MAHABHARATA-1-AADIPARVA-_djvu (1).txt lines 16866–17141,ನಿರ್ಜನ ಪ್ರದೇಶದಲ್ಲಿ ಗರುಡನು ಕೊಂಬೆಯನ್ನು ಬಿಡುತ್ತಾನೆ. ನಂತರ ಆನೆ ಮತ್ತು ಆಮೆಯನ್ನು ಆಹಾರವಾಗಿ ಸ್ವೀಕರಿಸಿ ತನ್ನ ಬಲವನ್ನು ತುಂಬಿಕೊಳ್ಳುತ್ತಾನೆ. ಮುಂದೆ ಅವನ ದಾರಿ ಅಮೃತದ ಕಡೆಗೆ. ದೇವಲೋಕದಲ್ಲಿ ಅಪಶಕುನಗಳು ಕಾಣುತ್ತವೆ; ಇಂದ್ರನಿಗೂ ಅಪಾಯದ ಸುದ್ದಿ ತಿಳಿಯುತ್ತದೆ. ಬೃಹಸ್ಪತಿ ವಾಲಖಿಲ್ಯರಿಗೆ ಹಿಂದೆ ಇಂದ್ರನು ಮಾಡಿದ ಅವಮಾನವನ್ನು ನೆನಪಿಸುತ್ತಾನೆ. ಆ ತಪಸ್ಸಿನ ಫಲವಾಗಿ ಬಂದ ಗರುಡನನ್ನು ಎದುರಿಸುವುದು ಸುಲಭವಲ್ಲವೆಂದು ತಿಳಿಸುತ್ತಾನೆ. ಅಮೃತವನ್ನು ಕಾಯುವವರು ಆಯುಧಗಳನ್ನು ಸಿದ್ಧಪಡಿಸುತ್ತಾರೆ. ತಾಯಿಯನ್ನು ಬಿಡಿಸಲು ಹಾರಿದ ಪಕ್ಷಿರಾಜ ಈಗ ದೇವಸೇನೆಯ ಎದುರು ತಲುಪಲಿದ್ದಾನೆ.,,53,24,30,,,pending,pending,,
102,G09-S01,ಸಣ್ಣ ಋಷಿಗಳನ್ನು ನಗಿದ ಇಂದ್ರ,MAHABHARATA-1-AADIPARVA-_djvu (1).txt lines 17148–17330,ಕಶ್ಯಪನ ಯಜ್ಞಕ್ಕೆ ಇಂಧನ ತರಲು ಇಂದ್ರನೂ ವಾಲಖಿಲ್ಯರೂ ಹೊರಟಿದ್ದರು. ಇಂದ್ರನು ದೊಡ್ಡ ಕಟ್ಟಿಗೆಯ ಭಾರ ಹೊತ್ತು ಬರುತ್ತಿದ್ದ. ಅತಿ ಸಣ್ಣ ದೇಹದ ಋಷಿಗಳು ಒಂದು ಎಲೆಯ ಕಡ್ಡಿಯನ್ನು ಹೊತ್ತು ಕಷ್ಟಪಡುತ್ತಿದ್ದರು; ಗೋವಿನ ಹೆಜ್ಜೆಯಿಂದಾದ ನೀರಿನ ಗುಂಡಿಯೂ ಅವರಿಗೆ ಅಡ್ಡಿಯಾಗಿತ್ತು. ಅವರ ಶ್ರಮವನ್ನು ಕಂಡ ಇಂದ್ರ ನಕ್ಕು ಮುಂದೆ ಹೋದ. ಅವಮಾನಗೊಂಡ ವಾಲಖಿಲ್ಯರು ಇಂದ್ರನಿಗಿಂತ ಬಲಶಾಲಿಯಾದ ಮತ್ತೊಬ್ಬ ಇಂದ್ರನು ಹುಟ್ಟಲಿ ಎಂದು ತಪಸ್ಸು ಕೈಗೊಂಡರು. ಕಶ್ಯಪನು ಮಧ್ಯಸ್ಥಿಕೆ ಮಾಡಿ ಅವರ ಸಂಕಲ್ಪವನ್ನು ಪಕ್ಷಿಗಳ ಇಂದ್ರನ ಜನನದ ಕಡೆಗೆ ತಿರುಗಿಸಿದನು.,,55,24,31,,,pending,pending,,
103,G09-S02,ಪಕ್ಷಿರಾಜನ ಜನ್ಮಕ್ಕೆ ತಪಸ್ಸಿನ ಫಲ,MAHABHARATA-1-AADIPARVA-_djvu (1).txt lines 17331–17455,"ಕಶ್ಯಪನು ವಾಲಖಿಲ್ಯರ ತಪಸ್ಸು ವ್ಯರ್ಥವಾಗದಂತೆ ಅವರ ಆಶಯವನ್ನು ಗೌರವಿಸುತ್ತಾನೆ. ದೇವತೆಗಳ ಇಂದ್ರನ ಸ್ಥಾನವನ್ನು ನಾಶಮಾಡದೆ, ಪಕ್ಷಿಗಳಲ್ಲಿ ಮಹಾಬಲಶಾಲಿ ನಾಯಕನು ಜನಿಸಲಿ ಎಂಬ ನಿರ್ಣಯವಾಗುತ್ತದೆ. ವಿನತೆಯ ಸಂತಾನಕ್ಕೆ ಆ ಅನುಗ್ರಹ ಸೇರುತ್ತದೆ. ಹೀಗೆ ಗರುಡನ ಬಲದ ಹಿಂದೆ ತಾಯಿಯ ವರ ಮಾತ್ರವಲ್ಲ, ಅವಮಾನಿತ ಋಷಿಗಳ ತಪಸ್ಸಿನ ಶಕ್ತಿಯೂ ಇದೆ. ಈಗ ಕಥೆ ಮತ್ತೆ ಅಮೃತದ ರಕ್ಷಣೆಗೆ ಮರಳುತ್ತದೆ. ಇಂದ್ರನು ಎದುರಿಸುತ್ತಿರುವವನು ಸಾಮಾನ್ಯ ಪಕ್ಷಿಯಲ್ಲವೆಂಬ ಎಚ್ಚರಿಕೆ ಬೃಹಸ್ಪತಿಯ ಮಾತಿನಲ್ಲಿ ಸ್ಪಷ್ಟವಾಗುತ್ತದೆ.",,48,21,27,,,pending,pending,,
104,G09-S03,ಅಮೃತರಕ್ಷಕರ ಎದುರು,MAHABHARATA-1-AADIPARVA-_djvu (1).txt lines 17458–17697,"ಗರುಡನು ದೇವಸೇನೆಯ ಎದುರಿಗೆ ಬರುತ್ತಾನೆ. ಅವನ ರೆಕ್ಕೆಗಳ ಬಲದಿಂದ ಧೂಳು ಎದ್ದು ರಕ್ಷಕರ ದೃಷ್ಟಿ ಮುಚ್ಚುತ್ತದೆ. ದೇವತೆಗಳು ಮತ್ತೆ ಸಂಘಟಿಸಿ ಆಯುಧಗಳನ್ನು ಪ್ರಯೋಗಿಸುತ್ತಾರೆ. ಗರುಡನು ಚಂಚು, ಪಂಜ ಮತ್ತು ರೆಕ್ಕೆಗಳಿಂದ ಅವರ ದಾಳಿಯನ್ನು ಎದುರಿಸುತ್ತಾನೆ. ವಿಭಿನ್ನ ದೇವಗಣಗಳು ಹಿಂದೆ ಸರಿಯುತ್ತವೆ. ಈ ಜಯದ ನಂತರವೂ ಅಮೃತವನ್ನು ನೇರವಾಗಿ ತೆಗೆದುಕೊಳ್ಳಲು ಸಾಧ್ಯವಿಲ್ಲ. ಪಾತ್ರೆಯ ಸುತ್ತ ಅಗ್ನಿ, ತೀಕ್ಷ್ಣ ಚಕ್ರ ಮತ್ತು ವಿಷದೃಷ್ಟಿಯ ಸರ್ಪರಕ್ಷಕರು ಇನ್ನೂ ಉಳಿದಿದ್ದಾರೆ. ಬಲದ ಸಮರ ಮುಗಿದಂತೆ ಕಂಡರೂ ಮುಂದಿನ ಅಡೆತಡೆಗಳಿಗೆ ಬೇರೆ ಉಪಾಯ ಬೇಕಾಗಿದೆ.",,55,24,31,,,pending,pending,,
105,G09-S04,ಅಗ್ನಿವಲಯ ಮತ್ತು ತಿರುಗುವ ಚಕ್ರ,MAHABHARATA-1-AADIPARVA-_djvu (1).txt lines 17699–17779,"ಅಮೃತದ ಸುತ್ತಲಿನ ಅಗ್ನಿ ಅತಿ ತೀವ್ರವಾಗಿದೆ. ಗರುಡನು ನೀರನ್ನು ತಂದು ಅದನ್ನು ಶಮನಗೊಳಿಸುತ್ತಾನೆ. ನಂತರ ತೀಕ್ಷ್ಣ ಅಂಚುಗಳಿರುವ ಚಕ್ರ ನಿರಂತರ ತಿರುಗುತ್ತಿರುವುದನ್ನು ಕಾಣುತ್ತಾನೆ. ತನ್ನ ದೇಹವನ್ನು ಸಣ್ಣದಾಗಿ ಮಾಡಿಕೊಂಡು ಅದರ ತೆರವಿನೊಳಗೆ ಸರಿಯಾದ ಕ್ಷಣದಲ್ಲಿ ಪ್ರವೇಶಿಸುತ್ತಾನೆ. ಕೆಳಗೆ ಇಬ್ಬರು ಭಯಂಕರ ಸರ್ಪಗಳು ಕಾವಲು ಕಾಯುತ್ತಿವೆ. ಅವರ ಕಣ್ಣುಗಳಿಗೆ ಧೂಳು ಎರಚಿ ದೃಷ್ಟಿಯನ್ನು ತಡೆಯುತ್ತಾನೆ; ನಂತರ ಅವರನ್ನು ಜಯಿಸುತ್ತಾನೆ. ತನ್ನ ದೇಹದ ಗಾತ್ರ, ವೇಗ ಮತ್ತು ಸಮಯದ ಅರಿವನ್ನು ಬಳಸಿ ಪ್ರತಿ ಅಡೆತಡೆಯನ್ನೂ ವಿಭಿನ್ನವಾಗಿ ದಾಟುತ್ತಾನೆ. ಕೊನೆಗೆ ಅಮೃತದ ಪಾತ್ರೆ ಅವನ ಕೈಗೆ ಸಿಗುತ್ತದೆ.",,59,26,34,,,pending,pending,,
106,G09-S05,ಕುಡಿಯದ ಅಮೃತ ಮತ್ತು ವಿಷ್ಣುವಿನ ವರ,MAHABHARATA-1-AADIPARVA-_djvu (1).txt lines 17780–17872,"ಅಮೃತ ದೊರೆತರೂ ಗರುಡನು ಅದನ್ನು ಕುಡಿಯುವುದಿಲ್ಲ. ತಾಯಿಯ ಬಿಡುಗಡೆಯ ಷರತ್ತನ್ನು ನೆರವೇರಿಸಲು ಮಾತ್ರ ತೆಗೆದುಕೊಂಡಿದ್ದಾನೆ. ಅವನ ನಿರ್ಲೋಭತೆಯನ್ನು ಮೆಚ್ಚಿದ ವಿಷ್ಣು ವರ ಕೇಳಲು ಹೇಳುತ್ತಾನೆ. ಗರುಡನು ಅಮೃತಪಾನವಿಲ್ಲದೆಯೇ ಅಜರಾಮರತ್ವವನ್ನೂ ವಿಷ್ಣುವಿಗಿಂತ ಮೇಲಿನ ಸ್ಥಾನವನ್ನೂ ಕೇಳುತ್ತಾನೆ. ವರ ದೊರೆಯುತ್ತದೆ. ಪ್ರತಿಯಾಗಿ ವಿಷ್ಣುವಿಗೂ ವರ ಕೊಡುವುದಾಗಿ ಹೇಳಿದಾಗ, ತನ್ನ ವಾಹನವಾಗಬೇಕೆಂಬ ಬೇಡಿಕೆಯನ್ನು ಒಪ್ಪುತ್ತಾನೆ. ಧ್ವಜದಲ್ಲಿಯೂ ಸ್ಥಾನ ಸಿಗುವುದರಿಂದ ಮೇಲಿರುವ ವರವೂ ನೆರವೇರುತ್ತದೆ. ತಾಯಿಗಾಗಿ ಹೊರಟ ಯಾನ ಈಗ ವಿಷ್ಣು–ಗರುಡರ ಶಾಶ್ವತ ಸಂಬಂಧಕ್ಕೆ ಕಾರಣವಾಗಿದೆ.",,50,22,29,,,pending,pending,,
107,G09-S06,"ವಜ್ರಕ್ಕೆ ಗೌರವ, ಇಂದ್ರನಿಗೆ ಸ್ನೇಹ",MAHABHARATA-1-AADIPARVA-_djvu (1).txt lines 17873–18087,ಇಂದ್ರನು ಗರುಡನನ್ನು ಹಿಂಬಾಲಿಸಿ ವಜ್ರಾಯುಧವನ್ನು ಪ್ರಯೋಗಿಸುತ್ತಾನೆ. ಗರುಡನ ಬಲಕ್ಕೆ ಆ ಪ್ರಹಾರದಿಂದ ಹಾನಿಯಾಗುವುದಿಲ್ಲ. ಆದರೂ ವಜ್ರದ ಮಹಿಮೆಗೆ ಗೌರವ ಸೂಚಿಸಿ ಒಂದು ರೆಕ್ಕೆಯನ್ನು ಬಿಟ್ಟುಬಿಡುತ್ತಾನೆ. ಅವನ ಸಾಮರ್ಥ್ಯವನ್ನು ತಿಳಿದ ಇಂದ್ರ ಸ್ನೇಹಕ್ಕೆ ಬರುತ್ತಾನೆ. ಗರುಡನ ಉದ್ದೇಶ ಅಮೃತವನ್ನು ಸ್ವತಃ ಕುಡಿಯುವುದಲ್ಲವೆಂದು ತಿಳಿಯುತ್ತದೆ. ತಾಯಿಯ ಬಿಡುಗಡೆ ನೆರವೇರಿದ ಮೇಲೆ ಸರ್ಪಗಳು ಅಮೃತವನ್ನು ಪಡೆಯದಂತೆ ಇಂದ್ರ ಅದನ್ನು ಮರಳಿ ತೆಗೆದುಕೊಳ್ಳಬಹುದು ಎಂಬ ವ್ಯವಸ್ಥೆ ಮಾಡುತ್ತಾರೆ. ಸರ್ಪಗಳು ತನ್ನ ಆಹಾರವಾಗಲಿ ಎಂದು ಗರುಡನು ವರ ಕೇಳಿ ಪಡೆಯುತ್ತಾನೆ. ಶತ್ರುವಾಗಿ ಹಿಂಬಾಲಿಸಿದವನು ಈಗ ಕಾರ್ಯಸಾಧನೆಗೆ ನೆರವಾಗುವ ಸ್ನೇಹಿತನಾಗುತ್ತಾನೆ.,,58,26,33,,,pending,pending,,
108,G09-S07,ವಿನತೆಯ ವಿಮೋಚನೆ,MAHABHARATA-1-AADIPARVA-_djvu (1).txt lines 18088–18181,ಗರುಡನು ಅಮೃತದ ಪಾತ್ರೆಯನ್ನು ಸರ್ಪರ ಮುಂದೆ ದರ್ಭೆಯ ಮೇಲೆ ಇಡುತ್ತಾನೆ. ಒಪ್ಪಿದಂತೆ ತಾಯಿಯನ್ನು ದಾಸ್ಯದಿಂದ ಬಿಡಿಸಬೇಕು ಎಂದು ಹೇಳುತ್ತಾನೆ. ವಿನತೆ ಮುಕ್ತಳಾಗುತ್ತಾಳೆ. ಅಮೃತಪಾನಕ್ಕೆ ಮೊದಲು ಸ್ನಾನಮಾಡಿ ಶುದ್ಧರಾಗಿ ಬರಲು ಗರುಡನು ಸರ್ಪರಿಗೆ ಹೇಳುತ್ತಾನೆ. ಅವರು ದೂರ ಹೋದಾಗ ಇಂದ್ರನು ಪಾತ್ರೆಯನ್ನು ಮರಳಿ ತೆಗೆದುಕೊಂಡು ಹೋಗುತ್ತಾನೆ. ಬಂದ ಸರ್ಪಗಳು ಅಮೃತವನ್ನು ಕಾಣದೆ ಅದು ಇರಿಸಿದ್ದ ದರ್ಭೆಯನ್ನು ನೆಕ್ಕುತ್ತವೆ. ದರ್ಭೆಯ ತೀಕ್ಷ್ಣ ಅಂಚಿನಿಂದ ಅವರ ನಾಲಿಗೆ ಎರಡು ಭಾಗವಾಗುತ್ತದೆಂದು ಕಥೆ ವಿವರಿಸುತ್ತದೆ. ಗರುಡನು ತನ್ನ ಉದ್ದೇಶ ಸಾಧಿಸಿದ್ದಾನೆ; ಅಮೃತವನ್ನು ಕುಡಿಯದೆ ತಾಯಿಗೆ ಸ್ವಾತಂತ್ರ್ಯ ತಂದಿದ್ದಾನೆ.,,58,26,33,,,pending,pending,,
109,G09-S08,ನಾಗವಂಶದೊಳಗಿನ ವ್ಯತ್ಯಾಸ,MAHABHARATA-1-AADIPARVA-_djvu (1).txt lines 18183–18343,"ಗರುಡನ ಕಥೆಯ ನಂತರ ಉಗ್ರಶ್ರವಸ್ಸು ಕದ್ರುವಿನ ಸರ್ಪಪುತ್ರರ ಹೆಸರುಗಳನ್ನು ಹೇಳುತ್ತಾನೆ. ಶೇಷ, ವಾಸುಕಿ, ತಕ್ಷಕ, ಕಾರ್ಕೋಟಕ ಮತ್ತು ಇತರ ಅನೇಕ ನಾಗರು ಈ ವಂಶದಲ್ಲಿ ಬರುತ್ತಾರೆ. ಅವರಲ್ಲಿ ಎಲ್ಲರೂ ಒಂದೇ ಸ್ವಭಾವದವರಲ್ಲ. ಕೆಲವರ ದುರ್ವ್ಯವಹಾರದಿಂದ ಬೇಸತ್ತ ಶೇಷನು ತನ್ನ ಸಹೋದರರ ಬಳಿಯಿಂದ ದೂರವಾಗುತ್ತಾನೆ. ತಪಸ್ಸಿಗಾಗಿ ಪುಣ್ಯಕ್ಷೇತ್ರಗಳಿಗೆ ತೆರಳುತ್ತಾನೆ. ಹೀಗಾಗಿ ನಾಗವಂಶವೆಂಬ ಒಂದೇ ಪದದೊಳಗೆ ಕ್ರೂರತೆ, ಭಯ, ಧರ್ಮನಿಷ್ಠೆ ಮತ್ತು ಆತ್ಮನಿಗ್ರಹದ ವಿಭಿನ್ನ ಜೀವನಗಳು ಇವೆ.",,46,20,26,,,pending,pending,,
110,G09-S09,ಶೇಷನ ಭೂಧಾರಣೆ,MAHABHARATA-1-AADIPARVA-_djvu (1).txt lines 18350–18628,ಶೇಷನು ಕಠಿಣ ತಪಸ್ಸಿನಲ್ಲಿ ಮನಸ್ಸನ್ನು ಸ್ಥಿರಗೊಳಿಸುತ್ತಾನೆ. ಬ್ರಹ್ಮ ಅವನ ಮುಂದೆ ಪ್ರತ್ಯಕ್ಷನಾಗಿ ವರ ಕೇಳಲು ಹೇಳುತ್ತಾನೆ. ಸಹೋದರರ ಕ್ರೂರಸ್ವಭಾವದಿಂದ ದೂರವಾಗಿ ಧರ್ಮದಲ್ಲಿ ಸ್ಥಿರವಾಗಿರಲು ಬಯಸುವುದಾಗಿ ಶೇಷನು ಹೇಳುತ್ತಾನೆ. ಬ್ರಹ್ಮ ಅವನ ನಿಷ್ಠೆಗೆ ಮೆಚ್ಚಿ ಭೂಮಿಯನ್ನು ಸ್ಥಿರವಾಗಿ ಧರಿಸುವ ಕಾರ್ಯವನ್ನು ನೀಡುತ್ತಾನೆ. ಶೇಷನು ಭೂಮಿಯೊಳಗಿನ ದಾರಿಯಿಂದ ಇಳಿದು ಆ ಭಾರವನ್ನು ವಹಿಸುತ್ತಾನೆ. ಗರುಡನೊಂದಿಗೆ ಸ್ನೇಹದ ವ್ಯವಸ್ಥೆಯೂ ಬರುತ್ತದೆ. ನಾಗ ಮತ್ತು ಪಕ್ಷಿರಾಜರ ಸಂಬಂಧಕ್ಕೆ ಕೇವಲ ಬೇಟೆಯ ವೈರವೊಂದೇ ಉತ್ತರವಾಗುವುದಿಲ್ಲ; ಇಲ್ಲಿ ವಿಭಿನ್ನ ದೈವಕಾರ್ಯಗಳೂ ಸೇರಿವೆ.,,52,23,30,,,pending,pending,,
111,G09-S10,ವಾಸುಕಿಯ ಮಂತ್ರಸಭೆ,MAHABHARATA-1-AADIPARVA-_djvu (1).txt lines 18632–19016,ಕದ್ರುವಿನ ಶಾಪದ ಭಯದಿಂದ ವಾಸುಕಿ ಸರ್ಪರ ಸಭೆ ಕರೆಯುತ್ತಾನೆ. ಕೆಲವರು ಯಜ್ಞ ಮಾಡುವವರನ್ನು ಮೋಸಗೊಳಿಸೋಣ ಎನ್ನುತ್ತಾರೆ. ಕೆಲವರು ಮಳೆ ಸುರಿಸಿ ಅಗ್ನಿಯನ್ನು ನಂದಿಸುವ ಉಪಾಯ ಹೇಳುತ್ತಾರೆ. ಇತರರು ಹವಿಸ್ಸನ್ನು ಕೆಡಿಸೋಣ ಅಥವಾ ರಾಜನನ್ನೇ ಕಚ್ಚೋಣ ಎಂದು ಸೂಚಿಸುತ್ತಾರೆ. ವಾಸುಕಿಗೆ ಇವು ಯಾವುದೂ ಸರಿಯಾದ ಪರಿಹಾರವಾಗಿ ಕಾಣುವುದಿಲ್ಲ. ಮತ್ತೊಂದು ಪಾಪದಿಂದ ಹಿಂದಿನ ಶಾಪ ತಪ್ಪಿಸಿಕೊಳ್ಳಲು ಸಾಧ್ಯವಿಲ್ಲವೆಂಬ ಚಿಂತೆ ಅವನದು. ತನ್ನ ನಿರ್ಧಾರದ ಗುಣದೋಷಕ್ಕೆ ತಾನೇ ಹೊಣೆ ಎಂದು ಹೇಳುತ್ತಾನೆ. ಆಗ ಏಲಾಪತ್ರ ಎಂಬ ನಾಗನು ಎಲ್ಲರೂ ಕೇಳಬೇಕಾದ ಸುದ್ದಿಯನ್ನು ಮುಂದಿಡುತ್ತಾನೆ.,,56,25,32,,,pending,pending,,
112,G09-S11,ಏಲಾಪತ್ರನ ಆಶಾವಚನ,MAHABHARATA-1-AADIPARVA-_djvu (1).txt lines 19022–19434,"ತಾಯಿಯ ಶಾಪದ ಸಮಯದಲ್ಲಿ ಬ್ರಹ್ಮನ ಬಳಿ ನಡೆದ ಮಾತುಗಳನ್ನು ತಾನು ಕೇಳಿದ್ದೇನೆಂದು ಏಲಾಪತ್ರನು ಹೇಳುತ್ತಾನೆ. ದುಷ್ಟಸರ್ಪಗಳ ನಾಶಕ್ಕೆ ಶಾಪವು ಕಾರಣವಾದರೂ ಎಲ್ಲರಿಗೂ ಅಂತ್ಯ ಅನಿವಾರ್ಯವಲ್ಲ. ಜರತ್ಕಾರು ಎಂಬ ಋಷಿಗೆ ವಾಸುಕಿಯ ಅದೇ ಹೆಸರಿನ ತಂಗಿಯಿಂದ ಜನಿಸುವ ಮಗ ಆಸ್ತೀಕನು ಸರ್ಪಗಳನ್ನು ರಕ್ಷಿಸುವನೆಂಬ ಭವಿಷ್ಯವಾಣಿಯನ್ನು ತಿಳಿಸುತ್ತಾನೆ. ವಾಸುಕಿ ತಂಗಿಯನ್ನು ಜಾಗ್ರತೆಯಿಂದ ಕಾಯುತ್ತಾನೆ. ದೇವತೆಗಳ ಮೂಲಕ ಬ್ರಹ್ಮನಿಂದಲೂ ಆ ಆಶೆಗೆ ದೃಢೀಕರಣ ದೊರೆಯುತ್ತದೆ. ಈಗ ರಕ್ಷಣೆಯ ದಾರಿ ಮೋಸ ಅಥವಾ ಹತ್ಯೆಯಲ್ಲ; ಒಂದು ವಿವಾಹ, ಒಂದು ಜನನ ಮತ್ತು ಮುಂದೆ ಹೇಳಬೇಕಾದ ಧೈರ್ಯದ ಮಾತಿನಲ್ಲಿ ನೆಲೆಗೊಂಡಿದೆ.",,59,26,34,,,pending,pending,,
113,G10-S01,ಮೌನವನ್ನು ಅವಮಾನವೆಂದು ತಿಳಿದ ರಾಜ,MAHABHARATA-1-AADIPARVA-_djvu (1).txt lines 19170–19868,"ಅಭಿಮನ್ಯುವಿನ ಮಗ ಪರೀಕ್ಷಿತನು ಬೇಟೆಯಲ್ಲಿ ಮೃಗವೊಂದನ್ನು ಹಿಂಬಾಲಿಸುತ್ತಾನೆ. ಗಾಯಗೊಂಡ ಮೃಗ ಕಣ್ಮರೆಯಾಗುತ್ತದೆ. ಹಸಿವು, ಬಾಯಾರಿಕೆ ಮತ್ತು ಆಯಾಸದಿಂದ ಬಳಲಿದ ರಾಜನು ಶಮೀಕ ಋಷಿಯನ್ನು ಕಂಡು ಅದರ ದಾರಿ ಕೇಳುತ್ತಾನೆ. ಶಮೀಕರು ಮೌನವ್ರತದಲ್ಲಿರುವುದರಿಂದ ಉತ್ತರಿಸುವುದಿಲ್ಲ. ಆ ಮೌನದ ಕಾರಣ ತಿಳಿಯದ ರಾಜನು ಕೋಪಗೊಳ್ಳುತ್ತಾನೆ. ಬಿಲ್ಲಿನ ತುದಿಯಿಂದ ಸತ್ತ ಸರ್ಪವನ್ನು ಎತ್ತಿ ಋಷಿಯ ಕೊರಳಿಗೆ ಇಟ್ಟು ಹೊರಟುಹೋಗುತ್ತಾನೆ. ಶಮೀಕರು ಪ್ರತಿಯಾಗಿ ಶಪಿಸುವುದಿಲ್ಲ. ಆದರೆ ಆ ಅವಮಾನವನ್ನು ಕಂಡ ಮತ್ತೊಬ್ಬ ಯುವಕ ಶೃಂಗಿಗೆ ವಿಷಯ ತಿಳಿಸಲಿದ್ದಾನೆ.",,51,23,29,,,pending,pending,,
114,G10-S02,ಶೃಂಗಿಯ ಏಳು ದಿನದ ಶಾಪ,MAHABHARATA-1-AADIPARVA-_djvu (1).txt lines 19438–19780,"ಕೃಶ ಎಂಬ ಯುವಕ ಶೃಂಗಿಗೆ ತಂದೆಯ ಕೊರಳಿನಲ್ಲಿ ಸತ್ತ ಸರ್ಪವಿರುವ ವಿಷಯವನ್ನು ಹೇಳುತ್ತಾನೆ. ಶೃಂಗಿ ಸಂಪೂರ್ಣ ಸಂದರ್ಭವನ್ನು ಕೇಳುತ್ತಾನೆ. ತಂದೆ ತಪ್ಪು ಮಾಡದಿದ್ದರೂ ರಾಜನು ಅವಮಾನಿಸಿದ್ದಾನೆಂದು ತಿಳಿದು ಕೋಪದಿಂದ ಉರಿಯುತ್ತಾನೆ. ನೀರನ್ನು ಸ್ಪರ್ಶಿಸಿ ಶಪಿಸುತ್ತಾನೆ: ಇಂದಿನಿಂದ ಏಳು ದಿನಗಳಲ್ಲಿ ತಕ್ಷಕನು ಪರೀಕ್ಷಿತನನ್ನು ಮರಣಕ್ಕೆ ಕೊಂಡೊಯ್ಯಲಿ. ನಂತರ ತಂದೆಯ ಬಳಿಗೆ ಬಂದು ನಡೆದದ್ದನ್ನೂ ತಾನು ಕೊಟ್ಟ ಶಾಪವನ್ನೂ ಹೇಳುತ್ತಾನೆ. ತನ್ನ ತಪೋಬಲದಿಂದ ನ್ಯಾಯ ಮಾಡಿದೆನೆಂದು ಅವನು ಭಾವಿಸಿದರೂ, ಶಮೀಕರ ಪ್ರತಿಕ್ರಿಯೆ ಅವನ ನಿರೀಕ್ಷೆಯಂತಿರುವುದಿಲ್ಲ.",,51,23,29,,,pending,pending,,
115,G10-S03,ಶಮೀಕರ ನಿರಾಕರಣೆ,MAHABHARATA-1-AADIPARVA-_djvu (1).txt lines 19781–20010,"ಶಮೀಕರು ಮಗನ ಶಾಪವನ್ನು ಮೆಚ್ಚುವುದಿಲ್ಲ. ರಾಜನು ಪ್ರಜೆಗಳನ್ನು ರಕ್ಷಿಸುವವನು; ಅವನ ರಕ್ಷಣೆಯಿಂದಲೇ ತಪಸ್ಸು ಮತ್ತು ಯಜ್ಞಗಳು ನಿರಂತರವಾಗಿ ನಡೆಯುತ್ತವೆಂದು ವಿವರಿಸುತ್ತಾರೆ. ಪರೀಕ್ಷಿತನು ಮೌನವ್ರತ ತಿಳಿಯದೆ ಆಯಾಸದಲ್ಲಿ ತಪ್ಪುಮಾಡಿದ್ದರೂ, ಅದಕ್ಕೆ ಮರಣಶಾಪ ಕೊಟ್ಟದ್ದು ಅತಿಯಾದ ಪ್ರತಿಕ್ರಿಯೆ ಎನ್ನುತ್ತಾರೆ. ಕೋಪವು ತಪಸ್ಸಿನ ಶಕ್ತಿಯನ್ನೇ ನಾಶಮಾಡಬಲ್ಲದು ಎಂದು ಮಗನಿಗೆ ಬೋಧಿಸುತ್ತಾರೆ. ಶೃಂಗಿ ತನ್ನ ಮಾತು ಸುಳ್ಳಾಗುವುದಿಲ್ಲವೆಂದು ಹೇಳುತ್ತಾನೆ. ಶಾಪವನ್ನು ಹಿಂದಕ್ಕೆ ಪಡೆಯಲಾಗದ ಸ್ಥಿತಿಯಲ್ಲಿ, ಕನಿಷ್ಠ ರಾಜನಿಗೆ ಎಚ್ಚರಿಕೆ ತಲುಪಿಸಬೇಕೆಂದು ಶಮೀಕರು ನಿರ್ಧರಿಸುತ್ತಾರೆ.",,48,21,27,,,pending,pending,,
116,G10-S04,ಗೌರಮುಖನ ಎಚ್ಚರಿಕೆ,MAHABHARATA-1-AADIPARVA-_djvu (1).txt lines 20011–20144,ಶಮೀಕರು ತಮ್ಮ ಶಿಷ್ಯ ಗೌರಮುಖನನ್ನು ಹಸ್ತಿನಪುರಕ್ಕೆ ಕಳುಹಿಸುತ್ತಾರೆ. ಅವನು ಅರಮನೆಯಲ್ಲಿ ಗೌರವ ಪಡೆದು ಮಂತ್ರಿಗಳ ಸಮ್ಮುಖದಲ್ಲಿ ಶಾಪದ ವಿಷಯವನ್ನು ಹೇಳುತ್ತಾನೆ. ಏಳನೆಯ ದಿನ ತಕ್ಷಕನಿಂದ ಅಪಾಯವಿದೆ; ಜಾಗರೂಕರಾಗಿರಬೇಕೆಂದು ತಿಳಿಸುತ್ತಾನೆ. ಶಮೀಕರು ತಾವು ಶಾಪಕೊಟ್ಟಿಲ್ಲವೆಂದೂ ರಾಜನ ಮೇಲೆ ಕೋಪವಿಲ್ಲವೆಂದೂ ಹೇಳಿರುವುದನ್ನು ತಿಳಿಸುತ್ತಾನೆ. ಪರೀಕ್ಷಿತನು ತನ್ನ ತಪ್ಪನ್ನು ಅರಿತು ವಿಷಾದಿಸುತ್ತಾನೆ. ಋಷಿಯ ಮೌನವ್ರತವನ್ನು ತಿಳಿಯದೆ ಅವಮಾನಮಾಡಿದನೆಂದು ಒಪ್ಪುತ್ತಾನೆ. ಗೌರಮುಖನನ್ನು ಸತ್ಕರಿಸಿ ಕಳುಹಿಸಿದ ನಂತರ ಮಂತ್ರಿಗಳೊಂದಿಗೆ ರಕ್ಷಣೆಯ ವ್ಯವಸ್ಥೆ ಚರ್ಚಿಸುತ್ತಾನೆ.,,47,21,27,,,pending,pending,,
117,G10-S05,ಏಕಸ್ತಂಭದ ರಕ್ಷಣಾಗೃಹ,MAHABHARATA-1-AADIPARVA-_djvu (1).txt lines 20145–20230,"ಪರೀಕ್ಷಿತನಿಗಾಗಿ ಒಂದೇ ಕಂಬದ ಮೇಲೆ ಸುರಕ್ಷಿತ ಪ್ರಾಸಾದ ನಿರ್ಮಿಸಲಾಗುತ್ತದೆ. ವಿಷಹರ ಔಷಧಿಗಳು, ಮಂತ್ರಜ್ಞರು, ಚಿಕಿತ್ಸಕರು ಮತ್ತು ಕಾವಲುಗಾರರನ್ನು ಇರಿಸಲಾಗುತ್ತದೆ. ಅನುಮತಿಯಿಲ್ಲದೆ ಯಾರೂ ಒಳಗೆ ಹೋಗದಂತೆ ನಿಯಮ ಮಾಡಲಾಗುತ್ತದೆ. ರಾಜನು ಎಚ್ಚರಿಕೆಯಿಂದ ದಿನಗಳನ್ನು ಕಳೆಯುತ್ತಾನೆ. ಆದರೆ ತಕ್ಷಕನ ಮಾರ್ಗ ಕೇವಲ ಬಾಗಿಲಿನಲ್ಲಿಲ್ಲ. ಇನ್ನೊಂದು ಕಡೆ ವಿಷಹರ ವಿದ್ಯೆಯಲ್ಲಿ ಪರಿಣತ ಕಾಶ್ಯಪ ಬ್ರಾಹ್ಮಣನು ರಾಜನನ್ನು ಬದುಕಿಸಿ ಪ್ರತಿಫಲ ಪಡೆಯುವ ಉದ್ದೇಶದಿಂದ ಹೊರಟಿದ್ದಾನೆ. ಅವನ ಪ್ರಯಾಣ ಯಶಸ್ವಿಯಾದರೆ ಘಟನೆ ಬೇರೆ ದಿಕ್ಕಿಗೆ ತಿರುಗಬಹುದು. ತಕ್ಷಕನು ದಾರಿಯಲ್ಲೇ ಅವನನ್ನು ಭೇಟಿ ಮಾಡುತ್ತಾನೆ.",,54,24,31,,,pending,pending,,
118,G10-S06,ತಕ್ಷಕ–ಕಾಶ್ಯಪರ ಪರೀಕ್ಷೆ,MAHABHARATA-1-AADIPARVA-_djvu (1).txt lines 20231–20432,ದಾರಿಯಲ್ಲಿ ತಕ್ಷಕನು ಕಾಶ್ಯಪನನ್ನು ತಡೆದು ತನ್ನ ವಿಷವನ್ನು ಪರಿಹರಿಸಬಲ್ಲೆಯೇ ಎಂದು ಕೇಳುತ್ತಾನೆ. ಪರೀಕ್ಷೆಗೆ ವಟವೃಕ್ಷವನ್ನು ವಿಷದಿಂದ ಸುಡುತ್ತಾನೆ. ಕಾಶ್ಯಪನು ತನ್ನ ವಿದ್ಯೆಯಿಂದ ಅದನ್ನು ಮತ್ತೆ ಚಿಗುರಿಸಿ ಜೀವಂತಗೊಳಿಸುತ್ತಾನೆ. ತಕ್ಷಕನಿಗೆ ಅವನ ಸಾಮರ್ಥ್ಯ ಸ್ಪಷ್ಟವಾಗುತ್ತದೆ. ರಾಜನಿಂದ ನಿರೀಕ್ಷಿಸುವ ಧನಕ್ಕಿಂತ ಹೆಚ್ಚಿನದನ್ನು ತಾನೇ ಕೊಡುತ್ತೇನೆ; ಹಿಂದಿರುಗು ಎಂದು ಹೇಳುತ್ತಾನೆ. ಕಾಶ್ಯಪನು ರಾಜನ ಆಯುಷ್ಯ ಅಂತ್ಯಕ್ಕೆ ಬಂದಿರುವುದನ್ನು ತನ್ನ ಜ್ಞಾನದಿಂದ ಪರಿಗಣಿಸಿ ಧನವನ್ನು ಪಡೆದು ಮರಳುತ್ತಾನೆ. ಈ ವಹಿವಾಟನ್ನು ಮರದ ಮೇಲಿದ್ದ ವ್ಯಕ್ತಿಯೊಬ್ಬ ಕಂಡಿದ್ದಾನೆಂಬ ವಿವರ ಮುಂದೆ ಜನಮೇಜಯನ ವಿಚಾರಣೆಯಲ್ಲಿ ಹೊರಬರುತ್ತದೆ.,,55,24,31,,,pending,pending,,
119,G10-S07,ಹಣ್ಣಿನೊಳಗಿನ ಪ್ರವೇಶ,MAHABHARATA-1-AADIPARVA-_djvu (1).txt lines 20433–20576,"ತಕ್ಷಕನು ತನ್ನವರನ್ನು ತಪಸ್ವಿಗಳ ವೇಷದಲ್ಲಿ ಹಣ್ಣು ಮತ್ತು ಕುಶಗಳೊಂದಿಗೆ ರಾಜನ ಬಳಿಗೆ ಕಳುಹಿಸುತ್ತಾನೆ. ಕಾವಲಿನೊಳಗೆ ಆ ಕಾಣಿಕೆ ಪ್ರವೇಶಿಸುತ್ತದೆ. ರಾಜನು ಹಣ್ಣನ್ನು ತೆರೆದಾಗ ಚಿಕ್ಕ ಕ್ರಿಮಿಯೊಂದು ಕಾಣುತ್ತದೆ. ಏಳನೆಯ ದಿನದ ಸೂರ್ಯಾಸ್ತ ಸಮೀಪಿಸಿದ್ದರಿಂದ ಅಪಾಯ ಮುಗಿದಿತೆಂದುಕೊಂಡ ಅವನು, ಇದೇ ತಕ್ಷಕವಾಗಿ ಶಾಪವನ್ನು ನೆರವೇರಿಸಲಿ ಎಂದು ಹೇಳಿ ಅದನ್ನು ತನ್ನ ಬಳಿ ಇಡುತ್ತಾನೆ. ಆ ಕ್ರಿಮಿಯೇ ತಕ್ಷಕನ ರೂಪವನ್ನು ಪಡೆಯುತ್ತದೆ. ದೊಡ್ಡ ರಕ್ಷಣೆಯೊಳಗೆ ಅತಿ ಸಣ್ಣ ದಾರಿಯಿಂದ ಅಪಾಯ ಪ್ರವೇಶಿಸಿದೆ. ಕಾವಲುಗಾರರು ತಡೆಯುವಷ್ಟರಲ್ಲಿ ತಕ್ಷಕನು ರಾಜನನ್ನು ಆವರಿಸುತ್ತಾನೆ.",,54,24,31,,,pending,pending,,
120,G10-S08,"ಪರೀಕ್ಷಿತನ ಅಂತ್ಯ, ಮಗನ ರಾಜ್ಯ",MAHABHARATA-1-AADIPARVA-_djvu (1).txt lines 20583–20717,ತಕ್ಷಕನ ವಿಷದಿಂದ ಪರೀಕ್ಷಿತನು ಮರಣ ಹೊಂದುತ್ತಾನೆ. ಮಂತ್ರಿಗಳು ದುಃಖದಿಂದ ಚದರಿಹೋಗುತ್ತಾರೆ; ತಕ್ಷಕನು ಹೊರಟುಹೋಗುತ್ತಾನೆ. ರಾಜನ ಅಂತ್ಯಕ್ರಿಯೆಗಳನ್ನು ನೆರವೇರಿಸಿದ ನಂತರ ಜನಮೇಜಯನನ್ನು ರಾಜ್ಯಕ್ಕೆ ಅಭಿಷೇಕ ಮಾಡಲಾಗುತ್ತದೆ. ಅವನು ಇನ್ನೂ ಯುವಕ; ರಾಜ್ಯದ ಹೊಣೆ ಹಿರಿಯರ ನೆರವಿನಿಂದ ಆರಂಭವಾಗುತ್ತದೆ. ಕಾಲಾಂತರದಲ್ಲಿ ಕಾಶಿರಾಜನ ಮಗಳು ವಪುಷ್ಟಮೆಯೊಂದಿಗೆ ಅವನ ವಿವಾಹವಾಗುತ್ತದೆ. ಆದರೆ ತಂದೆಯ ಮರಣದ ಸಂಪೂರ್ಣ ವಿವರ ಅವನ ಮನಸ್ಸಿನಲ್ಲಿ ಇನ್ನೂ ತೆರೆಯಬೇಕಿದೆ. ಆ ವಿಚಾರಣೆ ಆರಂಭವಾದಾಗ ವೈಯಕ್ತಿಕ ಶೋಕವೇ ಸರ್ಪವಂಶವನ್ನು ಗುರಿಯಾಗಿಸಿದ ಸಂಕಲ್ಪವಾಗಿ ಬೆಳೆದುಬರುತ್ತದೆ.,,50,22,29,,,pending,pending,,
121,G10-S09,ಪೂರ್ವಜರ ಬೇಡಿಕೆಗೆ ಮರಳಿಕೆ,MAHABHARATA-1-AADIPARVA-_djvu (1).txt lines 20721–21035,ಕಥೆ ಈಗ ಜರತ್ಕಾರುವಿನ ಪೂರ್ವಜರ ಸಂಗತಿಯನ್ನು ವಿಸ್ತಾರವಾಗಿ ಮತ್ತೆ ಹೇಳುತ್ತದೆ. ಇದು ಮತ್ತೊಬ್ಬ ಜರತ್ಕಾರುವಿನ ಹೊಸ ಘಟನೆ ಅಲ್ಲ; ಮೊದಲು ಸಂಕ್ಷೇಪವಾಗಿ ಕೇಳಿದ ಅದೇ ಸಂಕಟದ ವಿವರ. ಪೂರ್ವಜರು ತಮ್ಮ ತಪಸ್ಸು ಇದ್ದರೂ ವಂಶದ ಕೊನೆಯ ಕೊಂಡಿ ತುಂಡಾಗುವ ಭಯವನ್ನು ಹೇಳುತ್ತಾರೆ. ಜರತ್ಕಾರು ತನ್ನ ತಪೋಫಲದ ಭಾಗವನ್ನು ಕೊಡಲು ಸಿದ್ಧನಾಗುತ್ತಾನೆ. ಆದರೆ ಅವರ ಬೇಡಿಕೆ ಸಂತಾನದ ಮೂಲಕ ವಂಶ ಮುಂದುವರಿಯುವುದಾಗಿದೆ. ತಾನೇ ಆ ಕೊನೆಯ ಕೊಂಡಿಯೆಂದು ಅರಿತ ಅವನು ತನ್ನ ನಿರ್ಧಾರ ಬದಲಿಸುತ್ತದೆ. ವಿವಾಹಕ್ಕೆ ಒಪ್ಪಿದರೂ ತನ್ನ ತಪಸ್ವಿಜೀವನದ ಷರತ್ತುಗಳನ್ನು ಉಳಿಸಿಕೊಳ್ಳುತ್ತಾನೆ.,,58,26,33,,,pending,pending,,
122,G10-S10,ಹೆಸರಿನ ಷರತ್ತು ಮತ್ತು ವಿವಾಹ,MAHABHARATA-1-AADIPARVA-_djvu (1).txt lines 21039–21403,"ಜರತ್ಕಾರು ತನ್ನ ಹೆಸರಿನ ಕನ್ಯೆ ಸ್ವಯಂ ದೊರೆಯಬೇಕು, ಅವಳ ಪಾಲನೆಯ ಹೊಣೆಯನ್ನು ತಾನು ಹೊರುವುದಿಲ್ಲ ಎಂದು ಹೇಳುತ್ತಾನೆ. ಕಾಡಿನಲ್ಲಿ ತನ್ನ ವಿವಾಹಬಯಕೆಯನ್ನು ಘೋಷಿಸಿದಾಗ ಸುದ್ದಿ ವಾಸುಕಿಗೆ ತಲುಪುತ್ತದೆ. ವಾಸುಕಿ ತನ್ನ ತಂಗಿ ಜರತ್ಕಾರುವನ್ನು ಕರೆತಂದು, ಅವಳ ರಕ್ಷಣೆಯನ್ನು ತಾನೇ ವಹಿಸುವುದಾಗಿ ಹೇಳುತ್ತಾನೆ. ಋಷಿ ಅವಳ ಹೆಸರು ತನ್ನದೆಯೇ ಎಂದು ಖಚಿತಪಡಿಸಿಕೊಳ್ಳುತ್ತಾನೆ. ತನ್ನಿಗೆ ಅಪ್ರಿಯವಾದ ಕಾರ್ಯವಾದರೆ ಬಿಟ್ಟುಹೋಗುವೆನೆಂಬ ಮತ್ತೊಂದು ಷರತ್ತು ಇಡುತ್ತಾನೆ. ವಿವಾಹ ನೆರವೇರುತ್ತದೆ. ನಾಗವಂಶದ ನಿರೀಕ್ಷೆಯೂ ಮಹಿಳೆಯ ಬದುಕಿನ ಮೇಲೆ ಬಿದ್ದ ಕಠಿಣ ನಿಯಮವೂ ಒಂದೇ ಮನೆಯಲ್ಲಿ ಸೇರುತ್ತವೆ.",,56,25,32,,,pending,pending,,
123,G10-S11,ಸಂಧ್ಯೆಯ ದ್ವಂದ್ವ,MAHABHARATA-1-AADIPARVA-_djvu (1).txt lines 21404–21577,"ಒಂದು ಸಂಜೆ ಜರತ್ಕಾರು ಪತ್ನಿಯ ಮಡಿಲಿನಲ್ಲಿ ತಲೆಇಟ್ಟು ನಿದ್ರಿಸುತ್ತಾನೆ. ಸೂರ್ಯ ಅಸ್ತಮಿಸುವ ಸಮಯ ಸಮೀಪಿಸುತ್ತದೆ. ಎಬ್ಬಿಸಿದರೆ ಪತಿಗೆ ಅಪ್ರಿಯವಾಗಬಹುದು; ಎಬ್ಬಿಸದಿದ್ದರೆ ಅವನ ಸಂಧ್ಯಾಕರ್ಮ ತಪ್ಪಬಹುದು ಎಂದು ಅವಳು ಚಿಂತಿಸುತ್ತಾಳೆ. ಕೊನೆಗೆ ಧರ್ಮಕರ್ಮ ತಪ್ಪದಿರಲೆಂದು ಮೃದುವಾಗಿ ಎಬ್ಬಿಸುತ್ತಾಳೆ. ಆದರೆ ಋಷಿ ಅದನ್ನು ಅವಮಾನವೆಂದು ತಿಳಿದು ಬಿಟ್ಟುಹೋಗುವುದಾಗಿ ಹೇಳುತ್ತಾನೆ. ಅವಳು ತನ್ನ ಉದ್ದೇಶವನ್ನು ವಿವರಿಸುತ್ತಾಳೆ: ಅವನಿಗೆ ತೊಂದರೆಕೊಡುವುದಲ್ಲ, ಕರ್ತವ್ಯ ಉಳಿಸುವುದು. ಈಗ ವಿವಾಹದ ಸಮಯದ ಷರತ್ತು ಅವರ ಸಂಬಂಧವನ್ನು ಮುರಿಯುವ ತುದಿಗೆ ಬಂದಿದೆ.",,50,22,29,,,pending,pending,,
124,G10-S12,ಅಸ್ತಿ—ಗರ್ಭದಲ್ಲಿರುವ ಭರವಸೆ,MAHABHARATA-1-AADIPARVA-_djvu (1).txt lines 21578–21766,ಪತ್ನಿ ಅವನನ್ನು ತಡೆಯಲು ಪ್ರಯತ್ನಿಸುತ್ತಾಳೆ. ನಾಗವಂಶವು ನಿರೀಕ್ಷಿಸಿದ ಮಗ ಇನ್ನೂ ಜನಿಸಿಲ್ಲ; ಆ ಹೊಣೆ ನೆನಪಿರಲಿ ಎಂದು ಕೇಳುತ್ತಾಳೆ. ಋಷಿ ಹೊರಡುವ ನಿರ್ಧಾರ ಬದಲಿಸುವುದಿಲ್ಲ. ಆದರೆ ಅವಳ ಗರ್ಭದಲ್ಲಿ ಪ್ರಕಾಶಮಾನ ಮಗನಿದ್ದಾನೆಂದು ಭರವಸೆ ನೀಡುತ್ತಾನೆ. ಅಸ್ತಿ—ಇದ್ದಾನೆ ಎಂಬ ಆ ಮಾತು ಮುಂದೆ ಮಗನ ಹೆಸರಿನ ಕಾರಣವಾಗುತ್ತದೆ. ಜರತ್ಕಾರು ಹೊರಟುಹೋಗುತ್ತಾನೆ. ಮಹಿಳೆ ತನ್ನ ದುಃಖದ ಜೊತೆಗೆ ಗರ್ಭದಲ್ಲಿರುವ ಭರವಸೆಯನ್ನು ಹಿಡಿದುಕೊಂಡು ಉಳಿಯುತ್ತಾಳೆ. ಮುಂದೆ ಅವಳು ತನ್ನ ಅಣ್ಣ ವಾಸುಕಿಗೆ ನಡೆದದ್ದನ್ನು ತಿಳಿಸಲಿದೆ; ನಾಗವಂಶ ಕಾಯುತ್ತಿದ್ದ ರಕ್ಷಕನ ಬೆಳವಣಿಗೆ ಅಲ್ಲಿ ಆರಂಭವಾಗಲಿದೆ.,,56,25,32,,,pending,pending,,
125,G11-S01,ಆಸ್ತೀಕನ ಜನನ ಮತ್ತು ವಿದ್ಯೆ,MAHABHARATA-1-AADIPARVA-_djvu (1).txt lines 21773–21990,ವಾಸುಕಿಯ ತಂಗಿ ಜರತ್ಕಾರು ತನ್ನ ಪತಿ ಬಿಟ್ಟುಹೋದ ವಿಷಯವನ್ನು ಅಣ್ಣನಿಗೆ ಹೇಳುತ್ತಾಳೆ. ವಾಸುಕಿ ಮೊದಲು ದುಃಖಗೊಳ್ಳುತ್ತಾನೆ. ಆದರೆ ಗರ್ಭದಲ್ಲಿ ಮಗನಿದ್ದಾನೆಂಬ ಋಷಿಯ ಮಾತು ಕೇಳಿ ನೆಮ್ಮದಿ ಪಡೆಯುತ್ತಾನೆ. ಕಾಲಪಕ್ವವಾದಾಗ ಆಸ್ತೀಕನು ಜನಿಸುತ್ತಾನೆ. ತಂದೆಯ ಅಸ್ತಿ ಎಂಬ ವಚನದಿಂದ ಅವನ ಹೆಸರಿನ ಅರ್ಥವನ್ನು ಪಾಠ ವಿವರಿಸುತ್ತದೆ. ವಾಸುಕಿಯ ಮನೆಯಲ್ಲಿ ಅವನು ಬೆಳೆದು ಭಾರ್ಗವ–ಚ್ಯವನ ಪರಂಪರೆಯ ಗುರುಗಳಿಂದ ವೇದಾಧ್ಯಯನ ಮಾಡುತ್ತಾನೆ. ಅವನಿಗೆ ತಂದೆಯ ತಪಸ್ವಿಪರಂಪರೆಯೂ ತಾಯಿಯ ನಾಗವಂಶವೂ ಸೇರಿವೆ. ಎರಡು ಲೋಕಗಳ ಸಂಬಂಧವೇ ಮುಂದೆ ಅವನ ಮಾತಿಗೆ ವಿಶೇಷ ಹೊಣೆ ನೀಡಲಿದೆ.,,56,25,32,,,pending,pending,,
126,G11-S02,ತಂದೆಯ ಮರಣದ ವಿಚಾರಣೆ,MAHABHARATA-1-AADIPARVA-_djvu (1).txt lines 21997–22370,"ಜನಮೇಜಯನು ತನ್ನ ತಂದೆ ಹೇಗೆ ಮರಣ ಹೊಂದಿದನೆಂದು ಮಂತ್ರಿಗಳನ್ನು ಕೇಳುತ್ತಾನೆ. ಅವರು ಪರೀಕ್ಷಿತನ ಆಡಳಿತ, ಬೇಟೆಯ ಸಂದರ್ಭ, ಶಮೀಕರ ಮೌನ ಮತ್ತು ರಾಜನ ತಪ್ಪನ್ನು ಕ್ರಮವಾಗಿ ತಿಳಿಸುತ್ತಾರೆ. ಶೃಂಗಿಯ ಶಾಪ ಮತ್ತು ಗೌರಮುಖನ ಎಚ್ಚರಿಕೆಯೂ ಬರುತ್ತವೆ. ಈ ಬಾರಿ ಕಥೆಯನ್ನು ಕೇಳುವವನು ಪ್ರೇಕ್ಷಕನಲ್ಲ; ತಂದೆಯನ್ನು ಕಳೆದುಕೊಂಡ ಮಗ. ತನ್ನ ತಂದೆಯ ತಪ್ಪನ್ನೂ ಇತರರ ಕೋಪವನ್ನೂ ಕೇಳಬೇಕಾಗುತ್ತದೆ. ಆದರೆ ಮಂತ್ರಿಗಳು ತಕ್ಷಕನು ಚಿಕಿತ್ಸೆಗೆ ಬರುತ್ತಿದ್ದ ಕಾಶ್ಯಪನನ್ನು ಹಿಂದಿರುಗಿಸಿದ ವಿಷಯ ಹೇಳಿದಾಗ, ಜನಮೇಜಯನ ಗಮನ ವಿಶೇಷವಾಗಿ ಆ ಅಡ್ಡಿಪಡಿಸುವಿಕೆಯ ಮೇಲೆಯೇ ನಿಲ್ಲುತ್ತದೆ.",,56,25,32,,,pending,pending,,
127,G11-S03,ಮರದ ಮೇಲಿದ್ದ ಸಾಕ್ಷಿ,MAHABHARATA-1-AADIPARVA-_djvu (1).txt lines 22371–22600,"ತಕ್ಷಕ ಮತ್ತು ಕಾಶ್ಯಪರ ನಡುವೆ ನಡೆದ ಮಾತು ನಿಮಗೆ ಹೇಗೆ ತಿಳಿಯಿತು ಎಂದು ಜನಮೇಜಯನು ಕೇಳುತ್ತಾನೆ. ಮಂತ್ರಿಗಳು ಮರದ ಮೇಲಿದ್ದ ವನಚರನ ವಿಷಯ ಹೇಳುತ್ತಾರೆ. ಕಟ್ಟಿಗೆಗಾಗಿ ಆ ವೃಕ್ಷಕ್ಕೆ ಹತ್ತಿದ್ದವನನ್ನು ಇಬ್ಬರೂ ಗಮನಿಸಿರಲಿಲ್ಲ. ತಕ್ಷಕನ ವಿಷದಿಂದ ಮರ ಸುಟ್ಟಾಗ ಅವನೂ ನಾಶವಾದ; ಕಾಶ್ಯಪನು ಮರವನ್ನು ಬದುಕಿಸಿದಾಗ ಅವನೂ ಜೀವ ಪಡೆದ. ಅವನೇ ನಗರಕ್ಕೆ ಬಂದು ಘಟನೆ ತಿಳಿಸಿದ್ದ. ಹೀಗಾಗಿ ರಾಜನ ಮುಂದೆ ಕೇವಲ ಊಹೆಯಲ್ಲ, ಕಥೆಯೊಳಗಿನ ಸಾಕ್ಷಿವಿವರಣೆ ಬರುತ್ತದೆ. ತಕ್ಷಕನು ತಂದೆಯ ಬದುಕುವ ಸಾಧ್ಯತೆಯನ್ನೇ ತಡೆದನೆಂಬ ಭಾವ ಜನಮೇಜಯನ ಕೋಪವನ್ನು ಗಾಢಗೊಳಿಸುತ್ತದೆ.",,58,26,33,,,pending,pending,,
128,G11-S04,ಪ್ರತೀಕಾರದ ಸಂಕಲ್ಪ,MAHABHARATA-1-AADIPARVA-_djvu (1).txt lines 22601–22780,"ಮಂತ್ರಿಗಳ ಮಾತು ಕೇಳಿದ ಜನಮೇಜಯನು ತಕ್ಷಕನಿಗೆ ಪ್ರತೀಕಾರ ಮಾಡಬೇಕೆಂದು ನಿರ್ಧರಿಸುತ್ತಾನೆ. ತಂದೆಯ ತಪ್ಪಿಗಿಂತ, ಅವನನ್ನು ಉಳಿಸಬಹುದಾದ ಚಿಕಿತ್ಸೆಯನ್ನು ತಕ್ಷಕ ತಡೆದನೆಂಬ ನೋವು ಅವನನ್ನು ಕಾಡುತ್ತದೆ. ಪುರೋಹಿತರನ್ನು ಕರೆದು ತಕ್ಷಕನನ್ನೂ ಅವನ ಬಂಧುಗಳನ್ನೂ ಅಗ್ನಿಗೆ ತರುವ ಯಜ್ಞವಿದೆಯೇ ಎಂದು ಕೇಳುತ್ತಾನೆ. ಸರ್ಪಸತ್ರದ ವಿಧಿಯನ್ನು ಅವರು ತಿಳಿಸುತ್ತಾರೆ. ರಾಜನು ಅದನ್ನು ಸಿದ್ಧಪಡಿಸಲು ಆದೇಶಿಸುತ್ತಾನೆ. ಒಬ್ಬನ ಮೇಲೆ ಹುಟ್ಟಿದ ಪ್ರತೀಕಾರ ಈಗ ಅನೇಕ ಸರ್ಪಗಳನ್ನು ಒಳಗೊಂಡ ವಿನಾಶದ ಕಾರ್ಯವಾಗಿ ವಿಸ್ತರಿಸಿದೆ. ಉದಂಕನ ಪ್ರೇರಣೆಯೂ ಈ ಸಂಕಲ್ಪದ ಹಿನ್ನೆಲೆಯಲ್ಲಿದೆ.",,52,23,30,,,pending,pending,,
129,G11-S05,ಯಜ್ಞಸ್ಥಳದ ಎಚ್ಚರಿಕೆ,MAHABHARATA-1-AADIPARVA-_djvu (1).txt lines 22781–22855,"ಯಜ್ಞಸ್ಥಳವನ್ನು ಅಳೆಯಲು ನಿಪುಣರು ಬರುತ್ತಾರೆ. ನೆಲ ಮತ್ತು ಸಮಯದ ಲಕ್ಷಣಗಳನ್ನು ಗಮನಿಸಿದ ಸೂತ್ರಧಾರನು, ಬ್ರಾಹ್ಮಣನೊಬ್ಬನ ಕಾರಣದಿಂದ ಯಜ್ಞವು ನಿರ್ಧರಿಸಿದಂತೆ ಮುಗಿಯುವುದಿಲ್ಲವೆಂದು ಹೇಳುತ್ತಾನೆ. ರಾಜನು ಆ ಸೂಚನೆಯನ್ನು ಕೇಳಿ ಪ್ರವೇಶದ ಮೇಲೆ ಕಠಿಣ ಕಾವಲು ಇಡುತ್ತಾನೆ. ತನ್ನ ಅನುಮತಿಯಿಲ್ಲದೆ ಯಾರನ್ನೂ ಒಳಗೆ ಬಿಡಬಾರದೆಂದು ಆದೇಶಿಸುತ್ತಾನೆ. ಯಜ್ಞದ ಅಡಿಪಾಯ ಹಾಕುವಾಗಲೇ ಅದರ ನಿಲುಗಡೆಯ ಸೂಚನೆ ಬಂದಿದೆ. ಆದರೆ ರಾಜನು ಅದನ್ನು ತನ್ನ ಸಂಕಲ್ಪ ಪರಿಶೀಲಿಸುವ ಆಹ್ವಾನವಾಗಿ ಕಾಣದೆ, ತಡೆಯಬೇಕಾದ ಅಡ್ಡಿಯಾಗಿ ನೋಡುತ್ತಾನೆ.",,49,22,28,,,pending,pending,,
130,G11-S06,ಅಗ್ನಿಗೆ ಎಳೆಯಲ್ಪಡುವ ನಾಗಗಳು,MAHABHARATA-1-AADIPARVA-_djvu (1).txt lines 22856–23110,"ಋತ್ವಿಜರು ವಿಧಿಪೂರ್ವಕವಾಗಿ ಸರ್ಪಸತ್ರವನ್ನು ಆರಂಭಿಸುತ್ತಾರೆ. ಮಂತ್ರಾಹುತಿಗಳೊಂದಿಗೆ ಸರ್ಪಗಳು ಅಗ್ನಿಯ ಕಡೆಗೆ ಎಳೆಯಲ್ಪಡುತ್ತವೆ. ವಿಭಿನ್ನ ಬಣ್ಣ, ಗಾತ್ರ ಮತ್ತು ವಂಶದ ನಾಗಗಳು ನಾಶವಾಗುತ್ತವೆ. ಯಜ್ಞದಲ್ಲಿ ಪಾಲ್ಗೊಂಡ ಹೋತೃ, ಉದ್ಗಾತೃ ಮತ್ತು ಇತರ ಋತ್ವಿಜರ ಹೆಸರುಗಳನ್ನೂ ಪಾಠ ದಾಖಲಿಸುತ್ತದೆ. ಭಯದಿಂದ ಕಿರುಚುವ ಜೀವಿಗಳ ನಾಶವೇ ಇಲ್ಲಿ ನಡೆಯುತ್ತಿದೆ. ತಕ್ಷಕನು ಮಾತ್ರ ಇಂದ್ರನ ಆಶ್ರಯಕ್ಕೆ ಹೋಗಿದ್ದಾನೆ. ಅವನ ಹುಡುಕಾಟದ ನಡುವೆ ಉಳಿದ ನಾಗವಂಶದ ಸ್ಥಿತಿ ಇನ್ನಷ್ಟು ಭೀಕರವಾಗುತ್ತದೆ.",,45,20,26,,,pending,pending,,
131,G11-S07,ವಾಸುಕಿಯ ಕೊನೆಯ ಆಶೆ,MAHABHARATA-1-AADIPARVA-_djvu (1).txt lines 23111–23562,"ನಾಗವಂಶದ ನಾಶವನ್ನು ಕಂಡ ವಾಸುಕಿ ಭಯ ಮತ್ತು ಶೋಕಕ್ಕೆ ಒಳಗಾಗುತ್ತಾನೆ. ತಂಗಿಯ ಬಳಿಗೆ ಬಂದು ಆಸ್ತೀಕನನ್ನು ಕಳುಹಿಸಬೇಕೆಂದು ಹೇಳುತ್ತಾನೆ. ಅವಳು ಮಗನಿಗೆ ತನ್ನ ಜನ್ಮದ ಉದ್ದೇಶ, ಕದ್ರುವಿನ ಶಾಪ ಮತ್ತು ಸರ್ಪರ ಸಂಕಟವನ್ನು ವಿವರಿಸುತ್ತಾಳೆ. ಆಸ್ತೀಕನು ತಾಯಿಯ ಮಾತು ಕೇಳಿ ನೆರವಾಗುವುದಾಗಿ ಭರವಸೆ ನೀಡುತ್ತಾನೆ. ಅವನು ರಾಜನ ವಿರುದ್ಧ ಆಯುಧ ಹಿಡಿಯುವುದಿಲ್ಲ. ಯಜ್ಞಸಭೆಗೆ ಹೋಗಿ ತನ್ನ ಮಾತಿನಿಂದ ಅದನ್ನು ನಿಲ್ಲಿಸುವ ಹೊಣೆ ಸ್ವೀಕರಿಸುತ್ತಾನೆ. ವಾಸುಕಿಯ ಆಶೆಯು ಈಗ ಅವನ ಸಂಯಮ ಮತ್ತು ವಿವೇಕದ ಮೇಲೆ ನೆಲೆಯಾಗಿದೆ.",,54,24,31,,,pending,pending,,
132,G11-S08,ದ್ವಾರದಿಂದ ಸಭೆಯವರೆಗೆ,MAHABHARATA-1-AADIPARVA-_djvu (1).txt lines 23568–23814,"ಆಸ್ತೀಕನು ಯಜ್ಞಸ್ಥಳಕ್ಕೆ ಬಂದು ಪ್ರವೇಶಿಸಲು ಬಯಸುತ್ತಾನೆ. ಕಾವಲು ಕಠಿಣವಾಗಿದೆ. ಅವನು ಯಜ್ಞದ ಮಹತ್ವ, ರಾಜನ ವಂಶ ಮತ್ತು ಋತ್ವಿಜರ ಜ್ಞಾನವನ್ನು ಸ್ತುತಿಸುತ್ತಾನೆ. ಅವನ ಮಾತು ಅತಿಶಯ ಚಾಪಲ್ಯವಲ್ಲ; ಕೇಳುವವರ ಪರಂಪರೆಯನ್ನು ತಿಳಿದ ಪಾಂಡಿತ್ಯವನ್ನು ತೋರಿಸುತ್ತದೆ. ಹಿಂದಿನ ಮಹಾಯಜ್ಞಗಳನ್ನು ಉಲ್ಲೇಖಿಸಿ ಜನಮೇಜಯನ ಸಭೆಯನ್ನು ಗೌರವಿಸುತ್ತಾನೆ. ಕೊನೆಗೆ ಅವನಿಗೆ ಪ್ರವೇಶ ದೊರೆಯುತ್ತದೆ. ಅಗ್ನಿಯ ಬಳಿ ನಿಂತ ಯುವಕನ ಮಾತಿನಲ್ಲಿ ಹಿರಿಯರ ಜ್ಞಾನವಿರುವುದನ್ನು ಸಭೆ ಗಮನಿಸುತ್ತದೆ. ರಾಜನ ಮನಸ್ಸು ಅವನ ಕಡೆಗೆ ತಿರುಗುತ್ತದೆ.",,49,22,28,,,pending,pending,,
133,G11-S09,ವರದ ವಾಗ್ದಾನ,MAHABHARATA-1-AADIPARVA-_djvu (1).txt lines 23815–23948,"ಆಸ್ತೀಕನ ಜ್ಞಾನಪೂರ್ಣ ಮಾತು ಕೇಳಿದ ಜನಮೇಜಯನು ಸಂತೋಷಗೊಳ್ಳುತ್ತಾನೆ. ಅವನಿಗೆ ವರ ಕೊಡಬೇಕೆಂದು ಸಭೆಯಲ್ಲಿ ಹೇಳುತ್ತಾನೆ. ಕೆಲವರು ತಕ್ಷಕನು ಇನ್ನೂ ಅಗ್ನಿಗೆ ಬಂದಿಲ್ಲವೆಂದು ನೆನಪಿಸುತ್ತಾರೆ. ರಾಜನು ತಕ್ಷಕ ಎಲ್ಲಿದ್ದಾನೆ ಎಂದು ಕೇಳುತ್ತಾನೆ. ಅವನು ಇಂದ್ರನ ರಕ್ಷಣೆಯಲ್ಲಿರುವುದು ತಿಳಿಯುತ್ತದೆ. ಅಷ್ಟರಲ್ಲಿ ಆಸ್ತೀಕನನ್ನು ಗೌರವಿಸಬೇಕೆಂಬ ಅಭಿಪ್ರಾಯವೂ ಸಭೆಯಲ್ಲಿ ಬಲವಾಗುತ್ತದೆ. ವರದ ಮಾತು ಹೊರಬಂದಿದೆ, ಆದರೆ ಯುವಕ ಏನು ಕೇಳಲಿದ್ದಾನೆಂಬುದು ರಾಜನಿಗೆ ತಿಳಿದಿಲ್ಲ. ತನ್ನ ಪ್ರತೀಕಾರದ ಮಧ್ಯೆ ಕೊಟ್ಟ ಮಾತೇ ಅವನನ್ನು ಬೇರೆ ನಿರ್ಣಯದ ಮುಂದೆ ನಿಲ್ಲಿಸಲಿದೆ.",,51,23,29,,,pending,pending,,
134,G11-S10,ಇಂದ್ರನಿಂದ ಬಿಡಲ್ಪಟ್ಟ ತಕ್ಷಕ,MAHABHARATA-1-AADIPARVA-_djvu (1).txt lines 23949–24152,"ತಕ್ಷಕನು ಇಂದ್ರನ ಆಶ್ರಯದಲ್ಲಿರುವುದನ್ನು ಕೇಳಿದ ಜನಮೇಜಯನು ಅವನನ್ನೂ ಸೇರಿಸಿ ಆಹ್ವಾನಿಸಲು ಹೇಳುತ್ತಾನೆ. ಮಂತ್ರದ ಬಲದಿಂದ ಇಂದ್ರನ ಆಸನವೂ ನಡುಗುತ್ತದೆ. ತಕ್ಷಕನನ್ನು ರಕ್ಷಿಸುತ್ತಿದ್ದ ಇಂದ್ರ ಅವನನ್ನು ಬಿಟ್ಟುಹೋಗುತ್ತಾನೆ. ತಕ್ಷಕ ಆಕಾಶದಿಂದ ಅಗ್ನಿಯ ಕಡೆಗೆ ಎಳೆಯಲ್ಪಡುತ್ತಾನೆ. ಅದೇ ಸಮಯದಲ್ಲಿ ಆಸ್ತೀಕನು ತನ್ನ ವರವನ್ನು ಕೇಳುತ್ತಾನೆ: ಈ ಸರ್ಪಸತ್ರ ನಿಲ್ಲಲಿ. ರಾಜನು ಧನ, ಬಂಗಾರ ಅಥವಾ ಬೇರೆ ವರ ಬೇಕಾದರೆ ಕೊಡುತ್ತೇನೆ ಎನ್ನುತ್ತಾನೆ. ಆದರೆ ಆಸ್ತೀಕನ ಬೇಡಿಕೆ ಬದಲಾಗುವುದಿಲ್ಲ. ಅವನ ತಾಯಿವಂಶದ ಜೀವ ಉಳಿಯಬೇಕಾಗಿದೆ.",,50,22,29,,,pending,pending,,
135,G11-S11,"ನಿಲ್ಲು, ನಿಲ್ಲು, ನಿಲ್ಲು",MAHABHARATA-1-AADIPARVA-_djvu (1).txt lines 24342–24426,"ತಕ್ಷಕ ಅಗ್ನಿಯ ಕಡೆಗೆ ಬೀಳುತ್ತಿರುವಾಗ ಆಸ್ತೀಕನು ನಿಲ್ಲು, ನಿಲ್ಲು, ನಿಲ್ಲು ಎಂದು ಮೂರು ಬಾರಿ ಹೇಳುತ್ತಾನೆ. ತಕ್ಷಕ ಆಕಾಶದ ಮಧ್ಯದಲ್ಲೇ ನಿಂತುಕೊಳ್ಳುತ್ತಾನೆ. ಸಭಿಕರೂ ಆಸ್ತೀಕನ ಮಾತನ್ನು ಒಪ್ಪಿಕೊಳ್ಳುವಂತೆ ರಾಜನನ್ನು ಪ್ರೇರೇಪಿಸುತ್ತಾರೆ. ಜನಮೇಜಯನು ಕೊನೆಗೆ ತನ್ನ ವಾಗ್ದಾನವನ್ನು ಉಳಿಸುತ್ತಾನೆ. ಯಜ್ಞವು ಇಲ್ಲಿಗೆ ನಿಲ್ಲಲಿ; ಉಳಿದ ಸರ್ಪಗಳಿಗೆ ಕ್ಷೇಮವಾಗಲಿ ಎಂದು ಹೇಳುತ್ತಾನೆ. ಆಜ್ಞೆ ಬದಲಾಗುತ್ತಿದ್ದಂತೆ ಮಂತ್ರದ ವಿನಾಶಕಾರಿ ಚಲನೆಯೂ ನಿಲ್ಲುತ್ತದೆ. ಯುವಕನು ರಾಜನನ್ನು ಕೊಲ್ಲದೆ, ಅವಮಾನಿಸದೆ, ಅವನದೇ ಮಾತಿಗೆ ಗೌರವ ಕೊಟ್ಟು ಜೀವಗಳನ್ನು ಉಳಿಸಿದ್ದಾನೆ.",,51,23,29,,,pending,pending,,
136,G11-S12,ನಾಶವಾದ ವಂಶಗಳ ನೆನಪು,MAHABHARATA-1-AADIPARVA-_djvu (1).txt lines 24156–24338,"ಯಜ್ಞ ನಿಂತರೂ ಹಿಂದಿನ ನಾಶ ಅಳಿದುಹೋಗುವುದಿಲ್ಲ. ಪಾಠವು ವಾಸುಕಿ, ತಕ್ಷಕ, ಐರಾವತ, ಕೌರವ್ಯ ಮತ್ತು ಧೃತರಾಷ್ಟ್ರ ನಾಗವಂಶಗಳಿಂದ ದಹಿಸಲ್ಪಟ್ಟ ಅನೇಕ ಸರ್ಪಗಳ ಹೆಸರುಗಳನ್ನು ದಾಖಲಿಸುತ್ತದೆ. ಹೆಸರುಗಳ ಕ್ರಮವು ನಷ್ಟದ ಸ್ಮರಣೆಯಾಗಿದೆ. ಆಸ್ತೀಕನು ಎಲ್ಲರನ್ನೂ ಹಿಂದಿರುಗಿಸಿ ಬದುಕಿಸಿಲ್ಲ; ಇನ್ನಷ್ಟು ಜೀವಗಳು ನಾಶವಾಗುವುದನ್ನು ತಡೆದಿದ್ದಾನೆ.",,30,13,17,,,pending,pending,,
137,G11-S13,ಮರಳಿಕೆ ಮತ್ತು ಸ್ಮರಣೆಯ ವರ,MAHABHARATA-1-AADIPARVA-_djvu (1).txt lines 24427–24636,"ಜನಮೇಜಯನು ಋತ್ವಿಜರು, ಸದಸ್ಯರು ಮತ್ತು ಮುಂಚೆಯೇ ನಿಲುಗಡೆ ಸೂಚಿಸಿದ್ದ ನಿಪುಣರಿಗೆ ದಾನಕೊಡುತ್ತಾನೆ. ಅವಭೃತಸ್ನಾನ ನೆರವೇರಿಸಿ ಆಸ್ತೀಕನನ್ನು ಸತ್ಕರಿಸಿ ಕಳುಹಿಸುತ್ತಾನೆ; ಮುಂದೆ ತನ್ನ ಅಶ್ವಮೇಧಕ್ಕೆ ಬರಬೇಕೆಂದು ಆಹ್ವಾನಿಸುತ್ತಾನೆ. ಆಸ್ತೀಕನು ತಾಯಿ ಮತ್ತು ವಾಸುಕಿಗೆ ನಡೆದದ್ದನ್ನು ಹೇಳುತ್ತಾನೆ. ಸಂತೋಷಗೊಂಡ ನಾಗರು ಅವನಿಗೆ ವರ ಕೇಳಲು ಹೇಳುತ್ತಾರೆ. ತನ್ನ ಧರ್ಮಾಖ್ಯಾನವನ್ನು ಬೆಳಿಗ್ಗೆ ಸಂಜೆ ಸ್ಮರಿಸುವವರಿಗೆ ನಾಗಭಯ ಇರಬಾರದೆಂದು ಅವನು ಕೇಳುತ್ತಾನೆ. ಕಥೆ ಅಂತ್ಯದಲ್ಲಿ ಮತ್ತೆ ನೈಮಿಷಾರಣ್ಯದ ಶ್ರೋತೃಗಳ ಬಳಿ ಮರಳುತ್ತದೆ.",,47,21,27,,,pending,pending,,
138,G12-S01,ವ್ಯಾಸರಿಂದ ವೈಶಂಪಾಯನರಿಗೆ,MAHABHARATA-1-AADIPARVA-_djvu (1).txt lines 24647–24961,ಶೌನಕರು ಭೃಗುವಂಶದಿಂದ ಆಸ್ತೀಕನ ತನಕ ಕೇಳಿದ ಕಥೆಗೆ ಸಂತೋಷ ವ್ಯಕ್ತಪಡಿಸುತ್ತಾರೆ. ಈಗ ಜನಮೇಜಯನ ಸರ್ಪಯಾಗದ ಮಧ್ಯೆ ಹೇಳಲ್ಪಟ್ಟ ಭಾರತಕಥೆಗಳನ್ನು ಕೇಳಲು ಬಯಸುತ್ತಾರೆ. ಉಗ್ರಶ್ರವಸ್ಸು ವ್ಯಾಸರ ಆಗಮನವನ್ನು ನೆನಪಿಸುತ್ತಾನೆ. ಜನಮೇಜಯನು ಅವರನ್ನು ಗೌರವದಿಂದ ಸ್ವಾಗತಿಸಿ ತನ್ನ ಪೂರ್ವಜರ ವಿಚಾರ ಕೇಳಿದ್ದ. ವ್ಯಾಸರು ಶಿಷ್ಯ ವೈಶಂಪಾಯನರಿಗೆ ರಾಜನ ಪ್ರಶ್ನೆಗೆ ಉತ್ತರವಾಗಿ ಮಹಾಭಾರತವನ್ನು ಹೇಳಲು ಸೂಚಿಸಿದ್ದರು. ಈಗ ನಾವು ಉಗ್ರಶ್ರವಸ್ಸಿನ ಕಂಠದಲ್ಲಿ ವೈಶಂಪಾಯನರ ನಿರೂಪಣೆಯನ್ನು ಕೇಳಲಿದ್ದೇವೆ. ಹೊರಗಿನ ಸಭೆ ನೈಮಿಷಾರಣ್ಯ; ಒಳಗಿನ ಶ್ರೋತೃ ಜನಮೇಜಯ. ಈ ಎರಡು ಸ್ಥಳಗಳನ್ನು ನೆನಪಿಟ್ಟರೆ ಕಥೆಯ ದಾರಿ ಸ್ಪಷ್ಟವಾಗುತ್ತದೆ.,,57,25,33,,,pending,pending,,
139,G12-S02,ಸಂಕ್ಷಿಪ್ತ ಭಾರತಕಥೆಯ ಪಾತ್ರ,MAHABHARATA-1-AADIPARVA-_djvu (1).txt lines 24965–25529,"ವೈಶಂಪಾಯನರು ಮೊದಲು ಕಥೆಯ ಸಂಕ್ಷಿಪ್ತ ರೂಪವನ್ನು ನೀಡುತ್ತಾರೆ. ಪಾಂಡವರ ಜನನ, ಬಾಲ್ಯದ ಅಪಾಯಗಳು, ದ್ರೌಪದಿಯ ವಿವಾಹ, ರಾಜ್ಯಲಾಭ ಮತ್ತು ಬೆಳೆದ ವೈಷಮ್ಯ ಪರಿಚಯವಾಗುತ್ತವೆ. ದ್ಯೂತದಿಂದ ಅರಣ್ಯವಾಸ, ಅಜ್ಞಾತವಾಸದಿಂದ ಶಾಂತಿಪ್ರಯತ್ನ, ಕೊನೆಗೆ ಯುದ್ಧ ಮತ್ತು ಅದರ ಫಲದವರೆಗೆ ಮುನ್ನೋಟ ಸಾಗುತ್ತದೆ. ಜನಮೇಜಯನು ಕೇವಲ ಅಂತ್ಯದ ಸುದ್ದಿ ಕೇಳಲು ಬಂದವನಲ್ಲ. ತನ್ನ ಪೂರ್ವಜರು ಏಕೆ ಆ ಸಂಕಟಕ್ಕೆ ಬಂದರು ಎಂಬುದನ್ನು ತಿಳಿಯಬೇಕು. ಆದ್ದರಿಂದ ಈ ಸಂಗ್ರಹವು ಮುಂದಿನ ವಿಸ್ತಾರದ ಬಾಗಿಲು. ಈಗ ಕೇಳುವ ಹೆಸರುಗಳ ಹಿಂದೆ ಇರುವ ಘಟನೆಗಳನ್ನು ಮುಂದೆ ಒಂದೊಂದಾಗಿ ತೆರೆಯಲಾಗುತ್ತದೆ.",,57,25,33,,,pending,pending,,
140,G12-S03,ಭಾರತಶ್ರವಣದ ಫಲ ಮತ್ತು ಅಧ್ಯಯನ,MAHABHARATA-1-AADIPARVA-_djvu (1).txt lines 25536–26178,"ಮುಂದಿನ ಭಾಗ ಮಹಾಭಾರತದ ಅಧ್ಯಯನ ಮತ್ತು ಶ್ರವಣವನ್ನು ಹೊಗಳುತ್ತದೆ. ಧರ್ಮ, ಅರ್ಥ, ಕಾಮ ಮತ್ತು ಮೋಕ್ಷದ ವಿಚಾರಗಳು ಈ ಗ್ರಂಥದಲ್ಲಿ ಹೇಗೆ ನೆಲೆಗೊಂಡಿವೆ ಎಂಬ ದೃಷ್ಟಿ ನೀಡುತ್ತದೆ. ಪವಿತ್ರ ಕಥೆಯನ್ನು ಶ್ರದ್ಧೆಯಿಂದ ಕೇಳುವುದು, ಅರ್ಥವನ್ನು ಮನನ ಮಾಡುವುದು ಮತ್ತು ನಿರೂಪಣೆಯನ್ನು ಗೌರವಿಸುವುದು ಮಹತ್ವವೆಂದು ಹೇಳುತ್ತದೆ. ವಿವಿಧ ಸಂದರ್ಭಗಳಲ್ಲಿ ಪಠಣ ಮಾಡಿದರೆ ದೊರೆಯುವ ಫಲಗಳನ್ನೂ ಪಾಠ ಪ್ರತ್ಯೇಕವಾಗಿ ನಿರೂಪಿಸುತ್ತದೆ. ಇವು ಗ್ರಂಥದ ಧಾರ್ಮಿಕ ಫಲಶ್ರುತಿಗಳು. ಕಥೆಯ ಪಾತ್ರಗಳು ಮಾಡುವ ಕ್ರಿಯೆಗಳಂತೆ ಅವನ್ನು ಬಣ್ಣಿಸದೆ, ಗ್ರಂಥವು ತನ್ನ ಅಧ್ಯಯನದ ಮಹತ್ವವನ್ನು ಹೇಳುವ ವಚನಗಳಾಗಿ ಕೇಳೋಣ.",,58,26,33,,,pending,pending,,
141,G12-S04,ಮನುವಿನಿಂದ ಯಯಾತಿಗೆ,MAHABHARATA-1-AADIPARVA-_djvu (1).txt lines 26185–26262,"ಪೂರುವಂಶವನ್ನು ಹೇಳಲು ವೈಶಂಪಾಯನರು ವಂಶದ ದೂರದ ನೆಲೆಯಿಂದ ಆರಂಭಿಸುತ್ತಾರೆ. ಕಶ್ಯಪ ಮತ್ತು ಅದಿತಿಯಿಂದ ವಿವಸ್ವಂತ; ಅವನಿಂದ ಮನು; ಮನುವಿನ ಮಗಳು ಇಳಾ; ಇಳೆಯಿಂದ ಪುರೂರವ; ಪುರೂರವನಿಂದ ಆಯು; ಆಯುವಿನಿಂದ ನಹುಷ; ನಹುಷನಿಂದ ಯಯಾತಿ. ಯಯಾತಿಗೆ ದೇವಯಾನಿ ಮತ್ತು ಶರ್ಮಿಷ್ಠೆ ಎಂಬ ಪತ್ನಿಯರು. ದೇವಯಾನಿಯಿಂದ ಯದು ಮತ್ತು ತುರ್ವಸು; ಶರ್ಮಿಷ್ಠೆಯಿಂದ ದ್ರುಹ್ಯು, ಅನು ಮತ್ತು ಪೂರು ಜನಿಸುತ್ತಾರೆ. ಯದುವಿನಿಂದ ಯಾದವರು, ಪೂರುವಿನಿಂದ ಪೌರವರು ಮುಂದುವರಿಯುತ್ತಾರೆ. ಮುಂದೆ ಕೃಷ್ಣನ ಯಾದವಪರಂಪರೆ ಮತ್ತು ಪಾಂಡವರ ಪೌರವಪರಂಪರೆ ಪರಸ್ಪರ ಸೇರುವ ಹಿನ್ನೆಲೆ ಇದೇ.",,55,24,31,,,pending,pending,,
142,G12-S05,ಪೌರವರಿಂದ ಕುರುಗಳಿಗೆ,MAHABHARATA-1-AADIPARVA-_djvu (1).txt lines 26263–26960,"ಪೂರುವಿನ ನಂತರ ವಂಶದಲ್ಲಿ ಅನೇಕ ರಾಜರು ಬರುತ್ತಾರೆ. ಪ್ರಾಚೀನ್ವಂತನ ಪೂರ್ವದಿಗ್ವಿಜಯ, ಮುಂದಿನ ವಿವಾಹಸಂಬಂಧಗಳು ಮತ್ತು ಪೀಳಿಗೆಗಳ ವಿಸ್ತಾರವನ್ನು ಪಾಠ ಕ್ರಮವಾಗಿ ಹೇಳುತ್ತದೆ. ದುಷ್ಯಂತ ಮತ್ತು ಶಕುಂತಲೆಯ ಮಗ ಭರತನಿಂದ ವಂಶಕ್ಕೆ ವಿಶೇಷ ಖ್ಯಾತಿ ದೊರೆಯುತ್ತದೆ. ಮುಂದೆ ಹಸ್ತಿ ಎಂಬ ರಾಜನ ಹೆಸರು ಹಸ್ತಿನಪುರದ ನೆಲೆಗೆ ಸೇರುತ್ತದೆ. ಸಂವರಣ ಮತ್ತು ತಪತಿಯ ಮಗ ಕುರುವಿನಿಂದ ಕುರುವಂಶದ ಪರಿಚಯ ಬರುತ್ತದೆ. ಶಂತನು, ವಿಚಿತ್ರವೀರ್ಯ, ಧೃತರಾಷ್ಟ್ರ ಮತ್ತು ಪಾಂಡುವಿನ ತಲೆಮಾರಿಗೆ ದಾರಿ ಸಾಗುತ್ತದೆ. ಒಂದೇ ಹೆಸರು ಹಲವು ಪೀಳಿಗೆಯಲ್ಲಿ ಮರುಕಳಿಸಬಹುದು; ಸಂಬಂಧವೇ ವ್ಯಕ್ತಿಯನ್ನು ಗುರುತಿಸುವ ಮುಖ್ಯ ಕೊಂಡಿ.",,59,26,34,,,pending,pending,,
143,G12-S06,ಉಪರಿಚರ ವಸು ಮತ್ತು ಇಂದ್ರ,MAHABHARATA-1-AADIPARVA-_djvu (1).txt lines 27500–27698,"ಚೇದಿದೇಶದ ರಾಜ ಉಪರಿಚರ ವಸು ತಪಸ್ಸಿನಲ್ಲಿ ನಿರತನಾಗುತ್ತಾನೆ. ಇಂದ್ರನು ಅವನನ್ನು ಸಮೀಪಿಸಿ ಭೂಮಿಯಲ್ಲಿ ರಾಜಧರ್ಮವನ್ನು ಪಾಲಿಸಬೇಕೆಂದು ತಿಳಿಸುತ್ತಾನೆ. ಸ್ನೇಹದ ಸಂಕೇತವಾಗಿ ದಿವ್ಯವಿಮಾನ, ಮಾಲೆ ಮತ್ತು ಧ್ವಜದ ದಂಡವನ್ನು ನೀಡುತ್ತಾನೆ. ವಸು ಆ ಅನುಗ್ರಹದೊಂದಿಗೆ ತನ್ನ ರಾಜ್ಯಕ್ಕೆ ಮರಳುತ್ತಾನೆ. ಭೂಮಿಯ ಮೇಲೂ ಆಕಾಶಮಾರ್ಗದಲ್ಲೂ ಸಂಚರಿಸುವ ಅವನಿಗೆ ಉಪರಿಚರನೆಂಬ ಹೆಸರು ಸೇರುತ್ತದೆ. ಆದರೆ ಕಥೆ ಅವನ ಅದ್ಭುತ ಸಂಚಾರದಲ್ಲೇ ನಿಲ್ಲುವುದಿಲ್ಲ. ಇಂದ್ರನಿಗೆ ಸಲ್ಲಿಸಿದ ಕೃತಜ್ಞತೆ ರಾಜ್ಯದ ಸಾರ್ವಜನಿಕ ಉತ್ಸವವಾಗಿ ರೂಪುಗೊಳ್ಳುತ್ತದೆ; ಅವನ ಕುಟುಂಬದಿಂದ ಮುಂದೆ ಸತ್ಯವತಿಯ ಜನ್ಮಕ್ಕೆ ದಾರಿ ತೆರೆಯುತ್ತದೆ.",,55,24,31,,,pending,pending,,
144,G12-S07,ಇಂದ್ರಧ್ವಜದ ಉತ್ಸವ,MAHABHARATA-1-AADIPARVA-_djvu (1).txt lines 27699–27972,"ವಸು ಇಂದ್ರನನ್ನು ಪೂಜಿಸಲು ಧ್ವಜದ ಉತ್ಸವವನ್ನು ಆರಂಭಿಸುತ್ತಾನೆ. ದಂಡವನ್ನು ನೆಲದಲ್ಲಿ ಸ್ಥಾಪಿಸಿ, ನಂತರ ವಸ್ತ್ರ, ಸುಗಂಧ ಮತ್ತು ಮಾಲೆಗಳಿಂದ ಅಲಂಕರಿಸಿ ಎತ್ತಲಾಗುತ್ತದೆ. ಶಂಖ, ಭೇರಿ ಮತ್ತು ಮೃದಂಗಗಳ ನಾದದ ನಡುವೆ ಇಂದ್ರನನ್ನು ಆವಾಹಿಸಿ ಪೂಜೆ ನಡೆಯುತ್ತದೆ. ರಾಜನ ಕೃತಜ್ಞತೆ ಊರುಗಳಲ್ಲೂ ಆಚರಣೆಯಾಗಿ ಹರಡುತ್ತದೆಂದು ಪಾಠ ಹೇಳುತ್ತದೆ. ಇಂದ್ರನು ಈ ಉತ್ಸವಕ್ಕೆ ಸಂತೋಷಗೊಂಡು ಅನುಗ್ರಹ ನೀಡುತ್ತಾನೆ. ಮೂಲದಲ್ಲಿ ವಿಧಿಗಳ ವಿವರವೂ ಫಲಶ್ರುತಿಯೂ ಬರುತ್ತವೆ. ವಸುವಿನ ರಾಜ್ಯಜೀವನದಲ್ಲಿ ದೇವಸಂಬಂಧವು ವೈಯಕ್ತಿಕ ವರಕ್ಕಿಂತ ಸಮುದಾಯದ ಆಚರಣೆಯ ರೂಪ ಪಡೆಯುತ್ತದೆ.",,53,24,30,,,pending,pending,,
145,G12-S08,"ಶುಕ್ತಿಮತೀ, ಕೋಲಾಹಲ ಮತ್ತು ಗಿರಿಕಾ",MAHABHARATA-1-AADIPARVA-_djvu (1).txt lines 27973–28071,ವಸುವಿಗೆ ಐದು ಪುತ್ರರು ವಿವಿಧ ರಾಜ್ಯಗಳ ಪರಂಪರೆಯನ್ನು ಆರಂಭಿಸುತ್ತಾರೆ. ಅವನ ಪಟ್ಟಣದ ಬಳಿ ಶುಕ್ತಿಮತೀ ನದಿ ಹರಿಯುತ್ತದೆ. ಕೋಲಾಹಲ ಪರ್ವತವು ಚೇತನರೂಪದಲ್ಲಿ ಆ ನದಿಯನ್ನು ತಡೆಯುತ್ತದೆ. ವಸು ಪರ್ವತಕ್ಕೆ ಪಾದಪ್ರಹಾರ ಮಾಡಿ ಹರಿವಿಗೆ ದಾರಿ ತೆರೆಯುತ್ತಾನೆ. ಶುಕ್ತಿಮತೀಗೆ ಕೋಲಾಹಲನಿಂದ ಜನಿಸಿದ ಗಂಡು ಮತ್ತು ಹೆಣ್ಣು ಮಕ್ಕಳನ್ನು ಅವಳು ರಾಜನಿಗೆ ಒಪ್ಪಿಸುತ್ತಾಳೆ. ಬೆಳೆದ ನಂತರ ಪುತ್ರನು ಅವನ ಸೇನಾಪತಿಯಾಗುತ್ತಾನೆ; ಪುತ್ರಿ ಗಿರಿಕಾ ಅವನ ರಾಣಿಯಾಗುತ್ತಾಳೆ. ನದಿ ಮತ್ತು ಪರ್ವತದ ಈ ಪೌರಾಣಿಕ ಸಂಬಂಧದಿಂದ ರಾಜನ ಮುಂದಿನ ಕುಟುಂಬಕಥೆ ಆರಂಭವಾಗುತ್ತದೆ.,,55,24,31,,,pending,pending,,
146,G12-S09,ಹಕ್ಕಿಯ ಮೂಲಕ ಹೋದ ಸಂದೇಶ,MAHABHARATA-1-AADIPARVA-_djvu (1).txt lines 28072–28159,"ಗಿರಿಕೆಗೆ ಋತುಕಾಲ ಬಂದ ದಿನವೇ ವಸು ಪಿತೃಗಳ ಕಾರ್ಯಕ್ಕಾಗಿ ಬೇಟೆಗೆ ಹೊರಡುತ್ತಾನೆ. ಕಾಡಿನಲ್ಲಿ ಪತ್ನಿಯನ್ನು ನೆನಸಿದಾಗ ಅವನ ವೀರ್ಯ ಸ್ಖಲಿಸುತ್ತದೆ. ಅದನ್ನು ವ್ಯರ್ಥವಾಗದಂತೆ ಎಲೆಯಲ್ಲಿ ಹಿಡಿದು, ಗಿರಿಕೆಗೆ ತಲುಪಿಸಲು ಶ್ಯೇನಪಕ್ಷಿಗೆ ನೀಡುತ್ತಾನೆ. ಪಕ್ಷಿ ಹಾರುತ್ತಿದ್ದಾಗ ಮತ್ತೊಂದು ಶ್ಯೇನ ಅದನ್ನು ಆಹಾರವೆಂದು ಭಾವಿಸಿ ದಾಳಿ ಮಾಡುತ್ತದೆ. ಹೋರಾಟದಲ್ಲಿ ಎಲೆಯಲ್ಲಿದ್ದ ವಸ್ತು ಯಮುನೆಯೊಳಗೆ ಬೀಳುತ್ತದೆ. ರಾಜನು ಉದ್ದೇಶಿಸಿದ್ದ ದಾರಿ ತಪ್ಪುತ್ತದೆ. ಆದರೆ ಅದೇ ವಿಚಿತ್ರ ಘಟನೆ ಮುಂದೆ ಎರಡು ಮಕ್ಕಳ ಜನ್ಮಕ್ಕೂ ಸತ್ಯವತಿಯ ಜೀವನಕ್ಕೂ ಕಾರಣವಾಗುತ್ತದೆ.",,52,23,30,,,pending,pending,,
147,G12-S10,ಅದ್ರಿಕೆಯ ಶಾಪಮುಕ್ತಿ,MAHABHARATA-1-AADIPARVA-_djvu (1).txt lines 28160–28243,ಯಮುನೆಯಲ್ಲಿ ಅದ್ರಿಕಾ ಎಂಬ ಅಪ್ಸರೆ ಶಾಪದಿಂದ ಮೀನಿನ ರೂಪದಲ್ಲಿದ್ದಳು. ನದಿಗೆ ಬಿದ್ದ ವೀರ್ಯವನ್ನು ಸ್ವೀಕರಿಸಿ ಗರ್ಭ ಹೊಂದುತ್ತಾಳೆ. ಮೀನುಗಾರರು ಹಿಡಿದ ಆ ಮೀನಿನಿಂದ ಒಬ್ಬ ಗಂಡು ಮತ್ತು ಒಬ್ಬ ಹೆಣ್ಣು ಶಿಶು ದೊರೆಯುತ್ತಾರೆ. ಈ ಜನ್ಮದಿಂದ ಅದ್ರಿಕೆಯ ಶಾಪ ಕೊನೆಗೊಳ್ಳುತ್ತದೆ. ಗಂಡುಮಗುವು ರಾಜನ ಬಳಿಗೆ ಹೋಗಿ ಮತ್ಸ್ಯರಾಜನಾಗುತ್ತದೆ. ಹೆಣ್ಣುಮಗುವನ್ನು ದಾಶರಾಜನು ತನ್ನ ಮಗಳಾಗಿ ಬೆಳೆಸುತ್ತಾನೆ. ಅವಳಿಗೆ ಸತ್ಯವತಿ ಎಂಬ ಹೆಸರು; ಮತ್ಸ್ಯಸಂಬಂಧದ ವಾಸನೆಯಿಂದ ಮತ್ಸ್ಯಗಂಧೆ ಎಂದೂ ಕರೆಯುತ್ತಾರೆ. ರಾಜಕುಲದ ಜನ್ಮ ಮತ್ತು ಮೀನುಗಾರರ ಮನೆಯ ಪಾಲನೆ ಅವಳಲ್ಲಿ ಒಂದಾಗುತ್ತವೆ.,,56,25,32,,,pending,pending,,
148,G12-S11,ದೋಣಿಯಲ್ಲಿನ ಭೇಟಿ,MAHABHARATA-1-AADIPARVA-_djvu (1).txt lines 28244–28331,"ಸತ್ಯವತಿ ಬೆಳೆದು ತಂದೆಯ ಕೆಲಸಕ್ಕೆ ನೆರವಾಗಿ ದೋಣಿ ನಡೆಸುತ್ತಾಳೆ. ಒಂದು ದಿನ ಪರಾಶರ ಋಷಿ ನದಿಯನ್ನು ದಾಟಲು ಬರುತ್ತಾರೆ. ದೋಣಿಯಲ್ಲಿ ಅವಳನ್ನು ಕಂಡ ಅವರು ಅವಳ ಜನ್ಮದ ವಿಷಯವನ್ನು ತಿಳಿದಿರುವುದಾಗಿ ಹೇಳುತ್ತಾರೆ. ಸತ್ಯವತಿ ತನ್ನನ್ನು ಜನರು ಮತ್ಸ್ಯಗಂಧೆ ಎಂದು ಕರೆಯುತ್ತಾರೆ, ತನ್ನ ಮೂಲವನ್ನು ಹೇಗೆ ತಿಳಿಯುತ್ತೀರಿ ಎಂದು ಕೇಳುತ್ತಾಳೆ. ಪರಾಶರರು ಅವಳ ಹಿಂದಿನ ಜನ್ಮ ಮತ್ತು ವಸು–ಅದ್ರಿಕೆಯ ಸಂಬಂಧವನ್ನು ವಿವರಿಸಲು ಆರಂಭಿಸುತ್ತಾರೆ. ಅವಳು ಕೇವಲ ಮೌನವಾಗಿ ಕೇಳುವವಳಲ್ಲ; ತನ್ನ ಗುರುತು, ಭವಿಷ್ಯ ಮತ್ತು ಮುಂದಿನ ಸಂಬಂಧದ ಪರಿಣಾಮಗಳ ಬಗ್ಗೆ ಪ್ರಶ್ನೆ ಮಾಡುವವಳು.",,58,26,33,,,pending,pending,,
149,G12-S12,ಸತ್ಯವತಿಯ ಪೂರ್ವಜನ್ಮದ ವಿವರಣೆ,MAHABHARATA-1-AADIPARVA-_djvu (1).txt lines 28332–28486,ಪರಾಶರರು ಸತ್ಯವತಿಯ ಹಿಂದಿನ ಪಿತೃಸಂಬಂಧವನ್ನು ತಿಳಿಸುತ್ತಾರೆ. ಅವಳು ಬರ್ಹಿಷದ್ ಪಿತೃಗಳ ಮಾನಸಕನ್ಯೆಯಾಗಿದ್ದಳು; ತನ್ನ ನಿಜವಾದ ಪಿತೃಗಳನ್ನು ಅರಿಯದೆ ಬೇರೆ ರಾಜನನ್ನು ತಂದೆಯೆಂದು ಸ್ವೀಕರಿಸಿದ ಸಂದರ್ಭದಿಂದ ಜನ್ಮಬದಲಾವಣೆಯ ಫಲ ಬಂತು ಎಂದು ಈ ಆವೃತ್ತಿ ಹೇಳುತ್ತದೆ. ಮತ್ಸ್ಯಯೋನಿಯಲ್ಲಿ ಜನಿಸಿ ದಾಶನ ಮಗಳಾಗಿ ಬೆಳೆಯುವ ಭವಿಷ್ಯವನ್ನೂ ಪೂರ್ವಜರು ತಿಳಿಸಿದ್ದರು. ಈಗ ಆ ಮಾತು ನೆರವೇರಿದೆ. ಈ ವಿವರ ಕೇಳಿ ಅವಳಿಗೆ ಹಿಂದಿನ ಜನ್ಮದ ಸ್ಮರಣೆ ಬರುತ್ತದೆ. ಪರಾಶರರು ಅವಳಿಂದ ಲೋಕಹಿತ ಮಾಡುವ ಮಗನನ್ನು ಅಪೇಕ್ಷಿಸುತ್ತಾರೆ. ಸತ್ಯವತಿ ತನ್ನ ಮುಂದಿರುವ ವ್ಯವಹಾರಿಕ ಪ್ರಶ್ನೆಗಳನ್ನು ಅವರಿಗೆ ಇಡುತ್ತಾಳೆ.,,58,26,33,,,pending,pending,,
150,G12-S13,"ಮಂಜು, ಗೌರವ ಮತ್ತು ವರ",MAHABHARATA-1-AADIPARVA-_djvu (1).txt lines 28487–28603,"ಸತ್ಯವತಿ ಆಚೆಯ ದಡದಲ್ಲಿರುವ ಋಷಿಗಳನ್ನು ತೋರಿಸಿ, ಎಲ್ಲರಿಗೂ ಕಾಣುವ ಸ್ಥಳದಲ್ಲಿ ಸಮಾಗಮ ಹೇಗೆ ಸಾಧ್ಯ ಎಂದು ಕೇಳುತ್ತಾಳೆ. ಪರಾಶರರು ಮಂಜನ್ನು ಸೃಷ್ಟಿಸುತ್ತಾರೆ. ಆದರೂ ಅವಳ ಚಿಂತೆ ಮುಗಿಯುವುದಿಲ್ಲ. ತಂದೆಯ ಮನೆಯಲ್ಲಿ ತನ್ನ ಸ್ಥಿತಿ ಏನಾಗುತ್ತದೆ, ಕನ್ಯಾಭಾವ ಕಳೆದುಕೊಂಡರೆ ಹೇಗೆ ಮರಳುವುದು ಎಂದು ಪ್ರಶ್ನಿಸುತ್ತಾಳೆ. ಪರಾಶರರು ಅವಳ ಸ್ಥಿತಿಗೆ ಧಕ್ಕೆಯಾಗದ ವರ ನೀಡುತ್ತಾರೆ. ಅವಳು ತನ್ನ ದೇಹಕ್ಕೆ ಸುಗಂಧವನ್ನು ಬೇಡುತ್ತಾಳೆ. ವರದಿಂದ ಗಂಧವತಿ, ಯೋಜನಗಂಧೆ ಎಂಬ ಹೆಸರುಗಳು ಬರುತ್ತವೆ. ಈ ಆವೃತ್ತಿಯಲ್ಲಿ ಇಲ್ಲಿಯೇ ಕಥೆ ನಿಲ್ಲುವುದಿಲ್ಲ; ಧಾರ್ಮಿಕ ವಿವಾಹದ ವಿಶದ ಘಟನೆ ಮುಂದಿದೆ.",,58,26,33,,,pending,pending,,
151,G12-S14,ಈ ಪಾಠದ ವಿವಾಹವಿವರಣೆ,MAHABHARATA-1-AADIPARVA-_djvu (1).txt lines 28604–28966,"ಪರಾಶರರು ಧರ್ಮವಿಧಿಯನ್ನು ಕುರಿತು ಚಿಂತಿಸುತ್ತಾರೆ. ಮನಸ್ಸಿನ ಇಚ್ಛೆಯೊಂದರಿಂದ ಕ್ರಿಯಾರಹಿತ ಸಂಬಂಧಕ್ಕೆ ಹೋಗುವುದಿಲ್ಲವೆಂದು ಈ ಪಾಠ ವಿವರಿಸುತ್ತದೆ. ವಸಿಷ್ಠರು, ಪಿತೃಗಣಗಳು ಮತ್ತು ಋಷಿಗಳು ವಿವಾಹಕ್ಕೆ ಸೇರುತ್ತಾರೆ. ಸತ್ಯವತಿಯ ಪಿತೃಸಂಬಂಧ ಮತ್ತು ಅವಳ ದಾನದ ಅಧಿಕಾರದ ಕುರಿತು ಸಂವಾದ ನಡೆಯುತ್ತದೆ. ಯಮುನೆಯ ದ್ವೀಪದಲ್ಲಿ ಮಂಟಪ ಸಿದ್ಧವಾಗುತ್ತದೆ. ಶುಭ್ರವಸ್ತ್ರ, ಮಂಗಳಾಚರಣೆ ಮತ್ತು ವಿಧಿಗಳ ಮೂಲಕ ವಿವಾಹಕ್ಕೆ ವ್ಯವಸ್ಥೆ ಮಾಡಲಾಗುತ್ತದೆ. ಜನಪ್ರಿಯ ಸಂಕ್ಷಿಪ್ತ ಕಥೆಗಳಲ್ಲಿ ಇಲ್ಲದ ಈ ದೀರ್ಘ ಭಾಗ ನಮ್ಮ ಪುಸ್ತಕದಲ್ಲಿದೆ. ಆದ್ದರಿಂದ ಸತ್ಯವತಿ–ಪರಾಶರರ ಸಂಬಂಧವನ್ನು ಈ ಆವೃತ್ತಿಯ ಕ್ರಮದಲ್ಲೇ ಕೇಳುತ್ತಿದ್ದೇವೆ.",,55,24,31,,,pending,pending,,
152,G12-S15,ಅಗ್ನಿಸಾಕ್ಷಿಯ ವಿವಾಹ,MAHABHARATA-1-AADIPARVA-_djvu (1).txt lines 28967–29026,"ವಸಿಷ್ಠರು ಯಾಜ್ಞವಲ್ಕ್ಯರನ್ನು ವಿವಾಹಪುರೋಹಿತರಾಗಿ ಕರೆದು, ವಸುವನ್ನೂ ಆಹ್ವಾನಿಸುತ್ತಾರೆ. ಋಷಿಗಳ ಸಮ್ಮುಖದಲ್ಲಿ ಶ್ರೌತವಿಧಿಯಿಂದ ವಿವಾಹ ನೆರವೇರುತ್ತದೆ. ಅಗ್ನಿಯಲ್ಲಿ ಹವಿಸ್ಸನ್ನು ಅರ್ಪಿಸಿ ಮೂರು ಬಾರಿ ಪ್ರದಕ್ಷಿಣೆ ಮಾಡುವ ವಿವರ ಪಾಠದಲ್ಲಿದೆ. ಹಿರಿಯರ ಅನುಮತಿ ಮತ್ತು ಆಶೀರ್ವಾದ ದೊರೆಯುತ್ತವೆ. ಈ ಕ್ರಮದ ನಂತರ ಸತ್ಯವತಿ ಮತ್ತು ಪರಾಶರರ ಸಂಗಮವನ್ನು ನಿರೂಪಿಸುತ್ತದೆ. ಮುಂದೆ ಜನಿಸುವ ಮಗನ ಕಥೆಯನ್ನು ಅರ್ಥಮಾಡಿಕೊಳ್ಳಲು, ಈ ಆವೃತ್ತಿ ಮೊದಲೇ ಕಟ್ಟಿಕೊಟ್ಟ ವಿವಾಹದ ಸಂದರ್ಭವನ್ನು ನೆನಪಿಡಬೇಕು. ದ್ವೀಪದ ಮೇಲೆ ಈಗ ಹೊಸ ಜ್ಞಾನಪರಂಪರೆಯ ಜನ್ಮದ ಕ್ಷಣ ಸಮೀಪಿಸಿದೆ.",,53,24,30,,,pending,pending,,
153,G12-S16,ಯಮುನಾದ್ವೀಪದಲ್ಲಿ ವ್ಯಾಸರು,MAHABHARATA-1-AADIPARVA-_djvu (1).txt lines 29027–29064,"ಯಮುನೆಯ ದ್ವೀಪದಲ್ಲಿ ಸತ್ಯವತಿಗೆ ವ್ಯಾಸರು ಜನಿಸುತ್ತಾರೆ. ಹುಟ್ಟಿದ ತಕ್ಷಣವೇ ಏಳು ವರ್ಷದ ಬಾಲಕರಾಗಿ ಬೆಳೆಯುತ್ತಾರೆಂದು ಈ ಆವೃತ್ತಿ ಹೇಳುತ್ತದೆ. ಅವರು ಸ್ನಾನ ಮಾಡಿ ತಂದೆಗೆ ವಂದಿಸುತ್ತಾರೆ. ಪರಾಶರರು ಕಮಂಡಲುವನ್ನು ನೀಡಿ ಆಶೀರ್ವದಿಸುತ್ತಾರೆ. ಮಗನು ಶಾಂತವಾಗಿ ಅವರ ಪಕ್ಕದಲ್ಲಿ ನಿಂತುಕೊಳ್ಳುತ್ತಾನೆ. ದ್ವೀಪದಲ್ಲಿ ಜನಿಸಿದ ಕಾರಣ ದ್ವೈಪಾಯನ, ಕೃಷ್ಣವರ್ಣದಿಂದ ಕೃಷ್ಣ ಎಂಬ ಹೆಸರುಗಳು ಮುಂದಕ್ಕೆ ಸೇರಿವೆ. ಮಹಾಭಾರತವನ್ನು ರಚಿಸುವ ವ್ಯಾಸರೇ ಈಗ ಕಥೆಯೊಳಗಿನ ಪಾತ್ರವಾಗಿ ನಮ್ಮ ಮುಂದೆ ಬಂದಿದ್ದಾರೆ. ಆದರೂ ತಾಯಿ ಮತ್ತು ಮಗನ ನಡುವಿನ ಒಂದು ಸೂಕ್ಷ್ಮ ಘಟನೆ ಇನ್ನೂ ಉಳಿದಿದೆ.",,57,25,33,,,pending,pending,,
154,G12-S17,ತಾಯಿಯ ಗೌರವದ ಪಾಠ,MAHABHARATA-1-AADIPARVA-_djvu (1).txt lines 29065–29329,"ಸತ್ಯವತಿ ಮಗನನ್ನು ಎತ್ತಿಕೊಳ್ಳಲು ಮುಂದಾದಾಗ ಬಾಲವ್ಯಾಸರು ಅವಳ ಜನ್ಮಸ್ಥಿತಿಯನ್ನು ಉಲ್ಲೇಖಿಸಿ ತಡೆಯುತ್ತಾರೆ. ಅವಳು ದುಃಖದಿಂದ ಕಣ್ಣೀರು ಸುರಿಸುತ್ತಾಳೆ. ಪರಾಶರರು ತಕ್ಷಣ ಮಗನನ್ನು ತಿದ್ದುತ್ತಾರೆ: ತಾಯಿ ತಂದೆಯನ್ನು ದೂಷಿಸಬಾರದು; ಗರ್ಭಧಾರಣೆ ಮತ್ತು ಪ್ರಸವದ ಕಷ್ಟವನ್ನು ಹೊರುವ ತಾಯಿಯ ಗೌರವ ಮಹತ್ತರವೆನ್ನುತ್ತಾರೆ. ಋಷಿಗಳು ವಿವಿಧ ಜನ್ಮಸ್ಥಿತಿಗಳಲ್ಲಿ ಹುಟ್ಟಿದ ಉದಾಹರಣೆಗಳನ್ನು ಹೇಳಿ, ಜನ್ಮದ ನೆಪದಿಂದ ತಾಯಿಯನ್ನು ನಿರಾಕರಿಸಬಾರದೆಂದು ಬೋಧಿಸುತ್ತಾರೆ. ಮಗನು ತಂದೆಯ ಮಾತನ್ನು ಸ್ವೀಕರಿಸಿ ತಾಯಿಯ ಮಡಿಲಲ್ಲಿ ಕುಳಿತುಕೊಳ್ಳುತ್ತಾನೆ. ಸತ್ಯವತಿ ಅವನನ್ನು ಆಲಿಂಗಿಸುತ್ತಾಳೆ. ಕಠಿಣ ವಚನದ ನಂತರ ಸಂಬಂಧದ ಮರುಸಂಗಮ ಬರುತ್ತದೆ.",,55,24,31,,,pending,pending,,
155,G12-S18,ಸ್ಮರಿಸಿದಾಗ ಬರುವ ಮಗ,MAHABHARATA-1-AADIPARVA-_djvu (1).txt lines 29330–29476,"ಸತ್ಯವತಿ ಮಗನನ್ನು ಬಿಟ್ಟುಹೋಗಬೇಡವೆಂದು ಕೇಳುತ್ತಾಳೆ. ವ್ಯಾಸರು ತಮ್ಮ ತಪಸ್ಸಿನ ಕಾರ್ಯಕ್ಕಾಗಿ ತೆರಳಬೇಕೆಂದು ಹೇಳಿ, ಅಗತ್ಯವಾದಾಗ ಸ್ಮರಿಸಿದರೆ ಬರುವ ಭರವಸೆ ಕೊಡುತ್ತಾರೆ. ತಾಯಿ ಮತ್ತು ತಂದೆಯ ಅನುಮತಿಯನ್ನು ಪಡೆದು ಹೊರಡುತ್ತಾರೆ. ಮುಂದೆ ವೇದವಿಭಾಗ ಮತ್ತು ಶಿಷ್ಯಪರಂಪರೆಯೊಂದಿಗೆ ಅವರ ಹೆಸರು ನೆಲೆಗೊಳ್ಳುತ್ತದೆ. ಈ ವಾಗ್ದಾನವು ಸತ್ಯವತಿಯ ಜೀವನದಲ್ಲಿ ಬಹಳ ನಂತರ ಮಹತ್ವ ಪಡೆಯಲಿದೆ. ಕುರುವಂಶದ ಮುಂದುವರಿಕೆ ಸಂಕಟಕ್ಕೆ ಬಂದಾಗ ಅವಳು ಮಗನನ್ನು ಸ್ಮರಿಸಲಿದ್ದಾಳೆ. ಈಗ ದ್ವೀಪದ ಕಥೆ ಮುಗಿದು ವೈಶಂಪಾಯನರ ವಂಶನಿರೂಪಣೆಗೆ ಮರಳುತ್ತೇವೆ.",,50,22,29,,,pending,pending,,
156,G12-S19,ಮುಂದಿನ ತಲೆಮಾರಿನ ಸಂಕ್ಷಿಪ್ತ ಪರಿಚಯ,MAHABHARATA-1-AADIPARVA-_djvu (1).txt lines 29480–29804,"ವೈಶಂಪಾಯನರು ಭೀಷ್ಮ, ವಿದುರ, ಧೃತರಾಷ್ಟ್ರ, ಪಾಂಡು ಮತ್ತು ಅವರ ಮಕ್ಕಳ ಜನ್ಮವನ್ನು ಸಂಕ್ಷಿಪ್ತವಾಗಿ ಪರಿಚಯಿಸುತ್ತಾರೆ. ಗಂಗೆ–ಶಂತನುವಿನ ಮಗನಾಗಿ ಭೀಷ್ಮ ಬರುತ್ತಾನೆ. ಅನ್ಯಾಯವಾಗಿ ಶಿಕ್ಷೆಗೊಳಗಾದ ಮಾಂಡವ್ಯ ಋಷಿಯ ಶಾಪದಿಂದ ಧರ್ಮನಿಗೆ ವಿದುರಜನ್ಮದ ಸಂಬಂಧ ಹೇಳಲ್ಪಡುತ್ತದೆ. ಕುಂತಿ ಮತ್ತು ಮಾದ್ರಿಯ ಮೂಲಕ ಪಾಂಡವರ ಜನನ, ಗಾಂಧಾರಿಯಿಂದ ಕೌರವರ ಜನನ ಮತ್ತು ಕರ್ಣನ ಹಿನ್ನೆಲೆಯೂ ಈ ಮುನ್ನೋಟದಲ್ಲಿವೆ. ಇದು ಅವರ ಸಂಪೂರ್ಣ ಜೀವನಕಥೆಯಲ್ಲ. ಮುಂದಿನ ವಂಶಕಥನವು ಪ್ರತಿಯೊಂದು ಜನ್ಮಕ್ಕೂ ಮುಂಚಿನ ಸಂಬಂಧ, ಶಾಪ ಮತ್ತು ನಿರ್ಧಾರಗಳನ್ನು ವಿಸ್ತರಿಸಲಿದೆ.",,52,23,30,,,pending,pending,,
157,G12-S20,ಭೂಮಿಯ ಸಂಕಟ ಮತ್ತು ನಾರಾಯಣನ ಆಶ್ರಯ,MAHABHARATA-1-AADIPARVA-_djvu (1).txt lines 29811–30302,"ಜನಮೇಜಯನು ದೇವತೆಗಳಿಗೆ ಸಮಾನವಾದ ಈ ವೀರರು ಭೂಮಿಯಲ್ಲಿ ಏಕೆ ಜನಿಸಿದರು ಎಂದು ಕೇಳುತ್ತಾನೆ. ವೈಶಂಪಾಯನರು ಹಿಂದಿನ ಕ್ಷತ್ರಿಯಸಂಹಾರದ ನಂತರ ರಾಜವಂಶಗಳು ಮತ್ತೆ ಬೆಳೆದ ಸಂದರ್ಭವನ್ನು ವಿವರಿಸುತ್ತಾರೆ. ಆರಂಭದಲ್ಲಿ ವ್ಯವಸ್ಥಿತ ಜೀವನವಿದ್ದರೂ, ಅಸುರಶಕ್ತಿಗಳು ರಾಜರಾಗಿ ಜನಿಸಿ ಲೋಕಕ್ಕೆ ಭಾರವಾಗುತ್ತವೆ. ಭೂಮಿಯ ಸಂಕಟ ದೇವತೆಗಳ ಮುಂದೆ ಬರುತ್ತದೆ. ಬ್ರಹ್ಮನ ಮಾರ್ಗದರ್ಶನದಲ್ಲಿ ದೇವತೆಗಳು ತಮ್ಮ ಅಂಶಗಳಿಂದ ಭೂಮಿಯಲ್ಲಿ ಜನಿಸಲು ಸಿದ್ಧರಾಗುತ್ತಾರೆ. ಇಂದ್ರನು ನಾರಾಯಣನನ್ನು ಆಶ್ರಯಿಸಿ ಲೋಕಹಿತಕ್ಕಾಗಿ ಅವತಾರ ಮಾಡಲು ಪ್ರಾರ್ಥಿಸುತ್ತಾನೆ. ಮಾನವಕುಟುಂಬದ ಕಥೆಗೆ ಗ್ರಂಥ ನೀಡುವ ದೈವಿಕ ಹಿನ್ನೆಲೆ ಇಲ್ಲಿ ತೆರೆಯುತ್ತದೆ.",,55,24,31,,,pending,pending,,
158,G12-S21,ದಕ್ಷಕನ್ಯೆಯರ ವಂಶಜಾಲ,MAHABHARATA-1-AADIPARVA-_djvu (1).txt lines 30311–30760,"ಇಂದ್ರನು ನಾರಾಯಣನ ಒಪ್ಪಿಗೆಯೊಂದಿಗೆ ದೇವತೆಗಳಿಗೆ ಅವತಾರದ ಸೂಚನೆ ನೀಡುತ್ತಾನೆ. ನಂತರ ಜನಮೇಜಯನು ದೇವ, ದಾನವ, ಗಂಧರ್ವ, ಯಕ್ಷ ಮತ್ತು ಇತರ ಜೀವಸಮುದಾಯಗಳ ಮೂಲವನ್ನು ಕೇಳುತ್ತಾನೆ. ಮರೀಚಿ, ಅತ್ರಿ, ಅಂಗೀರಸ, ಪುಲಸ್ತ್ಯ, ಪುಲಹ ಮತ್ತು ಕ್ರತು ಎಂಬ ಬ್ರಹ್ಮನ ಮಾನಸಪುತ್ರರಿಂದ ವಿವರಣೆ ಸಾಗುತ್ತದೆ. ಮರೀಚಿಯ ಮಗ ಕಶ್ಯಪ; ಅವನ ಪತ್ನಿಯರಾದ ದಕ್ಷಕನ್ಯೆಯರಲ್ಲಿ ಅದಿತಿ, ದಿತಿ, ದನು, ವಿನತೆ ಮತ್ತು ಕದ್ರುವೂ ಸೇರಿದ್ದಾರೆ. ಅದಿತಿಯ ಆದಿತ್ಯರು, ದಿತಿಯ ದೈತ್ಯರು ಮತ್ತು ಇತರ ತಾಯಂದಿರ ಸಂತತಿಗಳು ಪ್ರತ್ಯೇಕವಾಗುತ್ತವೆ. ಒಂದೇ ಮೂಲದಿಂದ ವಿಭಿನ್ನ ಶಕ್ತಿ ಮತ್ತು ಸ್ವಭಾವದ ವಂಶಗಳು ಹೇಗೆ ಹರಡುತ್ತವೆಂಬ ನಕ್ಷೆ ಇದಾಗಿದೆ.",,63,28,36,,,pending,pending,,
159,G12-S22,"ರುದ್ರರು, ವಸುಗಳು ಮತ್ತು ಋಷಿಪರಂಪರೆ",MAHABHARATA-1-AADIPARVA-_djvu (1).txt lines 30764–31561,"ಮುಂದಿನ ಅಧ್ಯಾಯ ಬ್ರಹ್ಮನ ಮಾನಸಪುತ್ರರು, ಹನ್ನೊಂದು ರುದ್ರರು, ವಸುಗಳು ಮತ್ತು ಋಷಿವಂಶಗಳನ್ನು ಮತ್ತಷ್ಟು ವಿವರಿಸುತ್ತದೆ. ಮೃಗವ್ಯಾಧ, ಶರ್ವ, ನಿರೃತಿ, ಅಜೈಕಪಾದ, ಅಹಿರ್ಬುಧ್ನ್ಯ, ಪಿನಾಕಿ, ದಹನ, ಈಶ್ವರ, ಕಪಾಲಿ, ಸ್ಥಾಣು ಮತ್ತು ಭವ ಎಂಬ ರುದ್ರನಾಮಗಳು ಬರುತ್ತವೆ. ಅವರ ಜೊತೆ ಅನೇಕ ದೇವಸಮುದಾಯಗಳು, ಸಂತಾನಸಂಬಂಧಗಳು ಮತ್ತು ಜೀವಿಗಳ ಉತ್ಪತ್ತಿಯ ವಿವರಣೆ ಇದೆ. ಮುಂದೆ ಭೀಷ್ಮನ ವಸುಸಂಬಂಧ ಅಥವಾ ಅಶ್ವತ್ಥಾಮನ ರುದ್ರಸಂಬಂಧ ಬಂದಾಗ ಈ ಪರಿಚಯದ ಅರ್ಥ ಸ್ಪಷ್ಟವಾಗುತ್ತದೆ. ಈಗ ಹೆಸರುಗಳನ್ನು ಒಂದೇ ವ್ಯಕ್ತಿಯ ಹಲವು ಹೆಸರುಗಳೆಂದು ಅನಾಯಾಸವಾಗಿ ಸೇರಿಸದೆ, ಪಾಠ ನೀಡುವ ಗುಂಪು ಮತ್ತು ಸಂಬಂಧವನ್ನು ಗಮನಿಸೋಣ.",,61,27,35,,,pending,pending,,
160,G12-S23,ಅಂಶಾವತರಣದ ಅರ್ಥ,MAHABHARATA-1-AADIPARVA-_djvu (1).txt lines 31563–31800,"ಜನಮೇಜಯನು ಈಗ ಈ ದೇವದಾನವಶಕ್ತಿಗಳು ಯಾವ ಮನುಷ್ಯರಲ್ಲಿ ಜನಿಸಿದವು ಎಂದು ಕೇಳುತ್ತಾನೆ. ವೈಶಂಪಾಯನರು ಮೊದಲು ದಾನವರ ಅಂಶಸಂಬಂಧಗಳನ್ನು ಹೇಳುತ್ತಾರೆ. ವಿಪ್ರಚಿತ್ತಿಗೆ ಜರಾಸಂಧನ, ಹಿರಣ್ಯಕಶಿಪುವಿಗೆ ಶಿಶುಪಾಲನ, ಸಂಹ್ಲಾದನಿಗೆ ಶಲ್ಯನ ಸಂಬಂಧವನ್ನು ಪಾಠ ನೀಡುತ್ತದೆ. ಭಗದತ್ತನ ವಿಷಯದಲ್ಲಿ ಮೂಲವಚನದೊಂದಿಗೆ ಬೇರೆ ಅಂಶವನ್ನು ವಿವರಿಸುವ ಟಿಪ್ಪಣಿಯೂ ಇದೆ. ಈ ಆವೃತ್ತಿಯ ಅಂಶಾವೇಶದ ವಿವರಣೆ ಸರಳವಾದ ಒಬ್ಬನೇ ಮತ್ತೆ ಅದೇ ವ್ಯಕ್ತಿಯಾಗಿ ಹುಟ್ಟಿದ ಎಂಬ ಪಟ್ಟಿಗಿಂತ ಸೂಕ್ಷ್ಮವಾಗಿದೆ. ಒಂದೇ ಮಾನವಪಾತ್ರದಲ್ಲಿ ಬೇರೆ ಬೇರೆ ಅಂಶಗಳ ಸಂಬಂಧವನ್ನು ವ್ಯಾಖ್ಯಾನ ಗುರುತಿಸಬಹುದು.",,52,23,30,,,pending,pending,,
161,G12-S24,ಪ್ರಮುಖ ಪಾತ್ರಗಳ ದೇವಸಂಬಂಧ,MAHABHARATA-1-AADIPARVA-_djvu (1).txt lines 31801–32581,"ಅಂಶಾವತರಣದ ಪಟ್ಟಿಯು ಅನೇಕ ರಾಜರು, ವೀರರು ಮತ್ತು ಮಹಿಳೆಯರ ಕಡೆಗೆ ವಿಸ್ತರಿಸುತ್ತದೆ. ಪಾಂಡವರಲ್ಲಿ ಧರ್ಮ, ವಾಯು, ಇಂದ್ರ ಮತ್ತು ಅಶ್ವಿನೀದೇವತೆಗಳ ಸಂಬಂಧ; ಕೃಷ್ಣನ ನಾರಾಯಣರೂಪ; ಇತರ ಪಾತ್ರಗಳ ದೇವಗಣ ಅಥವಾ ಅಸುರಗಣ ಸಂಬಂಧಗಳನ್ನು ಗ್ರಂಥ ತಿಳಿಸುತ್ತದೆ. ದ್ರೌಪದಿ ಮತ್ತು ಅವಳ ಅಂಶವಿವರಣೆಯೂ ಈ ದೊಡ್ಡ ಜಾಲದೊಳಗಿದೆ. ಈ ಪಟ್ಟಿ ಮುಂದೆ ಪಾತ್ರಗಳ ಕ್ರಿಯೆಗಳ ಬದಲು ತೀರ್ಪು ಕೊಡುವ ಸುಲಭ ಸಾಧನವಲ್ಲ. ಗ್ರಂಥವು ಮಾನವಜನ್ಮವನ್ನು ದೈವಿಕ ಯೋಜನೆಯೊಂದಿಗೆ ಹೇಗೆ ಜೋಡಿಸುತ್ತದೆ ಎಂಬ ಪರಿಚಯ. ಅವರ ವ್ಯಕ್ತಿಜೀವನದ ಆಯ್ಕೆಗಳು ಮತ್ತು ಪರಿಣಾಮಗಳನ್ನು ಮುಂದಿನ ಕಥೆಯೇ ತೋರಿಸಲಿದೆ.",,59,26,34,,,pending,pending,,
162,G12-S25,ಪೂರುವಂಶಕ್ಕೆ ಸಿಂಹಾವಲೋಕನ,MAHABHARATA-1-AADIPARVA-_djvu (1).txt lines 32585–32736,"ಕೊನೆಗೆ ನಿರೂಪಣೆ ಪೂರುವಂಶಕ್ಕೆ ಮತ್ತೆ ಮರಳುತ್ತದೆ. ಪೂರು ಮತ್ತು ಪೌಷ್ಯೆಯ ಪುತ್ರರಲ್ಲಿ ಪ್ರವೀರನು ವಂಶವನ್ನು ಮುಂದುವರಿಸುತ್ತಾನೆ. ನಮಸ್ಕು, ಉಭಯದ, ಸುನ್ನಂತ, ಯವೀಯಾನ್ ಮತ್ತು ರುದ್ರಾಶ್ವನ ಪರಂಪರೆ ವಿವರವಾಗುತ್ತದೆ. ರುದ್ರಾಶ್ವನ ಹತ್ತು ಪುತ್ರರಿಂದ ಹಲವು ಶಾಖೆಗಳು ಬರುತ್ತವೆ; ಋತೇಯುವಿನ ಮೂಲಕ ಅಂತಿನಾರ, ತ್ರಸ್ನು, ಇಲಿಲ ಮತ್ತು ದುಷ್ಯಂತನ ಕಡೆಗೆ ದಾರಿ ಸಾಗುತ್ತದೆ. ದುಷ್ಯಂತನಿಗೆ ಲಕ್ಷಣೆಯಿಂದ ಜನಮೇಜಯ, ಶಕುಂತಲೆಯಿಂದ ಭರತ ಜನಿಸುತ್ತಾರೆ. ಇಲ್ಲಿನ ಜನಮೇಜಯನು ಪರೀಕ್ಷಿತನ ಮಗನಲ್ಲ. ವಂಶದ ಹಿಂದಿನ ನೆಲೆಯನ್ನು ಮತ್ತೊಮ್ಮೆ ನೋಡಿ, ಮುಂದಿನ ವಿಸ್ತೃತ ಕಥೆಗೆ ಗ್ರಂಥ ನಮ್ಮನ್ನು ಸಿದ್ಧಗೊಳಿಸುತ್ತದೆ.",,57,25,33,,,pending,pending,,
163,I2-S01,ಹಿಂದಿನ ಕಥೆಯನ್ನು ಎಲ್ಲಿ ಬಿಟ್ಟಿದ್ದೇವೆ?,MAHABHARATA-2-AADIPARVA_djvu.txt lines 1–490,"ಮೊದಲ ಸಂಪುಟದಲ್ಲಿ ನಾವು ಒಂದೇ ಕಥೆಯ ಅನೇಕ ಪದರಗಳನ್ನು ಕಂಡೆವು. ನೈಮಿಷಾರಣ್ಯದ ಋಷಿಗಳಿಗೆ ಉಗ್ರಶ್ರವಸ್ಸು ಹೇಳುವ ಕಥೆಯೊಳಗೆ, ಜನಮೇಜಯನು ವೈಶಂಪಾಯನರಿಂದ ತನ್ನ ಪೂರ್ವಜರ ವೃತ್ತಾಂತವನ್ನು ಕೇಳುತ್ತಿದ್ದಾನೆ. ಈ ಹೊರಗಿನ ಕಥಾಸಭೆ ಇನ್ನೂ ಮುಂದುವರಿಯುತ್ತಿದೆ. ಈಗ ಎರಡನೆಯ ಸಂಪುಟದಲ್ಲಿ ರಾಜವಂಶಗಳ ಹೆಸರುಗಳು ಬದುಕಿರುವ ವ್ಯಕ್ತಿಗಳಾಗಿ ನಮ್ಮ ಮುಂದೆ ನಿಲ್ಲಲಿವೆ. ಅವರು ಮಾಡಿದ ಆಯ್ಕೆಗಳು, ಮುಂದಿನ ತಲೆಮಾರುಗಳು ಎದುರಿಸುವ ಸಮಸ್ಯೆಗಳಾಗಿ ಮರಳಲಿವೆ.

ಈ ಸಂಪುಟದ ಶೀರ್ಷಿಕೆ ಮತ್ತು ಪ್ರಕಾಶನಪುಟಗಳು ಮೊದಲನೆಯದರಲ್ಲಿ ಪರಿಚಯವಾದ ಅನುವಾದಕ ಮತ್ತು ಪ್ರಕಾಶಕರನ್ನೇ ಮುಂದುವರಿಸುತ್ತವೆ. ಇಲ್ಲಿ ಪ್ರತ್ಯೇಕವಾದ ದೀರ್ಘ ಮುನ್ನುಡಿ ಇಲ್ಲ. ವಿಷಯಾನುಕ್ರಮಣಿಕೆ ಆದಿಪರ್ವದ ಅರವತ್ತನಾಲ್ಕನೆಯ ಅಧ್ಯಾಯದಿಂದ ನೂರಮೂವತ್ತೊಂದನೆಯ ಅಧ್ಯಾಯದವರೆಗಿನ ದಾರಿಯನ್ನು ತೋರಿಸುತ್ತದೆ. ನಾವು ಆ ದಾರಿಯಲ್ಲೇ ಸಾಗುತ್ತೇವೆ.",,70,31,40,,,pending,pending,,
164,I2-S02,"ಆಸೆ, ವಾಗ್ದಾನ ಮತ್ತು ವಾರಸುದಾರರು",MAHABHARATA-2-AADIPARVA_djvu.txt lines 100–490; MAHABHARATA-1-AADIPARVA-_djvu (1).txt lines 1620–1634,"ಯಯಾತಿಯ ಕಥೆಯಲ್ಲಿ ಆಸೆ ಮತ್ತು ಹೊಣೆಗಾರಿಕೆಯ ನಡುವಿನ ಸಂಘರ್ಷವನ್ನು ಕಾಣುತ್ತೇವೆ. ದೇವಯಾನಿ, ಶರ್ಮಿಷ್ಠೆ ಮತ್ತು ಅವರ ಮಕ್ಕಳ ಸಂಬಂಧಗಳು ರಾಜವಂಶಗಳ ಭವಿಷ್ಯಕ್ಕೆ ದಾರಿಯಾಗುತ್ತವೆ. ನಂತರ ದುಷ್ಯಂತ ಮತ್ತು ಶಕುಂತಲೆಯ ಕಥೆ ಬರುತ್ತದೆ. ಅವರ ಮಗ ಭರತನ ಹೆಸರಿನ ಮೂಲಕ ಈ ವಂಶದ ಪರಿಚಯ ಇನ್ನಷ್ಟು ಸ್ಪಷ್ಟವಾಗುತ್ತದೆ. ಹೆಸರುಗಳನ್ನು ಮಾತ್ರ ನೆನಪಿಟ್ಟುಕೊಳ್ಳಬೇಕೆಂಬ ಒತ್ತಡವಿಲ್ಲ; ಯಾವ ಸಂಬಂಧದಿಂದ ಮುಂದಿನ ವ್ಯಕ್ತಿ ಬರುತ್ತಾನೆ ಎಂಬುದನ್ನು ಪರದೆಯ ಮೇಲಿನ ವಂಶವೃಕ್ಷದಲ್ಲಿ ತೋರಿಸುತ್ತೇವೆ.

ಈ ಆವೃತ್ತಿ ಯಯಾತಿಯ ಕಥೆಯನ್ನು ಮೊದಲು ಇಟ್ಟಿರುವ ಕಾರಣವನ್ನೂ ಮುನ್ನುಡಿ ವಿವರಿಸಿದೆ. ಆದ್ದರಿಂದ ಪರಿಚಿತವಾದ ಬೇರೆ ಧಾರಾವಾಹಿಯ ಕ್ರಮಕ್ಕಿಂತ ಇಲ್ಲಿ ವ್ಯತ್ಯಾಸ ಕಂಡರೂ, ಅದನ್ನು ತಪ್ಪೆಂದು ತಕ್ಷಣ ಭಾವಿಸಬೇಕಾಗಿಲ್ಲ. ನಾವು ಕೇಳುತ್ತಿರುವುದು ಈ ಪುಸ್ತಕ ಅನುಸರಿಸಿರುವ ಕಥಾಕ್ರಮ. ಹಿಂದೊಮ್ಮೆ ಕೇಳಿದ ವಂಶವಿವರಣೆ ಮತ್ತೆ ಬಂದಾಗ ಅದರ ಸಂಪರ್ಕವನ್ನು ನೆನಪಿಸಿಕೊಂಡು ಮುಂದೆ ಸಾಗೋಣ.",,84,37,48,,,pending,pending,,
165,I2-S03,ಒಂದು ಮನೆಯೊಳಗೆ ಮೂಡುವ ಮಹಾಕಥೆ,MAHABHARATA-2-AADIPARVA_djvu.txt lines 100–490,"ಶಂತನು, ಗಂಗೆ, ಭೀಷ್ಮ ಮತ್ತು ಸತ್ಯವತಿಯ ಪ್ರಸಂಗಗಳ ಮೂಲಕ ಕುರುವಂಶದ ಮನೆಯೊಳಗೆ ಪ್ರವೇಶಿಸುತ್ತೇವೆ. ಒಂದು ಪ್ರತಿಜ್ಞೆ ವ್ಯಕ್ತಿಯ ಬದುಕನ್ನು ಮಾತ್ರವಲ್ಲ, ರಾಜ್ಯದ ವಾರಸುದಾರಿಕೆಯನ್ನೂ ಬದಲಾಯಿಸುತ್ತದೆ. ಮುಂದಿನ ಪೀಳಿಗೆಯಲ್ಲಿ ಧೃತರಾಷ್ಟ್ರ, ಪಾಂಡು ಮತ್ತು ವಿದುರರು ಕಾಣಿಸಿಕೊಳ್ಳುತ್ತಾರೆ. ಕುಂತಿ, ಮಾದ್ರಿ ಮತ್ತು ಗಾಂಧಾರಿಯರ ಜೀವನಗಳೊಂದಿಗೆ ಪಾಂಡವರು ಮತ್ತು ಕೌರವರ ಜನನದ ಹಿನ್ನೆಲೆ ತೆರೆದುಕೊಳ್ಳುತ್ತದೆ.

ಮುಂದೆ ನಾವು ರಾಜಕುಮಾರರ ಬಾಲ್ಯ ಮತ್ತು ಶಿಕ್ಷಣವನ್ನು ಕಾಣುತ್ತೇವೆ. ಸಹೋದರತ್ವದ ಜೊತೆಗೆ ಸ್ಪರ್ಧೆಯೂ ಬೆಳೆಯುತ್ತದೆ. ಯಾರು ಯಾರ ಮಗ, ಯಾರ ಸಹೋದರ, ಯಾರ ಗುರು ಎಂಬುದನ್ನು ಸ್ಪಷ್ಟಪಡಿಸುತ್ತಾ ಸಾಗುತ್ತೇವೆ. ಈ ಪರಿಚಯವು ಮುಂದಿನ ಘಟನೆಯ ಫಲವನ್ನು ಮೊದಲೇ ಹೇಳುವುದಿಲ್ಲ. ಈಗ ನಡೆಯುವ ಸಣ್ಣ ನಿರ್ಧಾರ ಏಕೆ ಮುಂದಿನ ದಿನಗಳಲ್ಲಿ ದೊಡ್ಡ ಪರಿಣಾಮ ಕೊಡುತ್ತದೆ ಎಂಬುದನ್ನು ಅರ್ಥಮಾಡಿಕೊಳ್ಳಲು ಬೇಕಾದ ನೆಲೆಯನ್ನು ಮಾತ್ರ ಒದಗಿಸುತ್ತದೆ. ಅರಮನೆಯ ಹೊರಗೆ ಹರಿಯುವ ನದಿಯಂತೆಯೇ, ಈ ಮನೆಯ ಕಥೆಯೂ ಒಂದು ತಲೆಮಾರಿನಿಂದ ಮತ್ತೊಂದಕ್ಕೆ ಹರಿಯುತ್ತಿದೆ.",,91,40,52,,,pending,pending,,
166,FF02-S01,ಎರಡನೆಯ ಸಂಪುಟದ ಪ್ರಕಟಣೆಯ ಪರಿಚಯ,MAHABHARATA-2-AADIPARVA_djvu.txt lines 1–99,"ಎರಡನೆಯ ಸಂಪುಟವೂ ಮೊದಲನೆಯದೇ ಅನುವಾದ ಮತ್ತು ವ್ಯಾಖ್ಯಾನಯೋಜನೆಯ ಮುಂದುವರಿಕೆ. ಶೀರ್ಷಿಕೆ, ಅನುವಾದಕನ ಹೆಸರು ಮತ್ತು ಪ್ರಕಾಶಕರ ವಿವರಗಳು ಅದನ್ನು ದೃಢಪಡಿಸುತ್ತವೆ. ಇಲ್ಲಿ ಹೊಸದಾಗಿ ಬರೆದ ದೀರ್ಘ ತಾತ್ತ್ವಿಕ ಮುನ್ನುಡಿ ಇಲ್ಲ. ಆದ್ದರಿಂದ ಮೊದಲ ಸಂಪುಟದಲ್ಲಿ ತಿಳಿದ ಸಂಪಾದಕೀಯ ದೃಷ್ಟಿಯನ್ನು ನೆನಪಿಟ್ಟುಕೊಂಡು ಈ ಭಾಗವನ್ನು ಓದಬೇಕು. ಕಥೆ ಹೊಸದಾಗಿ ಆರಂಭವಾಗುವುದಿಲ್ಲ; ಹಿಂದಿನ ರಾಜವಂಶಗಳ ಪರಿಚಯ ಮುಂದುವರಿದು ವ್ಯಕ್ತಿಗಳ ಸಂಬಂಧಗಳಿಗೆ ಹತ್ತಿರವಾಗುತ್ತದೆ. ಪುಸ್ತಕದ ಭಾಗಸಂಖ್ಯೆ ಬದಲಾದರೂ ಅದೇ ಆವೃತ್ತಿಯ ಕಥಾಕ್ರಮ ಮುಂದುವರಿಯುತ್ತಿದೆ.",,49,22,28,,,pending,pending,,
167,FF02-S02,ಎರಡನೆಯ ಸಂಪುಟದ ಕಥಾಕ್ರಮ,MAHABHARATA-2-AADIPARVA_djvu.txt lines 100–490,"ವಿಷಯಪಟ್ಟಿ ಅರವತ್ತನಾಲ್ಕನೆಯ ಅಧ್ಯಾಯದಿಂದ ನೂರಮೂವತ್ತೊಂದನೆಯ ಅಧ್ಯಾಯದವರೆಗೆ ದಾರಿಯನ್ನು ತೋರಿಸುತ್ತದೆ. ಯಯಾತಿ, ದೇವಯಾನಿ, ಶರ್ಮಿಷ್ಠೆ, ದುಷ್ಯಂತ ಮತ್ತು ಶಕುಂತಲೆಯ ಪ್ರಸಂಗಗಳಿಂದ ಕುರುವಂಶದ ಪ್ರಮುಖ ಸಂಬಂಧಗಳಿಗೆ ಸಾಗುತ್ತೇವೆ. ಶಂತನು, ಭೀಷ್ಮ ಮತ್ತು ಸತ್ಯವತಿಯ ನಿರ್ಧಾರಗಳು ಮುಂದಿನ ತಲೆಮಾರಿನ ರೂಪವನ್ನು ಕಟ್ಟುತ್ತವೆ. ನಂತರ ಧೃತರಾಷ್ಟ್ರ, ಪಾಂಡು, ವಿದುರರು ಮತ್ತು ಅವರ ಕುಟುಂಬಗಳ ಮೂಲಕ ಪಾಂಡವ–ಕೌರವರ ಜನನ ಮತ್ತು ಬಾಲ್ಯ ಬರುತ್ತದೆ. ಯಾವ ವ್ಯಕ್ತಿ ಯಾರೊಂದಿಗೆ ಸಂಬಂಧ ಹೊಂದಿದ್ದಾನೆ ಎಂಬುದನ್ನು ತಿಳಿಯುತ್ತಾ ಸಾಗಿದರೆ ಹೆಸರುಗಳ ದೀರ್ಘಪಟ್ಟಿಯೂ ಅರ್ಥಪೂರ್ಣವಾಗುತ್ತದೆ. ಕೊನೆಯಲ್ಲಿ ರಾಜಕುಮಾರರ ಶಿಕ್ಷಣ ಮುಂದಿನ ಸಂಪುಟದ ಸ್ಪರ್ಧೆಗೆ ನೆಲೆಯಾಗುತ್ತದೆ.",,58,26,33,,,pending,pending,,
168,G13-S01,ಕುರುವಂಶದ ಪ್ರಶ್ನೆ,MAHABHARATA-2-AADIPARVA_djvu.txt lines 491–1000,"ಜನಮೇಜಯನು ತನ್ನ ಎದುರು ಕುಳಿತ ವೈಶಂಪಾಯನರನ್ನು ಮತ್ತೊಮ್ಮೆ ಪ್ರಶ್ನಿಸುತ್ತಾನೆ. ದೇವತೆಗಳು ಮತ್ತು ಇತರ ಜೀವಿಗಳ ಅಂಶಾವತರಣದ ಕಥೆಯನ್ನು ಅವನು ಕೇಳಿದ್ದಾನೆ. ಈಗ ತನ್ನ ಕುಲದ ಬೇರುಗಳನ್ನು ತಿಳಿಯಬೇಕಾಗಿದೆ. ವೈಶಂಪಾಯನರು ಪೂರು ಮತ್ತು ಯದು ಮೊದಲಾದ ವಂಶಗಳನ್ನು ಯಯಾತಿಯ ಜೀವನದ ಮೂಲಕ ಪರಿಚಯಿಸುತ್ತಾರೆ. ಈ ರಾಜನ ವಿವಾಹಗಳು, ಮಕ್ಕಳ ನಿರ್ಧಾರಗಳು ಮತ್ತು ಅವನ ಆಸೆಗಳು ಮುಂದಿನ ಪೀಳಿಗೆಗಳ ದಿಕ್ಕನ್ನು ಬದಲಿಸುತ್ತವೆ. ಸಂಕ್ಷಿಪ್ತ ಪರಿಚಯದ ನಂತರ, ದೇವಯಾನಿಯ ಹಿಂದಿನ ಬದುಕಿಗೆ ಕಥೆ ಹಿಂದಿರುಗುತ್ತದೆ.",ಜನಮೇಜಯ: ನಮ್ಮ ಪೂರ್ವಜರ ಹೆಸರುಗಳ ಜೊತೆಗೆ ಅವರ ಬದುಕನ್ನೂ ತಿಳಿಸಿ. ಈ ಕುರುವಂಶ ಯಾವ ನಿರ್ಧಾರಗಳಿಂದ ಬೆಳೆದಿತು?,62,28,35,,,pending,pending,,
169,C64-S01,ಪ್ರಚೇತಸರ ಮೂಲಕ ದಕ್ಷನ ವಂಶ,MAHABHARATA-2-AADIPARVA_djvu.txt lines 544–611,"ಕುರುವಂಶದ ಪರಿಚಯವು ದೂರದ ಪೂರ್ವಜರಿಂದ ಆರಂಭವಾಗುತ್ತದೆ. ಪ್ರಾಚೀನಬರ್ಹಿ ರಾಜನಿಗೆ ಪ್ರಚೇತಸ ಎಂಬ ಒಂದೇ ಹೆಸರಿನ ಹತ್ತು ಮಕ್ಕಳು. ಈ ಭಾಗವು ಅವರ ಅಗ್ನಿಸಂಬಂಧಿ ಪ್ರಸಂಗವನ್ನು ಸಂಕ್ಷಿಪ್ತವಾಗಿ ಸೂಚಿಸಿ, ದಕ್ಷ ಪ್ರಜಾಪತಿಯನ್ನು ಪ್ರಚೇತಸರ ಪುತ್ರನೆಂದು ಪರಿಚಯಿಸುತ್ತದೆ. ದಕ್ಷನು ತನ್ನ ಪತ್ನಿಯಲ್ಲಿ ಸಾವಿರ ಪುತ್ರರನ್ನು ಪಡೆದನು. ನಾರದರು ಅವರಿಗೆ ಮೋಕ್ಷಸಾಧನೆಯ ಜ್ಞಾನವನ್ನು ಉಪದೇಶಿಸಿ ಸಂನ್ಯಾಸಮಾರ್ಗಕ್ಕೆ ನಡೆಸಿದರು. ನಂತರ ದಕ್ಷನಿಗೆ ಐವತ್ತು ಹೆಣ್ಣುಮಕ್ಕಳು. ಹತ್ತು ಕನ್ಯೆಯರನ್ನು ಧರ್ಮನಿಗೆ, ಹದಿಮೂರು ಕನ್ಯೆಯರನ್ನು ಕಾಶ್ಯಪರಿಗೆ, ಕಾಲಚಕ್ರಕ್ಕೆ ಸಂಬಂಧಿಸಿದ ಇಪ್ಪತ್ತೇಳು ನಕ್ಷತ್ರನಾಮದ ಕನ್ಯೆಯರನ್ನು ಚಂದ್ರನಿಗೆ ವಿವಾಹ ಮಾಡಿಕೊಟ್ಟನೆಂದು ಈ ಪಾಠ ಹೇಳುತ್ತದೆ. ಧರ್ಮನನ್ನು ಇಲ್ಲಿ ಕನ್ನಡ ವಿವರಣೆ ಯಮನೆಂದು ಗುರುತಿಸುತ್ತದೆ. ದಕ್ಷಕುಮಾರಿ ಅದಿತಿಯು ಕಾಶ್ಯಪರ ಪತ್ನಿ. ಮರೀಚಿಯ ಪುತ್ರರಾದ ಕಾಶ್ಯಪರಿಗೆ ಅದಿತಿಯಲ್ಲಿ ಇಂದ್ರ ಮೊದಲಾದವರು ಮತ್ತು ವಿವಸ್ವಂತನು ಜನಿಸಿದರು.",,78,35,45,,,pending,pending,,
170,C64-S02,"ವಿವಸ್ವಂತ, ಮನು ಮತ್ತು ಇಳೆಯ ಶಾಖೆ",MAHABHARATA-2-AADIPARVA_djvu.txt lines 614–672,"ವಿವಸ್ವಂತನಿಗೆ ಯಮ ಮತ್ತು ಯಮಿ ಎಂಬ ಮಕ್ಕಳು. ಅವನ ಮಗನಾದ ವೈವಸ್ವತ ಮನುವಿನಿಂದ ಮಾನವರ ವಂಶವನ್ನು ಈ ನಿರೂಪಣೆ ಮುಂದುವರಿಸುತ್ತದೆ. ಮನುವಿನ ಹತ್ತು ಸಂತಾನಗಳಾಗಿ ವೇನ, ತ್ರಸ್ನು, ನರಿಷ್ಯಂತ, ನಾಭಾಗ, ಇಕ್ಷ್ವಾಕು, ಕರೂಶ, ಶರ್ಯಾತಿ, ಇಳಾ, ವೃಷಧ್ರ ಮತ್ತು ದಿಷ್ಟ ಎಂಬ ಹೆಸರುಗಳನ್ನು ಹೇಳುತ್ತದೆ. ಇಳೆಯನ್ನು ಎಂಟನೆಯವಳೆಂದು ಪ್ರತ್ಯೇಕವಾಗಿ ಗುರುತಿಸಲಾಗಿದೆ. ಮನುವಿಗೆ ಇನ್ನೂ ಐವತ್ತು ಮಕ್ಕಳು ಇದ್ದರು; ಪರಸ್ಪರ ವಿರೋಧದಿಂದ ಅವರು ನಾಶವಾದರೆಂದು ಪಾಠ ಹೇಳುತ್ತದೆ, ಆದರೆ ಇಲ್ಲಿ ಅವರ ವೈಯಕ್ತಿಕ ಹೆಸರುಗಳನ್ನು ನೀಡುವುದಿಲ್ಲ. ಈಗ ಇಳೆಯ ಶಾಖೆಯನ್ನು ಅನುಸರಿಸೋಣ. ಇಳಾ ಮತ್ತು ಬುಧರ ಮಗ ಪುರೂರವ. ಈ ತಾಯಿ ತಂದೆಯ ಸಂಬಂಧವೇ ಮುಂದಿನ ಪೌರವ ವಂಶದ ದೂರದ ಬೇರುಗಳನ್ನು ಅರಿಯಲು ಮುಖ್ಯವಾಗಿದೆ.",,73,32,42,,,pending,pending,,
171,C64-S03,ಪುರೂರವನಿಂದ ಆಯು ಮತ್ತು ನಹುಷನವರೆಗೆ,MAHABHARATA-2-AADIPARVA_djvu.txt lines 675–776,"ಪುರೂರವನು ಹದಿಮೂರು ದ್ವೀಪಗಳನ್ನಾಳಿದ ಕೀರ್ತಿವಂತ ರಾಜನೆಂದು ಈ ಸಂಕ್ಷಿಪ್ತ ಚರಿತ್ರೆ ಹೇಳುತ್ತದೆ. ಆದರೆ ಬಲದ ಮದ ಮತ್ತು ರತ್ನಗಳ ಲೋಭದಿಂದ ಅವನು ಬ್ರಾಹ್ಮಣರೊಂದಿಗೆ ವಿರೋಧ ಮಾಡಿಕೊಂಡನು. ಸನತ್ಕುಮಾರರ ಹಿತವಚನವನ್ನೂ ಸ್ವೀಕರಿಸಲಿಲ್ಲ. ಋಷಿಗಳ ಶಾಪದಿಂದ ರಾಜ್ಯಭ್ರಷ್ಟನಾದನೆಂದು ಕನ್ನಡ ವಿವರಣೆ ತಿಳಿಸುತ್ತದೆ. ಮುಂದೆ ಉರ್ವಶಿಯೊಂದಿಗೆ ಗಂಧರ್ವಲೋಕದಲ್ಲಿ ವಾಸಿಸಿ ಯಜ್ಞಕ್ಕೆ ಬೇಕಾದ ಮೂರು ಅಗ್ನಿಗಳನ್ನು ಪಡೆದನು. ಪುರೂರವ ಮತ್ತು ಉರ್ವಶಿಯ ಆರು ಪುತ್ರರು ಆಯು, ಧೀಮಾನ್, ನರ, ಗ್ರಹಾಯು, ವನಾಯು ಮತ್ತು ಶ್ರುತಾಯು. ಆಯುವಿಗೆ ಸ್ವರ್ಭಾನುವಿನ ಮಗಳಲ್ಲಿ ನಹುಷ, ವೃದ್ಧಶರ್ಮಾ, ಅಜಿನ, ರಜಿ ಮತ್ತು ಏನಸ ಎಂಬ ಐದು ಪುತ್ರರು. ಅವರಲ್ಲಿ ನಹುಷನು ಮೊದಲಿಗೆ ಧರ್ಮದಿಂದ ಆಳಿದನು. ನಂತರ ಋಷಿಗಳ ಮೇಲೆ ಬಲಪ್ರಯೋಗ ಮಾಡಿ ಅವರನ್ನು ಪಲ್ಲಕ್ಕಿ ಹೊರುವಂತೆ ಮಾಡಿದನು. ಇಂದ್ರನ ಸ್ಥಾನವನ್ನೂ ಪಡೆದ ಅವನು ಶಾಪಕ್ಕೆ ಒಳಗಾಗಿ ಅಜಗರನಾದನೆಂದು ಪಾಠ ಸಂಕ್ಷಿಪ್ತವಾಗಿ ಹೇಳುತ್ತದೆ.",,85,38,49,,,pending,pending,,
172,C64-S04,ಯಯಾತಿಯ ಐದು ಶಾಖೆಗಳ ಮೊದಲ ಮುನ್ನೋಟ,MAHABHARATA-2-AADIPARVA_djvu.txt lines 779–1000,"ನಹುಷನ ಆರು ಮಕ್ಕಳು ಯತಿ, ಯಯಾತಿ, ಸಂಯಾತಿ, ಆಯಾತಿ, ಯಾತಿ ಮತ್ತು ಉದ್ಧವ. ಇವರಲ್ಲಿ ಯಯಾತಿಯ ಬದುಕಿನ ಕಡೆಗೆ ಕಥೆ ತಿರುಗುತ್ತದೆ. ಯಯಾತಿ ಮತ್ತು ದೇವಯಾನಿಯ ಪುತ್ರರು ಯದು ಮತ್ತು ತುರ್ವಶು. ಯಯಾತಿ ಮತ್ತು ಶರ್ಮಿಷ್ಠೆಯ ಪುತ್ರರು ದ್ರುಹ್ಯು, ಅನು ಮತ್ತು ಪೂರು. ಯಯಾತಿಗೆ ಮುಪ್ಪು ಬಂದಾಗ ಕಿರಿಯನಾದ ಪೂರು ತನ್ನ ಯೌವನವನ್ನು ಕೊಟ್ಟು ತಂದೆಯ ಮುಪ್ಪನ್ನು ಸ್ವೀಕರಿಸಿದನು. ಇತರ ನಾಲ್ವರು ಈ ವಿನಿಮಯಕ್ಕೆ ಒಪ್ಪಲಿಲ್ಲ. ದೀರ್ಘಕಾಲ ಭೋಗವನ್ನು ಅನುಭವಿಸಿದ ಯಯಾತಿಗೆ ಆಸೆ ತೃಪ್ತಿಯಿಂದ ಮುಗಿಯುವುದಿಲ್ಲ ಎಂಬ ಅರಿವು ಬಂತು. ಅಗ್ನಿಗೆ ತುಪ್ಪ ಹಾಕಿದಂತೆ ಭೋಗವು ಆಸೆಯನ್ನು ಹೆಚ್ಚಿಸಬಹುದೆಂದು ಅವನು ಚಿಂತಿಸಿದನು. ಸಾವಿರ ವರ್ಷಗಳ ನಂತರವೂ ತೃಪ್ತಿ ಸಿಗಲಿಲ್ಲವೆಂದು ಈ ಪೌರಾಣಿಕ ಕಾಲಮಾನ ಹೇಳುತ್ತದೆ. ಕೊನೆಯಲ್ಲಿ ಪೂರನ್ನು ವಂಶಧಾರಕನನ್ನಾಗಿ ಮಾಡಿ ರಾಜ್ಯಾಭಿಷೇಕ ಮಾಡಿದನು. ಇದು ಮುಂದೆ ವಿವರವಾಗಲಿರುವ ಚರಿತ್ರೆಯ ಮೊದಲ ಮುನ್ನೋಟ. ಈ ಸಂಬಂಧಗಳು ಹೇಗೆ ರೂಪುಗೊಂಡವು ಎಂಬುದನ್ನು ತಿಳಿಯಲು ಈಗ ದೇವಯಾನಿಯ ಹಿಂದಿನ ಜೀವನಕ್ಕೂ ಕಚನ ಕಥೆಗೂ ಹಿಂದಿರುಗೋಣ.",,99,44,57,,,pending,pending,,
173,G13-S02,ಗುರುವಿನ ಮನೆಗೆ ಬಂದ ಕಚ,MAHABHARATA-2-AADIPARVA_djvu.txt lines 1007–1255,ದೇವಾಸುರರ ಸಂಘರ್ಷದಲ್ಲಿ ಒಂದು ದೊಡ್ಡ ಅಸಮಾನತೆ ಇತ್ತು. ಶುಕ್ರಾಚಾರ್ಯರು ತಮ್ಮ ಸಂಜೀವಿನಿ ವಿದ್ಯೆಯಿಂದ ಮರಣಹೊಂದಿದ ಅಸುರರನ್ನು ಮತ್ತೆ ಬದುಕಿಸುತ್ತಿದ್ದರು. ದೇವತೆಗಳಿಗೆ ಆ ವಿದ್ಯೆ ಬೇಕಾಯಿತು. ಬೃಹಸ್ಪತಿಯ ಮಗ ಕಚನನ್ನು ಅವರು ಶುಕ್ರರ ಬಳಿಗೆ ಕಳುಹಿಸಿದರು. ತನ್ನ ತಂದೆಯ ಪರಿಚಯವನ್ನು ಮರೆಮಾಡದೆ ಕಚನು ಶಿಷ್ಯತ್ವವನ್ನು ಕೇಳಿದನು. ಶುಕ್ರರು ಅವನನ್ನು ಸ್ವೀಕರಿಸಿದರು. ಎದುರಾಳಿ ಪಕ್ಷದಿಂದ ಬಂದ ಯುವಕನಿಗೆ ಈಗ ಗುರುಸೇವೆ ಮತ್ತು ವಿದ್ಯಾಭ್ಯಾಸದ ದೀರ್ಘ ಕಾಲ ಆರಂಭವಾಯಿತು.,ಕಚ: ನಾನು ಬೃಹಸ್ಪತಿಯ ಮಗ ಕಚ. ನಿಮ್ಮ ನಿಯಮದಂತೆ ಶಿಷ್ಯವ್ರತವನ್ನು ಪಾಲಿಸುತ್ತೇನೆ; ನನ್ನನ್ನು ಸ್ವೀಕರಿಸಿ.,56,25,32,,,pending,pending,,
174,G13-S03,ಮರಳಿ ಬಂದ ಗೋವುಗಳು,MAHABHARATA-2-AADIPARVA_djvu.txt lines 1232–1398,"ಆಶ್ರಮದಲ್ಲಿ ಕಚನು ಗೋವುಗಳನ್ನು ಕಾಯುತ್ತಿದ್ದನು; ಹೂವು, ಕಟ್ಟಿಗೆ ಮತ್ತು ಅಗತ್ಯ ವಸ್ತುಗಳನ್ನು ತರುತ್ತಿದ್ದನು. ಅವನ ಹಾಡು ಮತ್ತು ಸಂಗೀತ ದೇವಯಾನಿಗೆ ಮೆಚ್ಚುಗೆಯಾಯಿತು. ಆದರೆ ಅಸುರರು ಅವನ ಉದ್ದೇಶವನ್ನು ಅನುಮಾನಿಸಿದರು. ಕಾಡಿನಲ್ಲಿ ಅವನನ್ನು ಕೊಂದು ಅವಶೇಷಗಳನ್ನು ತೋಳಗಳಿಗೆ ನೀಡಿದರು. ಸಂಜೆ ಗೋವುಗಳು ಮಾತ್ರ ಹಿಂದಿರುಗಿದಾಗ ದೇವಯಾನಿ ಹೆದರಿದಳು. ಅವಳ ಒತ್ತಾಯದಿಂದ ಶುಕ್ರರು ಸಂಜೀವಿನಿಯನ್ನು ಪ್ರಯೋಗಿಸಿದರು. ಮತ್ತೆ ಎದುರು ನಿಂತ ಕಚನು ನಡೆದದ್ದನ್ನು ಅವರಿಗೆ ವಿವರಿಸಿದನು.","ದೇವಯಾನಿ: ಗೋವುಗಳೆಲ್ಲ ಬಂದಿವೆ, ತಂದೆಯೇ. ಅವುಗಳನ್ನು ಕರೆತರುವ ಕಚ ಮಾತ್ರ ಕಾಣುತ್ತಿಲ್ಲ. ಅವನನ್ನು ಹುಡುಕಿ ಕರೆಸಿ.",56,25,32,,,pending,pending,,
175,G13-S04,ಎರಡನೇ ಹಿಂಸೆಯೂ ವಿಫಲ,MAHABHARATA-2-AADIPARVA_djvu.txt lines 1398–1538,"ಕಚನು ಬದುಕಿ ಬಂದಿರುವುದು ಅಸುರರ ಯೋಜನೆಯನ್ನು ವಿಫಲಗೊಳಿಸಿತು. ಹೂವುಗಳನ್ನು ತರಲು ಹೊರಟ ಅವನನ್ನು ಅವರು ಮತ್ತೆ ಕೊಂದು, ಅವಶೇಷಗಳನ್ನು ಸಮುದ್ರದಲ್ಲಿ ಚದರಿಸಿದರು. ದೇವಯಾನಿ ಮತ್ತೆ ತಂದೆಯ ನೆರವನ್ನು ಕೇಳಿದಳು; ಸಂಜೀವಿನಿ ಮತ್ತೆ ಕಚನನ್ನು ಮರಳಿಸಿತು. ಈಗ ಅವನ ದೇಹವನ್ನು ಅಡಗಿಸುವುದರಿಂದ ಮಾತ್ರ ಪ್ರಯೋಜನವಿಲ್ಲವೆಂದು ಅಸುರರು ತಿಳಿದರು. ಮೂರನೇ ಸಲ ಅವನನ್ನು ಸುಟ್ಟು, ಭಸ್ಮವನ್ನು ಮದ್ಯದಲ್ಲಿ ಬೆರೆಸಿ, ತಿಳಿಯದ ಶುಕ್ರರಿಗೇ ಕುಡಿಸಿದರು. ಅಪಾಯ ಈಗ ಗುರುವಿನೊಳಗೆ ಸೇರಿತು.",ನಿರೂಪಕ: ವಿದ್ಯೆಯನ್ನು ತಡೆಯಲು ಮಾಡಿದ ಉಪಾಯವೇ ಆ ವಿದ್ಯೆ ಶಿಷ್ಯನಿಗೆ ತಲುಪುವ ಸಂದರ್ಭವಾಗಲಿದೆ.,56,25,32,,,pending,pending,,
176,G13-S05,ಹೊಟ್ಟೆಯೊಳಗಿನ ಉತ್ತರ,MAHABHARATA-2-AADIPARVA_djvu.txt lines 1590–1735,"ಶುಕ್ರರು ಕಚನನ್ನು ಕರೆದಾಗ ಉತ್ತರ ಹೊರಗಿನಿಂದ ಬರಲಿಲ್ಲ. ತಮ್ಮ ಉದರದೊಳಗಿಂದ ಅವನ ಧ್ವನಿ ಕೇಳಿಸಿತು. ಅಸುರರ ಉಪಾಯವನ್ನು ಕಚ ವಿವರಿಸಿದನು. ಅವನು ಹೊರಬಂದರೆ ಗುರು ಸಾವಿಗೀಡಾಗುತ್ತಾರೆ; ಒಳಗೇ ಉಳಿದರೆ ಶಿಷ್ಯನನ್ನು ರಕ್ಷಿಸಲಾಗುವುದಿಲ್ಲ. ದೇವಯಾನಿಗೆ ಎರಡೂ ನಷ್ಟಗಳು ಅಸಹ್ಯವಾಗಿದ್ದವು. ಶುಕ್ರರು ಪರಿಹಾರ ಕಂಡರು. ಸಂಜೀವಿನಿಯನ್ನು ಕಚನಿಗೆ ಕಲಿಸಿ, ಹೊರಬಂದ ನಂತರ ತಮ್ಮನ್ನು ಮತ್ತೆ ಬದುಕಿಸುವ ಜವಾಬ್ದಾರಿಯನ್ನು ಅವನಿಗೆ ನೀಡಿದರು.",ಶುಕ್ರ: ಈ ವಿದ್ಯೆಯನ್ನು ಈಗ ಕಲಿತುಕೋ. ನೀನು ಹೊರಗೆ ಬಂದ ನಂತರ ಅದನ್ನೇ ಪ್ರಯೋಗಿಸಿ ನನ್ನನ್ನು ಬದುಕಿಸಬೇಕು.,53,24,30,,,pending,pending,,
177,G13-S06,ಶಿಷ್ಯನು ಗುರುವನ್ನು ಬದುಕಿಸಿದನು,MAHABHARATA-2-AADIPARVA_djvu.txt lines 1735–1880,"ವಿದ್ಯೆಯನ್ನು ಪಡೆದ ಕಚನು ಶುಕ್ರರ ದೇಹದಿಂದ ಹೊರಬಂದನು. ಗುರು ನೆಲಕ್ಕುರುಳಿದರು. ವಿಳಂಬ ಮಾಡದೆ ಕಚನು ಕಲಿತ ಸಂಜೀವಿನಿಯನ್ನು ಅವರ ಮೇಲೆಯೇ ಪ್ರಯೋಗಿಸಿದನು; ಶುಕ್ರರು ಮತ್ತೆ ಜೀವಂತರಾದರು. ಒಬ್ಬರ ಜೀವ ಮತ್ತೊಬ್ಬರ ಜ್ಞಾನಕ್ಕೆ ಅವಲಂಬಿಸಿದ್ದ ಸಂಕಟ ಹೀಗೆ ಪರಿಹಾರವಾಯಿತು. ತಮ್ಮನ್ನು ಮೋಸಗೊಳಿಸಿದ ಮದ್ಯದ ಪ್ರಸಂಗವನ್ನು ಶುಕ್ರರು ಖಂಡಿಸಿದರು. ಕಚನ ವಿದ್ಯಾಭ್ಯಾಸ ಪೂರ್ಣಗೊಂಡಾಗ, ಅವನಿಗೆ ಹೊರಡಲು ಅನುಮತಿ ದೊರೆಯಿತು. ಆದರೆ ದೇವಯಾನಿಯ ಮನಸ್ಸಿನಲ್ಲಿ ಮತ್ತೊಂದು ನಿರೀಕ್ಷೆ ಉಳಿದಿತ್ತು.","ಕಚ: ನನ್ನನ್ನು ಜೀವಕ್ಕೆ ಮರಳಿಸಿದ ಗುರುಗಳೇ, ನಿಮ್ಮಿಂದ ಪಡೆದ ವಿದ್ಯೆಯ ಮೊದಲ ಋಣವನ್ನು ನಿಮ್ಮಲ್ಲೇ ತೀರಿಸುತ್ತೇನೆ.",57,25,33,,,pending,pending,,
178,G13-S07,ದೇವಯಾನಿಯ ಮನವಿ,MAHABHARATA-2-AADIPARVA_djvu.txt lines 1887–2037,"ಹೊರಡುವ ಸಮಯದಲ್ಲಿ ದೇವಯಾನಿ ತನ್ನ ಪ್ರೀತಿಯನ್ನು ಕಚನಿಗೆ ತಿಳಿಸಿದಳು. ಅವನ ಸಂಕಟಗಳಲ್ಲಿ ತಾನು ಜೊತೆ ನಿಂತದ್ದನ್ನು ನೆನಪಿಸಿ, ವಿವಾಹವನ್ನು ಕೇಳಿದಳು. ಕಚನು ಅವಳನ್ನು ತಿರಸ್ಕಾರದಿಂದ ನೋಡಲಿಲ್ಲ; ಆದರೆ ಒಪ್ಪಲಿಲ್ಲ. ಗುರುಪುತ್ರಿ ತನಗೆ ಪೂಜ್ಯಳು ಎಂದನು. ಶುಕ್ರರ ಉದರದಿಂದ ಹೊರಬಂದ ಕಾರಣ ಅವಳನ್ನು ಸಹೋದರಿಯಂತೆ ಕಾಣುವುದಾಗಿ ವಿವರಿಸಿದನು. ದೇವಯಾನಿಗೆ ಅದು ತನ್ನ ಪ್ರೀತಿಗೆ ದೊರೆತ ನಿರಾಕರಣೆಯಾಗಿತ್ತು. ಒಂದೇ ಸಂಬಂಧಕ್ಕೆ ಇಬ್ಬರೂ ಬೇರೆ ಅರ್ಥ ನೀಡುತ್ತಿದ್ದರು.",ದೇವಯಾನಿ: ನಿನ್ನನ್ನು ಕಳೆದುಕೊಳ್ಳುವ ಪ್ರತಿಸಾರಿಯೂ ನಾನು ತಂದೆಯ ಬಳಿ ಬೇಡಿಕೊಂಡೆ. ಈಗ ನನ್ನ ಪ್ರೀತಿಗೆ ನೀನು ಉತ್ತರ ಕೊಡುವುದಿಲ್ಲವೇ?,58,26,33,,,pending,pending,,
179,G13-S08,"ವಿದ್ಯೆಯ ಜಯ, ಸಂಬಂಧದ ಗಾಯ",MAHABHARATA-2-AADIPARVA_djvu.txt lines 2040–2120,"ನೋವಿನಿಂದ ಕೋಪಗೊಂಡ ದೇವಯಾನಿ, ಕಚನಿಗೆ ಸಂಜೀವಿನಿ ಫಲಿಸದಿರಲಿ ಎಂದು ಶಪಿಸಿದಳು. ಕಚನು ತಾನು ಧರ್ಮಕಾರಣದಿಂದ ನಿರಾಕರಿಸಿದ್ದಾಗಿ ಹೇಳಿದನು. ಅವಳನ್ನು ಯಾವ ಋಷಿಪುತ್ರನೂ ವಿವಾಹವಾಗದಿರಲಿ ಎಂದು ಅವನೂ ಶಾಪ ನೀಡಿದನು. ತನ್ನಿಂದ ವಿದ್ಯೆಯನ್ನು ಕಲಿಯುವವರಿಗೆ ಅದು ಫಲಿಸುತ್ತದೆ ಎಂದೂ ತಿಳಿಸಿದನು. ಹೀಗೆ ಜ್ಞಾನವನ್ನು ಪಡೆದು ಕಚನು ದೇವತೆಗಳ ಬಳಿಗೆ ಮರಳಿದನು. ದೇವಯಾನಿಯ ಬದುಕು ಮಾತ್ರ ಅಲ್ಲಿಯೇ ಮುಗಿಯಲಿಲ್ಲ; ಯಯಾತಿಯೊಂದಿಗೆ ಅವಳ ಭವಿಷ್ಯವನ್ನು ಈ ವಿಚ್ಛೇದ ಮತ್ತಷ್ಟು ಹತ್ತಿರ ತಂದಿತು.","ಕಚ: ನನ್ನಲ್ಲಿ ವಿದ್ಯೆ ಫಲಿಸದಿದ್ದರೂ, ನಾನು ಯಾರಿಗೆ ಉಪದೇಶಿಸುತ್ತೇನೆಯೋ ಅವರಲ್ಲಿ ಅದು ಫಲಿಸುತ್ತದೆ.",57,25,33,,,pending,pending,,
180,G14-S01,ವಸ್ತ್ರದಿಂದ ಆರಂಭವಾದ ಕಲಹ,MAHABHARATA-2-AADIPARVA_djvu.txt lines 2126–2285,"ದೇವಯಾನಿ ಮತ್ತು ಅಸುರರಾಜ ವೃಷಪರ್ವನ ಮಗಳು ಶರ್ಮಿಷ್ಠೆ ಸಂಗಾತಿಯರೊಂದಿಗೆ ಉದ್ಯಾನದಲ್ಲಿ ಜಲಕ್ರೀಡೆ ಮಾಡುತ್ತಿದ್ದರು. ಗಾಳಿಯಿಂದ ತೀರದಲ್ಲಿದ್ದ ವಸ್ತ್ರಗಳು ಬೆರೆತವು. ಶರ್ಮಿಷ್ಠೆ ದೇವಯಾನಿಯ ವಸ್ತ್ರವನ್ನು ಧರಿಸಿದಾಗ ಮಾತಿನ ಜಗಳ ಆರಂಭವಾಯಿತು. ಇಬ್ಬರೂ ತಮ್ಮ ಕುಟುಂಬಗಳ ಸ್ಥಾನವನ್ನು ಮುಂದಿಟ್ಟು ಒಬ್ಬರನ್ನೊಬ್ಬರು ಅವಮಾನಿಸಿದರು. ಕೋಪದ ಕ್ಷಣದಲ್ಲಿ ಶರ್ಮಿಷ್ಠೆ ದೇವಯಾನಿಯನ್ನು ಬಾವಿಗೆ ತಳ್ಳಿದಳು. ಸಂಗಾತಿಯರು ಹೊರಟುಹೋದ ನಂತರ, ಕೆಳಗಿದ್ದ ದೇವಯಾನಿಯ ಕೂಗಿಗೆ ಉತ್ತರಿಸುವವರು ಯಾರೂ ಇರಲಿಲ್ಲ.",ದೇವಯಾನಿ: ನನ್ನ ಮಾತಿಗೆ ಕೋಪಗೊಂಡು ನೀನು ಮಾಡಿದ ಈ ಕೆಲಸವನ್ನು ನನ್ನ ತಂದೆ ತಿಳಿಯಬೇಕು.,53,24,30,,,pending,pending,,
181,G14-S02,ಬಾವಿಯೊಳಗಿನ ಕೈ,MAHABHARATA-2-AADIPARVA_djvu.txt lines 2290–2500,"ಬೇಟೆಗೆ ಬಂದ ಯಯಾತಿಗೆ ದಾಹವಾಯಿತು. ನೀರನ್ನು ಹುಡುಕುತ್ತಾ ಬಾವಿಯ ಬಳಿಗೆ ಬಂದಾಗ ಅದರೊಳಗೆ ದೇವಯಾನಿ ಕಾಣಿಸಿದಳು. ಅವಳ ಪರಿಚಯವನ್ನು ಕೇಳಿ, ಬಲಗೈ ಹಿಡಿದು ಮೇಲಕ್ಕೆತ್ತಿದನು. ದೇವಯಾನಿ ಈ ಕೈಹಿಡಿತವನ್ನು ವಿವಾಹದ ಸಂಕೇತವಾಗಿ ಗ್ರಹಿಸಿದಳು. ಯಯಾತಿ ತಕ್ಷಣ ಒಪ್ಪಲಿಲ್ಲ. ಶುಕ್ರರ ಅನುಮತಿಯಿಲ್ಲದೆ ಅವರ ಮಗಳನ್ನು ವಿವಾಹವಾಗುವ ವಿಚಾರದಲ್ಲಿ ಅವನಿಗೆ ಭಯವಿತ್ತು. ಅವಳು ಸುರಕ್ಷಿತಳಾದ ನಂತರ ರಾಜನು ತನ್ನ ದಾರಿಗೆ ಹೊರಟನು; ದೇವಯಾನಿ ಅವಮಾನವನ್ನು ಮರೆತು ಮನೆಗೆ ಹೋಗಲಿಲ್ಲ.",ಯಯಾತಿ: ಮೊದಲು ಮೇಲಕ್ಕೆ ಬಾ. ನಿನಗೆ ಈಗ ಅಪಾಯವಿಲ್ಲ; ಆದರೆ ನಿನ್ನ ತಂದೆಯ ಅನುಮತಿಯನ್ನು ನಾನು ಮೀರುವುದಿಲ್ಲ.,59,26,34,,,pending,pending,,
182,G14-S03,ತಂದೆಗೆ ಹೇಳಿದ ನೋವು,MAHABHARATA-2-AADIPARVA_djvu.txt lines 2501–2991,"ದೇವಯಾನಿ ತನ್ನ ಧಾತ್ರಿಯ ಮೂಲಕ ಶುಕ್ರರಿಗೆ ಸುದ್ದಿ ಕಳುಹಿಸಿದಳು. ತಂದೆ ಬಂದಾಗ ಶರ್ಮಿಷ್ಠೆಯ ಮಾತು ಮತ್ತು ಬಾವಿಯ ಘಟನೆಯನ್ನು ವಿವರಿಸಿದಳು. ಶುಕ್ರರು ಮೊದಲು ಕೋಪವನ್ನು ಜಯಿಸುವ ಮಹತ್ವವನ್ನು ಹೇಳಿದರು. ಕ್ಷಮೆ ಬಲಹೀನತೆಯಲ್ಲವೆಂದು ಬೋಧಿಸಿದರು. ಆದರೆ ದೇವಯಾನಿ ಅವಮಾನಿಸಿದವರ ನಡುವೆಯೇ ಮತ್ತೆ ವಾಸಿಸುವುದಿಲ್ಲ ಎಂದಳು. ಮಗಳ ಹಠದ ಹಿಂದೆ ನಿಜವಾದ ಅಪಾಯವಿರುವುದನ್ನು ಕಂಡ ಶುಕ್ರರು, ವೃಷಪರ್ವನ ರಾಜ್ಯದಿಂದ ಹೊರಡುವ ನಿರ್ಧಾರ ಮಾಡಿದರು. ಮನೆಗಿನ ಕಲಹ ಈಗ ರಾಜ್ಯದ ಸಂಕಟವಾಯಿತು.",ದೇವಯಾನಿ: ನನ್ನನ್ನು ಕೊಲ್ಲಲು ಮುಂದಾದವರ ನಡುವೆ ಮತ್ತೆ ವಾಸಿಸಲು ಹೇಳಬೇಡಿ. ನಾನು ಅಲ್ಲಿಗೆ ಹಿಂದಿರುಗುವುದಿಲ್ಲ.,58,26,33,,,pending,pending,,
183,G14-S04,ಶರ್ಮಿಷ್ಠೆಯ ಒಪ್ಪಿಗೆ,MAHABHARATA-2-AADIPARVA_djvu.txt lines 3001–3346,"ಶುಕ್ರರ ನಿರ್ಗಮನ ಅಸುರರಿಗೆ ಭಾರಿ ಅಪಾಯವೆಂದು ವೃಷಪರ್ವನು ಅರಿತುಕೊಂಡನು. ಅವನು ಕ್ಷಮೆ ಕೇಳಿ, ದೇವಯಾನಿಯನ್ನು ಸಂತೋಷಪಡಿಸಲು ಒಪ್ಪಿದನು. ದೇವಯಾನಿ ಶರ್ಮಿಷ್ಠೆಯೂ ಅವಳ ಸಂಗಾತಿಯರೂ ತನ್ನ ಸೇವೆಯಲ್ಲಿರಬೇಕು ಎಂದು ಬೇಡಿದಳು. ತಂದೆಯ ಮತ್ತು ಬಂಧುಗಳ ಹಿತಕ್ಕಾಗಿ ಶರ್ಮಿಷ್ಠೆ ಅದನ್ನು ಸ್ವೀಕರಿಸಿದಳು. ರಾಜಕುಮಾರಿಯ ಸ್ಥಾನದಿಂದ ಸೇವೆಗೆ ಇಳಿಯುವ ಈ ನಿರ್ಧಾರ ಅವಳ ಬದುಕನ್ನು ಬದಲಿಸಿತು. ಹೊರಗೆ ಸಮಾಧಾನವಾದರೂ, ಇಬ್ಬರ ನಡುವಿನ ಗಾಯ ಮತ್ತು ಅಧಿಕಾರದ ಅಸಮಾನತೆ ಅಳಿದುಹೋಗಲಿಲ್ಲ.",ಶರ್ಮಿಷ್ಠೆ: ನನ್ನ ಬಂಧುಗಳ ರಕ್ಷಣೆಗೆ ಬೇಕಾದರೆ ಈ ಸೇವೆಯನ್ನು ಸ್ವೀಕರಿಸುತ್ತೇನೆ. ನನ್ನ ನಿರ್ಧಾರದಿಂದ ಅವರು ಉಳಿಯಲಿ.,57,25,33,,,pending,pending,,
184,G14-S05,ವಿವಾಹದೊಂದಿಗೆ ಬಂದ ಷರತ್ತು,MAHABHARATA-2-AADIPARVA_djvu.txt lines 3354–3861,"ನಂತರದ ಉದ್ಯಾನ ಭೇಟಿಯಲ್ಲಿ ದೇವಯಾನಿ ಮತ್ತೆ ಯಯಾತಿಯನ್ನು ಕಂಡಳು. ಅವಳು ಅವನನ್ನೇ ಪತಿಯಾಗಿ ಆರಿಸಿಕೊಂಡಿರುವುದಾಗಿ ತಿಳಿಸಿ ಶುಕ್ರರನ್ನು ಕರೆಸಿದಳು. ಶುಕ್ರರು ವಿವಾಹಕ್ಕೆ ಸಮ್ಮತಿಸಿದರು. ಆದರೆ ಶರ್ಮಿಷ್ಠೆಯನ್ನು ಗೌರವದಿಂದ ನೋಡಿಕೊಳ್ಳಬೇಕೆಂದೂ, ಅವಳನ್ನು ಪತ್ನಿಯಂತೆ ಸಮೀಪಿಸಬಾರದೆಂದೂ ಸ್ಪಷ್ಟ ಆದೇಶ ನೀಡಿದರು. ಯಯಾತಿ ದೇವಯಾನಿಯನ್ನು ತನ್ನ ರಾಜ್ಯಕ್ಕೆ ಕರೆದುಕೊಂಡು ಹೋದನು. ಶರ್ಮಿಷ್ಠೆಗೆ ಪ್ರತ್ಯೇಕ ವಾಸವ್ಯವಸ್ಥೆ ಮಾಡಲಾಯಿತು. ಮದುವೆಯ ಸಂತೋಷದ ಮಧ್ಯೆಯೇ ಮುಂದಿನ ಸಂಘರ್ಷವನ್ನು ತಡೆಯಬೇಕಾದ ಗಡಿ ಹೇಳಲ್ಪಟ್ಟಿತ್ತು.",ಶುಕ್ರ: ದೇವಯಾನಿಯನ್ನು ಪತ್ನಿಯಾಗಿ ಸ್ವೀಕರಿಸು. ಶರ್ಮಿಷ್ಠೆಯನ್ನು ಕಾಪಾಡು; ಆದರೆ ಅವಳನ್ನು ಸಮೀಪಿಸಬಾರದು.,53,24,30,,,pending,pending,,
185,G14-S06,ಗುಪ್ತವಾಗಿ ಬೆಳೆದ ಕುಟುಂಬ,MAHABHARATA-2-AADIPARVA_djvu.txt lines 3868–4665,"ದೇವಯಾನಿಗೆ ಯದು ಮತ್ತು ತುರ್ವಸು ಎಂಬ ಇಬ್ಬರು ಪುತ್ರರು ಜನಿಸಿದರು. ಶರ್ಮಿಷ್ಠೆ ತನ್ನ ಸಂತಾನದ ಆಸೆಯನ್ನು ಯಯಾತಿಗೆ ತಿಳಿಸಿದಳು. ಶುಕ್ರರ ಆದೇಶವನ್ನು ನೆನಪಿಸಿಕೊಂಡ ರಾಜನಿಗೆ ಅವಳು ತನ್ನ ವಾದಗಳನ್ನು ಹೇಳಿದಳು; ಕೊನೆಗೆ ಅವನು ಒಪ್ಪಿದನು. ಅವಳಿಗೆ ದ್ರುಹ್ಯು, ಅನು ಮತ್ತು ಪೂರು ಎಂಬ ಮೂವರು ಪುತ್ರರು ಜನಿಸಿದರು. ಈ ಸಂಬಂಧದ ನಿಜವನ್ನು ದೇವಯಾನಿಯಿಂದ ಮರೆಮಾಡಲಾಯಿತು. ಒಂದೇ ರಾಜನ ಐದು ಮಕ್ಕಳು ಬೆಳೆದರೂ, ಅವರ ತಾಯಿಯರ ನಡುವೆ ಹಂಚಿಕೊಳ್ಳದ ಸತ್ಯವು ದೊಡ್ಡ ಅಂತರವನ್ನು ಸೃಷ್ಟಿಸಿತು.","ಶರ್ಮಿಷ್ಠೆ: ನನಗೂ ಸಂತಾನವನ್ನು ಪಡೆಯುವ ಆಸೆಯಿದೆ. ನನ್ನ ಬೇಡಿಕೆಯನ್ನು ಕೇಳಿ, ನಿನ್ನ ನಿರ್ಧಾರವನ್ನು ಹೇಳು.",62,28,35,,,pending,pending,,
186,G14-S07,ಮಕ್ಕಳು ತಿಳಿಸಿದ ಸತ್ಯ,MAHABHARATA-2-AADIPARVA_djvu.txt lines 4666–4926,"ಒಮ್ಮೆ ದೇವಯಾನಿ ಶರ್ಮಿಷ್ಠೆಯ ಮಕ್ಕಳನ್ನು ಕಂಡಳು. ಅವರ ರೂಪ ಮತ್ತು ನಡೆ ಅವಳಲ್ಲಿ ಪ್ರಶ್ನೆ ಹುಟ್ಟಿಸಿದವು. ತಂದೆ ಯಾರು ಎಂದು ಕೇಳಿದಾಗ ಮಕ್ಕಳು ಯಯಾತಿಯ ಕಡೆ ಸೂಚಿಸಿದರು. ಮರೆಮಾಡಿದ್ದ ಸಂಬಂಧ ಹೊರಬಂತು. ದೇವಯಾನಿ ಶರ್ಮಿಷ್ಠೆಯನ್ನು ಪ್ರಶ್ನಿಸಿ, ನಂತರ ಶುಕ್ರರ ಬಳಿಗೆ ಹೊರಟಳು. ಯಯಾತಿಯೂ ಅವಳನ್ನು ಹಿಂಬಾಲಿಸಿದನು. ತನ್ನ ಆದೇಶವನ್ನು ಮೀರಿ ನಡೆದ ರಾಜನನ್ನು ಶುಕ್ರರು ಖಂಡಿಸಿದರು. ಅಕಾಲದಲ್ಲಿ ಮುಪ್ಪು ಆವರಿಸಲಿ ಎಂಬ ಶಾಪದಿಂದ ಯಯಾತಿಯ ದೇಹ ಕ್ಷಣದಲ್ಲೇ ಬದಲಾಯಿತು.",ದೇವಯಾನಿ: ಈ ಸತ್ಯವನ್ನು ನನ್ನಿಂದ ಮರೆಮಾಡಿದ್ದೇಕೆ? ತಂದೆಗೆ ಕೊಟ್ಟ ಮಾತಿಗೆ ಈಗ ಉತ್ತರಿಸು.,58,26,33,,,pending,pending,,
187,G14-S08,ಶಾಪದ ಭಾಗಶಃ ಪರಿಹಾರ,MAHABHARATA-2-AADIPARVA_djvu.txt lines 4929–5347,"ಯೌವನದ ಆಸೆ ತಣಿದಿಲ್ಲವೆಂದು ಯಯಾತಿ ಬೇಡಿಕೊಂಡನು. ಶುಕ್ರರು ಶಾಪವನ್ನು ಹಿಂತೆಗೆದುಕೊಳ್ಳಲಿಲ್ಲ; ಆದರೆ ಮಗನೊಬ್ಬ ಒಪ್ಪಿದರೆ ಮುಪ್ಪನ್ನು ಅವನಿಗೆ ನೀಡಿ ಯೌವನ ಪಡೆಯಬಹುದು ಎಂದರು. ಯಯಾತಿ ಮಕ್ಕಳನ್ನು ಒಬ್ಬೊಬ್ಬರಾಗಿ ಕೇಳಿದನು. ಯದು, ತುರ್ವಸು, ದ್ರುಹ್ಯು ಮತ್ತು ಅನು ತಮ್ಮ ಕಾರಣಗಳಿಂದ ನಿರಾಕರಿಸಿದರು. ತಂದೆ ಅವರ ನಿರಾಕರಣೆಗೆ ಪರಿಣಾಮಗಳನ್ನು ಘೋಷಿಸಿದನು. ಕೊನೆಗೆ ಕಿರಿಯ ಪೂರು ಮುಂದೆ ಬಂದನು. ಅವನ ಉತ್ತರದ ಮೇಲೆ ತಂದೆಯ ಆಸೆ ಮಾತ್ರವಲ್ಲ, ವಂಶದ ಉತ್ತರಾಧಿಕಾರವೂ ತಿರುಗಲಿತ್ತು.",ಯಯಾತಿ: ನನ್ನ ಮುಪ್ಪನ್ನು ಕೆಲಕಾಲ ಹೊತ್ತು ನಿನ್ನ ಯೌವನವನ್ನು ನೀಡುವೆಯಾ? ಅವಧಿ ಮುಗಿದ ನಂತರ ನಿನಗೆ ಮರಳಿಸುತ್ತೇನೆ.,60,27,34,,,pending,pending,,
188,G15-S01,ಪೂರು ನೀಡಿದ ಉತ್ತರ,MAHABHARATA-2-AADIPARVA_djvu.txt lines 5250–5399,ಹಿಂದಿನ ಘಟನೆಯಲ್ಲಿ ನಾಲ್ವರು ಪುತ್ರರು ತಂದೆಯ ಬೇಡಿಕೆಯನ್ನು ನಿರಾಕರಿಸಿದ್ದರು. ಪೂರು ಮಾತ್ರ ಅವನ ಮುಪ್ಪನ್ನು ಸ್ವೀಕರಿಸಲು ಒಪ್ಪಿದನು. ಯಯಾತಿ ಮಗನ ಯೌವನವನ್ನು ಪಡೆದು ಮತ್ತೆ ಯುವಕನಾದನು; ಪೂರು ತಂದೆಯ ವೃದ್ಧಾವಸ್ಥೆಯನ್ನು ಹೊತ್ತನು. ಈ ವಿನಿಮಯ ಶಾಶ್ವತವಲ್ಲವೆಂದು ಯಯಾತಿ ಹೇಳಿದ್ದನು. ಈಗ ತಂದೆಗೆ ಮತ್ತೆ ರಾಜ್ಯಕಾರ್ಯ ಮತ್ತು ಭೋಗಗಳ ಅವಕಾಶ ದೊರೆಯಿತು. ಮಗನ ಪಾಲಿಗೆ ತನ್ನ ವಯಸ್ಸಿಗಿಂತ ಭಾರವಾದ ದೇಹ ಮತ್ತು ಕಾಯುವ ಕಾಲ ಉಳಿಯಿತು.,"ಪೂರು: ತಂದೆಯೇ, ನಿಮ್ಮ ಮುಪ್ಪನ್ನು ಸ್ವೀಕರಿಸುತ್ತೇನೆ. ನೀವು ಹೇಳಿದ ಅವಧಿಯವರೆಗೆ ಈ ಹೊಣೆಯನ್ನು ನಾನು ಹೊರುತ್ತೇನೆ.",57,25,33,,,pending,pending,,
189,G15-S02,ಭೋಗವು ಆಸೆಯನ್ನು ತುಂಬಲಿಲ್ಲ,MAHABHARATA-2-AADIPARVA_djvu.txt lines 5351–5488,"ಮರಳಿದ ಯೌವನದಲ್ಲಿ ಯಯಾತಿ ರಾಜ್ಯವನ್ನು ಪಾಲಿಸಿದನು, ಯಜ್ಞಗಳನ್ನು ನೆರವೇರಿಸಿದನು ಮತ್ತು ಬೇಕಾದ ಸುಖಗಳನ್ನು ಅನುಭವಿಸಿದನು. ಗ್ರಂಥವು ಅವನ ಅನುಭವದ ಅವಧಿಯನ್ನು ಸಹಸ್ರ ವರ್ಷಗಳೆಂದು ಹೇಳುತ್ತದೆ. ಆದರೂ ಆಸೆಯ ಅಂತ್ಯ ಅವನಿಗೆ ಕಾಣಿಸಲಿಲ್ಲ. ವಿಷಯಗಳನ್ನು ಹೆಚ್ಚಾಗಿ ಅನುಭವಿಸಿದರೆ ಬಯಕೆ ತಣಿಯುತ್ತದೆ ಎಂಬ ನಿರೀಕ್ಷೆ ತಪ್ಪಿತ್ತು. ತನ್ನೊಳಗೆ ಉಳಿದ ಅತೃಪ್ತಿಯನ್ನು ಅವನು ಗುರುತಿಸಿದನು. ಪೂರುವಿನ ಯೌವನವನ್ನು ಇನ್ನೂ ಹಿಡಿದುಕೊಳ್ಳುವುದಕ್ಕೆ ಬದಲಾಗಿ, ವಾಗ್ದಾನದ ಅವಧಿಯನ್ನು ಮುಗಿಸಲು ಮಗನನ್ನು ಕರೆದನು.",ಯಯಾತಿ: ನಿನ್ನ ಯೌವನದಿಂದ ಅನೇಕ ಸುಖಗಳನ್ನು ಅನುಭವಿಸಿದೆ. ಈಗ ಅದನ್ನು ನಿನಗೆ ಮರಳಿಸಬೇಕಾದ ಕಾಲ ಬಂದಿದೆ.,57,25,33,,,pending,pending,,
190,G15-S03,ಯೌವನದ ಮರುಪಾವತಿ,MAHABHARATA-2-AADIPARVA_djvu.txt lines 5430–5678,ಯಯಾತಿ ಪೂರುವಿಗೆ ಅವನ ಯೌವನವನ್ನು ಮರಳಿಸಿದನು. ರಾಜ್ಯವನ್ನೂ ಅವನಿಗೆ ನೀಡಲು ನಿರ್ಧರಿಸಿದನು. ಹಿರಿಯ ಮಗನಿರುವಾಗ ಕಿರಿಯನಿಗೆ ಪಟ್ಟವೇ ಎಂಬ ಪ್ರಶ್ನೆ ಪ್ರಜೆಗಳ ಮತ್ತು ಪ್ರಮುಖರ ನಡುವೆ ಎದ್ದಿತು. ಯಯಾತಿ ಪೂರು ತನ್ನ ಮಾತನ್ನು ಪಾಲಿಸಿ ಮಾಡಿದ ಉಪಕಾರವನ್ನು ವಿವರಿಸಿದನು; ಶುಕ್ರರ ಅನುಮತಿಯನ್ನೂ ನೆನಪಿಸಿದನು. ಕೊನೆಗೆ ಪೂರು ಉತ್ತರಾಧಿಕಾರಿಯಾಗಿ ಸ್ವೀಕೃತನಾದನು. ತನ್ನ ಹೊಣೆಯನ್ನು ಮುಗಿಸಿದ ಯಯಾತಿ ರಾಜ್ಯವನ್ನು ಬಿಟ್ಟು ಅರಣ್ಯಕ್ಕೆ ಹೊರಟನು. ಯೌವನ ಪಡೆದ ಮಗ ಈಗ ರಾಜ್ಯದ ಭಾರವನ್ನೂ ಸ್ವೀಕರಿಸಿದನು.,ಯಯಾತಿ: ನನ್ನ ಮಾತಿಗೆ ಸ್ಪಂದಿಸಿ ಹೊಣೆ ಹೊತ್ತವನು ಪೂರು. ಈ ರಾಜ್ಯವನ್ನು ಅವನ ಕೈಗೆ ಒಪ್ಪಿಸುತ್ತೇನೆ.,61,27,35,,,pending,pending,,
191,G15-S04,ಕಾಡಿನಿಂದ ಸ್ವರ್ಗಕ್ಕೆ,MAHABHARATA-2-AADIPARVA_djvu.txt lines 5685–6111,ರಾಜವೈಭವವನ್ನು ಬಿಟ್ಟ ಯಯಾತಿ ಅರಣ್ಯದಲ್ಲಿ ತಪಸ್ಸಿನ ಜೀವನವನ್ನು ನಡೆಸಿದನು. ಆಹಾರ ಮತ್ತು ಇಂದ್ರಿಯಗಳ ನಿಯಮದೊಂದಿಗೆ ಅವನ ಬದುಕಿನ ಗತಿ ಬದಲಾಯಿತು. ಪುಣ್ಯಫಲದಿಂದ ಸ್ವರ್ಗವನ್ನು ಪಡೆದ ನಂತರ ಇಂದ್ರನೊಂದಿಗೆ ಸಂವಾದ ನಡೆಯಿತು. ಪೂರುವಿಗೆ ರಾಜ್ಯವನ್ನು ಕೊಡುವಾಗ ಯಾವ ಉಪದೇಶ ಕೊಟ್ಟೆ ಎಂದು ಇಂದ್ರ ಕೇಳಿದನು. ಯಯಾತಿ ಮಗನಿಗೆ ನೀಡಿದ ಉಪದೇಶವನ್ನು ನೆನಪಿಸಿಕೊಂಡು ಉತ್ತರಿಸತೊಡಗಿದನು.,ಇಂದ್ರ: ರಾಜ್ಯವನ್ನು ಮಗನಿಗೆ ನೀಡುವಾಗ ಅವನಿಗೆ ಯಾವ ನಡೆ ಕಲಿಸಿದ್ದೆ? ಅದನ್ನು ಹೇಳು.,46,20,26,,,pending,pending,,
192,V2202-S01,ರಾಜ್ಯದ ಗಡಿ ಮತ್ತು ಅಸೂಯೆಯ ಅಪಾಯ,MAHABHARATA-2-AADIPARVA_djvu.txt lines 5867–5988,"ಸ್ವರ್ಗದಲ್ಲಿ ಗೌರವವನ್ನು ಪಡೆದ ಯಯಾತಿಯನ್ನು ಇಂದ್ರನು, ಪೂರುವಿಗೆ ರಾಜ್ಯವನ್ನು ಕೊಡುವಾಗ ಏನು ಹೇಳಿದ್ದೆ ಎಂದು ಕೇಳಿದನು. ಯಯಾತಿ ತನ್ನ ಮಗನಿಗೆ ಗಂಗಾ ಯಮುನೆಗಳ ನಡುವಿನ ಮಧ್ಯದೇಶ ನಿನ್ನದು; ಅಣ್ಣಂದಿರು ರಾಜ್ಯದ ಅಂಚಿನ ಪಾಲಕರು ಎಂದು ಹೇಳಿದ್ದನ್ನು ನೆನಪಿಸಿದನು. ಆಳುವವನು ದೈನ್ಯ, ವಂಚನೆ, ಕೋಪ, ಅಹಂಕಾರ, ಅಸೂಯೆ ಮತ್ತು ವೈರವನ್ನು ಬಿಡಬೇಕು ಎಂದಿದ್ದನು. ತಂದೆತಾಯಿ, ವಿದ್ವಾಂಸರು, ತಪಸ್ವಿಗಳು ಮತ್ತು ಕ್ಷಮಾಶೀಲರನ್ನು ಅವಮಾನಿಸಬಾರದು. ನಂತರ ಅಸೂಯೆಯ ಹಲವು ರೂಪಗಳನ್ನು ವಿವರಿಸಿದನು: ದುರ್ಜನನು ಸಜ್ಜನನನ್ನು, ದುರ್ಬಲನು ಬಲಿಷ್ಠನನ್ನು, ಬಡವನು ಧನಿಕನನ್ನು, ಕೆಲಸಮಾಡದವನು ಕಾರ್ಯಶೀಲನನ್ನು ದ್ವೇಷಿಸುವ ಸ್ಥಿತಿಗಳನ್ನು ಹೇಳಿದನು. ರೂಪ ಮತ್ತು ಗುಣದ ಕುರಿತ ಹೋಲಿಕೆಗಳನ್ನೂ ಕೊಟ್ಟನು. ಇವನ್ನು ಕಲಿಯ ಸ್ವಭಾವವೆಂದೂ ಅದಕ್ಕೆ ವಿರುದ್ಧವಾದ ಮೆಚ್ಚುಗೆಯನ್ನು ಕೃತಯುಗದ ಲಕ್ಷಣವೆಂದೂ ವರ್ಣಿಸಿದನು. ವರ್ಣ ಯಾವುದಾದರೂ ಪ್ರಶಸ್ತ ಗುಣವುಳ್ಳವನನ್ನೇ ಜನರು ಗೌರವಿಸುವರು; ಅಂತಹವರ ಸಂಗವನ್ನು ಬೆಳೆಸಬೇಕು ಎಂಬುದು ಅವನ ಉಪದೇಶ.",,86,38,49,,,pending,pending,,
193,V2202-S02,ಕೋಪಕ್ಕೆ ಕೋಪವೇ ಉತ್ತರವಾಗಬಾರದು,MAHABHARATA-2-AADIPARVA_djvu.txt lines 5994–6052,"ಇಂದ್ರನು ಇನ್ನಷ್ಟು ಲೋಕನೀತಿ ಕೇಳಿದಾಗ ಯಯಾತಿ ಸಹನೆ ಮತ್ತು ಮಾತಿನ ನಿಯಂತ್ರಣವನ್ನು ವಿವರಿಸಿದನು. ಶಾಂತನಾದವನು ಕೋಪಿಯಿಗಿಂತ, ಸಹನಶೀಲನು ಅಸಹನಶೀಲನಿಗಿಂತ, ಜ್ಞಾನಿಯು ಅಜ್ಞಾನಿಗಿಂತ ಶ್ರೇಷ್ಠನೆಂಬ ಹೋಲಿಕೆಗಳನ್ನು ಕೊಟ್ಟನು; ಜೀವಿಗಳ ನಡುವೆ ಮಾನವಜನ್ಮದ ಮಹತ್ವವನ್ನೂ ಈ ಪಾಠ ಹೇಳುತ್ತದೆ. ಯಾರಾದರೂ ಸಿಟ್ಟಿನಿಂದ ಕೂಗಿದರೆ ತಿರುಗಿ ಕೂಗಬಾರದು. ಸಹಿಸಿಕೊಂಡವನ ಮೇಲೆ ಹೊರಿಸಿದ ಕೋಪವೇ ಕೂಗಿದವನನ್ನು ದಹಿಸಿ ಅವನ ಪುಣ್ಯವನ್ನು ಸಹನಶೀಲನಿಗೆ ತರುತ್ತದೆ ಎಂಬ ಧಾರ್ಮಿಕ ವಿವರಣೆಯನ್ನು ನೀಡಿದನು. ಇನ್ನೊಬ್ಬರ ಮರ್ಮಕ್ಕೆ ಹೊಡೆಯುವ ಮಾತು, ಮೋಸದ ಮಾತು, ನಿಷ್ಠುರತೆ, ದೋಷವನ್ನು ಎತ್ತಿ ಅವಮಾನಿಸುವುದು ಮತ್ತು ಮನಸ್ಸನ್ನು ಕದಡುವ ಕ್ರೂರವಾಕ್ಯಗಳನ್ನು ಬಿಡಬೇಕೆಂದನು. ಮಾತಿನ ಮುಳ್ಳುಗಳಿಂದ ಇತರರನ್ನು ಚುಚ್ಚುವವನು ತನ್ನ ಬಾಯಿಯಲ್ಲಿಯೇ ದುರ್ಭಾಗ್ಯಕ್ಕೆ ದಾರಿ ಹೊತ್ತಿರುತ್ತಾನೆ ಎಂಬ ಚಿತ್ರವನ್ನು ಕೊಟ್ಟನು.",,72,32,41,,,pending,pending,,
194,V2202-S03,ಮಾತಿನ ಬಾಣ ಮತ್ತು ನಾಲ್ಕು ಸಂಬಂಧದ ಗುಣಗಳು,MAHABHARATA-2-AADIPARVA_djvu.txt lines 6055–6103,"ಮುಂದೆ ಯಯಾತಿ ಸಜ್ಜನರ ಮುಂದೆ ಮೆಚ್ಚುಗೆಗೆ ಪಾತ್ರವಾಗುವಂತೆ, ಅವರ ಹಿಂದೆ ಇದ್ದಾಗಲೂ ಅವರಿಂದ ರಕ್ಷಿಸಲ್ಪಡುವಂತೆ ನಡೆದುಕೊಳ್ಳಬೇಕೆಂದನು. ದುರ್ಜನರ ನಿಂದೆಯನ್ನು ತಾಳಿಕೊಂಡು, ಉದಾರ ನಡತೆಯವರ ನಡೆ ಕಲಿಯಬೇಕು. ಬಾಯಿಯಿಂದ ಹೊರಡುವ ಮಾತು ಬಾಣದಂತೆ ಇನ್ನೊಬ್ಬರ ಹೃದಯಕ್ಕೆ ತಗುಲಿದರೆ ಅವನು ಹಗಲಿರುಳು ನೋವು ಅನುಭವಿಸಬಹುದು. ಆದ್ದರಿಂದ ಮರ್ಮಕ್ಕೆ ತಾಕದ ಸಾಮಾನ್ಯ ದುರ್ಮಾತನ್ನೂ ಬಿಡಬೇಕು; ಉದ್ದೇಶಪೂರ್ವಕವಾಗಿ ಮರ್ಮವನ್ನು ಚುಚ್ಚುವ ಮಾತಿಗಂತೂ ಅವಕಾಶವೇ ಇರಬಾರದು. ದಯೆ, ಎಲ್ಲ ಜೀವಿಗಳೊಂದಿಗೆ ಮೈತ್ರಿ, ದಾನ ಮತ್ತು ಮಧುರವಾದ ಮಾತು—ಈ ನಾಲ್ಕಕ್ಕೆ ಸಮವಾದ ಸಂಬಂಧ ಬೆಳೆಸುವ ಸಂಪತ್ತು ಮೂರು ಲೋಕಗಳಲ್ಲಿಯೂ ಇಲ್ಲವೆಂದನು. ಕೊನೆಯಲ್ಲಿ ಶಾಂತವಾದ ಮಾತು, ಪೂಜ್ಯರಿಗೆ ಗೌರವ ಮತ್ತು ಯಾಚನೆ ಮಾಡದಿರುವ ತನ್ನ ರಾಜಧರ್ಮದ ಆದರ್ಶವನ್ನು ಹೇಳಿದನು. ಅವನ ಉಪದೇಶದ ಕೇಂದ್ರದಲ್ಲಿ ಅಧಿಕಾರಕ್ಕಿಂತಲೂ ತನ್ನ ಮಾತು ಮತ್ತು ಮನಸ್ಸಿನ ಮೇಲಿನ ಹಿಡಿತವಿತ್ತು.",,80,36,46,,,pending,pending,,
195,G15-S05,ಅಹಂಕಾರದ ಒಂದು ಉತ್ತರ,MAHABHARATA-2-AADIPARVA_djvu.txt lines 6118–6296,"ಇಂದ್ರನು ತಪಸ್ಸಿನಲ್ಲಿ ನಿನಗೆ ಸಮಾನರು ಯಾರು ಎಂದು ಕೇಳಿದಾಗ ಯಯಾತಿಯ ಉತ್ತರ ಬದಲಾಯಿತು. ದೇವತೆಗಳಲ್ಲಿ, ಋಷಿಗಳಲ್ಲಿ ಅಥವಾ ಮನುಷ್ಯರಲ್ಲಿ ತನಗೆ ಸಮಾನರನ್ನು ಕಾಣುವುದಿಲ್ಲ ಎಂದನು. ಆ ಮಾತು ಇತರರ ಸಾಧನೆಯನ್ನು ಅವಮಾನಿಸಿತು. ಇಂದ್ರನು ಅವನ ಪುಣ್ಯ ಕ್ಷೀಣಿಸಿರುವುದನ್ನು ತಿಳಿಸಿ ಸ್ವರ್ಗದಿಂದ ಪತನವಾಗುವುದೆಂದನು. ಯಯಾತಿ ತನ್ನ ತಪ್ಪಿನ ಪರಿಣಾಮದಿಂದ ತಪ್ಪಿಸಿಕೊಳ್ಳಲಾಗಲಿಲ್ಲ. ಆದರೂ ಸಜ್ಜನರ ಮಧ್ಯೆ ಬೀಳುವ ಅವಕಾಶವನ್ನು ಬೇಡಿಕೊಂಡನು; ಆ ಆಶಯಕ್ಕೆ ಅನುಮತಿ ದೊರೆಯಿತು.",ಯಯಾತಿ: ಸ್ವರ್ಗದಿಂದ ಬೀಳಬೇಕಾದರೂ ಸಜ್ಜನರ ಸಾನ್ನಿಧ್ಯಕ್ಕೆ ಬೀಳಲಿ. ಅಲ್ಲಿ ಮತ್ತೆ ನನ್ನ ದಾರಿಯನ್ನು ಕಂಡುಕೊಳ್ಳುವೆನು.,55,24,31,,,pending,pending,,
196,V2203-S01,ಅಷ್ಟಕನ ಅಭಯದ ಮಾತು,MAHABHARATA-2-AADIPARVA_djvu.txt lines 6194–6290,"ಆಕಾಶದಿಂದ ಸೂರ್ಯಾಗ್ನಿಯಂತೆ ತೇಜಸ್ಸುಳ್ಳ ವ್ಯಕ್ತಿ ಬರುತ್ತಿರುವುದನ್ನು ಕಂಡ ಅಷ್ಟಕ ಮತ್ತು ಅವನ ಸಂಗಾತಿಗಳು ಆಶ್ಚರ್ಯಪಟ್ಟರು. ಅವನ ರೂಪ ಇಂದ್ರನನ್ನು ನೆನಪಿಸುತ್ತಿತ್ತು; ಆದರೆ ಅವನು ಯಾರು, ಯಾವ ಕಾರಣಕ್ಕೆ ಬೀಳುತ್ತಿದ್ದಾನೆ ಎಂಬುದು ಅವರಿಗೆ ತಿಳಿದಿರಲಿಲ್ಲ. ಅಷ್ಟಕನೇ ಮೊದಲಾಗಿ ಪರಿಚಯ ಕೇಳಿದನು. ತಮ್ಮನ್ನೂ ಪರಿಚಯ ಕೇಳದೆ ಮೌನವಾಗಿರುವ ಆ ಅತಿಥಿಗೆ ಭಯ, ವಿಷಾದ ಮತ್ತು ಮೋಹವನ್ನು ಬಿಡಬೇಕೆಂದನು. ಸುಖವನ್ನು ಕಳೆದುಕೊಂಡ ಸಜ್ಜನರಿಗೆ ಸಜ್ಜನರೇ ಆಶ್ರಯ; ತಮ್ಮ ಬಳಿಗೆ ಬಂದಿರುವವನನ್ನು ಮತ್ತೆ ಕೆಳಗೆ ತಳ್ಳುವ ಶಕ್ತಿ ಇಂದ್ರನಿಗೂ ಸಾಲದು ಎಂಬ ಅಭಯದ ಮಾತು ಕೊಟ್ಟನು. ಸುಡುವುದರಲ್ಲಿ ಅಗ್ನಿಗೆ, ಬೀಜ ಬೆಳೆಸುವುದರಲ್ಲಿ ಭೂಮಿಗೆ, ಬೆಳಕಿನಲ್ಲಿ ಸೂರ್ಯನಿಗೆ ಅಧಿಕಾರವಿರುವಂತೆ ಸಜ್ಜನರ ಮನೆಯಲ್ಲಿನ ಅತಿಥಿಗೆ ಗೌರವದ ಅಧಿಕಾರವಿದೆ ಎಂದನು. ಹೀಗೆ ಪತನದ ದೃಶ್ಯ ಆತಿಥ್ಯದ ಸಂವಾದವಾಗಿ ಬದಲಾಯಿತು.",,77,34,44,,,pending,pending,,
197,G15-S06,ಅಷ್ಟಕನ ಪ್ರಶ್ನೆಗಳು,MAHABHARATA-2-AADIPARVA_djvu.txt lines 6300–7065,"ಅಷ್ಟಕನ ಅಭಯದ ಮಾತು ಕೇಳಿದ ಯಯಾತಿ ತನ್ನ ಪರಿಚಯ ಮತ್ತು ಅನುಭವವನ್ನು ಹೇಳಲು ಮುಂದಾದನು. ಅವನೊಂದಿಗೆ ಪ್ರತರ್ದನ, ವಸುಮನಾ ಮತ್ತು ಶಿಬಿಯೂ ಆ ಸಂವಾದದಲ್ಲಿ ಇದ್ದರು. ಸ್ವರ್ಗದಿಂದ ಬಂದ ವ್ಯಕ್ತಿಯ ರೂಪವನ್ನು ಕಂಡು ಆಶ್ಚರ್ಯಪಡುವುದಕ್ಕಿಂತ ಅವನ ಅನುಭವದ ಅರ್ಥವನ್ನು ತಿಳಿಯಬೇಕು ಎಂಬ ಕುತೂಹಲ ಅವರಲ್ಲಿತ್ತು. ಯಯಾತಿಯ ಉತ್ತರಗಳ ನಡುವೆ ಅಷ್ಟಕನ ಪ್ರತಿಪ್ರಶ್ನೆಗಳೂ ಬಂದವು.",ಅಷ್ಟಕ: ನೀನು ಯಾರು? ಇಷ್ಟು ತೇಜಸ್ಸಿನೊಂದಿಗೆ ಬಂದ ನೀನು ಈ ಸ್ಥಿತಿಗೆ ಹೇಗೆ ತಲುಪಿದೆ?,48,21,27,,,pending,pending,,
198,V2204-S01,ವಯಸ್ಸಿಗಿಂತ ವಿದ್ಯೆಯ ಗೌರವ,MAHABHARATA-2-AADIPARVA_djvu.txt lines 6307–6430,"ನಾನು ನಹುಷನ ಮಗ ಯಯಾತಿ, ಪೂರುವಿನ ತಂದೆ ಎಂದು ಅವನು ಪರಿಚಯ ಕೊಟ್ಟನು. ಎಲ್ಲರನ್ನು ಅವಮಾನಿಸಿ ಪುಣ್ಯವನ್ನು ಕಳೆದುಕೊಂಡದ್ದೇ ತನ್ನ ಪತನಕ್ಕೆ ಕಾರಣವೆಂದನು. ವಯಸ್ಸಿನಲ್ಲಿ ಹಿರಿಯನಾಗಿರುವುದರಿಂದ ತಾನು ಮೊದಲು ನಮಸ್ಕಾರ ಮಾಡಲಿಲ್ಲ ಎಂಬ ಮಾತಿಗೆ ಅಷ್ಟಕನು ಪ್ರತಿಕ್ರಿಯಿಸಿದನು. ವಯಸ್ಸೊಂದೇ ಗೌರವದ ಮಾನದಂಡವಲ್ಲ; ಕಿರಿಯನಾದರೂ ವಿದ್ಯೆಯಲ್ಲಿ ಹಿರಿಯನಾಗಿರುವವನಿಗೆ ಗೌರವ ಸಲ್ಲುತ್ತದೆ ಎಂದನು. ಬಳಿಕ ಪಾಪಕರ್ಮವು ಒಳ್ಳೆಯ ಆಚರಣೆಯನ್ನೂ ಅದರ ಫಲವನ್ನೂ ತಡೆಯುವುದರಿಂದ, ಯಾರಾದರೂ ಅನುಕೂಲವಾಗಿ ಮಾತನಾಡಿದರೂ ಸಜ್ಜನರು ದುಷ್ಟಮಾರ್ಗಕ್ಕೆ ಹೋಗುವುದಿಲ್ಲ ಎಂಬ ವಿಚಾರ ಬಂತು. ಅಷ್ಟಕನು ಧನ ಮರಣದ ನಂತರ ಹಿಂದೆ ಬರುವುದಿಲ್ಲವೆಂದು ನೆನಪಿಸಿದನು. ಸಂಪತ್ತಿದ್ದವನು ಯಜ್ಞ ಮಾಡಬಹುದು; ವಿದ್ಯೆ, ತಪಸ್ಸು ಮತ್ತು ಮೋಹತ್ಯಾಗಕ್ಕೂ ಮೌಲ್ಯವಿದೆ. ಐಶ್ವರ್ಯದಿಂದ ಉಬ್ಬದೆ, ತಾನೇ ಎಲ್ಲಕ್ಕೂ ಒಡೆಯನೆಂದು ಭಾವಿಸದೆ, ಸುಖದುಃಖಗಳಲ್ಲಿ ಸ್ಥಿರವಾಗಿರಬೇಕು ಎಂದು ಸಂವಾದ ಹೇಳುತ್ತದೆ. ಫಲಗಳು ದೈವಾಧೀನವೆಂಬುದು ಈ ಪಾಠದ ಧಾರ್ಮಿಕ ನೆಲೆ.",,84,37,48,,,pending,pending,,
199,V2204-S02,ಸುಖದುಃಖಗಳ ಅನಿತ್ಯತೆ,MAHABHARATA-2-AADIPARVA_djvu.txt lines 6433–6487,"ಯಯಾತಿ ತಾನು ಈಗ ಭಯದಿಂದ ವಿವೇಕ ಕಳೆದುಕೊಳ್ಳುವುದಿಲ್ಲವೆಂದನು. ದೈವವು ನಿಗದಿಪಡಿಸಿದ ಸುಖದುಃಖಗಳು ಬರಲಿವೆ ಎಂಬ ನಂಬಿಕೆಯಿಂದ ಮನಸ್ಸನ್ನು ಹಿಡಿದಿರುವುದಾಗಿ ಹೇಳಿದನು. ಮೊಟ್ಟೆಯಿಂದ ಹುಟ್ಟುವವು, ಗರ್ಭದಿಂದ ಹುಟ್ಟುವವು, ಸಸ್ಯಗಳಂತೆ ಮೊಳೆಯುವವು ಮತ್ತು ಈ ಪಾಠದ ಹಳೆಯ ಜೀವವರ್ಗೀಕರಣದ ಇತರ ಜೀವಿಗಳು—ಸರ್ಪ, ಕ್ರಿಮಿ, ಮೀನುಗಳವರೆಗೂ—ಎಲ್ಲವೂ ಅಂತ್ಯಕ್ಕೆ ತಮ್ಮ ಮೂಲಸ್ಥಿತಿಗೆ ಸೇರುತ್ತವೆ ಎಂದನು. ಕಲ್ಲು, ಹುಲ್ಲು ಮತ್ತು ಕಟ್ಟಿಗೆಯೂ ಸ್ಥಿರವಲ್ಲ ಎಂಬ ವಿಸ್ತಾರವನ್ನೂ ಕೊಟ್ಟನು. ಸುಖದುಃಖಗಳೆರಡೂ ಅನಿತ್ಯವೆಂದು ತಿಳಿದವನಿಗೆ ಕೇವಲ ಸಂತಾಪದಿಂದ ಏನು ಪ್ರಯೋಜನವೆಂದು ಕೇಳಿದನು. ಈಗ ಆಕಾಶದಲ್ಲಿರುವಾಗ ಹಿಂದಿನ ಅವಮಾನಕ್ಕೆ ಪರಿಹಾರಕರ್ಮ ಮಾಡಿಕೊಳ್ಳಲಾಗುವುದಿಲ್ಲ; ಆದ್ದರಿಂದ ಎಚ್ಚರದಿಂದ ಸ್ಥಿತಿಯನ್ನು ಎದುರಿಸುತ್ತೇನೆ ಎಂದನು. ತಾನು ಕಂಡ ಶ್ರೇಷ್ಠಲೋಕಗಳೂ ಅನುಭವಿಸಿದ ಭೋಗಗಳೂ ಯಾವುದೂ ಶಾಶ್ವತವಾಗಿ ಉಳಿಯಲಿಲ್ಲವೆಂಬುದು ಅವನ ಅನುಭವದ ಮಾತು.",,73,32,42,,,pending,pending,,
200,V2204-S03,ಲೋಕಗಳಿಂದ ನಂದನವನದವರೆಗೆ,MAHABHARATA-2-AADIPARVA_djvu.txt lines 6488–6625,"ಯಾವ ಲೋಕಗಳಲ್ಲಿ ಎಷ್ಟು ಕಾಲ ಇದ್ದೆ ಎಂದು ಅಷ್ಟಕನು ಕೇಳಿದನು. ಯಯಾತಿ ತನ್ನ ಧರ್ಮಾಚರಣೆಯಿಂದ ಪಡೆದ ಅನುಭವವನ್ನು ಕ್ರಮವಾಗಿ ಹೇಳಿದನು. ಈ ಕನ್ನಡ ವಿವರಣೆಯಲ್ಲಿ ಸೂರ್ಯಚಂದ್ರಾದಿ ಲೋಕಗಳಲ್ಲಿ ಸಾವಿರ ವರ್ಷಗಳ ವಾಸ, ಅಲ್ಲಿಂದ ಧ್ರುವಲೋಕ, ನಂತರ ನೂರು ಯೋಜನ ವಿಸ್ತಾರವೂ ಸಾವಿರ ಬಾಗಿಲುಗಳೂ ಇರುವ ಇಂದ್ರನ ಪಟ್ಟಣ ಬರುತ್ತವೆ. ಇಂದ್ರನ ಪಟ್ಟಣದಲ್ಲಿ ಸಾವಿರ ವರ್ಷಗಳ ಬಳಿಕ ಜನಲೋಕಾದಿಗಳು; ಬ್ರಹ್ಮಲೋಕದಲ್ಲಿ ಮತ್ತೆ ಸಾವಿರ ವರ್ಷಗಳು; ಅದಕ್ಕೂ ಮುಂದಿನ ಸಾಂತಾನಿಕ ಲೋಕಗಳು ಎಂದು ನಿರೂಪಿಸುತ್ತದೆ. ಅನೇಕ ದೇವತೆಗಳ ಗೃಹಗಳಲ್ಲಿ ಗೌರವ ಪಡೆದು ವಾಸಿಸಿದ ಕಥೆಯನ್ನೂ ಹೇಳಿದನು. ನಂದನವನದಲ್ಲಿ ಇಚ್ಛೆಯ ರೂಪ ಧರಿಸಿ, ಅಪ್ಸರೆಯರೊಂದಿಗೆ, ಸುಗಂಧ ಮತ್ತು ಹೂವಿನ ಪರ್ವತಗಳ ನಡುವೆ ಹತ್ತು ಲಕ್ಷ ವರ್ಷ ವಿಹರಿಸಿದ್ದಾಗಿ ಹೇಳಿದನು. ಬಳಿಕ ಉಗ್ರರೂಪದ ದೇವದೂತನು ಕೆಳಗೆ ಬೀಳು ಎಂದು ಮೂರು ಬಾರಿ ಘೋಷಿಸಿದನು. ಪತನಗೊಳ್ಳುತ್ತಿದ್ದಾಗ ದೇವತೆಗಳ ಕನಿಕರದ ಮಾತು ಕೇಳಿತು. ಸಜ್ಜನರ ಬಳಿಗೆ ಹೋಗುವ ದಾರಿಯನ್ನು ಕೇಳಿದಾಗ ಅವರು ಅಷ್ಟಕನ ಯಜ್ಞಭೂಮಿಯನ್ನು ತೋರಿಸಿದರು. ಮೇಲಕ್ಕೆ ಬಂದ ಹವಿಸ್ಸಿನ ಸುಗಂಧ ಮತ್ತು ಧೂಮವನ್ನು ಅನುಸರಿಸಿ ಯಯಾತಿ ಇಲ್ಲಿಗೆ ಬಂದನು.",,107,48,61,,,pending,pending,,
201,V2205-S01,ಪುಣ್ಯ ಕ್ಷೀಣಿಸಿದಾಗ ಬರುವ ಗತಿ,MAHABHARATA-2-AADIPARVA_djvu.txt lines 6634–6766,"ನಂದನವನದ ಸುಖವನ್ನು ಬಿಟ್ಟು ಏಕೆ ಭೂಮಿಗೆ ಬರಬೇಕಾಯಿತು ಎಂದು ಅಷ್ಟಕನು ಮತ್ತೆ ಕೇಳಿದನು. ಯಯಾತಿ ಧನ ಕಳೆದುಕೊಂಡವನನ್ನು ಸಂಬಂಧಿಗಳು ತೊರೆಯುವ ಉಪಮೆಯನ್ನು ಕೊಟ್ಟು, ಪುಣ್ಯ ಕ್ಷೀಣಿಸಿದಾಗ ದೇವಲೋಕದ ವಾಸವೂ ಮುಗಿಯುತ್ತದೆ ಎಂದನು. ಭೋಗದ ಮೂಲಕ ಪುಣ್ಯ ಕ್ಷಯಿಸಿ ಕೆಳಗೆ ಬರುವ ಜೀವಿಗಳು ದುಃಖಪಡುತ್ತವೆ ಎಂದು ವಿವರಿಸಿದನು. ಇಲ್ಲಿನ ಕನ್ನಡ ವ್ಯಾಖ್ಯಾನವು ಭೂಮಿಯ ಕೆಳಗಿನ ನರಕದ ಕುರಿತು ಮಾತನಾಡದೆ, ದುಃಖ ಮಿಶ್ರಿತವಾದ ಭೂಲೋಕದ ಸಂಸಾರವನ್ನೇ ನರಕಪ್ರಾಯವೆಂದು ವಿವರಿಸುತ್ತದೆ. ಕುಟುಂಬದ ಆಹಾರಕ್ಕಾಗಿ ದೇಶದೇಶ ಅಲೆದಾಡಬೇಕಾಗುವ ಸ್ಥಿತಿಯನ್ನೂ ಅದಕ್ಕೆ ಸೇರಿಸುತ್ತದೆ. ಅಷ್ಟಕನು ಪತನದ ಮಧ್ಯೆ ಭಯ, ಹಕ್ಕಿಗಳು ಮತ್ತು ರಾಕ್ಷಸರಿಂದ ವ್ಯಥೆ, ಹಿಂದೆ ಇದ್ದ ಸುಖದ ನೆನಪು ಮತ್ತು ಪತನದ ಅವಧಿಯ ಬಗ್ಗೆ ಕೇಳಿದನು. ಎಲ್ಲರಿಗೂ ಒಂದೇ ಕಾಲವಲ್ಲ; ಕೆಲವರಿಗೆ ಬಹುದೀರ್ಘವಾಗುತ್ತದೆ ಎಂಬ ಉತ್ತರ ಬರುತ್ತದೆ. ಭೂಮಿಯಲ್ಲಿ ಮತ್ತೆ ಜನಿಸಿ ಸಂಸಾರದಲ್ಲಿ ತೊಡಗಿದಾಗ ವರ್ಷಗಳು ಕಳೆದದ್ದೇ ಗಮನಕ್ಕೆ ಬರುವುದಿಲ್ಲ ಎಂದು ಪಾಠ ಹೇಳುತ್ತದೆ.",,91,40,52,,,pending,pending,,
202,V2205-S02,ಗರ್ಭಪ್ರಾಪ್ತಿಯ ಕುರಿತು ಅಷ್ಟಕನ ಪ್ರಶ್ನೆ,MAHABHARATA-2-AADIPARVA_djvu.txt lines 6769–6864,"ಮುಂದೆ ಅಷ್ಟಕನು ಜೀವವು ಮತ್ತೊಂದು ಗರ್ಭವನ್ನು ಹೇಗೆ ಪ್ರವೇಶಿಸುತ್ತದೆ ಎಂದು ಕೇಳಿದನು. ಯಯಾತಿಯ ಉತ್ತರವು ಈ ಗ್ರಂಥದ ಧಾರ್ಮಿಕ ದೇಹವಿವರಣೆಯಾಗಿದೆ. ಪುರುಷನ ರೇತಸ್ಸು ಮತ್ತು ಸ್ತ್ರೀಯ ಗರ್ಭಧಾರಣೆಗೆ ಸಂಬಂಧಿಸಿದ ಅಂಶಗಳು ಯೋಗ್ಯಕಾಲದಲ್ಲಿ ಸೇರುವಾಗ ಜೀವಕ್ಕೆ ಗರ್ಭವಾಸ ದೊರೆಯುತ್ತದೆ ಎಂದು ಹೇಳುತ್ತದೆ. ಜೀವವು ಆ ಹಂತಕ್ಕೆ ತಲುಪುವ ದಾರಿಗಳಾಗಿ ಹಣ್ಣು ನೀಡುವ ಮರಗಳು, ಧಾನ್ಯಸಸ್ಯಗಳು, ನೀರು, ವಾಯು, ಭೂಮಿ, ಆಕಾಶ ಮತ್ತು ಆಹಾರವಾಗುವ ಎರಡು ಅಥವಾ ನಾಲ್ಕು ಕಾಲಿನ ಜೀವಿಗಳನ್ನು ಈ ವ್ಯಾಖ್ಯಾನ ಪಟ್ಟಿ ಮಾಡುತ್ತದೆ. ಜೀವವು ತನ್ನ ಇಚ್ಛೆಯಿಂದ ಗರ್ಭ ಸೇರುತ್ತದೆಯೇ, ಇನ್ನೊಂದು ಶಕ್ತಿ ನಡೆಸುತ್ತದೆಯೇ ಎಂದು ಅಷ್ಟಕನು ಪ್ರಶ್ನೆ ಮುಂದುವರಿಸಿದನು. ದೇಹದ ಆಕಾರ, ಬೆಳವಣಿಗೆ, ಕಣ್ಣುಕಿವಿ ಮತ್ತು ಅರಿವು ಹೇಗೆ ಬರುತ್ತವೆ ಎಂದೂ ಕೇಳಿದನು. ಉತ್ತರದಲ್ಲಿ ಮುಖ್ಯಪ್ರಾಣನು ಗರ್ಭಪ್ರವೇಶ ಮತ್ತು ಬೆಳವಣಿಗೆಯನ್ನು ನಡೆಸುತ್ತಾನೆ; ಸಣ್ಣ ಕಣದ ಹಂತದಿಂದ ಗುಳ್ಳೆಯಂತೆ, ನಂತರ ಅಂಗಗಳುಳ್ಳ ರೂಪಕ್ಕೆ ಬೆಳೆಯುತ್ತದೆ ಎಂದು ಈ ಪಾಠ ವಿವರಿಸುತ್ತದೆ.",,93,41,53,,,pending,pending,,
203,V2205-S03,ಇಂದ್ರಿಯಗಳು ಮತ್ತು ಮತ್ತೊಂದು ದೇಹ,MAHABHARATA-2-AADIPARVA_djvu.txt lines 6867–6952,"ಬೆಳೆಯುವ ದೇಹಕ್ಕೆ ಅರಿವು ಹೇಗೆ ಬರುತ್ತದೆ ಎಂಬುದಕ್ಕೂ ಯಯಾತಿ ಉತ್ತರ ಕೊಟ್ಟನು. ಕಿವಿಯಿಂದ ಶಬ್ದ, ಕಣ್ಣಿನಿಂದ ರೂಪ, ಮೂಗಿನಿಂದ ಗಂಧ, ನಾಲಗೆಯಿಂದ ರುಚಿ, ಚರ್ಮದಿಂದ ಸ್ಪರ್ಶ, ಮನಸ್ಸಿನಿಂದ ಭಾವಗಳನ್ನು ಗ್ರಹಿಸಲಾಗುತ್ತದೆ ಎಂದನು. ಅಂಗಗಳು, ಇಂದ್ರಿಯಗಳ ಸ್ಥಾನಗಳು ಮತ್ತು ಅವುಗಳಿಂದ ಬರುವ ಜ್ಞಾನವನ್ನೆಲ್ಲ ಮುಖ್ಯಪ್ರಾಣನ ಅನುಗ್ರಹಕ್ಕೆ ಈ ಕನ್ನಡ ವಿವರಣೆ ಸಂಬಂಧಿಸುತ್ತದೆ. ಮರಣದ ನಂತರ ಹಳೆಯ ದೇಹವನ್ನು ದಹಿಸಿದರೂ, ಹೂಳಿದರೂ ಅಥವಾ ಅದು ಇತರ ಜೀವಿಗಳ ಆಹಾರವಾದರೂ ಹೊಸ ದೇಹದಲ್ಲಿ ಅರಿವು ಹೇಗೆ ಮುಂದುವರಿಯುತ್ತದೆ ಎಂಬುದು ಅಷ್ಟಕನ ಮುಂದಿನ ಸಂಶಯ. ನಿದ್ರಿಸಿದವನಂತೆ ಹಿಂದಿನ ಅರಿವು ಮರೆತು, ಪುಣ್ಯಪಾಪಗಳನ್ನು ಹೊತ್ತು, ಮುಖ್ಯಪ್ರಾಣನ ಮಾರ್ಗದರ್ಶನದಿಂದ ಜೀವವು ಇನ್ನೊಂದು ಜನ್ಮ ಪಡೆಯುತ್ತದೆ ಎಂದು ಉತ್ತರ ಬರುತ್ತದೆ. ಕರ್ಮಕ್ಕೆ ಅನುಗುಣವಾದ ಜನ್ಮಗಳ ಕುರಿತು ಹೇಳಿ, ಎರಡು ಕಾಲು, ನಾಲ್ಕು ಕಾಲು, ಆರು ಕಾಲು ಮತ್ತು ಇತರ ದೇಹರೂಪಗಳನ್ನು ಉಲ್ಲೇಖಿಸುತ್ತದೆ. ನರಕಯಾತನೆಗಳನ್ನು ವಿಸ್ತರಿಸುವುದು ತನ್ನ ಉದ್ದೇಶವಲ್ಲವೆಂದೂ ಯಯಾತಿ ಹೇಳುತ್ತಾನೆ.",,92,41,53,,,pending,pending,,
204,V2205-S04,ಏಳು ದ್ವಾರಗಳನ್ನು ಮುಚ್ಚುವ ಅಹಂಕಾರ,MAHABHARATA-2-AADIPARVA_djvu.txt lines 6953–7054,"ಶುಭಲೋಕಗಳನ್ನು ಪಡೆಯಲು ತಪಸ್ಸು ಮುಖ್ಯವೇ, ವಿದ್ಯೆ ಮುಖ್ಯವೇ ಎಂದು ಅಷ್ಟಕನು ಕೇಳಿದಾಗ ಯಯಾತಿ ಏಳು ದ್ವಾರಗಳನ್ನು ಹೇಳಿದನು: ತಪಸ್ಸು, ದಾನ, ಶಮ, ದಮ, ವಿನಯ, ಆರ್ಜವ ಮತ್ತು ಎಲ್ಲ ಜೀವಿಗಳ ಮೇಲಿನ ದಯೆ. ಶಮವೆಂದರೆ ಮನಸ್ಸಿನ ಶಾಂತಿ, ದಮವೆಂದರೆ ಇಂದ್ರಿಯಗಳ ನಿಯಂತ್ರಣ, ಆರ್ಜವವೆಂದರೆ ಒಳಹೊರಗಿನ ಸರಳತೆ. ಆದರೆ ಅಹಂಕಾರವು ಈ ಎಲ್ಲ ದ್ವಾರಗಳನ್ನೂ ಮುಚ್ಚುತ್ತದೆ ಎಂದನು. ವಿದ್ಯೆ ಕಲಿತು ಅದರ ಬಲದಿಂದ ಇತರರ ಗೌರವವನ್ನು ಹಾಳುಮಾಡಿದವನಿಗೆ ಆ ವಿದ್ಯೆಯ ಫಲವೇ ಉಳಿಯುವುದಿಲ್ಲ. ಅಗ್ನಿಹೋತ್ರ, ಮೌನತಪಸ್ಸು, ಅಧ್ಯಯನ ಮತ್ತು ಯಜ್ಞ—ಈ ನಾಲ್ಕೂ ಸರಿಯಾದ ಮನೋಭಾವದಿಂದ ಅಭಯ ನೀಡುತ್ತವೆ; ಹೆಮ್ಮೆಯ ಸಾಧನಗಳಾದರೆ ಅವೇ ಭಯಕ್ಕೆ ಕಾರಣವಾಗುತ್ತವೆ. ಗೌರವದಿಂದ ಉಬ್ಬದೆ, ಅವಮಾನದಿಂದ ಕುಗ್ಗದೆ ಇರಬೇಕು. ನಾನು ಇಷ್ಟು ದಾನಿ, ಇಷ್ಟು ಯಜ್ಞಕರ್ತ, ಇಷ್ಟು ಪಂಡಿತ ಎಂಬ ಸ್ವಪ್ರಶಂಸೆಯನ್ನು ಬಿಡಬೇಕು. ಜೀವನದ ಆಶ್ರಮಧರ್ಮಗಳನ್ನು ವಿವೇಕದಿಂದ ಸ್ಮರಿಸುವವರಿಗೆ ತೇಜೋಮಯ ಸ್ಥಿತಿಯ ಫಲವಿದೆ ಎಂಬ ಪಾಠದ ವಿವರಣೆಯೊಂದಿಗೆ ಈ ಭಾಗ ಮುಗಿಯುತ್ತದೆ.",,94,42,54,,,pending,pending,,
205,G15-S07,ಆಶ್ರಮಧರ್ಮ ಮತ್ತು ದಾನದ ಪರೀಕ್ಷೆ,MAHABHARATA-2-AADIPARVA_djvu.txt lines 7067–7940,"ಯಯಾತಿ ಹೇಳಿದ ಪುಣ್ಯದ ದ್ವಾರಗಳು ಮತ್ತು ಅಹಂಕಾರದ ಅಪಾಯವನ್ನು ಕೇಳಿದ ಅಷ್ಟಕನಿಗೆ ಮುಂದಿನ ಪ್ರಶ್ನೆ ಎದ್ದಿತು. ಕಲಿಯುವ ಶಿಷ್ಯ, ಮನೆ ನಡೆಸುವ ಗೃಹಸ್ಥ, ಅರಣ್ಯವಾಸಿ ಮತ್ತು ತ್ಯಾಗಿಯ ಕರ್ತವ್ಯಗಳು ಹೇಗೆ ಬೇರೆಬೇರೆಯಾಗುತ್ತವೆ? ಪ್ರತಿಯೊಬ್ಬರೂ ತಮ್ಮ ಸ್ಥಿತಿಯಲ್ಲಿ ಧರ್ಮವನ್ನು ಹೇಗೆ ಅನುಸರಿಸಬೇಕು? ಯಯಾತಿ ಆ ನಾಲ್ಕು ಆಶ್ರಮಗಳ ವಿವರವನ್ನು ಹೇಳತೊಡಗಿದನು.",,35,16,20,,,pending,pending,,
206,V2206-S01,ಶಿಷ್ಯ ಮತ್ತು ಗೃಹಸ್ಥ,MAHABHARATA-2-AADIPARVA_djvu.txt lines 7067–7110,"ಅಷ್ಟಕನು ಬ್ರಹ್ಮಚಾರಿ, ಗೃಹಸ್ಥ, ವಾನಪ್ರಸ್ಥ ಮತ್ತು ಭಿಕ್ಷು ದೇವಲೋಕವನ್ನು ಹೇಗೆ ಪಡೆಯುತ್ತಾರೆ ಎಂದು ಕೇಳಿದನು. ಯಯಾತಿ ಮೊದಲು ಶಿಷ್ಯನ ಬದುಕನ್ನು ವಿವರಿಸಿದನು. ಗುರು ಕರೆದಾಗ ಅಧ್ಯಯನಕ್ಕೆ ಬರಬೇಕು; ಗುರುಗಳ ಕೆಲಸವನ್ನು ಪ್ರತಿಸಾರಿ ಹೇಳಿಸಿಕೊಳ್ಳದೆ ಮಾಡಬೇಕು; ಅವರಿಗಿಂತ ಮೊದಲು ಎದ್ದು ಅವರು ಮಲಗಿದ ನಂತರ ಮಲಗಬೇಕು. ಮೃದುಸ್ವಭಾವ, ಇಂದ್ರಿಯನಿಗ್ರಹ, ಧೈರ್ಯ, ಎಚ್ಚರಿಕೆ ಮತ್ತು ನಿರಂತರ ಅಧ್ಯಯನ ಅವನ ಮುಖ್ಯಗುಣಗಳು. ನಂತರ ಗೃಹಸ್ಥನ ಕರ್ತವ್ಯವನ್ನು ಹೇಳಿದನು. ಧರ್ಮದಿಂದ ಗಳಿಸಿದ ಧನದಿಂದ ಯಜ್ಞ ಮಾಡುವುದು, ದಾನ ನೀಡುವುದು ಮತ್ತು ಅತಿಥಿಗಳಿಗೆ ಊಟ ನೀಡುವುದು ಮುಖ್ಯ. ಇತರರು ಕೊಡದಿರುವ ವಸ್ತುವನ್ನು ತಮ್ಮದಾಗಿ ತೆಗೆದುಕೊಳ್ಳಬಾರದು. ಹೀಗೆ ಕಲಿಯುವವನಿಗೆ ನಿಯಮ ಮತ್ತು ಸೇವೆ, ಮನೆಯನ್ನು ನಡೆಸುವವನಿಗೆ ನ್ಯಾಯವಾದ ಸಂಪಾದನೆ ಮತ್ತು ಹಂಚಿಕೆ ಎಂಬ ಹೊಣೆಗಳನ್ನು ಈ ಸಂವಾದ ಜೋಡಿಸುತ್ತದೆ.",,78,35,45,,,pending,pending,,
207,V2206-S02,ಅರಣ್ಯವಾಸ ಮತ್ತು ಅನಿಕೇತನ ಬದುಕು,MAHABHARATA-2-AADIPARVA_djvu.txt lines 7113–7217,"ವಾನಪ್ರಸ್ಥನು ತನ್ನ ಪರಿಶ್ರಮದಿಂದ ಸಿಗುವ ಅರಣ್ಯದ ಆಹಾರದಿಂದ ಬದುಕಬೇಕು; ಪಾಪಕರ್ಮವನ್ನು ಬಿಟ್ಟು, ಇತರರಿಗೆ ಕೊಡಬೇಕು, ಯಾರನ್ನೂ ಪೀಡಿಸಬಾರದು ಮತ್ತು ಮೃಗಗಳೊಂದಿಗೆ ಅರಣ್ಯದಲ್ಲಿ ಸಂಚರಿಸಬೇಕು ಎಂದು ಯಯಾತಿ ಹೇಳಿದನು. ಭಿಕ್ಷುವಿಗೆ ಮತ್ತೊಂದು ನಿಯಮ: ವಿದ್ಯೆಯನ್ನು ಕೇವಲ ಜೀವನೋಪಾಯದ ವ್ಯವಹಾರವಾಗಿಸದೆ, ಒಂದೇ ಮನೆಯನ್ನು ಹಿಡಿದುಕೊಳ್ಳದೆ, ಕಡಿಮೆ ಸಾಮಗ್ರಿ ಮತ್ತು ಕಡಿಮೆ ಆಹಾರದೊಂದಿಗೆ ಒಬ್ಬನೇ ಸಂಚರಿಸುವ ಅನಾಸಕ್ತಿ. ಲೋಕಸುಖಗಳ ಮೇಲಿನ ಹಿಡಿತ ಸಡಿಲಾದಾಗ ಅರಣ್ಯವಾಸಕ್ಕೆ ಮನಸ್ಸು ಮಾಡಬೇಕೆಂದನು. ಅರಣ್ಯದಲ್ಲಿ ನಿಯಮದಿಂದ ಬದುಕಿ ದೇಹತ್ಯಾಗ ಮಾಡಿದವನಿಂದ ಹತ್ತು ಪೂರ್ವಜರು, ಹತ್ತು ಮುಂದಿನ ಸಂತತಿ ಮತ್ತು ಅವನು ಸೇರಿ ಇಪ್ಪತ್ತೊಂದು ಮಂದಿ ಪುಣ್ಯಭಾಗಿಗಳಾಗುತ್ತಾರೆ ಎಂಬ ಫಲವಚನವೂ ಬರುತ್ತದೆ. ಅಷ್ಟಕನು ಅರಣ್ಯವಾಸದ ನಿಜವಾದ ಅರ್ಥ ಕೇಳಿದಾಗ, ಕಾಡಿನಲ್ಲಿದ್ದೂ ಗ್ರಾಮದ ಪದಾರ್ಥಗಳ ಅವಲಂಬನೆ ಬಿಡುವುದನ್ನು ಒಂದು ರೂಪವೆಂದನು. ಗ್ರಾಮದಲ್ಲಿದ್ದರೂ ಸ್ವಂತ ಮನೆ, ಅಗ್ನಿ ಮತ್ತು ಭೋಗದ ಹಿಡಿತವಿಲ್ಲದೆ, ಸರಳ ವಸ್ತ್ರದಲ್ಲಿ ಬದುಕಲು ಅಗತ್ಯವಾದಷ್ಟೇ ಪಡೆಯುವವನಿಗೆ ಆ ಗ್ರಾಮವೇ ಅರಣ್ಯದಂತಾಗುತ್ತದೆ ಎಂದನು.",,92,41,53,,,pending,pending,,
208,V2206-S03,ಮೌನದ ಅರ್ಥ ಮತ್ತು ಸಾಮಾನ್ಯ ಧರ್ಮ,MAHABHARATA-2-AADIPARVA_djvu.txt lines 7220–7299,"ಮೌನವನ್ನು ಯಯಾತಿ ಕೇವಲ ಮಾತನಾಡದಿರುವುದಕ್ಕೆ ಸೀಮಿತಪಡಿಸಲಿಲ್ಲ. ಬಯಕೆಗಳನ್ನೂ ಕಾಮ್ಯಕರ್ಮವನ್ನೂ ಬಿಟ್ಟು ಇಂದ್ರಿಯಗಳನ್ನು ನಿಯಂತ್ರಿಸುವುದಕ್ಕೆ ಅದನ್ನು ಸಂಬಂಧಿಸಿದನು. ಹಲ್ಲು, ನಖ ಮತ್ತು ದೇಹದ ಸ್ವಚ್ಛತೆ ಉಳಿಸಿಕೊಂಡು ಸಂಸಾರದ ಬಂಧನಕ್ಕೆ ಒಳಗಾಗದೆ ಪರಿಶುದ್ಧ ಕರ್ಮ ಮಾಡುವವನನ್ನು ಗೌರವಿಸಬೇಕೆಂದನು. ದೇಹವನ್ನು ಕೃಶಗೊಳಿಸುವ ತಪಸ್ಸು, ದ್ವಂದ್ವಗಳನ್ನು ಮೀರುವ ಸ್ಥಿತಿ ಮತ್ತು ಮುಂದಿನ ದಿನಕ್ಕಾಗಿ ಸಂಗ್ರಹಿಸದೆ ಆ ಕ್ಷಣದ ಆಹಾರ ಸ್ವೀಕರಿಸುವ ಅರಣ್ಯನಿಯಮಗಳನ್ನೂ ಪಾಠ ಹೇಳುತ್ತದೆ. ನಂತರ ಎಲ್ಲರಿಗೂ ಅನ್ವಯಿಸುವ ಗುಣಗಳನ್ನು ಹೇಳಿದನು: ಕೋಪ, ಲೋಭ, ದ್ರೋಹ, ಅಸಹನೆ, ಅಸೂಯೆ, ಕಳ್ಳತನ, ಹೆಮ್ಮೆ, ಡಂಭ ಮತ್ತು ಚಾಡಿಯನ್ನು ಬಿಡುವುದು. ಆಹಾರದ ಪ್ರಮಾಣದ ಪ್ರಶ್ನೆಗೆ ಭಿಕ್ಷುವಿಗೆ ಎಂಟು ತುತ್ತು, ವಾನಪ್ರಸ್ಥನಿಗೆ ಹದಿನಾರು, ಗೃಹಸ್ಥನಿಗೆ ಮೂವತ್ತೆರಡು ಮತ್ತು ಬ್ರಹ್ಮಚಾರಿಗೆ ನಿಶ್ಚಿತ ಮಿತಿ ಇಲ್ಲವೆಂಬ ಆಶ್ರಮನಿಯಮವನ್ನು ಈ ಗ್ರಂಥ ನೀಡುತ್ತದೆ. ಇವು ಈ ಪಾಠ ವಿವರಿಸುವ ಆಚಾರಸಂಖ್ಯೆಗಳು; ಇಂದಿನ ವ್ಯಕ್ತಿಗತ ಪೌಷ್ಟಿಕತೆಯ ಪ್ರಮಾಣಪಟ್ಟಿಯಲ್ಲ.",,86,38,49,,,pending,pending,,
209,V2207-S01,ಹೊರಗಿನ ಸ್ಥಿತಿಗಿಂತ ಒಳಗಿನ ಧರ್ಮ,MAHABHARATA-2-AADIPARVA_djvu.txt lines 7309–7410,"ಗೃಹಸ್ಥ ಮತ್ತು ಸಂನ್ಯಾಸಿ ಇಬ್ಬರೂ ಧರ್ಮಾಚರಣೆಯಲ್ಲಿ ಸಾಗಿದರೆ ಯಾರು ಮೊದಲು ದೇವಲೋಕ ಸೇರುತ್ತಾರೆ ಎಂದು ಅಷ್ಟಕನು ಕೇಳಿದನು. ಯಯಾತಿ ಗ್ರಾಮದೊಳಗಿದ್ದರೂ ಮನೆಯ ಭೋಗ ಮತ್ತು ಕಾಮ್ಯಕರ್ಮಕ್ಕೆ ಅಂಟಿಕೊಳ್ಳದ ಯತಿಯನ್ನು ಮೊದಲಾಗಿ ಹೇಳಿದನು. ಪಾಪಮಾಡಿ ಪಶ್ಚಾತ್ತಾಪಪಡುವವನಿಗೆ ಪರಿಹಾರಕ ತಪಸ್ಸಿನ ಅಗತ್ಯವನ್ನೂ ಪಾಠ ಹೇಳುತ್ತದೆ. ಪಾಪಕ್ಕೆ ಹೆದರಿ ಶುಭವನ್ನು ಆಚರಿಸುವವನಿಗೆ ಸುಖದ ಫಲವಿದೆ. ಸ್ವರ್ಗದ ಆಸೆಯಿಲ್ಲದೆ ಧರ್ಮವನ್ನು ಸೇವಿಸುವುದು, ಧನವಿಲ್ಲದೆ ದೊಡ್ಡ ಯಾಗ ಮಾಡಲು ಸಾಧ್ಯವಾಗದಿದ್ದರೂ ಧರ್ಮವನ್ನು ಬಿಡದಿರುವುದು—ಇದನ್ನೇ ಸರಳತೆ, ಸಮಾಧಾನ ಮತ್ತು ನಿಜವಾದ ಸಂಪತ್ತಿನ ರೂಪವೆಂದು ಸಂವಾದ ವಿವರಿಸುತ್ತದೆ. ಅಷ್ಟಕನು ಮತ್ತೆ ಯಯಾತಿಯ ಆಗಮನವನ್ನು ಕೇಳಿದಾಗ, ತಾನು ದೂತನಾಗಿ ಬಂದವನಲ್ಲ; ಪುಣ್ಯ ಕಳೆದುಕೊಂಡು ಕೆಳಗೆ ಬರುತ್ತಿರುವವನೆಂದು ತಿಳಿಸಿದನು. ಲೋಕಪಾಲಕರು ತ್ವರಿಸುತ್ತಿದ್ದಾರೆ; ಆದರೆ ಸಜ್ಜನರ ಬಳಿಗೆ ಬೀಳುವ ವರದಿಂದ ಇಲ್ಲಿಗೆ ಬಂದಿದ್ದೇನೆ ಎಂದನು.",,78,35,45,,,pending,pending,,
210,V2207-S02,ಅಷ್ಟಕನ ಅಳೆಯಲಾಗದ ಲೋಕಗಳು,MAHABHARATA-2-AADIPARVA_djvu.txt lines 7413–7487,"ಅಷ್ಟಕನು ತನಗಾಗಿ ಅಂತರಿಕ್ಷದಲ್ಲಿ ಅಥವಾ ಸ್ವರ್ಗದಲ್ಲಿ ಯಾವ ಲೋಕಗಳು ಸಿದ್ಧವಾಗಿವೆ ಎಂದು ಕೇಳಿದನು. ಯಯಾತಿ ಭೂಮಿಯಲ್ಲಿನ ಧಾನ್ಯಕಣಗಳು, ಗೋವುಗಳು, ಕುದುರೆಗಳು, ಅರಣ್ಯಜೀವಿಗಳು ಮತ್ತು ಪರ್ವತಗಳನ್ನು ನೆನಪಿಸುವ ಅಸಂಖ್ಯಾತ ಪ್ರಮಾಣದ ಉಪಮೆಯನ್ನು ಕೊಟ್ಟನು. ಅಷ್ಟು ಲೋಕಗಳು ಅಷ್ಟಕನಿಗಾಗಿ ಕಾಯುತ್ತಿವೆ ಎಂದನು. ತಕ್ಷಣ ಅಷ್ಟಕನು ಅವನ್ನೆಲ್ಲ ಯಯಾತಿಗೆ ಕೊಡಲು ಮುಂದಾದನು. ಕೆಳಗೆ ಬೀಳಬೇಡ; ನನ್ನ ಲೋಕಗಳಿಗೆ ಹೋಗು ಎಂದನು. ಆದರೆ ಯಯಾತಿ ಸ್ವೀಕರಿಸಲಿಲ್ಲ. ತನ್ನ ಕ್ಷತ್ರಿಯಧರ್ಮದ ಕಲ್ಪನೆಯಲ್ಲಿ ರಾಜನು ಕೊಡುವವನು; ಯಾಚಿಸಿ ಪಡೆಯುವವನು ಅಲ್ಲವೆಂದು ಹೇಳಿದನು. ತಾನು ಹಿಂದೆ ಬ್ರಾಹ್ಮಣರಿಗೆ ದಾನ ಕೊಟ್ಟಿದ್ದೇ ಹೊರತು ಈ ರೀತಿಯ ಪ್ರತಿಗ್ರಹ ಮಾಡಿರಲಿಲ್ಲ ಎಂದನು. ಅಷ್ಟಕನ ಸಹಾಯದ ಮನಸ್ಸನ್ನು ತಿರಸ್ಕರಿಸುವುದಕ್ಕಿಂತ, ತನ್ನಿಗೆ ಸರಿಯಾದ ನಡೆ ಯಾವುದು ಎಂಬ ಪ್ರಶ್ನೆಯೇ ಯಯಾತಿಯ ನಿರಾಕರಣೆಯಲ್ಲಿ ಮುಂದಿತ್ತು.",,76,34,43,,,pending,pending,,
211,V2207-S03,ಪ್ರತರ್ದನನ ಕೊಡುಗೆ ಮತ್ತು ಧರ್ಮದ ಆದ್ಯತೆ,MAHABHARATA-2-AADIPARVA_djvu.txt lines 7490–7683,"ನಂತರ ಕಾಶಿಯ ರಾಜ ಪ್ರತರ್ದನನು ತನ್ನ ಪರಿಚಯ ಹೇಳಿ ಅದೇ ಪ್ರಶ್ನೆ ಕೇಳಿದನು. ಯಯಾತಿ ಅವನಿಗಾಗಿ ಏಳೇಳರ ಗುಂಪುಗಳಲ್ಲಿ, ದುಃಖವಿಲ್ಲದೆ, ಮಧು ಮತ್ತು ತುಪ್ಪದ ಸಮೃದ್ಧಿಯನ್ನು ಸೂಚಿಸುವ ಲೋಕಗಳು ಕಾಯುತ್ತಿವೆ ಎಂದನು. ಪ್ರತರ್ದನನು ಅವುಗಳನ್ನೂ ಯಯಾತಿಗೆ ಅರ್ಪಿಸಿದನು. ಯಯಾತಿ ಮತ್ತೊಮ್ಮೆ ನಿರಾಕರಿಸಿದನು. ಸಮಾನಶಕ್ತಿಯ ರಾಜನು ಇನ್ನೊಬ್ಬ ರಾಜನ ಪುಣ್ಯವನ್ನೂ ಯೋಗಕ್ಷೇಮವನ್ನೂ ತನ್ನಿಗಾಗಿ ಬಯಸಬಾರದು; ಆಪತ್ತು ಬಂದರೂ ಕ್ರೂರ ಅಥವಾ ಅನರ್ಹ ಕರ್ಮ ಮಾಡಬಾರದೆಂದನು. ಏನು ಮಾಡುವುದು ಸರಿಯೆಂದು ಧರ್ಮ ಮತ್ತು ಅಧರ್ಮ, ಮಾಡಬೇಕಾದುದು ಮತ್ತು ಮಾಡಬಾರದುದನ್ನು ವಿಚಾರಿಸುವುದಾಗಿ ಹೇಳಿದನು. ಧೀರತೆ, ಸತ್ಯನಿಷ್ಠೆ ಮತ್ತು ಮನೋನಿಗ್ರಹದಿಂದ ರಾಜನು ಪಾಲಕನಾಗುತ್ತಾನೆ. ಧರ್ಮ, ಅರ್ಥ ಮತ್ತು ಕಾಮಗಳ ನಡುವೆ ಸಂಶಯ ಬಂದರೆ ಮೊದಲು ಧರ್ಮದ ಕೆಲಸವನ್ನು ಆರಿಸಬೇಕು; ಉಳಿದ ಉದ್ದೇಶಗಳೊಂದಿಗೆ ಅದರ ಸಂಬಂಧವನ್ನೂ ವಿಚಾರಿಸಬೇಕು ಎಂಬ ಉತ್ತರ ಕೊಟ್ಟನು. ಆ ಮಾತಿನ ನಂತರವೇ ವಸುಮನಾ ಮುಂದಕ್ಕೆ ಬಂದನು.",,87,39,50,,,pending,pending,,
212,V2208-S01,ಹುಲ್ಲುಕಡ್ಡಿಯಿಂದ ಖರೀದಿಸು ಎಂಬ ಪ್ರಸ್ತಾವ,MAHABHARATA-2-AADIPARVA_djvu.txt lines 7693–7798,"ಇಕ್ಷ್ವಾಕುವಂಶದ ವಸುಮನಾ ತನ್ನ ಪುಣ್ಯಲೋಕಗಳ ಕುರಿತು ಕೇಳಿದನು. ಸೂರ್ಯನ ಬೆಳಕು ಭೂಮಿ, ಆಕಾಶ ಮತ್ತು ದೇವಲೋಕದಲ್ಲಿ ಎಷ್ಟು ದೂರ ವ್ಯಾಪಿಸುತ್ತದೆಯೋ ಅಷ್ಟು ವ್ಯಾಪಕವಾದ ಲೋಕಗಳು ಅವನಿಗಾಗಿ ಇವೆ ಎಂದು ಯಯಾತಿ ಉತ್ತರಿಸಿದನು. ವಸುಮನಾ ಅವನ್ನು ಕೊಡಲು ಮುಂದಾದಾಗಲೂ ಯಯಾತಿಯ ನಿರಾಕರಣೆ ಮುಂದುವರಿಯಿತು. ಆಗ ವಸುಮನಾ ಬೇರೆ ಮಾರ್ಗ ಸೂಚಿಸಿದನು. ದಾನ ಪಡೆಯುವುದು ಇಷ್ಟವಿಲ್ಲದಿದ್ದರೆ ಒಂದು ಹುಲ್ಲುಕಡ್ಡಿಯನ್ನಾದರೂ ಬೆಲೆಯಾಗಿ ಕೊಟ್ಟು ಆ ಲೋಕಗಳನ್ನು ಖರೀದಿಸು ಎಂದನು. ಯಯಾತಿ ಇದನ್ನು ನಿಜವಾದ ಖರೀದಿಯೆಂದು ಒಪ್ಪಲಿಲ್ಲ. ಅಷ್ಟು ಅಮೂಲ್ಯವಾದುದನ್ನು ಹುಲ್ಲಿನ ಬೆಲೆಗೆ ಪಡೆದರೆ ಮಗುವನ್ನು ಮೋಸಮಾಡಿದಂತೆ ಸುಳ್ಳು ವ್ಯವಹಾರವಾಗುತ್ತದೆ ಎಂದನು. ವಸುಮನಾ ಕೊಟ್ಟದ್ದನ್ನು ಹಿಂದಕ್ಕೆ ತೆಗೆದುಕೊಳ್ಳುವುದಿಲ್ಲವೆಂದರೂ, ಇತರರು ಸಂಪಾದಿಸಿದ ಲೋಕದಲ್ಲಿ ತನಗೆ ಸಂತೋಷವಿಲ್ಲವೆಂದು ಯಯಾತಿ ತನ್ನ ನಿಲುವನ್ನು ಉಳಿಸಿಕೊಂಡನು.",,74,33,42,,,pending,pending,,
213,V2208-S02,ಶಿಬಿಯ ಪ್ರಸ್ತಾವ ಮತ್ತು ಎಲ್ಲರ ಒಕ್ಕೂಟ,MAHABHARATA-2-AADIPARVA_djvu.txt lines 7799–7906,"ಔಶೀನರನಾದ ಶಿಬಿ ನಂತರ ಮಾತನಾಡಿದನು. ತನ್ನಿಗೆ ಅಂತರಿಕ್ಷ ಅಥವಾ ಸ್ವರ್ಗದಲ್ಲಿ ಲೋಕಗಳಿದ್ದರೆ ಯಯಾತಿಯೇ ಅವನ್ನು ಆಶ್ರಯಿಸಲಿ ಎಂದನು. ಯಯಾತಿ ಶಿಬಿಗೆ ಮಿಂಚಿನಂತೆ ಪ್ರಕಾಶಿಸುವ, ಸುಘೋಷವುಳ್ಳ ಅನಂತ ಲೋಕಗಳಿವೆ ಎಂದು ಹೇಳಿದರೂ ಅವನ್ನೂ ಸ್ವೀಕರಿಸಲಿಲ್ಲ. ಒಬ್ಬೊಬ್ಬರ ಕೊಡುಗೆಯನ್ನು ಅವನು ತಿರಸ್ಕರಿಸಿದಾಗ ರಾಜರ್ಷಿಗಳು ಒಟ್ಟಾಗಿ ತಮ್ಮ ಲೋಕಗಳನ್ನು ಕೊಟ್ಟು ತಾವೇ ನರಕಕ್ಕೆ ಹೋಗುವುದಕ್ಕೂ ಸಿದ್ಧವೆಂದರು. ಯಯಾತಿ ಅವರ ಸತ್ಯ ಮತ್ತು ದಯೆಯನ್ನು ಗಮನಿಸಿ, ಆ ಫಲವನ್ನು ಯೋಗ್ಯನಿಗೆ ಕೊಡಬೇಕೆಂದು ಹೇಳಿದನು; ತಾನು ಮಾಡದ ಕರ್ಮದ ಫಲವನ್ನು ಪಡೆಯಲಾರೆ ಎಂಬ ಪ್ರಶ್ನೆಯನ್ನು ಇನ್ನೂ ಬಿಡಲಿಲ್ಲ. ಆಗ ಅಷ್ಟಕನ ಗಮನ ಮೇಲಕ್ಕೆ ಹೋಯಿತು. ಅಗ್ನಿಶಿಖೆಗಳಂತೆ ಹೊಳೆಯುವ ಐದು ಬಂಗಾರದ ರಥಗಳು ಕಾಣುತ್ತಿದ್ದವು. ಅವು ಯಾರಿಗಾಗಿ ಎಂದು ಕೇಳಿದಾಗ, ನಿಮ್ಮನ್ನು ಕರೆದುಕೊಂಡು ಹೋಗುವ ರಥಗಳು ಎಂದು ಯಯಾತಿ ಹೇಳಿದನು. ಸಹಾಯ ಹೇಗೆ ಸ್ವೀಕೃತವಾಗುತ್ತದೆ ಎಂಬ ಉತ್ತರ ಇನ್ನೂ ಬರಬೇಕಿತ್ತು.",,86,38,49,,,pending,pending,,
214,V2208-S03,ಅಶ್ವಮೇಧದ ಸಮಾಪ್ತಿ ಮತ್ತು ಮಾಧವಿಯ ಆಗಮನ,MAHABHARATA-2-AADIPARVA_djvu.txt lines 7912–7992,"ಇಲ್ಲಿ ವೈಶಂಪಾಯನರು ಅಷ್ಟಕನ ಅಶ್ವಮೇಧಯಜ್ಞದ ಸಮಾಪ್ತಿಯನ್ನು ವಿವರಿಸುತ್ತಾರೆ. ಹೋತೃ, ಅಧ್ವರ್ಯು, ಉದ್ಗಾತೃ ಮತ್ತು ಬ್ರಹ್ಮ ಎಂಬ ನಾಲ್ಕು ಪ್ರಧಾನ ಋತ್ವಿಜರೊಂದಿಗೆ ಹದಿನಾರು ಋತ್ವಿಜರು ವಿಧಿಯಂತೆ ಆಹುತಿಗಳನ್ನು ನೀಡಿದರು. ಅಶ್ವದ ವಪೆಯ ಧೂಮಗಂಧವನ್ನು ಆಘ್ರಾಣಿಸಿದವರಿಗೆ ಪಾಪಕ್ಷಯವಾಗುತ್ತದೆ ಎಂಬ ಯಜ್ಞಮಾಹಾತ್ಮ್ಯವನ್ನು ಪಾಠ ಹೇಳುತ್ತದೆ. ಅಷ್ಟರಲ್ಲಿ ತಪಸ್ವಿನಿಯಾದ ಮಾಧವಿ ಮೃಗಗಳೊಂದಿಗೆ ಯಜ್ಞಶಾಲೆಗೆ ಬಂದಳು. ವೃದ್ಧಾಪ್ಯದಲ್ಲಿ ಮೃಗವ್ರತದಿಂದ ಬದುಕುತ್ತಿದ್ದ ಅವಳು ಮೃಗಚರ್ಮ ಧರಿಸಿದ್ದಳು. ತನ್ನ ಪುತ್ರರ ಯಜ್ಞವನ್ನು ನೋಡಿ ಸಂತೋಷಪಟ್ಟಳು. ನಂತರ ಭೂಮಿಯನ್ನು ತಾಗದೆ ಮೇಲಿದ್ದ ಯಯಾತಿಯನ್ನು ನೋಡಿ ತಂದೆಗೆ ನಮಸ್ಕರಿಸಿದಳು. ಯಾರಿಗೆ ನಮಸ್ಕಾರ ಮಾಡಿದೆ ಎಂದು ವಸುಮನಾ ಕೇಳಿದಾಗ, ಇವನು ನಹುಷನ ಮಗ ಯಯಾತಿ, ನನ್ನ ತಂದೆ ಮತ್ತು ನಿಮ್ಮ ಮಾತಾಮಹ; ನನ್ನ ಸೋದರ ಪೂರುವಿಗೆ ರಾಜ್ಯ ಕೊಟ್ಟು ಸ್ವರ್ಗಕ್ಕೆ ಹೋದವನು ಎಂದು ತಿಳಿಸಿದಳು. ಇಲ್ಲಿಗೆ ಅವನು ಏಕೆ ಬಂದನೆಂಬುದು ತನಗೆ ಇನ್ನೂ ತಿಳಿದಿಲ್ಲವೆಂದಳು.",,85,38,49,,,pending,pending,,
215,V2208-S04,ಮಗಳು ನೀಡಿದ ಧರ್ಮದ ಕಾರಣ,MAHABHARATA-2-AADIPARVA_djvu.txt lines 8001–8040,ತಾಯಿಯ ಮಾತು ಕೇಳಿದ ವಸುಮನಾ ಯಯಾತಿಗೆ ಬೀಳಬೇಡ ಎಂದು ಮತ್ತೆ ಹೇಳಿದನು. ತನ್ನ ಮಕ್ಕಳ ಮಧ್ಯೆ ತಂದೆ ಅಪಾಯದಲ್ಲಿರುವುದನ್ನು ಕಂಡ ಮಾಧವಿ ತಾನೂ ಮಾತನಾಡಿದಳು. ತನ್ನ ತಪಸ್ಸಿನಿಂದ ಪಡೆದ ಲೋಕಗಳನ್ನು ಸ್ವೀಕರಿಸಬೇಕೆಂದು ಬೇಡಿಕೊಂಡಳು. ಆದರೆ ಈ ಬಾರಿ ಕೊಡುಗೆಯ ಜೊತೆಗೆ ಹೊಸ ಕಾರಣವಿತ್ತು. ಮಕ್ಕಳು ಮತ್ತು ಮೊಮ್ಮಕ್ಕಳು ಧರ್ಮದಿಂದ ಗಳಿಸಿದ ಸಂಪತ್ತನ್ನು ತಂದೆಯ ಸಂಪತ್ತಿನಂತೆಯೇ ಪರಿಗಣಿಸಲಾಗುತ್ತದೆ ಎಂದು ಧರ್ಮಪಾಲಕ ಋಷಿಗಳು ಹೇಳುತ್ತಾರೆ ಎಂದಳು. ಹೀಗಾಗಿ ಅವರ ದಾನ ಮತ್ತು ತನ್ನ ತಪಸ್ಸಿನ ನೆರವಿನಿಂದ ಸ್ವರ್ಗಕ್ಕೆ ಹೋಗುವುದನ್ನು ಸಂಪೂರ್ಣ ಪರರ ಫಲ ಕಸಿದುಕೊಳ್ಳುವುದಕ್ಕೆ ಸಮಾನವೆಂದು ನೋಡಬೇಕಿಲ್ಲ ಎಂಬ ದಾರಿಯನ್ನು ತೆರೆದಳು. ಅದು ಧರ್ಮದ ಫಲವಾದರೆ ಒಳ್ಳೆಯದೇ ಆಯಿತು; ಮಗಳು ಮತ್ತು ಮೊಮ್ಮಕ್ಕಳು ತನ್ನನ್ನು ಆಪತ್ತಿನಿಂದ ದಾಟಿಸಿದ್ದಾರೆ ಎಂದು ಯಯಾತಿ ಒಪ್ಪಿದನು. ನಂತರ ಮಗಳ ಮಗನು ಪಿತೃಕರ್ಮದಲ್ಲಿ ಪವಿತ್ರ ಸ್ಥಾನವನ್ನು ಹೊಂದಿ ಪಿತೃಗಳ ಪ್ರೀತಿಗೆ ಕಾರಣನಾಗುತ್ತಾನೆ ಎಂಬ ಮಾತನ್ನೂ ಹೇಳಿದನು.,,90,40,51,,,pending,pending,,
216,V2208-S05,ಶ್ರಾದ್ಧದ ಪವಿತ್ರತೆ ಕುರಿತು ಮಧ್ಯವಿವರಣೆ,MAHABHARATA-2-AADIPARVA_djvu.txt lines 8046–8094,"ಮಗಳ ಮಗನ ವಿಷಯದಿಂದ ಯಯಾತಿಯ ಮಾತು ಶ್ರಾದ್ಧದ ವಿವರಣೆಗೆ ತಿರುಗುತ್ತದೆ. ದೌಹಿತ್ರ, ಕುತಪಕಾಲ ಮತ್ತು ಎಳ್ಳು ಈ ಮೂರನ್ನು ಪವಿತ್ರವೆಂದು ಪಾಠ ಹೇಳುತ್ತದೆ. ಶೌಚ, ಕೋಪವಿಲ್ಲದಿರುವುದು ಮತ್ತು ಅವಸರವಿಲ್ಲದಿರುವುದು ಪ್ರಶಂಸಿತ ಗುಣಗಳೆಂದು ಹೇಳುತ್ತದೆ. ಊಟ ಮಾಡುವವರು, ಬಡಿಸುವವರು ಮತ್ತು ಅಡುಗೆ ಮಾಡುವವರು ಎಲ್ಲರೂ ಶುದ್ಧರಾಗಿರಬೇಕು. ಕುತಪವೆಂಬ ಸಮಯದಲ್ಲಿ ಪಿತೃಗಳಿಗೆ ಕೊಟ್ಟದ್ದಕ್ಕೆ ಅಕ್ಷಯಫಲವೆಂಬ ವಿವರಣೆಯೊಂದಿಗೆ ಕಾಲದ ಒಂದು ಭಾಗವನ್ನು ಪಾಠ ಉಲ್ಲೇಖಿಸುತ್ತದೆ. ಎಳ್ಳಿಗೆ ಪಿಶಾಚದಿಂದ ಮತ್ತು ದರ್ಭೆಗೆ ರಾಕ್ಷಸದಿಂದ ರಕ್ಷಿಸುವ ಧಾರ್ಮಿಕ ಸಂಕೇತವನ್ನೂ ನೀಡುತ್ತದೆ. ಶ್ರೋತ್ರಿಯರು ಪಂಕ್ತಿಯ ಪವಿತ್ರತೆಯನ್ನು ಉಳಿಸುವರು; ಯತಿಯ ಭೋಜನಕ್ಕೆ ಅಕ್ಷಯಫಲವಿದೆ ಎಂದೂ ಹೇಳುತ್ತದೆ. ಆದರೆ ಯೋಗ್ಯನಾದ, ವ್ರತನಿಷ್ಠನಾದ, ಶುದ್ಧನಾದ ವಿದ್ವಾಂಸ ದೊರೆತ ಸಂದರ್ಭವನ್ನೇ ಮುಖ್ಯವಾದ ಕಾಲವೆಂದು ಗುರುತಿಸಬೇಕು ಎಂಬ ಅರ್ಹತೆಯನ್ನೂ ಸೇರಿಸುತ್ತದೆ. ಈ ವಿವರಣೆಯ ನಂತರ ಯಯಾತಿ ಎಲ್ಲರೂ ಯಜ್ಞಾಂತ್ಯದ ಅವಭೃಥಸ್ನಾನವನ್ನು ಮುಗಿಸಿ ಮುಂದಿನ ಪ್ರಯಾಣಕ್ಕೆ ಸಿದ್ಧರಾಗಬೇಕೆಂದನು.",,85,38,49,,,pending,pending,,
217,G15-S08,ಒಟ್ಟಾಗಿ ಮರಳಿದ ದಾರಿ,MAHABHARATA-2-AADIPARVA_djvu.txt lines 7941–8291,ಮಾಧವಿಯ ಮಾತಿನಿಂದ ತಂದೆ ಮತ್ತು ಮೊಮ್ಮಕ್ಕಳ ಸಂಬಂಧಕ್ಕೆ ಧರ್ಮದ ನೆಲೆ ಸ್ಪಷ್ಟವಾಯಿತು. ಯಯಾತಿ ತನ್ನನ್ನು ದಾಟಿಸಿದ ಮಗಳು ಮತ್ತು ಮೊಮ್ಮಕ್ಕಳ ನೆರವನ್ನು ಒಪ್ಪಿಕೊಂಡನು. ಅವಭೃಥಸ್ನಾನದ ನಂತರ ಎದುರಿಗಿದ್ದ ಐದು ರಥಗಳ ಕಡೆ ಎಲ್ಲರ ಗಮನ ಹೋಯಿತು. ಈಗ ಯಾರು ಮೊದಲು ಹೊರಡಬೇಕು ಎಂಬ ಕೊನೆಯ ಮಾತುಕತೆ ನಡೆಯಿತು.,ಯಯಾತಿ: ನಾವೆಲ್ಲರೂ ಒಟ್ಟಿಗೆ ಹೊರಡೋಣ. ನಮ್ಮ ಮುಂದೆ ಕಾಣುತ್ತಿರುವ ದಾರಿಯನ್ನು ಜೊತೆಯಾಗಿ ಹಿಡಿಯೋಣ.,43,19,25,,,pending,pending,,
218,V2209-S01,ಶಿಬಿಯ ರಥವು ಮುಂದೆ ಹೋದ ಕಾರಣ,MAHABHARATA-2-AADIPARVA_djvu.txt lines 8095–8172,"ಅಷ್ಟಕನು ಮೊದಲು ಯಯಾತಿಯೇ ರಥವೇರಿ ಹೊರಡಲಿ; ತಮ್ಮ ಕಾಲ ಬಂದಾಗ ತಾವು ಬರುತ್ತೇವೆ ಎಂದನು. ಯಯಾತಿ ಎಲ್ಲರೂ ಈಗಲೇ ಜೊತೆಯಾಗಿ ಹೋಗಬೇಕೆಂದು ಉತ್ತರಿಸಿದನು. ದೇವಮಂದಿರದ ನಿರ್ಮಲ ದಾರಿ ಎದುರಿಗೆ ಕಾಣುತ್ತಿದೆ ಎಂದನು. ಅವಭೃಥಸ್ನಾನ ಮುಗಿಸಿದ ಅಷ್ಟಕ, ಶಿಬಿ, ಕಾಶೀರಾಜ ಪ್ರತರ್ದನ ಮತ್ತು ಇಕ್ಷ್ವಾಕುವಂಶದ ವಸುಮನಾ ಯಯಾತಿಯೊಂದಿಗೆ ಐದು ರಥಗಳನ್ನು ಏರಿದರು. ಭೂಮಿ ಮತ್ತು ಅಂತರಿಕ್ಷವನ್ನು ಸುತ್ತಿ ಸ್ವರ್ಗದ ಕಡೆ ಸಾಗಿದರು. ಶಿಬಿಯ ರಥ ಎಲ್ಲರಿಗಿಂತ ಮುಂದೆ ಹೋಗುತ್ತಿದ್ದುದನ್ನು ಕಂಡ ಅಷ್ಟಕನು ಕಾರಣ ಕೇಳಿದನು. ಶಿಬಿ ರಾಜನಾಗಿದ್ದಾಗ ತನಗೆ ದೊರೆತ ಸಂಪತ್ತನ್ನು ಬೇಡುವವರಿಗೆ ನೀಡಿದ್ದಾನೆ; ಅವನಲ್ಲಿ ದಾನ, ತಪಸ್ಸು, ಸತ್ಯ, ಧರ್ಮ, ವಿನಯ, ಸಂಪತ್ತು, ಕ್ಷಮೆ, ಸೌಮ್ಯತೆ ಮತ್ತು ಸಹನೆ ನೆಲೆಸಿವೆ ಎಂದು ಯಯಾತಿ ಹೇಳಿದನು. ಅವನ ಮನಸ್ಸಿನಲ್ಲಿ ಕ್ರೌರ್ಯವಿಲ್ಲ; ಎಚ್ಚರಿಕೆ ಮತ್ತು ಮಿತಭಾವದಿಂದ ಬದುಕಿದ ಆ ಗುಣಗಳೇ ಅವನ ಮುಂದಿನ ಸ್ಥಾನಕ್ಕೆ ಕಾರಣವೆಂದನು.",,87,39,50,,,pending,pending,,
219,V2209-S02,ಸತ್ಯದ ಸ್ಮರಣೆ ಮತ್ತು ಆಖ್ಯಾನದ ಫಲವಚನ,MAHABHARATA-2-AADIPARVA_djvu.txt lines 8178–8291,"ಪ್ರಯಾಣದಲ್ಲೇ ಅಷ್ಟಕನು ತನ್ನ ಮಾತಾಮಹನ ಹಿಂದಿನ ಸಾಧನೆಯನ್ನು ಇನ್ನಷ್ಟು ಕೇಳಿದನು. ಯಯಾತಿ ಮತ್ತೆ ತಾನು ನಹುಷನ ಮಗ ಮತ್ತು ಪೂರುವಿನ ತಂದೆ ಎಂದು ಹೇಳಿ, ಹಿಂದಿನ ಸಾರ್ವಭೌಮತ್ವವನ್ನು ನೆನಪಿಸಿದನು. ಸಮಗ್ರ ಭೂಮಿಯನ್ನು ಗೆದ್ದು, ಕೊಳಗಗಳಲ್ಲಿ ಸುವರ್ಣವನ್ನು ತುಂಬಿ ದಾನ ಮಾಡಿದನೆಂದನು. ನೂರು ಅಶ್ವಗಳ ಅಶ್ವಮೇಧದಿಂದ ದೇವತೆಗಳು ತನ್ನನ್ನು ಶತಯಜ ಎಂದು ಕರೆದರೆಂದನು. ವಾಹನ, ಗೋವು, ಬಂಗಾರ ಮತ್ತು ಇತರ ಧನಸಂಪತ್ತಿನೊಂದಿಗೆ ಭೂಮಿಯ ದಾನ ಹಾಗೂ ಅರ್ಬುದ ಪ್ರಮಾಣದ ಆನೆಗಳ ದಾನವನ್ನು ಈ ಪಾಠದ ಮಹಾಸಂಖ್ಯೆಯಲ್ಲಿ ಹೇಳುತ್ತಾನೆ. ನಂತರ ತನ್ನ ಮುಖ್ಯ ನಂಬಿಕೆಯನ್ನು ಹೇಳಿದನು: ಭೂಮಿ, ಆಕಾಶ ಮತ್ತು ಅಗ್ನಿಯೂ ಸತ್ಯದಿಂದ ನೆಲೆಸಿವೆ; ದೇವತೆಗಳು ಮತ್ತು ಋಷಿಗಳೂ ಸತ್ಯದಿಂದಲೇ ಪೂಜ್ಯರು. ತನ್ನ ಜೀವನದಲ್ಲಿ ವ್ಯರ್ಥವಾಕ್ಯ ಹೇಳಿಲ್ಲ ಎಂಬ ಅವನ ಸ್ವವಿವರಣೆಯೂ ಬರುತ್ತದೆ. ಈ ಆಖ್ಯಾನವನ್ನು ಅಸೂಯೆಯಿಲ್ಲದೆ ಯೋಗ್ಯ ಶ್ರೋತೃಗಳಿಗೆ ಹೇಳುವವನಿಗೆ ಈ ರಾಜರ್ಷಿಗಳ ಲೋಕಸಾಮೀಪ್ಯದ ಫಲವಿದೆ ಎಂದು ಅಷ್ಟಕನು ಹೇಳಿದನು. ತನ್ನ ಸತ್ಕರ್ಮ ಮತ್ತು ಮಗಳು ಮೊಮ್ಮಕ್ಕಳ ನೆರವಿನಿಂದ ಯಯಾತಿ ಆಪತ್ತನ್ನು ದಾಟಿದನೆಂದು ವೈಶಂಪಾಯನರು ಈ ಪ್ರಸಂಗವನ್ನು ಮುಗಿಸಿದರು.",,104,46,59,,,pending,pending,,
220,G16-S01,ಪೂರುವಿನಿಂದ ದುಷ್ಯಂತನವರೆಗೆ,MAHABHARATA-2-AADIPARVA_djvu.txt lines 8295–8590,"ವೈಶಂಪಾಯನರು ಮತ್ತೆ ಪೂರುವಂಶಕ್ಕೆ ಮರಳುತ್ತಾರೆ. ಪೂರು ಮತ್ತು ಪೌಷ್ಯೆಯ ಪುತ್ರರಲ್ಲಿ ಪ್ರವೀರನು ವಂಶವನ್ನು ಮುಂದುವರಿಸಿದನೆಂದು ಹೇಳುತ್ತಾರೆ. ಅನೇಕ ಪೀಳಿಗೆಗಳ ನಂತರ ದುಷ್ಯಂತನ ಸಾಮ್ರಾಜ್ಯ ಎದುರಾಗುತ್ತದೆ. ಒಂದೇ ಹೆಸರು ವಿಭಿನ್ನ ಪೀಳಿಗೆಗಳಲ್ಲಿ ಮರುಬರುತ್ತದೆ; ತಂದೆಯ ಹೆಸರು ಮತ್ತು ಪೀಳಿಗೆಯ ಕ್ರಮದಿಂದ ಅವರ ಭೇದ ತಿಳಿಯುತ್ತದೆ. ಈ ವಂಶದಲ್ಲಿ ಬರುವ ಜನಮೇಜಯನು ಕಥೆ ಕೇಳುತ್ತಿರುವ ಪರೀಕ್ಷಿತನ ಮಗ ಜನಮೇಜಯನಲ್ಲ. ದುಷ್ಯಂತನ ಆಡಳಿತದ ಸಮೃದ್ಧಿಯನ್ನು ವರ್ಣಿಸಿದ ಕಥೆ, ಈಗ ಅವನು ಅರಮನೆಯಿಂದ ಹೊರಡುವ ಒಂದು ದಿನಕ್ಕೆ ಬರುತ್ತದೆ.",ವೈಶಂಪಾಯನ: ವಂಶದ ಹೆಸರುಗಳನ್ನು ಕೇಳುವಾಗ ಪೀಳಿಗೆಯ ಕ್ರಮವನ್ನು ಮರೆಯಬೇಡ; ಒಂದೇ ಹೆಸರು ಇಬ್ಬರಿಗೆ ಇರಬಹುದು.,62,28,35,,,pending,pending,,
221,C83-S01,ಪೂರುವಿನ ಮಕ್ಕಳು ಮತ್ತು ನಮಸ್ಕುವಿನ ಶಾಖೆ,MAHABHARATA-2-AADIPARVA_djvu.txt lines 8299–8359,"ಯಯಾತಿಯ ಕಥೆಯ ನಂತರ ಜನಮೇಜಯನು ಪೂರುವಂಶವನ್ನು ಮತ್ತೆ ಕ್ರಮವಾಗಿ ಕೇಳುತ್ತಾನೆ. ಇಲ್ಲಿ ಅದೇ ಹೆಸರಿನ ಹಿಂದಿನ ರಾಜರು ಬರಲಿದ್ದಾರೆ ಎಂಬುದನ್ನು ನೆನಪಿಟ್ಟುಕೊಳ್ಳೋಣ. ಪೂರು ಮತ್ತು ಪೌಷ್ಯೆಯ ಪುತ್ರರು ಪ್ರವೀರ, ಶತ ಮತ್ತು ರುಜ್ಯ. ಇವರಲ್ಲಿ ಪ್ರವೀರನ ಮೂಲಕ ವಂಶವು ಮುಂದುವರಿಯುತ್ತದೆ. ಪ್ರವೀರ ಮತ್ತು ಶೈಬ್ಯೆಯ ಮಗ ನಮಸ್ಕು. ನಮಸ್ಕು ಮತ್ತು ಸೌವೀರೆಯ ಮೂವರು ಪುತ್ರರು ಸುಭ್ರು, ಉಭಯದ ಮತ್ತು ವೀರ. ಉಭಯದನ ನಾಲ್ವರು ಪುತ್ರರು ಸುನ್ಹಂತ, ವಸುನಾಭ, ಗರ್ಗ ಮತ್ತು ರಮ್ಯ. ಒಂದು ಕುಟುಂಬದ ಎಲ್ಲ ಮಕ್ಕಳು ಇಲ್ಲಿ ಹೆಸರು ಪಡೆಯುತ್ತಾರೆ; ಮುಂದೆ ಮುಖ್ಯ ರಾಜವಂಶದ ಕಥೆ ಅವರಲ್ಲಿನ ಒಂದು ಶಾಖೆಯನ್ನು ಅನುಸರಿಸುತ್ತದೆ.",,66,29,38,,,pending,pending,,
222,C83-S02,ಯವೀಯಾನ್ ಮತ್ತು ರುದ್ರಾಶ್ವನ ಹತ್ತು ಪುತ್ರರು,MAHABHARATA-2-AADIPARVA_djvu.txt lines 8362–8395,"ಸುನ್ಹಂತ ಮತ್ತು ರಥಂತರೆಯ ಮಗ ಯವೀಯಾನ್. ಅವನ ಪುತ್ರರಾಗಿ ರುದ್ರಾಶ್ವ, ಪೃಷದಶ್ವ, ರಥದಶ್ವ, ಗಯ ಮತ್ತು ಮನು ಎಂಬ ಐದು ಹೆಸರುಗಳು ಬರುತ್ತವೆ. ಈ ಪಾಠವು ಅವರನ್ನು ಗಂಧರ್ವರೆಂದು ಕರೆಯುತ್ತದೆ. ರುದ್ರಾಶ್ವನಿಗೆ ಅಪ್ಸರೆಯಲ್ಲಿ ಹತ್ತು ಮಕ್ಕಳು. ಯತೇಯು, ಕಕ್ಷೇಯು, ಕೃಪಣೇಯು, ಸ್ಥಂಡಿಲೇಯು, ಜಲೇಯು, ಸ್ಥಲೇಯು, ತೇಜೋಯು, ರಥೇಯು, ಧರ್ಮೇಯು ಮತ್ತು ಸಂತತೇಯು ಅವರ ಹೆಸರುಗಳು. ಈ ಕನ್ನಡ ವಿವರಣೆಯಲ್ಲಿ ತಾಯಿಯನ್ನು ಅನಾಫುಷ್ಯಾ ಎಂಬ ಅಪ್ಸರೆಯೆಂದು ಕರೆಯಲಾಗಿದೆ. ಪುತ್ರರೆಲ್ಲರೂ ರಾಜಸೂಯ ಮತ್ತು ಅಶ್ವಮೇಧಗಳನ್ನು ಮಾಡಿದವರು ಎಂದು ನಿರೂಪಣೆ ತಿಳಿಸುತ್ತದೆ.",,55,24,31,,,pending,pending,,
223,C83-S03,"ಅಂತಿನಾರ, ತ್ರಸ್ನು ಮತ್ತು ಇಲಿಲನ ಶಾಖೆ",MAHABHARATA-2-AADIPARVA_djvu.txt lines 8401–8433,"ಯತೇಯುವಿನ ಮಗ ಅಂತಿನಾರ. ಅಂತಿನಾರ ಮತ್ತು ಯಶಸ್ವಿನಿಯ ಮಕ್ಕಳ ಹೆಸರುಗಳು ತ್ರಸ್ನು, ಮೋಧ್ಯ, ಪ್ರತಿರಥ ಮತ್ತು ದ್ರುಮ. ಇವರಲ್ಲಿ ತ್ರಸ್ನು ಪೌರವ ವಂಶವನ್ನು ಮುಂದುವರಿಸಿದನು. ತ್ರಸ್ನು ಮತ್ತು ಯಮುನೆಯ ಮಗ ಇಲಿಲ. ಇಲಿಲನಿಗೆ ರಥಂತರೆಯಲ್ಲಿ ಐದು ಪುತ್ರರು ಎಂದು ಈ ಭಾಗ ಹೇಳುತ್ತದೆ. ದೊರೆತ ಹೆಸರುಗಳ ಓದಿನಲ್ಲಿ ದುಷ್ಯಂತ, ಅನಘ, ಶೂರ ಮತ್ತು ಪ್ರಶೂರ ಎಂಬ ನಾಲ್ಕು ಹೆಸರುಗಳು ಸ್ಪಷ್ಟವಾಗುತ್ತವೆ. ಐದನೆಯ ಹೆಸರಿನ ಸ್ಥಾನ ಈ ನೀಡಿದ ಪಾಠದಲ್ಲಿ ಸ್ಪಷ್ಟವಿಲ್ಲ. ಆದ್ದರಿಂದ ಕಾಣದ ಹೆಸರನ್ನು ಕಲ್ಪಿಸಿ ತುಂಬದೆ, ದುಷ್ಯಂತನು ಪ್ರಮುಖ ಪುತ್ರ ಎಂಬ ನಿರೂಪಣೆಯೊಂದಿಗೆ ಮುಂದುವರಿಯೋಣ.",,61,27,35,,,pending,pending,,
224,C83-S04,"ಎರಡು ತಾಯಂದಿರು, ಎರಡು ಶಾಖೆಗಳು; ಹಳೆಯ ಜನಮೇಜಯ",MAHABHARATA-2-AADIPARVA_djvu.txt lines 8311–8450,ದುಷ್ಯಂತ ಮತ್ತು ಲಕ್ಷಣೆಯ ಮಗನ ಹೆಸರು ಜನಮೇಜಯ. ದುಷ್ಯಂತ ಮತ್ತು ಶಕುಂತಲೆಯ ಮಗ ಭರತ. ಹೀಗಾಗಿ ಈ ಅಧ್ಯಾಯದ ಜನಮೇಜಯನು ಶಕುಂತಲೆಯ ಮಗನಲ್ಲ. ಅವನು ಈಗ ವೈಶಂಪಾಯನರ ಕಥೆಯನ್ನು ಕೇಳುತ್ತಿರುವ ಪರೀಕ್ಷಿತನ ಮಗ ಜನಮೇಜಯನೂ ಅಲ್ಲ. ಒಬ್ಬ ರಾಜನ ಹೆಸರು ಅನೇಕ ಪೀಳಿಗೆಗಳಲ್ಲಿ ಮರುಬಳಕೆಯಾಗುತ್ತದೆ; ಪ್ರತಿ ಬಾರಿ ಅವನ ತಂದೆ ತಾಯಿಯ ಸಂಬಂಧವನ್ನು ಗಮನಿಸಬೇಕು. ಭರತನ ಮೂಲಕ ಭರತವಂಶದ ಕೀರ್ತಿ ವಿಸ್ತಾರವಾಯಿತು ಎಂದು ಪಾಠ ಹೇಳುತ್ತದೆ. ಈಗ ವಂಶಪಟ್ಟಿಯ ಸಂಕ್ಷಿಪ್ತ ಪರಿಚಯದಿಂದ ದುಷ್ಯಂತನ ಬೇಟೆಯ ಪ್ರಯಾಣಕ್ಕೂ ಶಕುಂತಲೆಯ ಭೇಟಿಗೂ ತೆರಳೋಣ.,,57,25,33,,,pending,pending,,
225,G16-S02,ಬೇಟೆಯ ಸದ್ದು,MAHABHARATA-2-AADIPARVA_djvu.txt lines 8594–8834,ದುಷ್ಯಂತನು ದೊಡ್ಡ ಬಳಗದೊಂದಿಗೆ ಬೇಟೆಗೆ ಹೊರಟನು. ಕಾಡಿನೊಳಗೆ ಪ್ರವೇಶಿಸಿದ ಸೈನ್ಯ ಮತ್ತು ಬೇಟೆಗಾರರು ಪ್ರಾಣಿಗಳನ್ನು ಓಡಿಸಿದರು; ಅನೇಕ ಮೃಗಗಳು ಕೊಲ್ಲಲ್ಪಟ್ಟವು. ಕಥೆ ಈ ಪ್ರಯಾಣವನ್ನು ಕೇವಲ ಸುಂದರ ವಿಹಾರವಾಗಿ ಹೇಳುವುದಿಲ್ಲ. ಶಸ್ತ್ರಗಳ ಮತ್ತು ಓಡುವ ಜೀವಿಗಳ ನಡುವೆ ಅರಣ್ಯ ಕಲಕಿತು. ಮುಂದಕ್ಕೆ ಸಾಗಿದ ರಾಜನ ಬಳಗ ಕ್ರಮೇಣ ಹಿಂದೆ ಉಳಿಯಿತು. ಬೇಟೆಯ ಗದ್ದಲದಿಂದ ದೂರವಾದಾಗ ದುಷ್ಯಂತನ ಮುಂದೆ ಮತ್ತೊಂದು ರೀತಿಯ ಕಾಡು ತೆರೆದಿತು; ಅದರ ಶಾಂತಿ ಅವನನ್ನು ನಿಲ್ಲಿಸಿತು.,ನಿರೂಪಕ: ಒಂದೇ ಅರಣ್ಯದಲ್ಲಿ ಅಧಿಕಾರದ ಬೇಟೆಯೂ ಆಶ್ರಮದ ರಕ್ಷಣೆಯೂ ಬೇರೆ ಬೇರೆ ಲೋಕಗಳನ್ನು ನಿರ್ಮಿಸಿದ್ದವು.,59,26,34,,,pending,pending,,
226,G16-S03,ಕಣ್ವರ ಆಶ್ರಮದ ಅಂಚು,MAHABHARATA-2-AADIPARVA_djvu.txt lines 8841–9325,"ಹೂವು, ಹಣ್ಣು ಮತ್ತು ಪಕ್ಷಿಗಳಿಂದ ಸಮೃದ್ಧವಾದ ಪ್ರದೇಶವನ್ನು ದಾಟಿ ದುಷ್ಯಂತನು ಕಣ್ವರ ಆಶ್ರಮಕ್ಕೆ ತಲುಪಿದನು. ಅಲ್ಲಿ ಬೇಟೆಯ ಭಯಕ್ಕಿಂತ ಅಧ್ಯಯನ ಮತ್ತು ನಿಯಮದ ಜೀವನ ಮುಖ್ಯವಾಗಿತ್ತು. ನೀರಿನ ಹರಿವು, ವೇದಾಧ್ಯಯನದ ಧ್ವನಿ ಮತ್ತು ಸಂಚರಿಸುವ ಪ್ರಾಣಿಗಳು ಬೇರೆ ಶಿಸ್ತನ್ನು ತೋರಿಸುತ್ತಿದ್ದವು. ರಾಜನು ತನ್ನ ಸಹಚರರನ್ನು ಹೊರಗೆ ನಿಲ್ಲಿಸಿ ಒಳಗೆ ಹೋದನು. ಇಲ್ಲಿ ರಾಜಾಧಿಕಾರದ ಪ್ರದರ್ಶನಕ್ಕಿಂತ ಅತಿಥಿಯಾಗಿ ನಡೆದುಕೊಳ್ಳಬೇಕಾಗಿತ್ತು. ಕಣ್ವರು ಕಾಣಿಸಲಿಲ್ಲ; ಯಾರಿದ್ದಾರೆಂದು ಅವನು ಕರೆ ನೀಡಿದನು.",ದುಷ್ಯಂತ: ಆಶ್ರಮದಲ್ಲಿ ಯಾರಿದ್ದಾರೆ? ಕಣ್ವ ಮಹರ್ಷಿಗಳನ್ನು ಕಾಣಲು ಬಂದಿದ್ದೇನೆ.,53,24,30,,,pending,pending,,
227,G16-S04,ಅತಿಥಿಯನ್ನು ಸ್ವಾಗತಿಸಿದ ಶಕುಂತಲೆ,MAHABHARATA-2-AADIPARVA_djvu.txt lines 9329–9863,"ರಾಜನ ಕರೆಯನ್ನು ಕೇಳಿ ಶಕುಂತಲೆ ಹೊರಬಂದಳು. ಅತಿಥಿಗೆ ಆಸನ ಮತ್ತು ನೀರಿನ ಸತ್ಕಾರ ಮಾಡಿದಳು. ಕಣ್ವರು ಫಲಗಳನ್ನು ತರಲು ಹೋಗಿದ್ದಾರೆ ಎಂದು ತಿಳಿಸಿದಳು. ಅವಳನ್ನು ಕಂಡ ದುಷ್ಯಂತನು ಅವಳ ಪರಿಚಯವನ್ನು ಕೇಳಿದನು. ತಾನು ಕಣ್ವರ ಮಗಳು ಎಂದಾಗ, ತಪಸ್ವಿಯಾದ ಅವರಿಗೆ ಮಗಳು ಹೇಗೆ ಎಂಬ ಪ್ರಶ್ನೆ ಅವನಿಗೆ ಮೂಡಿತು. ಶಕುಂತಲೆ ತನ್ನ ಜನ್ಮಕಥೆಯನ್ನು ತಾನೇ ವಿವರಿಸಲು ಆರಂಭಿಸಿದಳು. ಈಗ ಅವಳು ಕೇವಲ ರಾಜನು ನೋಡುವ ವ್ಯಕ್ತಿಯಲ್ಲ; ತನ್ನ ಬದುಕನ್ನು ಹೇಳುವ ಧ್ವನಿಯೂ ಆಗಿದ್ದಳು.",ಶಕುಂತಲೆ: ಕಣ್ವರು ನನ್ನನ್ನು ಮಗಳಾಗಿ ಬೆಳೆಸಿದ್ದಾರೆ. ನನ್ನ ಜನ್ಮದ ವಿಚಾರವನ್ನು ಅವರು ಹೇಳಿದಂತೆ ನಿಮಗೆ ತಿಳಿಸುತ್ತೇನೆ.,63,28,36,,,pending,pending,,
228,G16-S05,"ಮೇನಕೆ, ವಿಶ್ವಾಮಿತ್ರ ಮತ್ತು ಪಕ್ಷಿಗಳು",MAHABHARATA-2-AADIPARVA_djvu.txt lines 9865–10144,"ವಿಶ್ವಾಮಿತ್ರರ ತಪಸ್ಸನ್ನು ಭಂಗಪಡಿಸಲು ಮೇನಕೆ ಬಂದ ಸಂದರ್ಭವನ್ನು ಶಕುಂತಲೆ ಹೇಳುತ್ತಾಳೆ. ಅವರ ಸಂಗಮದಿಂದ ತಾನು ಜನಿಸಿದ್ದೆಂದು ತಿಳಿಸುತ್ತಾಳೆ. ಮೇನಕೆ ಶಿಶುವನ್ನು ಬಿಟ್ಟುಹೋದ ನಂತರ ಪಕ್ಷಿಗಳು ಅದನ್ನು ರಕ್ಷಿಸಿದವು. ಕಣ್ವರು ಆ ಮಗುವನ್ನು ಕಂಡು ಆಶ್ರಮಕ್ಕೆ ತಂದರು. ಜನ್ಮ ನೀಡಿದವರ ಮತ್ತು ಜೀವ ಉಳಿಸಿ ಬೆಳೆಸಿದವರ ಪಾತ್ರಗಳು ಅವಳ ಕಥೆಯಲ್ಲಿ ಪ್ರತ್ಯೇಕವಾಗಿ ನಿಂತವು. ಪಕ್ಷಿಗಳ ರಕ್ಷಣೆಯ ನೆನಪನ್ನು ಹೊತ್ತ ಶಕುಂತಲೆ ಎಂಬ ಹೆಸರು, ಅವಳ ಬಾಲ್ಯದ ಅರಣ್ಯವನ್ನು ಇಂದಿಗೂ ತನ್ನೊಂದಿಗೆ ಹಿಡಿದಿಟ್ಟಿತ್ತು.",ಶಕುಂತಲೆ: ನನ್ನನ್ನು ಬಿಟ್ಟಿದ್ದ ಸ್ಥಳದಲ್ಲಿ ಪಕ್ಷಿಗಳು ಕಾಪಾಡಿದವು. ಕಣ್ವರು ಕಂಡು ತಮ್ಮ ಮಗಳಾಗಿ ಸಾಕಿದರು.,60,27,34,,,pending,pending,,
229,G16-S06,ಸಮ್ಮತಿಯೊಳಗಿನ ಷರತ್ತು,MAHABHARATA-2-AADIPARVA_djvu.txt lines 10146–10465,"ದುಷ್ಯಂತನು ಶಕುಂತಲೆಯನ್ನು ವಿವಾಹವಾಗಲು ಬಯಸಿದನು. ಕಣ್ವರ ಆಗಮನದವರೆಗೆ ಕಾಯುವ ಪ್ರಶ್ನೆಗೆ ಅವನು ಗಾಂಧರ್ವವಿವಾಹದ ಬಗ್ಗೆ ತನ್ನ ವಾದವನ್ನು ಹೇಳಿದನು. ಶಕುಂತಲೆ ತನ್ನ ನಿರ್ಧಾರಕ್ಕೆ ಒಂದು ಸ್ಪಷ್ಟ ಷರತ್ತು ಇಟ್ಟಳು: ಅವಳಿಗೆ ಜನಿಸುವ ಮಗನು ಯುವರಾಜನಾಗಿ, ಮುಂದೆ ರಾಜ್ಯವನ್ನು ಪಡೆಯಬೇಕು. ದುಷ್ಯಂತನು ಅದಕ್ಕೆ ಒಪ್ಪಿಕೊಂಡನು. ಹೀಗೆ ಅವರ ವಿವಾಹವು ಭಾವನೆಯ ಜೊತೆಗೆ ಉತ್ತರಾಧಿಕಾರದ ವಾಗ್ದಾನವನ್ನೂ ಒಳಗೊಂಡಿತು. ಆ ವಾಗ್ದಾನಕ್ಕೆ ಮುಂದೆ ಸಾರ್ವಜನಿಕ ಪರೀಕ್ಷೆ ಎದುರಾಗಬೇಕಿತ್ತು.",ಶಕುಂತಲೆ: ನನಗೆ ಜನಿಸುವ ಮಗನನ್ನು ಯುವರಾಜನನ್ನಾಗಿ ಮಾಡಬೇಕು. ನೀನು ಇದನ್ನು ಸತ್ಯವಾಗಿ ಒಪ್ಪಿದಾಗಲೇ ನನ್ನ ಸಮ್ಮತಿ.,56,25,32,,,pending,pending,,
230,G16-S07,ಕಣ್ವರ ಅನುಮೋದನೆ,MAHABHARATA-2-AADIPARVA_djvu.txt lines 10466–10791,"ದುಷ್ಯಂತನು ಶಕುಂತಲೆಯನ್ನು ರಾಜ್ಯಕ್ಕೆ ಕರೆಸುವುದಾಗಿ ಹೇಳಿ ಹೊರಟನು. ಕಣ್ವರು ಮರಳಿದಾಗ ನಡೆದದ್ದನ್ನು ತಿಳಿದುಕೊಂಡರು. ಶಕುಂತಲೆಯನ್ನು ಅವಮಾನಿಸಲಿಲ್ಲ; ಅವಳ ವಿವಾಹವನ್ನು ಅನುಮೋದಿಸಿದರು. ರಾಜನ ಮತ್ತು ಅವಳ ಮಗನ ಭವಿಷ್ಯದ ಕುರಿತು ಭರವಸೆಯನ್ನು ಹೇಳಿದರು. ತಂದೆಯ ಆಶ್ರಮದಲ್ಲಿದ್ದ ಶಕುಂತಲೆಗೆ ಈಗ ಹೊಸ ಕುಟುಂಬದ ನಿರೀಕ್ಷೆ ಹುಟ್ಟಿತ್ತು. ಆದರೆ ರಾಜನು ಬರುತ್ತಾನೋ, ತನ್ನನ್ನು ಕರೆಸುತ್ತಾನೋ ಎಂಬ ಕಾಯುವಿಕೆ ದಿನನಿತ್ಯದ ಬದುಕಿನಲ್ಲಿ ನಿಧಾನವಾಗಿ ಜಾಗ ಪಡೆದಿತು.",ಕಣ್ವ: ನಿನ್ನ ನಿರ್ಧಾರವನ್ನು ತಿಳಿದಿದ್ದೇನೆ. ಈ ಸಂಬಂಧದ ಹೊಣೆ ಮತ್ತು ನಿನ್ನ ಮಗನ ಭವಿಷ್ಯವನ್ನು ಧೈರ್ಯದಿಂದ ಎದುರಿಸು.,55,24,31,,,pending,pending,,
231,G16-S08,ದೀರ್ಘ ಕಾಯುವಿಕೆ ಮತ್ತು ಸರ್ವದಮನ,MAHABHARATA-2-AADIPARVA_djvu.txt lines 10798–11837,"ಶಕುಂತಲೆ ರಾಜನಿಂದ ಕರೆ ಬರುವುದನ್ನು ಕಾಯುತ್ತಿದ್ದಳು. ಈ ಆವೃತ್ತಿಯ ಕಥನವು ಮೂರು ವರ್ಷಗಳ ಕಾಲವನ್ನು ಹೇಳಿ, ನಂತರ ಮಗನ ಜನನ ಮತ್ತು ಬೆಳವಣಿಗೆಯನ್ನು ವಿವರಿಸುತ್ತದೆ. ಬಾಲಕನಿಗೆ ಸರ್ವದಮನ ಎಂಬ ಹೆಸರು ಬಂತು. ಅವನ ಅಸಾಮಾನ್ಯ ಬಲವನ್ನು ಆಶ್ರಮದವರು ಗಮನಿಸಿದರು; ಕಾಡಿನ ಪ್ರಾಣಿಗಳೊಂದಿಗೆ ಅವನ ವರ್ತನೆ ಸಾಮಾನ್ಯ ಮಗುವಿನಂತಿರಲಿಲ್ಲ. ಈ ಅದ್ಭುತ ಬಾಲ್ಯವರ್ಣನೆಯನ್ನು ಕಥೆಯ ಸ್ವಭಾವದಲ್ಲೇ ಕೇಳಬೇಕು. ತಾಯಿಯ ಕಾಯುವಿಕೆಯ ನಡುವೆ ಮಗ ತನ್ನದೇ ಆದ ಬಲವಾದ ಉಪಸ್ಥಿತಿಯಾಗಿ ಬೆಳೆದನು.",ನಿರೂಪಕ: ಅವನ ಹೆಸರು ಸರ್ವದಮನ. ಮುಂದೆ ಇದೇ ಬಾಲಕ ಭರತನೆಂದು ಪ್ರಸಿದ್ಧನಾಗುವನು.,57,25,33,,,pending,pending,,
232,G16-S09,ತಾಯಿ ಮಗನ ಹೊರಟ ದಾರಿ,MAHABHARATA-2-AADIPARVA_djvu.txt lines 11839–12030,"ಬಾಲಕ ಬೆಳೆದ ನಂತರ ಕಣ್ವರು ಅವನಿಗೆ ತಂದೆಯ ಮನೆಯಲ್ಲಿ ಸ್ಥಾನ ದೊರೆಯಬೇಕೆಂದು ನಿರ್ಧರಿಸಿದರು. ಶಕುಂತಲೆ ಮಗನೊಂದಿಗೆ ರಾಜಸಭೆಗೆ ಹೊರಟಳು; ಆಶ್ರಮದವರು ಅವಳನ್ನು ಒಬ್ಬಳೇ ಕಳುಹಿಸಲಿಲ್ಲ. ತನ್ನ ಮಗನ ಹಕ್ಕನ್ನು ಕೇಳಲು ಅವಳು ಹೋಗುತ್ತಿದ್ದಳು. ದುಷ್ಯಂತನಿಗೆ ತಾನು ಮತ್ತು ಅವನು ಕೊಟ್ಟ ಮಾತು ನೆನಪಿರುತ್ತದೆ ಎಂಬ ಭರವಸೆ ಇತ್ತು. ಅರಣ್ಯದ ಪರಿಚಿತ ಆಶ್ರಯ ಹಿಂದೆ ಉಳಿದಾಗ ರಾಜಮಾರ್ಗ ತೆರೆದಿತು. ಆದರೆ ಅರಮನೆಯ ಬಾಗಿಲು ತೆರೆಯುವುದು, ಸಂಬಂಧವನ್ನು ಒಪ್ಪಿಕೊಳ್ಳುವುದಕ್ಕೆ ಸಮಾನವಾಗಿರಲಿಲ್ಲ.",ಶಕುಂತಲೆ: ಬಾ ಮಗನೇ. ನಿನ್ನ ತಂದೆಗೆ ನಿನ್ನನ್ನು ಪರಿಚಯಿಸೋಣ; ಅವನು ಕೊಟ್ಟ ಮಾತನ್ನು ನೆನಪಿಸೋಣ.,58,26,33,,,pending,pending,,
233,G17-S01,ಸಭೆಯ ನಿರಾಕರಣೆ,MAHABHARATA-2-AADIPARVA_djvu.txt lines 12031–12350,"ಶಕುಂತಲೆ ಮಗನನ್ನು ರಾಜನ ಮುಂದೆ ನಿಲ್ಲಿಸಿ, ಆಶ್ರಮದಲ್ಲಿ ಮಾಡಿದ ವಾಗ್ದಾನವನ್ನು ನೆನಪಿಸಿದಳು. ದುಷ್ಯಂತನು ಸಭೆಯ ಮುಂದೆ ಅವಳ ಮಾತನ್ನು ಒಪ್ಪಿಕೊಳ್ಳಲಿಲ್ಲ. ಈ ನಿರಾಕರಣೆಗೆ ಇಲ್ಲಿ ಮರೆವಿನ ಶಾಪವನ್ನು ಕಾರಣವೆಂದು ಹೇಳಿಲ್ಲ. ಶಕುಂತಲೆ ಆಘಾತಗೊಂಡರೂ ತನ್ನ ಮಾತನ್ನು ನಿಲ್ಲಿಸಲಿಲ್ಲ. ತಾನೊಬ್ಬಳೇ ಸತ್ಯವನ್ನು ತಿಳಿದವಳಲ್ಲ; ರಾಜನ ಮನಸ್ಸೂ ಅವನ ನಡೆಗೆ ಸಾಕ್ಷಿಯಾಗಿದೆ ಎಂದಳು. ಅರಣ್ಯದಲ್ಲಿ ಇಬ್ಬರ ನಡುವಿದ್ದ ಮಾತು ಈಗ ಅನೇಕ ಕಣ್ಣುಗಳ ಮುಂದೆ ಪರೀಕ್ಷೆಗೆ ಬಂದಿತ್ತು.",ಶಕುಂತಲೆ: ನಿನ್ನ ಮುಂದೆ ನಿಂತಿರುವ ಈ ಮಗುವನ್ನು ನೋಡು. ಏಕಾಂತದಲ್ಲಿ ಕೊಟ್ಟ ಮಾತನ್ನು ಸಭೆಯಲ್ಲಿ ಮರೆಮಾಡಬೇಡ.,57,25,33,,,pending,pending,,
234,G17-S02,"ಪತ್ನಿ, ಪುತ್ರ ಮತ್ತು ಸಾಕ್ಷಿ",MAHABHARATA-2-AADIPARVA_djvu.txt lines 12351–12999,"ಶಕುಂತಲೆ ಪತ್ನಿ ಮತ್ತು ಪುತ್ರರ ಸ್ಥಾನವನ್ನು ವಿವರಿಸಿದಳು. ಕುಟುಂಬವು ಸುಖದ ವೇಳೆಯ ಸಂಬಂಧ ಮಾತ್ರವಲ್ಲ; ಸಂಕಟದಲ್ಲಿ ಜೊತೆ ನಿಲ್ಲುವ ಹೊಣೆ ಎಂದಳು. ಮಗನನ್ನು ತನ್ನ ಅಸ್ತಿತ್ವದ ಮುಂದುವರಿಕೆಯಾಗಿ ಗುರುತಿಸಬೇಕೆಂದು ರಾಜನನ್ನು ಒತ್ತಾಯಿಸಿದಳು. ಭೂಮಿ, ಆಕಾಶ ಮತ್ತು ಅಂತರಾತ್ಮದ ಸಾಕ್ಷಿಯನ್ನು ನೆನಪಿಸಿ, ಯಾರೂ ಕಾಣದ ಸ್ಥಳದಲ್ಲಿಯೂ ತಪ್ಪನ್ನು ಮರೆಮಾಡಲಾಗುವುದಿಲ್ಲ ಎಂದಳು. ಈ ಮಾತುಗಳು ಆ ಕಾಲದ ಧರ್ಮಭಾಷೆಯೊಳಗಿನ ಅವಳ ನ್ಯಾಯವಾದ. ಸಭೆ ಅವಳನ್ನು ಕೇವಲ ಅತಿಥಿಯಾಗಿ ಕೇಳಲು ಸಾಧ್ಯವಾಗಲಿಲ್ಲ.",ಶಕುಂತಲೆ: ಮಗುವಿಗೆ ತಂದೆಯ ಗುರುತನ್ನು ನಿರಾಕರಿಸಿ ನೀನು ನಿನ್ನ ಸತ್ಯದಿಂದ ದೂರವಾಗಬೇಡ. ನಿನ್ನ ಮನಸ್ಸಿಗೆ ನಡೆದದ್ದು ಗೊತ್ತಿದೆ.,60,27,34,,,pending,pending,,
235,G17-S03,ಸತ್ಯವನ್ನು ಬಿಟ್ಟು ಹೊರಡುವುದಿಲ್ಲ,MAHABHARATA-2-AADIPARVA_djvu.txt lines 13006–13472,"ರಾಜನು ಅವಳ ಜನ್ಮ ಮತ್ತು ಮಾತುಗಳನ್ನು ಅವಮಾನಿಸಿದಾಗ ಶಕುಂತಲೆ ಪ್ರತಿವಾದಿಸಿದಳು. ಇತರರ ಸಣ್ಣ ದೋಷವನ್ನು ನೋಡುವವನಿಗೆ ತನ್ನ ದೊಡ್ಡ ದೋಷ ಕಾಣುವುದಿಲ್ಲ ಎಂದಳು. ಮೇನಕೆಯ ಮಗಳೆಂಬುದರಿಂದ ತನ್ನ ಸತ್ಯ ಕಡಿಮೆಯಾಗುವುದಿಲ್ಲವೆಂದು ಹೇಳಿದಳು. ಕೊನೆಯಲ್ಲಿ, ಮಗನನ್ನು ಒಪ್ಪಿಕೊಳ್ಳದಿದ್ದರೂ ಅವನು ತನ್ನ ಬಲದಿಂದ ರಾಜನಾಗುವನೆಂಬ ನಂಬಿಕೆಯಿಂದ ಹೊರಡಲು ಮುಂದಾದಳು. ಅವಳಿಗೆ ಅರಮನೆಯೊಳಗಿರುವುದಕ್ಕಿಂತ ತನ್ನ ಮಾತಿನ ಸತ್ಯವನ್ನು ಉಳಿಸಿಕೊಳ್ಳುವುದು ಮುಖ್ಯವಾಯಿತು.",ಶಕುಂತಲೆ: ನೀನು ಒಪ್ಪದಿದ್ದರೂ ಸತ್ಯ ಬದಲಾಗುವುದಿಲ್ಲ. ನನ್ನ ಮಗ ತನ್ನ ಯೋಗ್ಯತೆಯಿಂದ ತನ್ನ ಸ್ಥಾನವನ್ನು ಪಡೆಯುವನು.,51,23,29,,,pending,pending,,
236,G17-S04,ಅಶರೀರವಾಣಿಯ ದೃಢೀಕರಣ,MAHABHARATA-2-AADIPARVA_djvu.txt lines 13476–13800,ಅವಳು ಹೊರಡಲು ಮುಂದಾದ ಕ್ಷಣದಲ್ಲಿ ಅಶರೀರವಾಣಿ ಕೇಳಿಸಿತು. ಬಾಲಕನು ದುಷ್ಯಂತನ ಮಗನೆಂದು ಅದು ದೃಢಪಡಿಸಿತು. ರಾಜನು ಶಕುಂತಲೆ ಮತ್ತು ಮಗನನ್ನು ಸ್ವೀಕರಿಸಿದನು. ಸಾರ್ವಜನಿಕ ಸಂಶಯ ದೂರವಾಗಲೆಂದು ತಾನು ಹೀಗೆ ವರ್ತಿಸಿದೆ ಎಂದು ಅವನು ತನ್ನ ನಡೆಗೆ ವಿವರಣೆ ನೀಡಿದನು. ಅದನ್ನು ರಾಜನ ವಿವರಣೆಯಾಗಿ ಕೇಳಬೇಕು; ಶಕುಂತಲೆ ಅನುಭವಿಸಿದ ಅವಮಾನ ಮಾಯವಾಗುವುದಿಲ್ಲ. ಮಗನಿಗೆ ಭರತ ಎಂಬ ಹೆಸರು ಪ್ರಸಿದ್ಧವಾಯಿತು. ಅರಣ್ಯದ ಬಾಲಕನಿಗೆ ಈಗ ರಾಜಕುಲದ ಮಾನ್ಯತೆ ದೊರೆಯಿತು.,ದುಷ್ಯಂತ: ನೀವು ಎಲ್ಲರೂ ಕೇಳಿದ್ದೀರಿ. ಇವನು ನನ್ನ ಮಗ; ಶಕುಂತಲೆಯನ್ನು ಮತ್ತು ಅವನನ್ನು ನಾನು ಸ್ವೀಕರಿಸುತ್ತೇನೆ.,58,26,33,,,pending,pending,,
237,G17-S05,ಭರತನ ರಾಜ್ಯ ಮತ್ತು ವಂಶದ ಸವಾಲು,MAHABHARATA-2-AADIPARVA_djvu.txt lines 13801–14000,"ಭರತನು ಬೆಳೆದು ರಾಜ್ಯವನ್ನು ಪಡೆದನು. ಅವನ ಪರಾಕ್ರಮ, ಯಜ್ಞಗಳು ಮತ್ತು ದಾನಗಳನ್ನು ಗ್ರಂಥವು ವಿಶಾಲವಾಗಿ ವರ್ಣಿಸುತ್ತದೆ. ಈ ಪಾಠವು ಅವನ ಮೂರು ಪತ್ನಿಯರಲ್ಲಿ ಮೂರು ಮಕ್ಕಳು ಜನಿಸಿದರೆಂದು ಹೇಳುತ್ತದೆ; ಅವರು ತನಗೆ ಸದೃಶರಾಗಿಲ್ಲವೆಂದು ಅವನು ಸಂತೋಷಪಡಲಿಲ್ಲ. ನಂತರ ಭರದ್ವಾಜರ ಅನುಗ್ರಹದಿಂದ ಭುಮನ್ಯುವನ್ನು ಪಡೆದು ಯುವರಾಜನನ್ನಾಗಿ ಮಾಡಿದನು. ಸುಹೋತ್ರ ಮತ್ತು ಅಜಮೀಢ ಮೊದಲಾದ ಪೀಳಿಗೆಗಳು ಆ ವಂಶವನ್ನು ಮುಂದುವರಿಸಿದವು. ಭರತನ ಕೀರ್ತಿಯ ಜೊತೆಗೆ ಯೋಗ್ಯ ಉತ್ತರಾಧಿಕಾರಿಯನ್ನು ಹುಡುಕುವ ಸಂಕಟವೂ ಹೀಗೆ ಕಥೆಯಲ್ಲಿ ಉಳಿದಿದೆ.",ನಿರೂಪಕ: ಸರ್ವದಮನನಿಂದ ಭರತನಾದ ಬಾಲಕ ಈಗ ಮತ್ತೊಂದು ವಂಶಸರಣಿಯ ಕೇಂದ್ರವಾಗಿದ್ದಾನೆ.,58,26,33,,,pending,pending,,
238,C93-S01,"ಭುಮನ್ಯು, ವಿತಥ ಮತ್ತು ಸುಹೋತ್ರನ ಶಾಖೆಗಳು",MAHABHARATA-2-AADIPARVA_djvu.txt lines 13882–13974,"ಭರತನ ಉತ್ತರಾಧಿಕಾರದ ಸಂಕಟದ ಬಳಿಕ ಭರದ್ವಾಜರ ಅನುಗ್ರಹದಿಂದ ಭುಮನ್ಯು ಜನಿಸಿದನೆಂದು ಈ ಆವೃತ್ತಿ ಹೇಳುತ್ತದೆ. ಭುಮನ್ಯುವಿಗೆ ವಿತಥ ಎಂಬ ಮಗನ ಹೆಸರನ್ನೂ ಮುಂದಿನ ಪಾಠ ನೀಡುತ್ತದೆ. ನಂತರ ಭುಮನ್ಯು ಮತ್ತು ಉಚಥ್ಯೆಯ ನಾಲ್ಕು ಮಕ್ಕಳನ್ನು ಪ್ರತ್ಯೇಕವಾಗಿ ಹೇಳುತ್ತದೆ: ಸುಹೋತ್ರ, ಶ್ರುತಹೋತ, ಸುಹವಿ ಮತ್ತು ಸುಯಜು. ಇವರಲ್ಲಿ ಸುಹೋತ್ರನು ಮುಖ್ಯ ವಂಶಧಾರಕ. ಅವನು ರಾಜಸೂಯ ಅಶ್ವಮೇಧಗಳಂತಹ ಯಜ್ಞಗಳನ್ನು ಮಾಡಿ ಸಮೃದ್ಧ ರಾಜ್ಯವನ್ನಾಳಿದನು. ಸುಹೋತ್ರ ಮತ್ತು ಐಕ್ಷ್ವಾಕಿಯ ಮೂವರು ಪುತ್ರರು ಅಜಮೀಢ, ಸದಾಮೀಢ ಮತ್ತು ಪುರುಮೀಢ. ಮುಂದಿನ ಮುಖ್ಯಕಥೆಯ ಶಾಖೆ ಅಜಮೀಢನ ಮೂಲಕ ಸಾಗುತ್ತದೆ. ಇಲ್ಲಿ ವಿತಥನ ಹೆಸರು ಮತ್ತು ಉಚಥ್ಯೆಯ ನಾಲ್ಕು ಪುತ್ರರ ಪಟ್ಟಿಯನ್ನು ಒಂದೇ ನೇರ ತಂದೆ ಮಗನ ಸರಪಳಿಯಾಗಿ ಮಾಡದೆ, ಭುಮನ್ಯುವಿನ ಸಂಬಂಧಗಳಾಗಿಯೇ ನೆನಪಿಡೋಣ.",,75,33,43,,,pending,pending,,
239,C93-S02,ಅಜಮೀಢನ ಪತ್ನಿಯರು ಮತ್ತು ಪಾಂಚಾಲ ಕೌಶಿಕ ಶಾಖೆಗಳು,MAHABHARATA-2-AADIPARVA_djvu.txt lines 13975–14000,"ಅಜಮೀಢನಿಗೆ ಮೂವರು ಪತ್ನಿಯರಲ್ಲಿ ಆರು ಮಕ್ಕಳು ಎಂದು ಅಧ್ಯಾಯ ಹೇಳುತ್ತದೆ. ನೀಡಿದ ಓದಿನಲ್ಲಿ ಧೂಮಿನಿಯ ಮಗ ಋಕ್ಷ; ನೀಲಿಯ ಮಕ್ಕಳು ದುಷ್ಯಂತ ಮತ್ತು ಪರಮೇಷ್ಠಿ; ಕೇಶಿನಿಯ ಮಕ್ಕಳು ಜಹ್ನು ಮತ್ತು ರೂಷಣ. ಹೀಗೆ ಐದು ಹೆಸರುಗಳು ಮಾತ್ರ ಈ ಭಾಗದಲ್ಲಿ ಸ್ಪಷ್ಟವಾಗಿ ದೊರೆಯುತ್ತವೆ. ಆರನೆಯ ಹೆಸರನ್ನು ಊಹಿಸಿ ಸೇರಿಸದೆ ಉಳಿಸಬೇಕು. ದುಷ್ಯಂತ ಮತ್ತು ಪರಮೇಷ್ಠಿಯ ವಂಶವನ್ನು ಪಾಂಚಾಲರೊಂದಿಗೆ, ಜಹ್ನುವಿನ ವಂಶವನ್ನು ಕೌಶಿಕರೊಂದಿಗೆ ಈ ಪಾಠ ಸಂಬಂಧಿಸುತ್ತದೆ. ಇಲ್ಲಿ ದುಷ್ಯಂತ ಎಂಬವನು ಹಿಂದಿನ ಶಕುಂತಲೆಯ ಪತಿ ದುಷ್ಯಂತನಿಗಿಂತ ಬೇರೆ ಪೀಳಿಗೆಯವನು. ಋಕ್ಷ ಮತ್ತು ರಾಥಂತರಿಯ ಮಗ ಸಂವರಣ; ಮುಂದಿನ ಕುರುವಂಶದ ಮುಖ್ಯದಾರಿ ಅವನಿಂದ ಸಾಗುತ್ತದೆ.",,66,29,38,,,pending,pending,,
240,C93-S03,"ಕುರು, ಮನಸಿನಿ ಮತ್ತು ಅಭೀಷ್ಟಂತನ ಸಂತತಿ",MAHABHARATA-2-AADIPARVA_djvu.txt lines 14132–14184,"ಸಂವರಣ ಮತ್ತು ಸೂರ್ಯಪುತ್ರಿ ತಪತಿಯ ಮಗ ಕುರು. ಅವನ ಹೆಸರು ಕುರುಜಾಂಗಲ ಪ್ರದೇಶಕ್ಕೂ ಕುರುವಂಶಕ್ಕೂ ಸಂಬಂಧಿಸಲ್ಪಡುತ್ತದೆ; ಅವನ ತಪಸ್ಸಿನಿಂದ ಕುರುಕ್ಷೇತ್ರ ಪವಿತ್ರವಾಯಿತು ಎಂದು ನಿರೂಪಣೆ ಹೇಳುತ್ತದೆ. ಕುರು ಮತ್ತು ಮನಸಿನಿಯ ಐದು ಪುತ್ರರ ಹೆಸರುಗಳು ಅಶ್ವವಂತ, ಅಭೀಷ್ಟಂತ, ದಾಂತ, ಚಿತ್ರರಥ ಮತ್ತು ಜನಮೇಜಯ. ಈ ಜನಮೇಜಯನು ಕೂಡ ಕಥೆಯನ್ನು ಕೇಳುವ ರಾಜನಿಗಿಂತ ಹಿಂದಿನ ಪೂರ್ವಜ. ಅಭೀಷ್ಟಂತನ ಎಂಟು ಮಕ್ಕಳ ಹೆಸರುಗಳು ಪರೀಕ್ಷಿತ, ಶಬಲಾಶ್ವ, ಅಧಿರಾಜ, ವಿರಾಜ, ಬಲವಾನ್, ಚಿತ್ರಶ್ರವಾ, ಧರ್ಮಕರ ಮತ್ತು ದಿತ್ವಾಹ್ಟಿ. ಇನ್ನೊಂದು ಪತ್ನಿಯಲ್ಲಿ ಶಬಲಾಶ್ವ ಮೊದಲಾದ ಏಳು ಮಕ್ಕಳು ಇದ್ದರೆಂದೂ ಪಾಠ ಹೇಳುತ್ತದೆ; ಅವರ ಉಳಿದ ಹೆಸರುಗಳನ್ನು ಇಲ್ಲಿ ನೀಡುವುದಿಲ್ಲ. ಈ ಶಾಖೆಗಳೆಲ್ಲಕ್ಕೂ ಸಮಾನವಾಗಿ ವಿಸ್ತಾರವಾದ ಮುಂದಿನ ಕಥೆ ಇಲ್ಲ ಎಂದು ನಿರೂಪಕನೇ ಸೂಚಿಸುತ್ತಾನೆ.",,76,34,43,,,pending,pending,,
241,C93-S04,ಹಳೆಯ ಪರೀಕ್ಷಿತನ ಪುತ್ರರು; ಹಳೆಯ ಧೃತರಾಷ್ಟ್ರನ ಬೇರೆ ಕುಟುಂಬ,MAHABHARATA-2-AADIPARVA_djvu.txt lines 14190–14244,"ಈ ಹಿಂದಿನ ಪರೀಕ್ಷಿತನ ಏಳು ಪುತ್ರರು ಕಕ್ಷಸೇನ, ಉಗ್ರಸೇನ, ಚಿತ್ರಸೇನ, ಶಿಶು, ಇಂದ್ರಸೇನ, ಸುಷೇಣ ಮತ್ತು ಭೀಮಸೇನ. ಮುಂದೆ ಪಾಠವು ಕುರುವಿನ ಮಗ ಜನಮೇಜಯನ ಇನ್ನೊಂದು ಶಾಖೆಗೆ ಮರಳುತ್ತದೆ. ಆ ಜನಮೇಜಯನ ಎಂಟು ಮಕ್ಕಳು ಧೃತರಾಷ್ಟ್ರ, ಪಾಂಡು, ಬಾಹ್ಲೀಕ, ನಿಷಧ, ಜಾಂಬೂನದ, ಕುಂಡೋದರ, ಪದಾತಿ ಮತ್ತು ವಸತಿ. ಈ ಧೃತರಾಷ್ಟ್ರ ಮತ್ತು ಪಾಂಡು ಪ್ರಧಾನಕಥೆಯ ಕೌರವ ಪಾಂಡವರ ತಂದೆಯರಲ್ಲ; ಇವರು ಹಿಂದಿನ ಪೂರ್ವಜರು. ಈ ಹಳೆಯ ಧೃತರಾಷ್ಟ್ರನಿಗೆ ಶುಂಡಿಕ, ಹಸ್ತೀ, ವಿಕತ್ನನ, ಕ್ರಥ ಮತ್ತು ಕುಂಡಲ ಎಂಬ ಐದು ಮಕ್ಕಳು. ಇದೇ ಧೃತರಾಷ್ಟ್ರನಿಗೆ ಅತಿನಾರ ಎಂಬ ಹೆಸರೂ ಇದೆ ಎಂದು ಕನ್ನಡ ವಿವರಣೆ ಹೇಳುತ್ತದೆ. ಅವನ ಇನ್ನೊಂದು ಪುತ್ರಪಟ್ಟಿಯಲ್ಲಿ ಪರ್ಯಶ್ರವಸ, ಶರಭ, ವಾಜಿ, ನಹುಷ, ಶುಕ ಮತ್ತು ಪುರಂಜಯ ಎಂಬ ಹೆಸರುಗಳು ಬರುತ್ತವೆ. ಪರ್ಯಶ್ರವಸನನ್ನು ಧರ್ಮಿಷ್ಠ ಮತ್ತು ಋಷಿಶ್ರೇಷ್ಠನೆಂದು ವರ್ಣಿಸಲಾಗಿದೆ.",,85,38,49,,,pending,pending,,
242,C93-S05,ಭೀಮಸೇನನಿಂದ ಪ್ರತೀಪ; ಬಾಹ್ಲೀಕನ ಇನ್ನೊಂದು ಶಾಖೆ,MAHABHARATA-2-AADIPARVA_djvu.txt lines 14247–14467,"ಹಳೆಯ ಪರೀಕ್ಷಿತನ ಮಗ ಭೀಮಸೇನನಿಗೆ ಪ್ರತೀಪ ಜನಿಸಿದನು. ಪ್ರತೀಪನ ಮೂವರು ಮಕ್ಕಳು ದೇವಾಪಿ, ಶಂತನು ಮತ್ತು ಬಾಹ್ಲೀಕ. ದೇವಾಪಿ ತಪಸ್ಸಿಗಾಗಿ ಹೊರಟನು; ಶಂತನು ಮತ್ತು ಬಾಹ್ಲೀಕ ರಾಜ್ಯಗಳನ್ನು ಪಡೆದರು. ಹೀಗೆ ಅನೇಕ ಪೀಳಿಗೆಗಳನ್ನು ದಾಟಿ ನಾವು ಶಂತನುವಿನ ಕಾಲದ ಅಂಚಿಗೆ ಬಂದಿದ್ದೇವೆ. ಈ ಅಧ್ಯಾಯದ ನಂತರ ಸೇರಿರುವ ತಾತ್ಪರ್ಯನಿರ್ಣಯದ ವಿವರಣೆ ಇನ್ನೊಂದು ಶಾಖೆಯನ್ನೂ ಹೇಳುತ್ತದೆ. ಪ್ರತೀಪಪುತ್ರ ಬಾಹ್ಲೀಕನ ಮಗ ಸೋಮದತ್ತ. ಸೋಮದತ್ತನ ಮಕ್ಕಳು ಭೂರಿ, ಭೂರಿಶ್ರವ ಮತ್ತು ಶಲ. ಈ ತಾತ್ಪರ್ಯವು ಬಾಹ್ಲೀಕನನ್ನು ಪ್ರಹ್ಲಾದನ ಅವತಾರವಾಗಿ, ಸೋಮದತ್ತನನ್ನು ಪತ್ರತಾಪ ಎಂಬ ರುದ್ರನೊಂದಿಗೆ, ಅವನ ಮೂವರು ಪುತ್ರರನ್ನು ಅಜೈಕಪಾತ್, ಅಹಿರ್ಬುಧ್ನಿ ಮತ್ತು ವಿರೂಪಾಕ್ಷ ಎಂಬ ರುದ್ರರೊಂದಿಗೆ ಸಂಬಂಧಿಸುತ್ತದೆ. ಇದು ಈ ಆವೃತ್ತಿಯಲ್ಲಿ ಸೇರಿರುವ ಧಾರ್ಮಿಕ ವ್ಯಾಖ್ಯಾನದ ಪದರ. ಕುಟುಂಬದ ಮಾನವ ಪೀಳಿಗೆ ಮತ್ತು ಈ ಅವತಾರವಿವರಣೆಯನ್ನು ಪ್ರತ್ಯೇಕವಾಗಿ ಅರಿತರೆ ಹೆಸರುಗಳ ಅರ್ಥ ಸ್ಪಷ್ಟವಾಗುತ್ತದೆ.",,86,38,49,,,pending,pending,,
243,G17-S06,"ಸಂವರಣ, ಕುರು ಮತ್ತು ಪ್ರತೀಪ",MAHABHARATA-2-AADIPARVA_djvu.txt lines 14001–14376,"ಮುಂದಿನ ವಂಶಕಥೆಯಲ್ಲಿ ಸಂವರಣನ ರಾಜ್ಯಕ್ಕೆ ಬರ, ರೋಗ ಮತ್ತು ಶತ್ರುವಿನ ದಾಳಿಯ ಸಂಕಟ ಬರುತ್ತದೆ. ರಾಜ್ಯ ಕಳೆದುಕೊಂಡ ಅವನಿಗೆ ವಸಿಷ್ಠರ ನೆರವಿನಿಂದ ಮರುಸ್ಥಾಪನೆಯ ದಾರಿ ದೊರೆಯುತ್ತದೆ. ಸಂವರಣ ಮತ್ತು ತಪತಿಯ ಪುತ್ರ ಕುರು ಈ ವಂಶಕ್ಕೆ ಮತ್ತೊಂದು ಹೆಸರು ನೀಡುತ್ತಾನೆ. ಹಲವು ಪೀಳಿಗೆಗಳ ನಂತರ ಪ್ರತೀಪನ ಪುತ್ರರಾದ ದೇವಾಪಿ, ಬಾಹ್ಲೀಕ ಮತ್ತು ಶಂತನು ಕಾಣಿಸಿಕೊಳ್ಳುತ್ತಾರೆ. ಇಲ್ಲಿನ ಭೀಮಸೇನ ಮತ್ತು ಪರೀಕ್ಷಿತ ಎಂಬ ಪೂರ್ವಜರನ್ನು ಮುಂದಿನ ಪಾಂಡವ ಭೀಮ ಅಥವಾ ಅಭಿಮನ್ಯುವಿನ ಮಗ ಪರೀಕ್ಷಿತನೊಂದಿಗೆ ಬೆರೆಸಬಾರದು.",ವೈಶಂಪಾಯನ: ಈ ಹೆಸರುಗಳು ವಂಶದಲ್ಲಿ ಮತ್ತೆ ಬರುತ್ತವೆ. ಈಗ ನಾವು ಶಂತನುವಿಗೆ ಮುಂಚಿನ ಪೀಳಿಗೆಗಳನ್ನು ಕೇಳುತ್ತಿದ್ದೇವೆ.,64,28,37,,,pending,pending,,
244,G17-S07,ಆವೃತ್ತಿಯ ತಾತ್ಪರ್ಯಕ್ಕೆ ಪ್ರತ್ಯೇಕ ಸ್ಥಾನ,MAHABHARATA-2-AADIPARVA_djvu.txt lines 14380–14532,ಇಲ್ಲಿ ಈ ಆವೃತ್ತಿ ಮಹಾಭಾರತ ತಾತ್ಪರ್ಯನಿರ್ಣಯದ ವಿವರಣೆಯನ್ನೂ ಸೇರಿಸುತ್ತದೆ. ಬಾಹ್ಲೀಕನನ್ನು ಪ್ರಹ್ಲಾದನೊಂದಿಗೆ ಮತ್ತು ಇತರ ಪಾತ್ರಗಳನ್ನು ದೈವಿಕ ಅಂಶಗಳೊಂದಿಗೆ ಸಂಪರ್ಕಿಸುವುದು ಈ ವ್ಯಾಖ್ಯಾನದ ದೃಷ್ಟಿ. ಇದು ಮೂಲ ಕಥೆಯ ನಂತರ ಬರುವ ಪ್ರತ್ಯೇಕ ವ್ಯಾಖ್ಯಾನಪದರವಾಗಿದೆ. ಈಗ ಮುಂದುವರಿಯುವ ಮಹಾಭಿಷ ಮತ್ತು ಗಂಗೆಯ ಕಥೆಗೆ ಆವೃತ್ತಿಯು ತನ್ನ ಆಧ್ಯಾತ್ಮಿಕ ಹಿನ್ನೆಲೆಯನ್ನು ನೀಡುತ್ತಿದೆ. ಈ ಸೂಚನೆಯನ್ನು ಕೇಳಿದ ನಂತರ ನಾವು ಮತ್ತೆ ವೈಶಂಪಾಯನರ ಕಥನಕ್ಕೆ ಮರಳುತ್ತೇವೆ.,ನಿರೂಪಕ: ಈ ಭಾಗವು ಆವೃತ್ತಿಯಲ್ಲಿ ಸೇರಿರುವ ಮಾಧ್ವ ತಾತ್ಪರ್ಯದ ವಿವರಣೆ. ಅದನ್ನು ಆ ಹೆಸರಿನಲ್ಲಿಯೇ ಗಮನಿಸೋಣ.,56,25,32,,,pending,pending,,
245,G17-S08,ಮಹಾಭಿಷ ಮತ್ತು ಗಂಗೆ,MAHABHARATA-2-AADIPARVA_djvu.txt lines 14535–14762,ಸ್ವರ್ಗದ ಸಭೆಯಲ್ಲಿ ಮಹಾಭಿಷನು ಗಂಗೆಯನ್ನು ನೋಡಿದ ಪ್ರಸಂಗದಿಂದ ಭೂಲೋಕಜನನದ ಶಾಪ ಬರುತ್ತದೆ. ಅವನು ಪ್ರತೀಪನ ಮಗನಾಗಿ ಜನಿಸುವ ದಾರಿ ಹಿಡಿಯುತ್ತಾನೆ. ಇದೇ ಸಮಯದಲ್ಲಿ ವಸಿಷ್ಠರ ಶಾಪಕ್ಕೆ ಒಳಗಾದ ವಸುಗಳು ಗಂಗೆಯನ್ನು ಸಂಪರ್ಕಿಸುತ್ತವೆ. ಮನುಷ್ಯರಾಗಿ ಹುಟ್ಟಿ ಶೀಘ್ರವಾಗಿ ಬಿಡುಗಡೆಯಾಗಬೇಕೆಂದು ತಾಯಿಯಾಗಲು ಕೇಳುತ್ತವೆ. ಗಂಗೆ ಒಪ್ಪುತ್ತಾಳೆ; ಆದರೆ ಒಬ್ಬ ಮಗನು ಭೂಮಿಯಲ್ಲಿ ದೀರ್ಘಕಾಲ ಉಳಿಯಬೇಕಾಗಿದೆ. ಎರಡು ಶಾಪಗಳ ದಾರಿಗಳು ಈಗ ಒಂದೇ ಕುಟುಂಬದ ಕಥೆಯಾಗಿ ಸೇರುತ್ತವೆ.,ಗಂಗೆ: ನಿಮಗೆ ತಾಯಿಯಾಗುವೆನು. ಆದರೆ ಭೂಲೋಕದಲ್ಲಿ ಉಳಿಯಬೇಕಾದ ಮಗನ ಕುರಿತು ನಿಮ್ಮ ನಿರ್ಧಾರವೂ ಸ್ಪಷ್ಟವಾಗಿರಲಿ.,55,24,31,,,pending,pending,,
246,G17-S09,ಪ್ರತೀಪನ ಮಾತು ಮತ್ತು ಶಂತನುವಿನ ಷರತ್ತು,MAHABHARATA-2-AADIPARVA_djvu.txt lines 14764–15417,"ಗಂಗೆ ಪ್ರತೀಪನನ್ನು ನದೀತೀರದಲ್ಲಿ ಸಂಧಿಸಿದಳು. ಅವಳು ಕುಳಿತ ಸ್ಥಾನವನ್ನು ಕುಟುಂಬಸಂಬಂಧದ ದೃಷ್ಟಿಯಿಂದ ವಿವರಿಸಿದ ರಾಜನು, ತನ್ನ ಮಗನ ಪತ್ನಿಯಾಗಿ ಬರುವಂತೆ ಹೇಳಿದನು. ಮುಂದೆ ಶಂತನು ಬೆಳೆದಾಗ ತಂದೆಯ ಸೂಚನೆಯನ್ನು ಕೇಳಿದನು. ಗಂಗೆಯನ್ನು ಕಂಡು ವಿವಾಹ ಕೇಳಿದಾಗ ಅವಳು ಒಂದು ಷರತ್ತು ಇಟ್ಟಳು: ತನ್ನ ಕೆಲಸಗಳನ್ನು ಅವನು ತಡೆಯಬಾರದು, ಕಟುವಾಗಿ ಪ್ರಶ್ನಿಸಬಾರದು. ಶಂತನು ಒಪ್ಪಿದನು. ತಿಳಿಯದ ಉದ್ದೇಶದ ಮೇಲೆ ಇಟ್ಟ ಆ ವಾಗ್ದಾನ ಅವನ ತಂದೆತನವನ್ನು ಕಠಿಣವಾಗಿ ಪರೀಕ್ಷಿಸಲಿದೆ.",ಗಂಗೆ: ನಾನು ಮಾಡುವ ಕಾರ್ಯವನ್ನು ನೀನು ತಡೆಯಬಾರದು. ಈ ಷರತ್ತನ್ನು ಸ್ವೀಕರಿಸಿದರೆ ನಿನ್ನೊಂದಿಗೆ ಇರುವೆನು.,58,26,33,,,pending,pending,,
247,G17-S10,ಎಂಟನೆಯ ಮಗುವಿನ ಮುಂದೆ ಮುರಿದ ಮೌನ,MAHABHARATA-2-AADIPARVA_djvu.txt lines 15511–15781,"ಗಂಗೆಗೆ ಜನಿಸಿದ ಏಳು ಮಕ್ಕಳನ್ನು ಅವಳು ನದಿಯಲ್ಲಿ ಬಿಡುತ್ತಿದ್ದಳು. ಶಂತನು ದುಃಖಪಟ್ಟರೂ ಕೊಟ್ಟ ಮಾತಿನ ಭಯದಿಂದ ತಡೆಯಲಿಲ್ಲ. ಎಂಟನೆಯ ಮಗುವನ್ನೂ ತೆಗೆದುಕೊಂಡಾಗ ಅವನ ಮೌನ ಮುರಿಯಿತು. ಮಗನನ್ನು ಉಳಿಸಬೇಕೆಂದು ಅವನು ಗಂಗೆಯನ್ನು ತಡೆದನು. ಈಗ ಅವಳು ತನ್ನ ಗುರುತನ್ನೂ ವಸುಗಳ ಶಾಪವನ್ನೂ ತಿಳಿಸಿದಳು. ಎಂಟನೆಯ ಮಗುವನ್ನು ಕೊಲ್ಲುವುದಿಲ್ಲ ಎಂದಳು. ಶಂತನು ಮಗನನ್ನು ಉಳಿಸಿದರೂ, ಷರತ್ತು ಮುರಿದ ಕಾರಣ ಗಂಗೆಯೊಂದಿಗೆ ಅವನ ಮನೆಯ ಜೀವನ ಕೊನೆಗೊಂಡಿತು.",ಶಂತನು: ಇನ್ನು ಸಾಕು. ಈ ಮಗುವನ್ನು ಉಳಿಸು. ತಾಯಿಯಾಗಿರುವ ನೀನು ಹೀಗೆ ಏಕೆ ಮಾಡುತ್ತಿರುವೆ?,56,25,32,,,pending,pending,,
248,G17-S11,ನಂದಿನಿಯ ಕಳವು ಮತ್ತು ದೀರ್ಘ ಮಾನವಜೀವನ,MAHABHARATA-2-AADIPARVA_djvu.txt lines 15966–16421,"ಶಂತನುವಿನ ಪ್ರಶ್ನೆಗೆ ಗಂಗೆ ವಸುಗಳ ಅಪರಾಧವನ್ನು ವಿವರಿಸಿದಳು. ದ್ಯುವಿನ ಪತ್ನಿ ತನ್ನ ಗೆಳತಿ ಜಿತವತಿಗಾಗಿ ವಸಿಷ್ಠರ ಗೋವು ನಂದಿನಿಯನ್ನು ಬಯಸಿದಳು. ದ್ಯು ಇತರ ವಸುಗಳ ನೆರವಿನಿಂದ ಗೋವು ಮತ್ತು ಕರುವನ್ನು ಅಪಹರಿಸಿದನು. ವಸಿಷ್ಠರು ಅವರನ್ನು ಮಾನವಜನ್ಮಕ್ಕೆ ಶಪಿಸಿದರು. ಇತರರಿಗೆ ಶೀಘ್ರ ಬಿಡುಗಡೆ ದೊರಕಿದರೂ ಪ್ರಮುಖ ಕಾರಣನಾದ ದ್ಯುವಿಗೆ ದೀರ್ಘ ಮಾನವಜೀವನ ವಿಧಿಯಾಯಿತು. ಅವನೇ ದೇವವ್ರತ, ಗಂಗಾದತ್ತ. ಅವನನ್ನು ಬೆಳೆಸಿ ಮರಳಿಸುವುದಾಗಿ ಹೇಳಿ ಗಂಗೆ ಮಗನೊಂದಿಗೆ ಹೊರಟಳು.",ಗಂಗೆ: ಈ ಮಗುವಿಗೆ ದೇವವ್ರತ ಮತ್ತು ಗಂಗಾದತ್ತ ಎಂಬ ಹೆಸರು. ಅವನು ಬೆಳೆದು ಮತ್ತೆ ನಿನ್ನ ಬಳಿಗೆ ಬರುತ್ತಾನೆ.,60,27,34,,,pending,pending,,
249,G18-S01,ಮರಳಿದ ಗಂಗಾದತ್ತ,MAHABHARATA-2-AADIPARVA_djvu.txt lines 16557–16975,ಶಂತನು ರಾಜ್ಯವನ್ನು ಪಾಲಿಸುತ್ತಿದ್ದರೂ ಗಂಗೆಯೂ ಮಗನೂ ಅವನಿಂದ ದೂರವಾಗಿದ್ದರು. ಒಂದು ದಿನ ನದಿಯ ಹರಿವು ತಡೆಯಲ್ಪಟ್ಟಿರುವುದನ್ನು ಕಂಡು ಕಾರಣ ಹುಡುಕಿದನು. ಅಲ್ಲಿ ಅಪೂರ್ವ ಬಾಣವಿದ್ಯೆ ತೋರಿಸುತ್ತಿದ್ದ ಯುವಕ ಕಾಣಿಸಿದನು. ಗಂಗೆ ಪ್ರತ್ಯಕ್ಷಳಾಗಿ ಅವನೇ ದೇವವ್ರತನೆಂದು ತಿಳಿಸಿದಳು. ಅವನು ಪಡೆದ ವಿದ್ಯಾಭ್ಯಾಸವನ್ನು ವಿವರಿಸಿ ತಂದೆಗೆ ಒಪ್ಪಿಸಿದಳು. ಶಂತನು ಸಂತೋಷದಿಂದ ಮಗನನ್ನು ಕರೆದುಕೊಂಡು ಹೋದನು. ಯುವರಾಜನಾಗಿ ದೇವವ್ರತನ ಅಭಿಷೇಕವಾದಾಗ ಕುರುವಂಶದ ಮುಂದಿನ ದಾರಿ ಸುಸ್ಥಿರವಾದಂತೆ ಕಾಣಿಸಿತು.,ಗಂಗೆ: ಇವನು ನಿನ್ನ ಮಗ ದೇವವ್ರತ. ವಿದ್ಯೆ ಮತ್ತು ಶಸ್ತ್ರಾಭ್ಯಾಸದಲ್ಲಿ ಬೆಳೆದ ಅವನನ್ನು ಈಗ ನಿನಗೆ ಒಪ್ಪಿಸುತ್ತೇನೆ.,57,25,33,,,pending,pending,,
250,G18-S02,ಯಮುನೆಯ ದೋಣಿ,MAHABHARATA-2-AADIPARVA_djvu.txt lines 16977–17160,"ಮಗನೊಂದಿಗೆ ನಾಲ್ಕು ವರ್ಷಗಳನ್ನು ಸಂತೋಷದಿಂದ ಕಳೆದ ಶಂತನು, ಒಮ್ಮೆ ಯಮುನೆಯ ತೀರಕ್ಕೆ ಬಂದನು. ಅಲ್ಲಿ ಹರಡಿದ ಸುವಾಸನೆಯ ಮೂಲ ಹುಡುಕುತ್ತಾ ಸತ್ಯವತಿಯನ್ನು ಕಂಡನು. ತಂದೆಯ ಸೂಚನೆಯಂತೆ ಜನರನ್ನು ದಾಟಿಸುವ ದೋಣಿಯನ್ನು ಅವಳು ನಡೆಸುತ್ತಿದ್ದಳು. ಅವಳನ್ನು ವಿವಾಹವಾಗಲು ಬಯಸಿದ ರಾಜನು ದಾಶರಾಜನನ್ನು ಭೇಟಿಯಾದನು. ಸತ್ಯವತಿಯ ಮಗನೇ ಮುಂದೆ ರಾಜನಾಗಬೇಕು ಎಂಬ ಷರತ್ತು ಕೇಳಿಬಂತು. ಈಗಾಗಲೇ ಯುವರಾಜನಾಗಿದ್ದ ದೇವವ್ರತನ ಹಕ್ಕನ್ನು ಮೀರುವುದಕ್ಕೆ ಶಂತನು ಸಿದ್ಧನಾಗಲಿಲ್ಲ.",ದಾಶರಾಜ: ನನ್ನ ಮಗಳಿಗೆ ಜನಿಸುವ ಮಗನೇ ನಿಮ್ಮ ನಂತರ ರಾಜ್ಯವನ್ನು ಪಡೆಯಬೇಕು. ಈ ಮಾತಿಗೆ ಒಪ್ಪುವಿರಾ?,55,24,31,,,pending,pending,,
251,G18-S03,ತಂದೆಯ ಮೌನವನ್ನು ಅರಿತ ಮಗ,MAHABHARATA-2-AADIPARVA_djvu.txt lines 17161–17410,ಅರಮನೆಗೆ ಮರಳಿದ ಶಂತನು ತನ್ನ ಆಸೆಯನ್ನು ಮರೆಮಾಡಿದರೂ ಅವನ ದುಃಖ ದೇವವ್ರತನಿಗೆ ಕಾಣಿಸಿತು. ಕಾರಣವನ್ನು ತಿಳಿಯಲು ಮಗನು ವಿಚಾರಿಸಿದನು. ಕೊನೆಗೆ ಹಿರಿಯರ ಮೂಲಕ ಸತ್ಯವತಿ ಮತ್ತು ದಾಶರಾಜನ ಷರತ್ತನ್ನು ತಿಳಿದುಕೊಂಡನು. ದೇವವ್ರತನೇ ನದೀತೀರದ ಮನೆಗೆ ಹೋದನು. ತಂದೆಯ ವಿವಾಹಕ್ಕಾಗಿ ತನ್ನ ರಾಜ್ಯಾಧಿಕಾರವನ್ನು ತ್ಯಜಿಸುವುದಾಗಿ ಹೇಳಿದನು. ಆದರೆ ದಾಶರಾಜನಿಗೆ ಇನ್ನೂ ಒಂದು ಭಯವಿತ್ತು: ದೇವವ್ರತನ ಮಕ್ಕಳೇ ಮುಂದೆ ಸತ್ಯವತಿಯ ಮಕ್ಕಳಿಗೆ ಸವಾಲಾದರೆ ಏನು?,ದೇವವ್ರತ: ನಾನು ರಾಜ್ಯದ ಹಕ್ಕನ್ನು ಬಿಡುತ್ತೇನೆ. ಸತ್ಯವತಿಯ ಮಗನೇ ರಾಜನಾಗಲಿ; ಇದಕ್ಕೆ ನನ್ನ ವಿರೋಧವಿರುವುದಿಲ್ಲ.,54,24,31,,,pending,pending,,
252,G18-S04,ಭೀಷಣ ಪ್ರತಿಜ್ಞೆ,MAHABHARATA-2-AADIPARVA_djvu.txt lines 17411–17662,ದಾಶರಾಜನ ಪ್ರಶ್ನೆಗೆ ದೇವವ್ರತನು ತನ್ನ ಬದುಕನ್ನೇ ಬದಲಿಸುವ ಉತ್ತರ ಕೊಟ್ಟನು. ಜೀವಮಾನವೆಲ್ಲ ಬ್ರಹ್ಮಚರ್ಯವನ್ನು ಪಾಲಿಸಿ ಸಂತಾನ ಪಡೆಯುವುದಿಲ್ಲ ಎಂದು ಪ್ರತಿಜ್ಞೆ ಮಾಡಿದನು. ತನ್ನ ಮಕ್ಕಳಿಂದಲೂ ಸತ್ಯವತಿಯ ವಂಶಕ್ಕೆ ಅಪಾಯವಿರುವುದಿಲ್ಲವೆಂದು ಖಚಿತಪಡಿಸಿದನು. ಆ ಭೀಷಣ ವ್ರತದಿಂದ ಅವನು ಭೀಷ್ಮನೆಂದು ಪ್ರಸಿದ್ಧನಾದನು. ತಂದೆಯ ಒಂದು ಆಸೆಗೆ ಪರಿಹಾರ ಸಿಕ್ಕಿತು; ಆದರೆ ಕುರುವಂಶದ ಭವಿಷ್ಯದ ಉತ್ತರಾಧಿಕಾರಕ್ಕೆ ದೇವವ್ರತನು ಶಾಶ್ವತವಾಗಿ ತನ್ನ ದಾರಿಯನ್ನು ಮುಚ್ಚಿಕೊಂಡನು. ಮುಂದಿನ ಸಂಕಟಗಳಲ್ಲೂ ಅವನು ಈ ಮಾತನ್ನು ಮೀರುವುದಿಲ್ಲ.,ದೇವವ್ರತ: ನಾನು ಆಜನ್ಮ ಬ್ರಹ್ಮಚರ್ಯವನ್ನು ಸ್ವೀಕರಿಸುತ್ತೇನೆ. ನನ್ನಿಂದ ಸಂತಾನವೇ ಇರುವುದಿಲ್ಲ; ರಾಜ್ಯಕ್ಕಾಗಿ ನನ್ನ ವಂಶ ಸ್ಪರ್ಧಿಸುವುದಿಲ್ಲ.,59,26,34,,,pending,pending,,
253,G18-S05,ವರ ಮತ್ತು ಹೊಸ ರಾಜಕುಟುಂಬ,MAHABHARATA-2-AADIPARVA_djvu.txt lines 17665–17994,ಸತ್ಯವತಿಯ ವಿವಾಹ ನೆರವೇರಿದಾಗ ಶಂತನು ಮಗನ ತ್ಯಾಗವನ್ನು ಅರಿತನು. ಅವನಿಗೆ ತನ್ನ ಇಚ್ಛೆಯ ಕಾಲದಲ್ಲಿ ಮರಣವನ್ನು ಸ್ವೀಕರಿಸುವ ವರವನ್ನು ನೀಡಿದನು. ಸತ್ಯವತಿಗೆ ಚಿತ್ರಾಂಗದ ಮತ್ತು ವಿಚಿತ್ರವೀರ್ಯ ಜನಿಸಿದರು. ಶಂತನುವಿನ ನಂತರ ಚಿತ್ರಾಂಗದನು ರಾಜ್ಯವನ್ನು ಪಡೆದನು; ಆದರೆ ಅದೇ ಹೆಸರಿನ ಗಂಧರ್ವನೊಂದಿಗೆ ನಡೆದ ಸಂಘರ್ಷದಲ್ಲಿ ಅವನು ಮರಣಹೊಂದಿದನು. ನಂತರ ವಿಚಿತ್ರವೀರ್ಯನು ರಾಜನಾದನು. ಭೀಷ್ಮನು ತನ್ನ ಸ್ಥಾನವನ್ನು ಕಾಪಾಡಿಕೊಂಡೇ ಕಿರಿಯ ಸಹೋದರನ ರಾಜ್ಯವನ್ನು ನಡೆಸಲು ನೆರವಾದನು.,ಶಂತನು: ನೀನು ಬಯಸುವ ಕಾಲದವರೆಗೆ ಮರಣವು ನಿನ್ನನ್ನು ವಶಪಡಿಸಿಕೊಳ್ಳದಿರಲಿ.,51,23,29,,,pending,pending,,
254,G18-S06,ಕಾಶಿಯ ಮೂವರು ಕನ್ಯೆಯರು,MAHABHARATA-2-AADIPARVA_djvu.txt lines 18126–18480,"ವಿಚಿತ್ರವೀರ್ಯನ ವಿವಾಹಕ್ಕಾಗಿ ಭೀಷ್ಮನು ಕಾಶಿಯ ಸ್ವಯಂವರಕ್ಕೆ ಹೋದನು. ಅಂಬೆ, ಅಂಬಿಕೆ ಮತ್ತು ಅಂಬಾಲಿಕೆ ಅಲ್ಲಿದ್ದ ಮೂವರು ರಾಜಕುಮಾರಿಯರು. ರಾಜರ ವಿರೋಧದ ನಡುವೆ ಭೀಷ್ಮನು ಅವರನ್ನು ರಥದಲ್ಲಿ ಕರೆದುಕೊಂಡು ಹೊರಟನು. ಪ್ರತಿರೋಧಿಸಿದ ರಾಜರನ್ನು ಎದುರಿಸಿ ಹಸ್ತಿನಪುರದ ದಾರಿಗೆ ಸಾಗಿದನು. ಆ ಜಯದೊಳಗೆ ರಾಜಕುಮಾರಿಯರ ಒಪ್ಪಿಗೆಯ ಪ್ರಶ್ನೆ ಉಳಿದಿತ್ತು. ರಾಜಕುಮಾರಿಯರ ಸ್ವಂತ ಮನಸ್ಸು, ವಿಶೇಷವಾಗಿ ಅಂಬೆಯ ಮೊದಲಿನ ಆಯ್ಕೆ, ಇನ್ನೂ ಭೀಷ್ಮನಿಗೆ ತಿಳಿದಿರಲಿಲ್ಲ.",ನಿರೂಪಕ: ಮೂವರು ಸಹೋದರಿಯರ ಮುಖಗಳನ್ನು ಪ್ರತ್ಯೇಕವಾಗಿ ಗಮನಿಸಿ. ಮುಂದೆ ಅವರ ಬದುಕುಗಳು ಒಂದೇ ದಾರಿಯಲ್ಲಿ ಸಾಗುವುದಿಲ್ಲ.,54,24,31,,,pending,pending,,
255,G18-S07,ಅಂಬೆ ಹೇಳಿದ ಆಯ್ಕೆ,MAHABHARATA-2-AADIPARVA_djvu.txt lines 18481–19075,ಹಸ್ತಿನಪುರದಲ್ಲಿ ಅಂಬೆ ತನ್ನ ಮನಸ್ಸು ಸಾಲ್ವನಲ್ಲಿದೆ ಎಂದು ತಿಳಿಸಿದಳು. ಅವನೂ ತನ್ನನ್ನು ಬಯಸಿದ್ದಾನೆ ಎಂದಳು. ವಿಚಾರಿಸಿದ ಭೀಷ್ಮನು ಅವಳನ್ನು ಸಾಲ್ವನ ಬಳಿಗೆ ಕಳುಹಿಸಿದನು. ಆದರೆ ಸಾಲ್ವನು ಭೀಷ್ಮನಿಂದ ಗೆಲ್ಲಲ್ಪಟ್ಟು ಕರೆತರಲ್ಪಟ್ಟವಳನ್ನು ಸ್ವೀಕರಿಸುವುದಿಲ್ಲವೆಂದನು. ಅಂಬೆಯ ಪ್ರೀತಿ ಮತ್ತು ವಿವರಣೆ ಅವನ ನಿರಾಕರಣೆಯನ್ನು ಬದಲಿಸಲಿಲ್ಲ. ಮರಳಿ ಬಂದ ಅವಳಿಗೆ ಭೀಷ್ಮನ ವ್ರತ ಮತ್ತೊಂದು ಮುಚ್ಚಿದ ಬಾಗಿಲಾಯಿತು. ತನ್ನ ಇಚ್ಛೆಯ ಜೀವನದಿಂದ ದೂರ ತಳ್ಳಲ್ಪಟ್ಟವಳು ಈಗ ನ್ಯಾಯ ಮತ್ತು ಪ್ರತಿಕಾರದ ದಾರಿಯನ್ನು ಹುಡುಕಿದಳು.,ಅಂಬೆ: ನನ್ನ ಮನಸ್ಸು ಮೊದಲೇ ಸಾಲ್ವನನ್ನು ಆರಿಸಿದೆ. ನನ್ನ ಆಯ್ಕೆಯ ಮಾತನ್ನು ನೀವು ಈಗ ಕೇಳಬೇಕು.,60,27,34,,,pending,pending,,
256,G18-S08,ಮಾಲೆಯೊಂದಿಗೆ ಅಲೆದ ಅಂಬೆ,MAHABHARATA-2-AADIPARVA_djvu.txt lines 19280–19462,ಅಂಬೆ ತನ್ನಿಗೆ ರಕ್ಷಣೆ ಮತ್ತು ನ್ಯಾಯ ನೀಡಬಲ್ಲ ರಾಜರನ್ನು ಹುಡುಕುತ್ತಾ ಅಲೆದಳು. ಭೀಷ್ಮನ ವಿರುದ್ಧ ನಿಲ್ಲುವ ಭಯದಿಂದ ಅನೇಕರು ಹಿಂದೆ ಸರಿದರು. ಈ ಪಾಠವು ಅವಳ ಮಾಲೆಯನ್ನು ಧರಿಸುವವನು ಭೀಷ್ಮನ ಅಂತ್ಯಕ್ಕೆ ಕಾರಣನಾಗುವನೆಂಬ ಪ್ರಸಂಗವನ್ನು ಹೇಳುತ್ತದೆ. ಪಾಂಚಾಲದ ರಾಜನ ಬಳಿಯೂ ಸಹಾಯ ದೊರೆಯಲಿಲ್ಲ. ಕೊನೆಗೆ ಅವಳು ಮಾಲೆಯನ್ನು ಅರಮನೆಯ ಬಾಗಿಲಲ್ಲಿ ಬಿಟ್ಟುಹೋದಳು. ಬಾಗಿಲು ಮುಚ್ಚಿದರೂ ಅವಳ ದೂರಿನ ಗುರುತು ಅಲ್ಲಿಯೇ ಉಳಿಯಿತು.,"ಅಂಬೆ: ನನ್ನ ಮಾತನ್ನು ಕೇಳಿ ಯಾರೂ ರಕ್ಷಣೆ ನೀಡದಿದ್ದರೆ, ರಾಜರ ಬಲ ಯಾರಿಗಾಗಿ ಉಳಿದಿದೆ?",54,24,31,,,pending,pending,,
257,G18-S09,ಶಿಖಂಡಿಯ ಹೊಸ ಸ್ಥಿತಿ,MAHABHARATA-2-AADIPARVA_djvu.txt lines 19463–19572,"ದ್ರುಪದನ ಮನೆಯಲ್ಲಿ ಶಿಖಂಡಿ ಆ ಮಾಲೆಯನ್ನು ಧರಿಸಿದ ಪ್ರಸಂಗ ಮುಂದುವರಿಯುತ್ತದೆ. ತಂದೆಯ ಭಯ ಮತ್ತು ದೂರವಾಗುವಿಕೆಯಿಂದ ಶಿಖಂಡಿ ಗಂಗಾದ್ವಾರದ ಕಡೆ ಹೊರಡುತ್ತಾನೆ. ಅಲ್ಲಿನ ಋಷಿಯ ಮಾರ್ಗದರ್ಶನ ಮತ್ತು ಗಂಧರ್ವನ ಸಹಾಯದಿಂದ ಪುರುಷಭಾವವನ್ನು ಪಡೆಯುವ ಕಥೆಯನ್ನು ಈ ಪಾಠ ಹೇಳುತ್ತದೆ. ಇದು ಸಾಮಾನ್ಯ ಯಕ್ಷನ ವಿನಿಮಯದ ಜನಪ್ರಿಯ ನಿರೂಪಣೆಯಂತೆ ಎಲ್ಲೆಡೆ ಒಂದೇ ಆಗಿಲ್ಲ. ಪುನಃ ಪಾಂಚಾಲಕ್ಕೆ ಮರಳಿದ ಶಿಖಂಡಿ, ಭೀಷ್ಮನ ಭಯದಿಂದ ಹಿಂದೆ ಸರಿಯಬೇಕಿಲ್ಲವೆಂದು ತಂದೆಗೆ ಹೇಳುತ್ತಾನೆ.",ಶಿಖಂಡಿ: ನಾನು ಹಿಂದಿರುಗಿದ್ದೇನೆ. ಭೀಷ್ಮನ ಭಯದಿಂದ ಇನ್ನು ನನ್ನನ್ನು ದೂರಮಾಡಬೇಡಿ.,54,24,31,,,pending,pending,,
258,G18-S10,ತಾತ್ಪರ್ಯದ ಮತ್ತೊಂದು ನಿರೂಪಣೆ,MAHABHARATA-2-AADIPARVA_djvu.txt lines 19079–19276,"ಈ ಘಟನೆಯ ಬಳಿ ಸೇರಿರುವ ಮಾಧ್ವ ತಾತ್ಪರ್ಯನಿರ್ಣಯವು ಅಂಬೆಯ ಮುಂದಿನ ಬದುಕನ್ನು ಇನ್ನೊಂದು ಕ್ರಮದಲ್ಲಿ ವಿವರಿಸುತ್ತದೆ. ಅದರ ಪ್ರಕಾರ ಶಿವನು ಅವಳಿಗೆ ಭೀಷ್ಮನ ಮರಣಕ್ಕೆ ಕಾರಣಳಾಗುವ ವರ ಮತ್ತು ಒಂದು ಮಾಲೆಯನ್ನು ನೀಡಿದನು. ಭೀಷ್ಮನ ಭಯದಿಂದ ರಾಜರು ಮಾಲೆಯನ್ನು ಸ್ವೀಕರಿಸಲಿಲ್ಲ. ಅಂಬೆ ಅದನ್ನು ದ್ರುಪದನ ಅರಮನೆಯ ದ್ವಾರದಲ್ಲಿಟ್ಟು ದೇಹತ್ಯಾಗ ಮಾಡಿದಳು. ದ್ರುಪದನ ತಪಸ್ಸಿಗೆ ಶಿವನು ಹೆಣ್ಣುಮಗು ಮುಂದೆ ಪುರುಷನಾಗುವ ವರ ಕೊಟ್ಟನು; ಅಂಬೆ ಶಿಖಂಡಿನಿಯಾಗಿ ಜನಿಸಿದಳು. ದ್ರುಪದನು ಅವಳನ್ನು ಗಂಡುಮಗನಂತೆ ಬೆಳೆಸಿ ಹಿರಣ್ಯವರ್ಮನ ಮಗಳೊಂದಿಗೆ ವಿವಾಹ ಮಾಡಿಸಿದನು. ವಿಷಯ ತಿಳಿದ ಹಿರಣ್ಯವರ್ಮನು ಸೈನ್ಯದೊಂದಿಗೆ ಹೊರಟಾಗ, ತನ್ನಿಂದ ತಂದೆತಾಯಿಗಳಿಗೆ ಅಪಾಯ ಬರಬಾರದೆಂದು ಶಿಖಂಡಿನಿ ಕಾಡಿಗೆ ಹೋದಳು. ಅಲ್ಲಿ ಸ್ಥೂಣಾಕರ್ಣನೆಂದೂ ಕರೆಯಲ್ಪಡುವ ತುಂಬುರು ಗಂಧರ್ವನು ಅವಳ ಸಂಕಟವನ್ನು ಕೇಳಿ ಶರೀರಗಳನ್ನು ಪರಸ್ಪರ ವಿನಿಮಯ ಮಾಡಿಕೊಂಡನು. ಕುಬೇರನು ಬಂದಾಗ ತುಂಬುರು ಎದ್ದು ಸ್ವಾಗತಿಸದೆ ಅಡಗಿದುದರಿಂದ, ಯುದ್ಧದಲ್ಲಿ ಶಿಖಂಡಿಯ ಅಂತ್ಯವಾಗುವವರೆಗೆ ಅದೇ ರೂಪದಲ್ಲಿ ಉಳಿಯುವ ಶಾಪವನ್ನು ಪಡೆದನು. ಶಿಖಂಡಿ ಮನೆಗೆ ಮರಳಿ ನಡೆದದ್ದನ್ನು ತಿಳಿಸಿದನು; ಹಿರಣ್ಯವರ್ಮನ ಪರೀಕ್ಷೆಯ ನಂತರ ರಾಜಕುಟುಂಬಗಳ ಸಂಘರ್ಷ ನಿಂತಿತು. ಈ ತಾತ್ಪರ್ಯದಲ್ಲಿ ಗಂಧರ್ವನ ಅಂಶ ಮತ್ತು ಶರೀರಪ್ರವೇಶದ ವಿಶೇಷ ವಿವರಣೆಯೂ ಇದೆ. ಅಂಬೆಯ ಮುಂದಿನ ಬದುಕಿನ ಈ ವಿವರಣೆಯನ್ನು ಮುಗಿಸಿ, ಕಥೆ ಈಗ ವಿಚಿತ್ರವೀರ್ಯನ ಕಾಲಕ್ಕೆ ಮರಳುತ್ತದೆ.",,124,55,71,,,pending,pending,,
259,G18-S11,ಸಂತಾನವಿಲ್ಲದ ಅರಮನೆ,MAHABHARATA-2-AADIPARVA_djvu.txt lines 19579–19887,ವಿಚಿತ್ರವೀರ್ಯನು ಅಂಬಿಕೆ ಮತ್ತು ಅಂಬಾಲಿಕೆಯನ್ನು ವಿವಾಹವಾದನು. ಆದರೆ ಕೆಲವು ವರ್ಷಗಳ ನಂತರ ಕಾಯಿಲೆಯಿಂದ ಮರಣಹೊಂದಿದನು; ಅವನಿಗೆ ಸಂತಾನ ಇರಲಿಲ್ಲ. ಸತ್ಯವತಿಗೆ ಕುರುವಂಶದ ಮುಂದಿನ ದಾರಿ ಕಾಣಿಸಲಿಲ್ಲ. ಭೀಷ್ಮನೇ ವಂಶವನ್ನು ಮುಂದುವರಿಸಬೇಕೆಂದು ಕೇಳಿದಳು. ಭೀಷ್ಮನು ತನ್ನ ಪ್ರತಿಜ್ಞೆಯನ್ನು ನೆನಪಿಸಿ ನಿರಾಕರಿಸಿದನು. ತಂದೆಯ ವಿವಾಹಕ್ಕೆ ಪರಿಹಾರವಾಗಿದ್ದ ವ್ರತವು ಈಗ ತಾಯಿಯ ಮುಂದೆ ಮತ್ತೊಂದು ಸಂಕಟವಾಗಿ ನಿಂತಿತು. ಇಬ್ಬರೂ ಬೇರೆ ಮಾರ್ಗವನ್ನು ಹುಡುಕಬೇಕಾಯಿತು.,ಭೀಷ್ಮ: ನಾನು ಕೊಟ್ಟ ವಚನವನ್ನು ಮೀರುವುದಿಲ್ಲ. ಆದರೆ ವಂಶವನ್ನು ಉಳಿಸಲು ಬೇರೆ ಮಾರ್ಗವನ್ನು ವಿಚಾರಿಸೋಣ.,52,23,30,,,pending,pending,,
260,G18-S12,ದೀರ್ಘತಮಸರ ಪೂರ್ವಕಥೆ,MAHABHARATA-2-AADIPARVA_djvu.txt lines 19894–20450,"ಸತ್ಯವತಿಗೆ ತನ್ನ ವ್ರತವನ್ನು ಮುರಿಯದೆ ವಂಶದ ಸಂಕಟಕ್ಕೆ ಉತ್ತರ ಕೊಡಬೇಕೆಂದು ಭೀಷ್ಮನು ಯೋಚಿಸಿದನು. ಹಿಂದೆ ಇಂತಹ ಆಪತ್ತಿನಲ್ಲಿ ಅನುಸರಿಸಿದ ಮಾರ್ಗಗಳಿವೆ ಎಂದು ಹೇಳಿದನು. ಅವುಗಳಲ್ಲಿ ದೀರ್ಘತಮಸ ಋಷಿಯ ಕುಟುಂಬದ ಕಥೆಯೂ ಒಂದು. ಆ ಪೂರ್ವಕಥೆಯಲ್ಲಿ ಸಂತಾನದ ಪ್ರಶ್ನೆಯೊಂದಿಗೆ ಒಪ್ಪಿಗೆ, ಕುಟುಂಬದ ಪೋಷಣೆ ಮತ್ತು ತೊರೆಯಲ್ಪಟ್ಟವನ ಬದುಕಿನ ನೋವೂ ಸೇರಿವೆ. ಭೀಷ್ಮನು ಆ ಕಥೆಯನ್ನು ವಿವರಿಸತೊಡಗಿದನು.",ಭೀಷ್ಮ: ಸಂಕಟದಲ್ಲಿ ವಂಶವನ್ನು ಉಳಿಸಿದ ಹಿಂದಿನ ಉದಾಹರಣೆಗಳಿವೆ. ಯೋಗ್ಯನೊಬ್ಬನ ನೆರವನ್ನು ಪಡೆದು ಮಾರ್ಗ ಕಂಡುಕೊಳ್ಳಬಹುದು.,49,22,28,,,pending,pending,,
261,V2201-S01,ಭೀಷ್ಮನು ಹೇಳಿದ ಆಪತ್ತಿನ ಪೂರ್ವನಿದರ್ಶನ,MAHABHARATA-2-AADIPARVA_djvu.txt lines 19894–19993,ಸತ್ಯವತಿಯ ದುಃಖವನ್ನು ಕಂಡ ಭೀಷ್ಮನು ತಾನು ಮಾಡಿದ ವ್ರತವನ್ನು ಉಳಿಸಬೇಕಾದ ಕಾರಣವನ್ನು ವಿವರಿಸಿದನು. ಅದೇ ಸಮಯದಲ್ಲಿ ಶಂತನುವಿನ ವಂಶವನ್ನು ಮುಂದುವರಿಸುವ ಹಳೆಯ ಮಾರ್ಗವನ್ನೂ ಹೇಳುವುದಾಗಿ ತಿಳಿಸಿದನು. ಅದನ್ನು ಕೇಳಿ ಆಪದ್ಧರ್ಮವನ್ನು ಬಲ್ಲ ಪುರೋಹಿತರೊಂದಿಗೆ ವಿಚಾರಿಸಿ ನಿರ್ಧರಿಸಬೇಕೆಂದನು. ತಂದೆಯ ವಧೆಯಿಂದ ಕೋಪಗೊಂಡ ಪರಶುರಾಮನು ಕಾರ್ತವೀರ್ಯಾರ್ಜುನನನ್ನು ಕೊಂದು ಇಪ್ಪತ್ತೊಂದು ಬಾರಿ ಕ್ಷತ್ರಿಯಸಂಹಾರ ಮಾಡಿದ ಪ್ರಸಂಗವನ್ನು ಅವನು ನೆನಪಿಸಿದನು. ಆ ನಾಶದ ಬಳಿಕ ಕ್ಷತ್ರಿಯಸ್ತ್ರೀಯರು ಬ್ರಾಹ್ಮಣರ ಮೂಲಕ ಸಂತಾನ ಪಡೆದು ವಂಶಗಳನ್ನು ಮತ್ತೆ ಬೆಳೆಸಿದರೆಂದು ಹೇಳಿದನು. ದತ್ತಪುತ್ರನೂ ವಂಶಕ್ಕೆ ನೆರವಾಗುವನೆಂಬ ಧಾರ್ಮಿಕ ವಾದವನ್ನೂ ಸೇರಿಸಿದನು. ಇವೆಲ್ಲವೂ ಭೀಷ್ಮನು ಆ ಕಾಲದ ವಂಶರಕ್ಷಣೆಯ ಸಂಕಟಕ್ಕೆ ಕೊಡುವ ಪೂರ್ವನಿದರ್ಶನಗಳು.,,65,29,37,,,pending,pending,,
262,V2201-S02,ಮಮತೆಯ ನಿರಾಕರಣೆ ಮತ್ತು ಮಗುವಿನ ಶಾಪ,MAHABHARATA-2-AADIPARVA_djvu.txt lines 19996–20091,"ಭೀಷ್ಮನು ನಂತರ ಉಚಥ್ಯ ಎಂಬ ಋಷಿ ಮತ್ತು ಅವರ ಪತ್ನಿ ಮಮತೆಯ ಕಥೆಗೆ ಬಂದನು. ಉಚಥ್ಯರ ತಮ್ಮ ಬೃಹಸ್ಪತಿ ಮಮತೆಯನ್ನು ಬಯಸಿದಾಗ, ತಾನು ಈಗಾಗಲೇ ಅವರ ಅಣ್ಣನ ಮಗುವನ್ನು ಗರ್ಭದಲ್ಲಿ ಹೊತ್ತಿರುವುದಾಗಿ ಅವಳು ತಿಳಿಸಿದಳು. ಗರ್ಭದಲ್ಲಿನ ಮಗು ವೇದವನ್ನು ಅರಿತಿದೆ; ಪರಿಸ್ಥಿತಿಯನ್ನು ತಿಳಿದು ಯುಕ್ತವಾಗಿ ನಡೆಯಬೇಕೆಂದು ಬೇಡಿಕೊಂಡಳು. ಆದರೂ ಬೃಹಸ್ಪತಿ ಅವಳ ಇಚ್ಛೆಗೆ ವಿರುದ್ಧವಾಗಿ ಸಮಾಗಮ ಮಾಡಿದರೆಂದು ಪಾಠ ಸ್ಪಷ್ಟವಾಗಿ ಹೇಳುತ್ತದೆ. ಗರ್ಭದಲ್ಲಿದ್ದ ಮಗು ಇಲ್ಲಿ ಇಬ್ಬರಿಗೆ ಸ್ಥಳವಿಲ್ಲವೆಂದು ವಿರೋಧಿಸಿತು. ಆ ವಿರೋಧಕ್ಕೆ ಕೋಪಗೊಂಡ ಬೃಹಸ್ಪತಿ ಮಗುವಿಗೆ ಅಂಧತ್ವದ ಶಾಪ ಕೊಟ್ಟನು. ಹೀಗೆ ಜನಿಸಿದ ದೀರ್ಘತಮಸರು ದೃಷ್ಟಿಯನ್ನು ಕಳೆದುಕೊಂಡಿದ್ದರೂ ವೇದಜ್ಞಾನ ಮತ್ತು ಸಾಮರ್ಥ್ಯವನ್ನು ಹೊಂದಿದ ಋಷಿಯಾದರು. ತಾಯಿಯ ನಿರಾಕರಣೆಯನ್ನು ಮೀರಿ ನಡೆದ ಕೃತ್ಯ ಮತ್ತು ವಿರೋಧಿಸಿದ ಮಗುವಿಗೆ ಬಿದ್ದ ಶಿಕ್ಷೆ ಈ ಜನ್ಮಕಥೆಯ ನೋವು.",,81,36,46,,,pending,pending,,
263,V2201-S03,"ವಿದ್ಯೆ, ವಿವಾಹ ಮತ್ತು ಮನೆಯ ಭಾರ",MAHABHARATA-2-AADIPARVA_djvu.txt lines 20092–20130,"ಹುಟ್ಟಿನಿಂದ ಅಂಧರಾದ ದೀರ್ಘತಮಸರು ತಮ್ಮ ವಿದ್ಯೆಯ ಬಲದಿಂದ ವಿವಾಹವಾದರು. ಪತ್ನಿಯ ಹೆಸರನ್ನು ಈ ಪಾಠದಲ್ಲಿ ದ್ವಿಷಂತೀ ಎಂದೂ ಮುಂದಿನ ಸಾಲುಗಳಲ್ಲಿ ಪ್ರದ್ದ್ವಿಷಂತೀಗೆ ಸಮೀಪವಾದ ರೂಪದಲ್ಲೂ ನೀಡಲಾಗಿದೆ. ಅವರ ಮನೆಯಲ್ಲಿ ಗೌತಮ ಮೊದಲಾದ ಮಕ್ಕಳು ಜನಿಸಿದರು. ಆದರೆ ಕುಟುಂಬದ ಬದುಕು ಶಾಂತವಾಗಿರಲಿಲ್ಲ. ತನ್ನನ್ನು ಏಕೆ ದ್ವೇಷಿಸುತ್ತೀಯೆಂದು ಋಷಿ ಕೇಳಿದಾಗ ಪತ್ನಿ ಮನೆಯ ಪೋಷಣೆಯ ಭಾರವನ್ನು ಮುಂದಿಟ್ಟಳು. ಪೋಷಿಸುವವನಿಗೆ ಭರ್ತಾ, ಕಾಪಾಡುವವನಿಗೆ ಪತಿ ಎಂಬ ಹೆಸರು ಬರುತ್ತದೆ; ಆದರೆ ಇಲ್ಲಿ ತಾನೂ ಮಕ್ಕಳೂ ಅವರ ಪೋಷಣೆಗೆ ನಿರಂತರವಾಗಿ ಶ್ರಮಿಸಿ ಬಳಲಿದ್ದೇವೆ ಎಂದಳು. ಇನ್ನು ಇದೇ ರೀತಿಯಲ್ಲಿ ಹೊಣೆಯನ್ನು ಹೊರುವುದಿಲ್ಲವೆಂದು ಹೇಳಿದಳು. ಋಷಿಯ ವಿದ್ಯೆ ಮತ್ತು ಮನೆಯೊಳಗಿನ ಪರಿಶ್ರಮದ ಅನುಭವ ಒಂದಕ್ಕೊಂದು ಉತ್ತರವಾಗದೆ, ಅವರ ಮಾತುಕತೆ ಕಹಿಯಾಯಿತು.",,73,32,42,,,pending,pending,,
264,V2201-S04,ಕೋಪದ ಮಾತಿನಿಂದ ಕಟ್ಟಿದ ನಿಯಮ,MAHABHARATA-2-AADIPARVA_djvu.txt lines 20133–20186,"ಪತ್ನಿಯ ಉತ್ತರದಿಂದ ದೀರ್ಘತಮಸರು ಕೋಪಗೊಂಡರು. ಧನ ಮತ್ತು ರಾಜನ ಮನೆಯ ಬಗ್ಗೆ ಅವರ ಮುಂದಿನ ಮಾತು ಬಂದಾಗ, ಪತ್ನಿ ದುಃಖವನ್ನು ತರುವ ಧನ ತನಗೆ ಬೇಡವೆಂದು ತಿರಸ್ಕರಿಸಿದಳು. ಹಿಂದಿನಂತೆ ಪೋಷಿಸುವುದಿಲ್ಲ ಎಂಬ ನಿರ್ಧಾರವನ್ನು ಮತ್ತೆ ಹೇಳಿದಳು. ಆಗ ಋಷಿ ಜೀವಮಾನದಲ್ಲಿ ಒಬ್ಬ ಪತಿಯೇ ಪತ್ನಿಯ ಆಶ್ರಯವಾಗಿರಬೇಕೆಂದೂ, ಅವನು ಬದುಕಿದ್ದರೂ ಸತ್ತಿದ್ದರೂ ಬೇರೆ ಪುರುಷನನ್ನು ಸೇರುವವಳು ಪತಿತಳಾಗುವಳೆಂದೂ ಘೋಷಿಸಿದರು. ಪತಿಯಿಲ್ಲದ ಸ್ತ್ರೀಯರ ಧನವು ವ್ಯರ್ಥವಾಗಿ ಹೋಗಲಿ, ಅವರಿಗೆ ಅಪಕೀರ್ತಿ ಉಂಟಾಗಲಿ ಎಂಬ ಕಠೋರ ಮಾತುಗಳನ್ನೂ ಹೇಳಿದರು. ಇದು ಮನೆಯ ಜಗಳದ ಮಧ್ಯೆ ದೀರ್ಘತಮಸರು ಕೋಪದಿಂದ ಪ್ರಕಟಿಸಿದ ನಿಯಮವೆಂದು ಕಥೆ ನಿರೂಪಿಸುತ್ತದೆ. ಆ ಮಾತುಗಳನ್ನು ಕೇಳಿ ಇನ್ನಷ್ಟು ಕೋಪಗೊಂಡ ಪತ್ನಿ, ಋಷಿಯನ್ನು ಗಂಗೆಗೆ ಕರೆದುಕೊಂಡು ಹೋಗಿ ಬಿಟ್ಟುಬರುವಂತೆ ಮಕ್ಕಳಿಗೆ ಹೇಳಿದಳು.",,76,34,43,,,pending,pending,,
265,V2201-S05,ತೆಪ್ಪದಲ್ಲಿ ತೊರೆದ ತಂದೆ,MAHABHARATA-2-AADIPARVA_djvu.txt lines 20187–20219,ಗೌತಮ ಮೊದಲಾದ ಮಕ್ಕಳು ತಾಯಿಯ ಮಾತಿಗೆ ತಕ್ಕಂತೆ ಕಟ್ಟಿಗೆಗಳಿಂದ ಒಂದು ತೆಪ್ಪವನ್ನು ಮಾಡಿದರು. ವೃದ್ಧನಾದ ಅಂಧ ತಂದೆಯನ್ನು ಅದರಲ್ಲಿ ಕುಳ್ಳಿರಿಸಿ ಗಂಗೆಯಲ್ಲಿ ತೇಲಿಬಿಟ್ಟರು. ಇನ್ನು ಅವರನ್ನು ಸಾಕುವ ಹೊಣೆ ತಮಗಿರುವುದಿಲ್ಲ ಎಂಬ ಆಲೋಚನೆಯೇ ಮಕ್ಕಳನ್ನು ಈ ಕ್ರೂರಕಾರ್ಯಕ್ಕೆ ಒಯ್ಯಿತೆಂದು ಭೀಷ್ಮನ ಕಥೆ ಹೇಳುತ್ತದೆ. ತಂದೆಯ ಸುರಕ್ಷತೆಯನ್ನು ಖಚಿತಪಡಿಸದೆ ಅವರು ಮನೆಗೆ ಮರಳಿದರು. ದೀರ್ಘತಮಸರು ಮಾತ್ರ ಪ್ರವಾಹದೊಂದಿಗೆ ಸಾಗಿದರು. ನದಿಯ ದಡಗಳು ಬದಲಾದವು; ಅನೇಕ ದೇಶಗಳನ್ನು ದಾಟುತ್ತಾ ತೆಪ್ಪ ಮುಂದೆ ಹೋಯಿತು. ಅವರ ಕೈಯಲ್ಲಿ ದೃಷ್ಟಿಯೂ ದಿಕ್ಕಿನ ನಿಯಂತ್ರಣವೂ ಇರಲಿಲ್ಲ. ಕುಟುಂಬದಿಂದ ಹೊರಹಾಕಲ್ಪಟ್ಟ ಋಷಿಯ ಬದುಕು ಈಗ ಗಂಗೆಯ ಹರಿವಿನ ಮೇಲಿತ್ತು.,,64,28,37,,,pending,pending,,
266,V2201-S06,ಬಲಿ ರಾಜನ ಆಶ್ರಯ,MAHABHARATA-2-AADIPARVA_djvu.txt lines 20221–20261,"ಅದೇ ಸಮಯದಲ್ಲಿ ಬಲಿ ಎಂಬ ರಾಜನು ಸ್ನಾನಕ್ಕಾಗಿ ಗಂಗೆಯ ತೀರಕ್ಕೆ ಬಂದಿದ್ದನು. ಪ್ರವಾಹದಲ್ಲಿ ತೇಲುತ್ತಾ ದಡದ ಸಮೀಪಕ್ಕೆ ಬಂದ ತೆಪ್ಪವನ್ನು ಕಂಡು ದೀರ್ಘತಮಸರನ್ನು ಹಿಡಿದು ರಕ್ಷಿಸಿದನು. ಅವರು ಯಾರೆಂಬುದನ್ನು ತಿಳಿದು ಗೌರವದಿಂದ ಆರೈಕೆ ಮಾಡಿದನು. ವಿಶ್ರಾಂತಿ ಪಡೆದ ಬಳಿಕವೇ ರಾಜನು ತನ್ನ ಬೇಡಿಕೆಯನ್ನು ಮುಂದಿಟ್ಟನು. ತನ್ನ ವಂಶಕ್ಕೆ ಸಂತಾನ ಬೇಕು; ತನ್ನ ಪತ್ನಿಯ ಮೂಲಕ ಧರ್ಮ ಮತ್ತು ಅರ್ಥವನ್ನು ಅರಿಯುವ ಮಕ್ಕಳನ್ನು ಪಡೆಯಲು ನೆರವಾಗಬೇಕೆಂದು ಕೇಳಿದನು. ದೀರ್ಘತಮಸರು ಒಪ್ಪಿದರು. ಆಗ ಬಲಿ ತನ್ನ ರಾಣಿ ಸುದೇಷ್ಣೆಯನ್ನು ಅವರ ಬಳಿಗೆ ಕಳುಹಿಸಿದನು. ಕಳೆದುಹೋದ ಕುಟುಂಬದ ಸ್ಥಾನದಲ್ಲಿ ರಾಜನ ಆಶ್ರಯ ಸಿಕ್ಕಿದ್ದರೂ, ಸಂತಾನದ ಕುರಿತ ಈ ವ್ಯವಸ್ಥೆ ಮತ್ತೆ ಮನೆಯೊಳಗಿನ ಇಚ್ಛೆ ಮತ್ತು ನಿರೀಕ್ಷೆಗಳ ಪ್ರಶ್ನೆಯನ್ನು ತಂದಿತು.",,74,33,42,,,pending,pending,,
267,V2201-S07,ರಾಣಿಯ ಬದಲು ಬಂದ ದಾಸಿಯ ಮಗಳು,MAHABHARATA-2-AADIPARVA_djvu.txt lines 20264–20298,"ದೀರ್ಘತಮಸರು ಅಂಧರೂ ವೃದ್ಧರೂ ಆಗಿರುವುದರಿಂದ ಸುದೇಷ್ಣೆ ಅವರ ಬಳಿಗೆ ಹೋಗಲಿಲ್ಲ. ತನ್ನ ಬದಲು ದಾಸಿಯ ಮಗಳನ್ನು ಕಳುಹಿಸಿದಳು. ಅವಳ ಮೂಲಕ ಋಷಿಗೆ ಕಕ್ಷೀವಾನ್ ಮೊದಲಾದ ಹನ್ನೊಂದು ಮಕ್ಕಳು ಜನಿಸಿದರು. ಪಾಠವು ಅವರ ತಾಯಿಯನ್ನು ಶೂದ್ರವಂಶಕ್ಕೆ ಸೇರಿದವಳೆಂದು ಗುರುತಿಸುತ್ತದೆ; ಅದೇ ನಿರೂಪಣೆಯಲ್ಲಿ ಆ ಮಕ್ಕಳು ಋಷಿಯ ಬಳಿ ವೇದವನ್ನು ಅದರ ಅಂಗಗಳೊಂದಿಗೆ ಕಲಿಯುತ್ತಿರುವುದನ್ನೂ ಹೇಳುತ್ತದೆ. ಬೆಳೆದ ಮಕ್ಕಳು ಅಧ್ಯಯನ ಮಾಡುತ್ತಿರುವುದನ್ನು ಕಂಡ ಬಲಿ, ಇವರು ತನ್ನ ಮಕ್ಕಳೆಂದು ಭಾವಿಸಿದನು. ಆದರೆ ದೀರ್ಘತಮಸರು ಆ ಗುರುತನ್ನು ಸರಿಪಡಿಸಿದರು. ಇವರು ಸುದೇಷ್ಣೆಯಿಂದ ಜನಿಸಿದ ರಾಜನ ಮಕ್ಕಳು ಅಲ್ಲ; ತನ್ನ ಮಕ್ಕಳು ಎಂದರು. ರಾಜನ ನಿರೀಕ್ಷೆಯೂ ವಾಸ್ತವವಾಗಿ ನಡೆದದ್ದೂ ಒಂದೇ ಆಗಿರಲಿಲ್ಲ.",,68,30,39,,,pending,pending,,
268,V2201-S08,ಸುದೇಷ್ಣೆಯಿಂದ ಅಂಗನ ಜನ್ಮ,MAHABHARATA-2-AADIPARVA_djvu.txt lines 20301–20330,"ಸುದೇಷ್ಣೆ ತನ್ನ ಬಳಿಗೆ ಬಾರದ ಸಂಗತಿಯನ್ನು ದೀರ್ಘತಮಸರು ಬಲಿಗೆ ವಿವರಿಸಿದರು. ತನ್ನ ವಯಸ್ಸು ಮತ್ತು ಅಂಧತ್ವದ ಕಾರಣದಿಂದ ಅವಳು ದಾಸಿಯ ಮಗಳನ್ನು ಕಳುಹಿಸಿದಳು; ಅದನ್ನು ತಮಗೆ ಮಾಡಿದ ಅವಮಾನವೆಂದು ಅವರು ಹೇಳಿದರು. ಬಲಿ ಮತ್ತೆ ಋಷಿಯನ್ನು ಸಮಾಧಾನಪಡಿಸಿ ಸುದೇಷ್ಣೆಯನ್ನು ಅವರ ಬಳಿಗೆ ಕಳುಹಿಸಿದನು. ದೀರ್ಘತಮಸರು ರಾಣಿಯನ್ನು ಸ್ಪರ್ಶಿಸಿ, ಅವಳಿಗೆ ತೇಜಸ್ವಿಯೂ ಸತ್ಯವಚನನೂ ಆದ ಮಗನು ಜನಿಸುವನೆಂದು ಹೇಳಿದರು. ಈ ಪಾಠದಲ್ಲಿ ನಂತರ ಸುದೇಷ್ಣೆಗೆ ಅಂಗ ಎಂಬ ರಾಜರ್ಷಿ ಜನಿಸಿದನೆಂದು ಬರುತ್ತದೆ. ಹೀಗಾಗಿ ಕಕ್ಷೀವಾನ್ ಮೊದಲಾದ ಹನ್ನೊಂದು ಮಕ್ಕಳ ಕಥೆಯ ನಂತರವೇ ರಾಜವಂಶಕ್ಕೆ ಅಂಗನ ಜನ್ಮದ ಉತ್ತರ ಸಿಗುತ್ತದೆ. ಈ ಭಾಗದಲ್ಲಿ ಅಂಗ ಎಂಬ ಒಬ್ಬ ಮಗನನ್ನೇ ಹೆಸರು ಹೇಳಿ ನೀಡಲಾಗಿದೆ.",,71,32,41,,,pending,pending,,
269,V2201-S09,ಸತ್ಯವತಿಯ ನಿರ್ಧಾರಕ್ಕೆ ಮರಳಿದ ಕಥೆ,MAHABHARATA-2-AADIPARVA_djvu.txt lines 20426–20450,"ಈ ಉದಾಹರಣೆಯನ್ನು ಮುಗಿಸಿ ಭೀಷ್ಮನು ಸತ್ಯವತಿಯ ಮುಂದೆ ತನ್ನ ಸಲಹೆಯನ್ನು ಸ್ಪಷ್ಟಪಡಿಸಿದನು. ವಿಚಿತ್ರವೀರ್ಯನ ಪತ್ನಿಯರಲ್ಲಿ ಸಂತಾನವನ್ನು ಪಡೆಯಲು ಸಮರ್ಥನಾದ ಗುಣವಂತ ಬ್ರಾಹ್ಮಣನನ್ನು ಆಹ್ವಾನಿಸಬೇಕೆಂದನು. ಬೇಕಾದರೆ ಧನವನ್ನು ನೀಡಿ ಕರೆಸಬಹುದೆಂದೂ ಹೇಳಿದನು. ತಾನು ಸಂತಾನ ಪಡೆಯುವುದಾಗಿ ಕೊಟ್ಟ ಮಾತು ಅಲ್ಲ ಇದು; ತನ್ನ ಪ್ರತಿಜ್ಞೆಯನ್ನು ಉಳಿಸಿಕೊಂಡೇ ವಂಶಕ್ಕೆ ಮುಂದಿನ ದಾರಿಯನ್ನು ಸೂಚಿಸಿದ ಸಲಹೆ. ಆ ಮಾರ್ಗವನ್ನು ಕೇಳಿದ ಸತ್ಯವತಿ, ಈಗ ತನಗೆ ತಿಳಿದಿರುವ ವ್ಯಕ್ತಿಯ ವಿಷಯವನ್ನು ಹೇಳಲಿದ್ದಳು. ದೀರ್ಘತಮಸರ ಪೂರ್ವಕಥೆಯಿಂದ ನಾವು ಮತ್ತೆ ಉತ್ತರಾಧಿಕಾರಿಯಿಲ್ಲದ ಹಸ್ತಿನಪುರದ ಅರಮನೆಗೆ ಬಂದಿದ್ದೇವೆ.",,55,24,31,,,pending,pending,,
270,G19-S01,ಸತ್ಯವತಿಯ ರಹಸ್ಯ,MAHABHARATA-2-AADIPARVA_djvu.txt lines 20454–21020,"ಭೀಷ್ಮನು ತನ್ನ ವ್ರತವನ್ನು ಬಿಡುವುದಿಲ್ಲವೆಂದು ತಿಳಿದ ಸತ್ಯವತಿ, ಇದುವರೆಗೆ ಹೇಳದ ವಿಚಾರವನ್ನು ಅವನಿಗೆ ತಿಳಿಸಿದಳು. ಶಂತನುವಿನ ವಿವಾಹಕ್ಕಿಂತ ಮೊದಲು ಪರಾಶರರಿಂದ ತನಗೆ ವ್ಯಾಸ ಎಂಬ ಮಗ ಜನಿಸಿದ್ದನು. ದ್ವೀಪದಲ್ಲಿ ಜನಿಸಿದ ಅವನು ತಪಸ್ವಿಯಾಗಿ ಹೊರಟಿದ್ದರೂ, ಅಗತ್ಯವಾದಾಗ ನೆನಸಿದರೆ ಬರುತ್ತೇನೆ ಎಂದು ತಾಯಿಗೆ ಮಾತು ಕೊಟ್ಟಿದ್ದನು. ವಂಶದ ಸಂಕಟದಲ್ಲಿ ಅವನ ನೆರವನ್ನು ಪಡೆಯಬಹುದೆಂದು ಸತ್ಯವತಿ ಹೇಳಿದಳು. ಭೀಷ್ಮನು ಆ ಮಾರ್ಗವನ್ನು ಅಂಗೀಕರಿಸಿದಾಗ, ತಾಯಿಯ ನೆನಪು ಮಗನನ್ನು ಕರೆತಂದಿತು.",ಸತ್ಯವತಿ: ನನ್ನ ಮೊದಲ ಮಗ ವ್ಯಾಸ. ಸಂಕಟದಲ್ಲಿ ನೆನಸಿದರೆ ಬರುತ್ತೇನೆಂದು ಅವನು ನನಗೆ ಮಾತು ಕೊಟ್ಟಿದ್ದಾನೆ.,58,26,33,,,pending,pending,,
271,G19-S02,ವ್ಯಾಸರ ಷರತ್ತು,MAHABHARATA-2-AADIPARVA_djvu.txt lines 21021–21330,ವ್ಯಾಸರು ಬಂದು ತಾಯಿಗೆ ನಮಸ್ಕರಿಸಿದರು. ವಿಚಿತ್ರವೀರ್ಯನ ಪತ್ನಿಯರಲ್ಲಿ ವಂಶಸಂತಾನವನ್ನು ಪಡೆಯಬೇಕೆಂಬ ಬೇಡಿಕೆಯನ್ನು ಕೇಳಿದರು. ಅವರು ಸಿದ್ಧತೆ ಮತ್ತು ನಿಯಮದ ಅವಧಿಯನ್ನು ಸೂಚಿಸಿದರು. ರಾಜ್ಯಕ್ಕೆ ರಾಜನಿಲ್ಲದ ಸಂಕಟವನ್ನು ಹೇಳಿ ಸತ್ಯವತಿ ತುರ್ತು ನೆರವನ್ನು ಕೇಳಿದಳು. ವ್ಯಾಸರು ತಮ್ಮ ತಪಸ್ವಿ ರೂಪ ಮತ್ತು ವಾಸನೆಯನ್ನು ಸಹಿಸುವ ಸಿದ್ಧತೆ ಬೇಕೆಂದು ಎಚ್ಚರಿಸಿದರು. ಅರಮನೆಯ ಅವಸರ ಮತ್ತು ಮಹಿಳೆಯರ ಮನಸ್ಸಿನ ಸಿದ್ಧತೆ ಒಂದೇ ಆಗಿರಲಿಲ್ಲ. ಮುಂದೆ ಜನಿಸುವ ಮಕ್ಕಳ ವಿಚಾರವನ್ನು ಈ ಒತ್ತಡದ ಹಿನ್ನೆಲೆಯಲ್ಲಿ ಕಥೆ ಹೇಳುತ್ತದೆ.,"ವ್ಯಾಸ: ತಾಯಿಯೇ, ನಿನ್ನ ಉದ್ದೇಶವನ್ನು ತಿಳಿದಿದ್ದೇನೆ. ಆದರೆ ಈ ಕಾರ್ಯಕ್ಕೆ ಮನಸ್ಸಿನ ಸಿದ್ಧತೆ ಮತ್ತು ನಿಯಮ ಅಗತ್ಯ.",63,28,36,,,pending,pending,,
272,G19-S03,ಧೃತರಾಷ್ಟ್ರ ಮತ್ತು ಪಾಂಡು,MAHABHARATA-2-AADIPARVA_djvu.txt lines 21513–21769,ಅಂಬಿಕೆಗೆ ವ್ಯಾಸರು ಬಂದಾಗ ಅವಳು ಭಯದಿಂದ ಕಣ್ಣು ಮುಚ್ಚಿದಳು. ಮುಂದೆ ಅವಳಿಗೆ ಅಂಧನಾದ ಧೃತರಾಷ್ಟ್ರ ಜನಿಸಿದನೆಂದು ಕಥೆ ಹೇಳುತ್ತದೆ. ಅಂಬಾಲಿಕೆ ವ್ಯಾಸರನ್ನು ನೋಡಿ ಬಿಳುಚಿಕೊಂಡಳು; ಅವಳ ಮಗನಿಗೆ ಪಾಂಡು ಎಂಬ ಹೆಸರು ಬಂತು. ತಾಯಿಯ ಪ್ರತಿಕ್ರಿಯೆ ಮತ್ತು ಮಗನ ಸ್ಥಿತಿಯನ್ನು ಸಂಪರ್ಕಿಸುವುದು ಈ ಜನ್ಮಕಥೆಯ ನಿರೂಪಣೆ. ಅದನ್ನು ವೈದ್ಯಕೀಯ ವಿವರಣೆಯಾಗಿ ತೆಗೆದುಕೊಳ್ಳಬಾರದು. ಇಬ್ಬರು ಮಕ್ಕಳಿಗೂ ಸಂಸ್ಕಾರಗಳನ್ನು ಮಾಡಿಸಲಾಯಿತು. ಕುರುವಂಶಕ್ಕೆ ಸಂತಾನ ದೊರೆತರೂ ಮುಂದಿನ ಆಡಳಿತದ ಪ್ರಶ್ನೆಗಳು ಇನ್ನೂ ಉಳಿದವು.,ನಿರೂಪಕ: ಅಂಬಿಕೆಯ ಮಗ ಧೃತರಾಷ್ಟ್ರ; ಅಂಬಾಲಿಕೆಯ ಮಗ ಪಾಂಡು. ಇವರ ತಾಯಿಯರು ಇಬ್ಬರು ಬೇರೆ ಸಹೋದರಿಯರು.,60,27,34,,,pending,pending,,
273,G19-S04,ವಿದುರನ ತಾಯಿ,MAHABHARATA-2-AADIPARVA_djvu.txt lines 21778–21917,ಇನ್ನೊಂದು ಮಗುವಿನ ನಿರೀಕ್ಷೆಯಲ್ಲಿ ಅಂಬಿಕೆಯನ್ನು ಮತ್ತೆ ಸಿದ್ಧಳಾಗುವಂತೆ ಕೇಳಲಾಯಿತು. ಹಿಂದಿನ ಅನುಭವದ ಭಯದಿಂದ ಅವಳು ತನ್ನ ಬದಲು ಸೇವಕಿಯನ್ನು ಕಳುಹಿಸಿದಳು. ಆ ಮಹಿಳೆ ವ್ಯಾಸರನ್ನು ಗೌರವದಿಂದ ಸ್ವಾಗತಿಸಿದಳು. ಅವಳಿಗೆ ಜ್ಞಾನಿ ಮತ್ತು ಧರ್ಮನಿಷ್ಠ ಮಗನು ಜನಿಸುವನೆಂದು ವ್ಯಾಸರು ಹೇಳಿದರು. ಅವನೇ ವಿದುರ. ಅವನ ತಾಯಿ ರಾಜಕುಮಾರಿಯಲ್ಲದಿದ್ದರೂ ಅವನ ಬುದ್ಧಿ ಮತ್ತು ನೈತಿಕ ದೃಷ್ಟಿಯನ್ನು ಕಥೆ ಕಡಿಮೆ ಮಾಡುವುದಿಲ್ಲ. ಅರಮನೆಯಲ್ಲಿ ಹುಟ್ಟಿದ ಈ ಮೂರನೆಯ ಧ್ವನಿ ಮುಂದೆ ಅಧಿಕಾರಕ್ಕೆ ಕಠಿಣ ಪ್ರಶ್ನೆಗಳನ್ನು ಕೇಳುತ್ತದೆ.,"ವ್ಯಾಸ: ನಿನಗೆ ಧರ್ಮವನ್ನು ಅರಿಯುವ, ಲೋಕದಲ್ಲಿ ಗೌರವ ಪಡೆಯುವ ಮಗನು ಜನಿಸುವನು.",59,26,34,,,pending,pending,,
274,G19-S05,ಮಾಂಡವ್ಯನಿಗೆ ತಪ್ಪಾದ ಶಿಕ್ಷೆ,MAHABHARATA-2-AADIPARVA_djvu.txt lines 21976–22268,ವಿದುರನ ಜನ್ಮಕ್ಕೆ ವೈಶಂಪಾಯನರು ಮಾಂಡವ್ಯನ ಪೂರ್ವಕಥೆಯನ್ನು ಹೇಳುತ್ತಾರೆ. ಕಳ್ಳರು ಕದ್ದ ವಸ್ತುಗಳನ್ನು ಅವನ ಆಶ್ರಮದಲ್ಲಿ ಅಡಗಿಸಿದರು. ಮೌನದಲ್ಲಿದ್ದ ಋಷಿಯ ಉತ್ತರ ಸಿಗದಾಗ ರಾಜಭಟರು ಅವನನ್ನೂ ಅಪರಾಧಿಯೆಂದು ಬಂಧಿಸಿದರು. ವಿಚಾರವಿಲ್ಲದ ತೀರ್ಪಿನಿಂದ ಅವನಿಗೆ ಭೀಕರ ಶಿಕ್ಷೆಯಾಯಿತು. ಬದುಕಿದ್ದ ಋಷಿಯ ವಿಚಾರವನ್ನು ತಿಳಿದ ರಾಜನು ನಂತರ ತಪ್ಪನ್ನು ಅರಿತು ಕ್ಷಮೆ ಕೇಳಿದನು. ಆದರೆ ಶಿಕ್ಷೆಯ ಗುರುತು ಅವನ ದೇಹದಲ್ಲಿ ಉಳಿಯಿತು. ನಿರಪರಾಧಿಯನ್ನು ಬಿಡುಗಡೆ ಮಾಡುವುದರಿಂದ ಅನುಭವಿಸಿದ ನೋವು ಹಿಂದಕ್ಕೆ ಹೋಗಲಿಲ್ಲ.,ಮಾಂಡವ್ಯ: ನನ್ನ ಮೇಲೆ ಬಿದ್ದ ಈ ಫಲಕ್ಕೆ ಕಾರಣವೇನು? ನಾನು ತಿಳಿಯದ ಅಪರಾಧವನ್ನು ನನಗೆ ತಿಳಿಸಬೇಕು.,59,26,34,,,pending,pending,,
275,G19-S06,ಧರ್ಮನನ್ನೇ ಪ್ರಶ್ನಿಸಿದ ಋಷಿ,MAHABHARATA-2-AADIPARVA_djvu.txt lines 22269–22377,"ಮಾಂಡವ್ಯನು ಧರ್ಮದೇವನನ್ನು ಪ್ರಶ್ನಿಸಿದಾಗ, ಬಾಲ್ಯದಲ್ಲಿ ಕೀಟಗಳಿಗೆ ಮಾಡಿದ ಹಿಂಸೆಯ ಫಲವೆಂಬ ಉತ್ತರ ಬಂತು. ಸಣ್ಣವನಾಗಿದ್ದಾಗಿನ ಕೃತ್ಯಕ್ಕೆ ಇಷ್ಟು ದೊಡ್ಡ ಶಿಕ್ಷೆಯೇ ಎಂದು ಋಷಿ ವಿರೋಧಿಸಿದನು. ಬಾಲ್ಯ ಮತ್ತು ಹೊಣೆಗಾರಿಕೆಯ ಮಿತಿಯನ್ನು ಕುರಿತು ಮಾತಾಡಿ, ಧರ್ಮನು ಮಾನವನಾಗಿ ಜನಿಸಲಿ ಎಂದು ಶಪಿಸಿದನು. ಈ ಕಾರಣದಿಂದ ವಿದುರನ ಅವತಾರವೆಂದು ಕಥೆ ವಿವರಿಸುತ್ತದೆ. ನ್ಯಾಯವನ್ನು ಪ್ರತಿನಿಧಿಸುವವನಿಗೂ ಶಿಕ್ಷೆಯ ಪ್ರಮಾಣದ ಕುರಿತು ಪ್ರಶ್ನೆ ಎದುರಾಗುತ್ತದೆ. ವಿದುರನ ಮುಂದಿನ ಧರ್ಮಧ್ವನಿಗೆ ಈ ಪೂರ್ವಕಥೆ ಬೇರು ಒದಗಿಸುತ್ತದೆ.",ಮಾಂಡವ್ಯ: ತಿಳುವಳಿಕೆ ಇಲ್ಲದ ಬಾಲ್ಯದ ಕೃತ್ಯಕ್ಕೆ ಇಂತಹ ಶಿಕ್ಷೆ ನ್ಯಾಯವೇ? ದಂಡಕ್ಕೂ ಅಪರಾಧಕ್ಕೂ ಸಂಬಂಧ ಇರಬೇಕು.,60,27,34,,,pending,pending,,
276,G19-S07,ಮೂರು ಸಹೋದರರ ಬೆಳವಣಿಗೆ,MAHABHARATA-2-AADIPARVA_djvu.txt lines 22412–23095,"ಧೃತರಾಷ್ಟ್ರ, ಪಾಂಡು ಮತ್ತು ವಿದುರ ಭೀಷ್ಮನ ಪಾಲನೆಯಲ್ಲಿ ಬೆಳೆದರು. ಧೃತರಾಷ್ಟ್ರನ ದೇಹಬಲ, ಪಾಂಡುವಿನ ಧನುರ್ವಿದ್ಯೆ ಮತ್ತು ವಿದುರನ ಧರ್ಮಬುದ್ಧಿಯನ್ನು ಕಥೆ ಪ್ರತ್ಯೇಕವಾಗಿ ಗುರುತಿಸುತ್ತದೆ. ಆ ಕಾಲದ ರಾಜಕೀಯ ನಿಯಮಗಳ ಪ್ರಕಾರ ಪಾಂಡು ರಾಜ್ಯವನ್ನು ಪಡೆದನು. ಧೃತರಾಷ್ಟ್ರನ ವಿವಾಹಕ್ಕೆ ಗಾಂಧಾರಿಯ ಸಂಬಂಧ ನಿಶ್ಚಯವಾಯಿತು. ಪತಿ ಅಂಧನೆಂದು ತಿಳಿದ ಗಾಂಧಾರಿ ತನ್ನ ಕಣ್ಣುಗಳನ್ನು ಬಟ್ಟೆಯಿಂದ ಮುಚ್ಚಿಕೊಂಡಳು. ಶಕುನಿ ಅವಳನ್ನು ಕರೆತಂದನು. ಹೊಸ ವಿವಾಹವು ಎರಡು ರಾಜಕುಲಗಳನ್ನು ಜೋಡಿಸಿತು; ಅದರೊಳಗಿನ ವೈಯಕ್ತಿಕ ನಿರ್ಧಾರಗಳ ಪರಿಣಾಮ ಮುಂದೆ ಬೆಳೆಯಿತು.",ನಿರೂಪಕ: ಧೃತರಾಷ್ಟ್ರನ ಪತ್ನಿ ಗಾಂಧಾರಿ. ಅವಳ ಸಹೋದರ ಶಕುನಿ ಈಗ ಕುರುಮನೆಯ ಸಂಬಂಧಿಯಾಗಿದ್ದಾನೆ.,61,27,35,,,pending,pending,,
277,G19-S08,ಪೃಥೆಗೆ ದೊರೆತ ಮಂತ್ರ,MAHABHARATA-2-AADIPARVA_djvu.txt lines 23247–23325,ಕುಂತಿಯ ಹಿಂದಿನ ಹೆಸರು ಪೃಥೆ. ಶೂರನ ಮಗಳಾದ ಅವಳನ್ನು ಮಕ್ಕಳಿಲ್ಲದ ಕುಂತಿಭೋಜನು ಸಾಕಿಕೊಂಡನು. ಅವನ ಮನೆಯಲ್ಲಿ ಅತಿಥಿಸೇವೆಯ ಜವಾಬ್ದಾರಿಯನ್ನು ಹೊತ್ತ ಪೃಥೆ ದುರ್ವಾಸರನ್ನು ಶ್ರದ್ಧೆಯಿಂದ ಪರಿಚರಿಸಿದಳು. ಅವರು ದೇವತೆಯನ್ನು ಆಹ್ವಾನಿಸಿ ಸಂತಾನ ಪಡೆಯುವ ಮಂತ್ರವನ್ನು ಅವಳಿಗೆ ನೀಡಿದರು. ಆ ವರದ ಪರಿಣಾಮವನ್ನು ಪೂರ್ಣವಾಗಿ ಅರಿಯದ ಪೃಥೆ ಕುತೂಹಲದಿಂದ ಸೂರ್ಯನನ್ನು ಆಹ್ವಾನಿಸಿದಳು. ಮಂತ್ರದ ಪರೀಕ್ಷೆ ಎಂದು ಆರಂಭವಾದ ಕೆಲಸ ನಿಜವಾದ ಆಗಮನವಾಗಿ ಅವಳ ಮುಂದೆ ನಿಂತಿತು.,ಪೃಥೆ: ಈ ಮಂತ್ರ ನಿಜವಾಗಿ ಫಲಿಸುತ್ತದೆಯೇ ಎಂಬ ಕುತೂಹಲದಿಂದ ನಾನು ಕರೆದಿದ್ದೇನೆ.,54,24,31,,,pending,pending,,
278,G19-S09,ಸೂರ್ಯನ ಮುಂದೆ ಕುಂತಿಯ ಭಯ,MAHABHARATA-2-AADIPARVA_djvu.txt lines 23326–23525,ಸೂರ್ಯನು ಬಂದಾಗ ಪೃಥೆ ಹೆದರಿದಳು. ತಾನು ಮಂತ್ರವನ್ನು ಪರೀಕ್ಷಿಸಲು ಮಾತ್ರ ಕರೆದಿದ್ದಾಗಿ ಹೇಳಿ ಹಿಂದಿರುಗುವಂತೆ ಬೇಡಿಕೊಂಡಳು. ತನ್ನ ಇಚ್ಛೆ ಮತ್ತು ಬಂಧುಗಳ ಭಯವನ್ನು ಅವಳು ವ್ಯಕ್ತಪಡಿಸಿದಳು. ಸೂರ್ಯನು ಆಹ್ವಾನದ ಫಲ ಮತ್ತು ಜನಿಸಲಿರುವ ಮಗನ ಕವಚಕುಂಡಲಗಳ ಕುರಿತು ಹೇಳಿದನು. ಪೃಥೆ ತನ್ನ ಹಿಂಜರಿಕೆಯನ್ನು ಮತ್ತೆ ಮತ್ತೆ ಹೇಳಿದಳು. ಸೂರ್ಯನ ಮಾತು ಮತ್ತು ಅವಳ ಸಿದ್ಧತೆ ಒಂದೇ ಆಗಿರಲಿಲ್ಲ. ನಂತರ ರಕ್ಷಣಾ ಲಕ್ಷಣಗಳೊಂದಿಗೆ ಮಗುವಿನ ಜನನವನ್ನು ವೈಶಂಪಾಯನರು ವಿವರಿಸುತ್ತಾರೆ.,"ಪೃಥೆ: ನಾನು ಕುತೂಹಲದಿಂದ ಕರೆದಿದ್ದೇನೆ. ಈ ಪರಿಣಾಮಕ್ಕೆ ಸಿದ್ಧಳಲ್ಲ; ನನ್ನನ್ನು ಕಾಪಾಡಿ, ನನ್ನ ಭಯವನ್ನು ಕೇಳಿ.",59,26,34,,,pending,pending,,
279,G19-S10,"ನದಿಯಲ್ಲಿ ಬಿಟ್ಟ ಮಗು, ಹೊಸ ಮನೆ",MAHABHARATA-2-AADIPARVA_djvu.txt lines 23526–23577,ಮದುವೆಗೆ ಮುಂಚಿನ ಮಗುವಿನ ವಿಚಾರ ಹೊರಬರುವ ಭಯದಿಂದ ಕುಂತಿ ಅದನ್ನು ನದಿಯಲ್ಲಿ ಬಿಟ್ಟಳು. ಈ ವಿಯೋಗವು ತಾಯಿ ಮತ್ತು ಮಗನ ಬದುಕಿನಲ್ಲಿ ದೀರ್ಘ ರಹಸ್ಯವಾಯಿತು. ಅಧಿರಥನು ಮಗುವನ್ನು ಕಂಡು ತನ್ನ ಮನೆಗೆ ತಂದನು; ಅವನ ಪತ್ನಿ ಅದನ್ನು ಮಗನಾಗಿ ಸ್ವೀಕರಿಸಿದಳು. ವಸುಷೇಣ ಎಂಬ ಹೆಸರು ಬಂತು. ಮುಂದೆ ಕರ್ಣನೆಂದು ಪ್ರಸಿದ್ಧನಾಗುವ ಅವನು ಈ ಸಾಕುಮನೆಯ ಪ್ರೀತಿಯಲ್ಲಿ ಬೆಳೆದನು. ಜನ್ಮ ನೀಡಿದ ತಾಯಿ ಮತ್ತು ಸಾಕಿದ ಕುಟುಂಬದ ಸಂಬಂಧಗಳು ಬೇರೆ ಬೇರೆ ಸತ್ಯಗಳಾಗಿ ಉಳಿದವು.,ನಿರೂಪಕ: ಈ ಮಗು ವಸುಷೇಣ. ಕುಂತಿಯ ಮೊದಲ ಮಗ; ಅಧಿರಥನ ಮನೆಯಲ್ಲಿ ಬೆಳೆದು ಕರ್ಣನೆಂದು ಪ್ರಸಿದ್ಧನಾಗುವವನು.,63,28,36,,,pending,pending,,
280,G19-S11,ಕರ್ಣನ ಭವಿಷ್ಯದ ಒಂದು ಮುನ್ನೋಟ,MAHABHARATA-2-AADIPARVA_djvu.txt lines 23578–23715,"ಇಲ್ಲಿಯೇ ಕಥೆ ಕರ್ಣನ ಮುಂದಿನ ಬದುಕಿನ ಒಂದು ಘಟನೆಯನ್ನು ಮುಂಚಿತವಾಗಿ ಹೇಳುತ್ತದೆ. ಸೂರ್ಯನು ಕನಸಿನಲ್ಲಿ ಎಚ್ಚರಿಸಿದರೂ, ಬ್ರಾಹ್ಮಣರೂಪದಲ್ಲಿ ಬಂದ ಇಂದ್ರನಿಗೆ ಕರ್ಣನು ಕವಚ ಮತ್ತು ಕುಂಡಲಗಳನ್ನು ನೀಡಿದನು. ಪ್ರತಿಯಾಗಿ ಶತ್ರುವನ್ನು ಕೊಲ್ಲುವ ಶಕ್ತಿಯನ್ನು ಕೇಳಿದನು. ಆ ಆಯುಧ ಒಬ್ಬನನ್ನು ಸಂಹರಿಸಿದ ನಂತರ ಇಂದ್ರನ ಬಳಿಗೆ ಮರಳುವುದೆಂಬ ಮಿತಿಯೊಂದಿಗೆ ದೊರೆಯಿತು. ಈ ಘಟನೆ ಈಗಿನ ಬಾಲಕನ ಬದುಕಿನಲ್ಲಿ ಇನ್ನೂ ನಡೆದಿಲ್ಲ. ಮುನ್ನೋಟ ಮುಗಿದು ಕಥೆ ಮತ್ತೆ ಕುಂತಿಯ ವಿವಾಹದ ಕಾಲಕ್ಕೆ ಮರಳುತ್ತದೆ.",ಇಂದ್ರ: ಈ ಶಕ್ತಿ ಒಬ್ಬ ಶತ್ರುವನ್ನು ಸಂಹರಿಸಿದ ನಂತರ ಮತ್ತೆ ನನ್ನ ಬಳಿಗೆ ಮರಳುತ್ತದೆ.,60,27,34,,,pending,pending,,
281,G19-S12,ಪಾಂಡುವಿನ ವಿವಾಹ ಮತ್ತು ದಿಗ್ವಿಜಯ,MAHABHARATA-2-AADIPARVA_djvu.txt lines 23922–24259,ಕುಂತಿ ಸ್ವಯಂವರದಲ್ಲಿ ಪಾಂಡುವನ್ನು ಪತಿಯಾಗಿ ಆರಿಸಿಕೊಂಡಳು. ನಂತರ ಮದ್ರರಾಜನ ಸಂಬಂಧದ ಮೂಲಕ ಮಾದ್ರಿಯ ವಿವಾಹವೂ ನೆರವೇರಿತು. ಪಾಂಡು ದಂಡಯಾತ್ರೆಗಳಲ್ಲಿ ಜಯಿಸಿ ಸಂಪತ್ತನ್ನು ತಂದನು; ಕುಟುಂಬದ ಹಿರಿಯರಿಗೆ ಅದನ್ನು ನೀಡಿದನು. ಬಳಿಕ ಇಬ್ಬರು ಪತ್ನಿಯರೊಂದಿಗೆ ಅರಣ್ಯದಲ್ಲಿ ವಾಸಕ್ಕೆ ಹೋದನು. ಧೃತರಾಷ್ಟ್ರನಿಂದ ಅವನ ಅಗತ್ಯಗಳಿಗೆ ನೆರವು ಕಳುಹಿಸಲ್ಪಡುತ್ತಿತ್ತು. ರಾಜ್ಯದ ಯೋಧನಿಗೆ ಕಾಡು ವಿಶ್ರಾಂತಿಯ ಸ್ಥಳವಾಯಿತು. ಆದರೆ ಅವನ ಬೇಟೆಯ ಒಂದು ನಿರ್ಧಾರ ಕುಟುಂಬದ ಮುಂದಿನ ಜೀವನವನ್ನೇ ಬದಲಿಸಿತು.,ನಿರೂಪಕ: ಈಗ ಕುಂತಿ ಮತ್ತು ಮಾದ್ರಿ ಪಾಂಡುವಿನ ಪತ್ನಿಯರು. ಕರ್ಣನ ಮುನ್ನೋಟದಿಂದ ನಾವು ಈ ಹಿಂದಿನ ಕಾಲಕ್ಕೆ ಮರಳಿದ್ದೇವೆ.,59,26,34,,,pending,pending,,
282,G19-S13,ಕಿಂದಮನ ಶಾಪ,MAHABHARATA-2-AADIPARVA_djvu.txt lines 24260–24527,"ಕಾಡಿನಲ್ಲಿ ಪಾಂಡು ಮಿಲನದಲ್ಲಿದ್ದ ಜಿಂಕೆಗಳ ಜೋಡಿಯ ಮೇಲೆ ಐದು ಬಾಣಗಳನ್ನು ಬಿಟ್ಟನು. ಗಾಯಗೊಂಡ ಗಂಡುಜಿಂಕೆ ಮಾನವಧ್ವನಿಯಲ್ಲಿ ಮಾತನಾಡಿತು. ಅವನು ಮೃಗರೂಪದಲ್ಲಿದ್ದ ಕಿಂದಮ ಋಷಿ; ಹೆಣ್ಣುಜಿಂಕೆ ಅವನ ಪತ್ನಿ. ರಾಜನ ಬೇಟೆಯ ಅಧಿಕಾರದ ವಾದಕ್ಕೆ, ಈ ದುರ್ಬಲ ಕ್ಷಣವನ್ನು ಕಾಪಾಡಬೇಕಿತ್ತು ಎಂದು ಋಷಿ ಉತ್ತರಿಸಿದನು. ಪಾಂಡು ಪತ್ನಿಯನ್ನು ಕಾಮದಿಂದ ಸಮೀಪಿಸುವಾಗ ಮರಣಹೊಂದುವನೆಂದು ಶಪಿಸಿದನು. ತನ್ನ ಕ್ರಿಯೆ ಮುಗಿದಿತೆಂದು ಭಾವಿಸಿದ್ದ ರಾಜನ ಮುಂದೆ ಅದರ ದೀರ್ಘ ಪರಿಣಾಮ ಈಗ ಆರಂಭವಾಯಿತು.","ಕಿಂದಮ: ನಮ್ಮ ಈ ಕ್ಷಣವನ್ನು ನೀನು ಮುರಿದಂತೆ, ನಿನ್ನ ಸುಖದ ಕ್ಷಣದಲ್ಲಿಯೇ ಮರಣ ನಿನ್ನನ್ನು ಸೇರುವುದು.",59,26,34,,,pending,pending,,
283,G20-S01,"ಸಂನ್ಯಾಸವಲ್ಲ, ಕುಟುಂಬದೊಂದಿಗೆ ವನಜೀವನ",MAHABHARATA-2-AADIPARVA_djvu.txt lines 24531–25227,"ಕಿಂದಮನ ಶಾಪದ ನಂತರ ಪಾಂಡು ತನ್ನ ಕ್ರಿಯೆಯನ್ನು ನೆನೆದು ದುಃಖಪಟ್ಟನು. ರಾಜ್ಯ ಮತ್ತು ಭೋಗಗಳನ್ನು ಬಿಟ್ಟು ಸಂನ್ಯಾಸಕ್ಕೆ ಹೋಗುವ ಯೋಚನೆ ಹೇಳಿದನು. ಕುಂತಿ ಮತ್ತು ಮಾದ್ರಿ ಅವನನ್ನು ಒಬ್ಬನೇ ಬಿಡಲು ಒಪ್ಪಲಿಲ್ಲ. ಕೊನೆಗೆ ಪತ್ನಿಯರೊಂದಿಗೆ ನಿಯಮಬದ್ಧವಾದ ವನಜೀವನವನ್ನು ನಡೆಸುವ ನಿರ್ಧಾರವಾಯಿತು. ಅರಮನೆಯ ಆಭರಣಗಳು ಮತ್ತು ಸೌಕರ್ಯಗಳನ್ನು ಹಿಂದಿರುಗಿಸಲಾಯಿತು. ಇದೇ ಭಾಗದಲ್ಲಿ ವಿದುರನ ವಿವಾಹ ಮತ್ತು ಸಂತಾನದ ವಿಚಾರವೂ ಬರುತ್ತದೆ. ಒಂದು ಕುಟುಂಬ ಕಾಡಿನಲ್ಲಿ ಹೊಸ ನಿಯಮಕ್ಕೆ ಸೇರುತ್ತಿದ್ದರೆ, ಇನ್ನೊಂದು ಶಾಖೆ ನಗರದಲ್ಲಿ ಬೆಳೆಯುತ್ತಿತ್ತು.",ಕುಂತಿ: ನಿನ್ನ ಸಂಕಟದಲ್ಲಿ ನಾವು ಜೊತೆಯಾಗಿರುತ್ತೇವೆ. ನಮ್ಮನ್ನು ಬಿಟ್ಟು ಒಬ್ಬನೇ ಹೊರಡುವ ನಿರ್ಧಾರ ಮಾಡಬೇಡ.,62,28,35,,,pending,pending,,
284,G20-S02,ಸಂತಾನದ ಚಿಂತೆ,MAHABHARATA-2-AADIPARVA_djvu.txt lines 25380–25816,"ವನದಲ್ಲಿ ಪಾಂಡುವಿಗೆ ಮತ್ತೊಂದು ಚಿಂತೆ ಎದುರಾಯಿತು. ಸಂತಾನವಿಲ್ಲದೆ ತನ್ನ ವಂಶ ಮತ್ತು ಪಿತೃಗಳಿಗೆ ಇರುವ ಋಣವನ್ನು ಹೇಗೆ ತೀರಿಸುವುದು ಎಂದು ಅವನು ಪ್ರಶ್ನಿಸಿದನು. ಪುರಾತನ ಸಂತಾನವಿಧಿಗಳ ಉದಾಹರಣೆಗಳನ್ನು ಹೇಳಿ ಕುಂತಿಯ ನೆರವನ್ನು ಕೇಳಿದನು. ಕುಂತಿ ತಕ್ಷಣ ಒಪ್ಪಲಿಲ್ಲ; ತನ್ನ ಪತಿಯಾದ ಅವನೊಂದಿಗೆ ಸಂಬಂಧದ ನಿಷ್ಠೆಯನ್ನು ಮುಂದಿಟ್ಟಳು. ಇಬ್ಬರೂ ಧರ್ಮದ ಒಂದೇ ಪದವನ್ನು ಬಳಸಿದರೂ, ಅದರಿಂದ ಬಯಸಿದ ಪರಿಹಾರ ಬೇರೆ ಆಗಿತ್ತು. ಈ ಸಂವಾದದಲ್ಲೇ ಕುಂತಿ ಒಂದು ಪೂರ್ವಕಥೆಯನ್ನು ಹೇಳಿದಳು.",ಪಾಂಡು: ನನ್ನ ಶಾಪವನ್ನು ಮೀರಿ ನಡೆಯದೆ ನಮ್ಮ ವಂಶವನ್ನು ಮುಂದುವರಿಸುವ ಮಾರ್ಗವಿದೆಯೇ? ಅದನ್ನು ಜೊತೆಯಾಗಿ ವಿಚಾರಿಸೋಣ.,60,27,34,,,pending,pending,,
285,G20-S03,ವ್ಯುಷಿತಾಶ್ವ ಮತ್ತು ಭದ್ರೆಯ ಕಥೆ,MAHABHARATA-2-AADIPARVA_djvu.txt lines 25817–26086,ಕುಂತಿ ವ್ಯುಷಿತಾಶ್ವ ಎಂಬ ರಾಜ ಮತ್ತು ಅವನ ಪತ್ನಿ ಭದ್ರೆಯ ಕಥೆಯನ್ನು ಹೇಳಿದಳು. ರಾಜನು ಯಜ್ಞ ಮತ್ತು ಪರಾಕ್ರಮಗಳಿಂದ ಪ್ರಸಿದ್ಧನಾಗಿದ್ದರೂ ಅಕಾಲದಲ್ಲಿ ಮರಣಹೊಂದಿದನು. ಭದ್ರೆ ದುಃಖದಿಂದ ಪತಿಯನ್ನು ಬಿಡಲಾರದೆ ಅಳುತ್ತಿದ್ದಳು. ಮೃತ ಪತಿಯ ಧ್ವನಿಯಿಂದ ದೊರೆತ ಸೂಚನೆಯಂತೆ ಅವಳಿಗೆ ಸಂತಾನ ದೊರಕಿದ ಅದ್ಭುತವನ್ನು ಕಥೆ ಹೇಳುತ್ತದೆ. ಆಕೆಗೆ ಮೂವರು ಸಾಲ್ವರಾಜರೂ ನಾಲ್ವರು ಮದ್ರರಾಜರೂ ಜನಿಸಿದರೆಂದು ಕುಂತಿ ಹೇಳಿದಳು. ತನ್ನ ಪತಿಯ ಮೂಲಕವೇ ಸಂತಾನದ ದಾರಿ ದೊರೆಯಬಹುದೆಂದು ಅವಳು ಆಶಿಸಿದಳು. ಪಾಂಡು ಆ ರಾಜನ ವಿಶಿಷ್ಟ ಸಾಮರ್ಥ್ಯವನ್ನು ತನ್ನ ಪರಿಸ್ಥಿತಿಗೆ ಸರಿಸಮಾನವೆಂದು ಒಪ್ಪಲಿಲ್ಲ.,ಕುಂತಿ: ಭದ್ರೆಗೆ ತನ್ನ ಪತಿಯ ಸಂಬಂಧದಿಂದಲೇ ಸಂತಾನ ದೊರಕಿದ ಕಥೆಯಿದೆ. ನಮಗೂ ಅಂತಹ ದಾರಿ ಸಾಧ್ಯವಿಲ್ಲವೇ?,69,31,39,,,pending,pending,,
286,G20-S04,ಉದ್ದಾಲಕ ಮತ್ತು ಶ್ವೇತಕೇತುವಿನ ವಾದ,MAHABHARATA-2-AADIPARVA_djvu.txt lines 26088–26630,ಪಾಂಡು ಹಿಂದಿನ ಆಚಾರಗಳ ಬದಲಾವಣೆಯನ್ನು ವಿವರಿಸಲು ಉದ್ದಾಲಕ ಮತ್ತು ಶ್ವೇತಕೇತುವಿನ ಕಥೆ ಹೇಳಿದನು. ತಾಯಿಯನ್ನು ಮತ್ತೊಬ್ಬನು ಕರೆದುಕೊಂಡು ಹೋಗುವುದನ್ನು ಕಂಡ ಶ್ವೇತಕೇತು ಕೋಪಗೊಂಡನು. ತಂದೆ ಹಿಂದಿನ ಆಚಾರವನ್ನು ವಿವರಿಸಿದರೂ ಮಗ ಅದನ್ನು ಒಪ್ಪಲಿಲ್ಲ; ದಾಂಪತ್ಯದ ನಿಷ್ಠೆಗೆ ಹೊಸ ಮಿತಿಯನ್ನು ಸ್ಥಾಪಿಸಿದನೆಂದು ಕಥೆ ಹೇಳುತ್ತದೆ. ಪಾಂಡು ಈ ಉದಾಹರಣೆಯನ್ನು ಆಪತ್ಕಾಲದ ಸಂತಾನವಿಧಿಗೆ ಸಂಬಂಧಿಸಿ ಬಳಸಿದನು. ಇವು ಪಾತ್ರಗಳು ತಮ್ಮ ಕಾಲದ ಧರ್ಮದ ಬಗ್ಗೆ ಮಾಡುವ ವಾದಗಳು. ಅವುಗಳ ನಡುವೆ ಮಹಿಳೆಯ ಇಚ್ಛೆ ಮತ್ತು ಕುಟುಂಬದ ಒತ್ತಡದ ಪ್ರಶ್ನೆಗಳೂ ಉಳಿದಿದ್ದವು.,ಪಾಂಡು: ಹಿಂದಿನ ಆಚಾರಗಳೂ ಒಂದೇ ರೀತಿಯಲ್ಲಿರಲಿಲ್ಲ. ಪರಿಸ್ಥಿತಿ ಮತ್ತು ಹೊಣೆಗಾರಿಕೆಯ ಕಾರಣದಿಂದ ಹೊಸ ಮಿತಿಗಳು ಬಂದವು.,66,29,38,,,pending,pending,,
287,G20-S05,ಮಂತ್ರದ ರಹಸ್ಯ ತೆರೆದಿತು,MAHABHARATA-2-AADIPARVA_djvu.txt lines 26631–27174,ಸಂವಾದದ ನಂತರ ಕುಂತಿ ದುರ್ವಾಸರಿಂದ ಪಡೆದ ಮಂತ್ರವನ್ನು ಪಾಂಡುವಿಗೆ ತಿಳಿಸಿದಳು. ಅವನು ಸೂಚಿಸುವ ದೇವತೆಯನ್ನು ಆಹ್ವಾನಿಸಬಹುದೆಂದಳು. ಪಾಂಡು ಮೊದಲು ಧರ್ಮದೇವನನ್ನು ಆರಿಸಿದನು; ಅಧರ್ಮದಿಂದ ಪ್ರಜೆಗಳನ್ನು ರಕ್ಷಿಸಲಾಗುವುದಿಲ್ಲ ಎಂಬುದು ಅವನ ಕಾರಣ. ಕುಂತಿಯ ಆಹ್ವಾನದ ಫಲವಾಗಿ ಯುಧಿಷ್ಠಿರ ಜನಿಸಿದನು. ಅವನ ಧರ್ಮನಿಷ್ಠೆ ಮತ್ತು ಮುಂದಿನ ಕೀರ್ತಿಯನ್ನು ಅಶರೀರವಾಣಿ ತಿಳಿಸಿತು. ಶಾಪದಿಂದ ಮುಚ್ಚಿದಂತಿದ್ದ ಕುಟುಂಬದ ದಾರಿಗೆ ಈಗ ಮೊದಲ ಮಗುವಿನ ಧ್ವನಿ ಸೇರ್ಪಟ್ಟಿತು.,ಪಾಂಡು: ಮೊದಲು ಧರ್ಮನನ್ನು ಆಹ್ವಾನಿಸು. ನಮ್ಮ ಮೊದಲ ಮಗ ಜನರನ್ನು ರಕ್ಷಿಸುವ ಧರ್ಮವನ್ನು ಅರಿಯುವವನಾಗಲಿ.,53,24,30,,,pending,pending,,
288,G20-S06,ಗಾಂಧಾರಿಯ ದೀರ್ಘ ನಿರೀಕ್ಷೆ,MAHABHARATA-2-AADIPARVA_djvu.txt lines 27175–27330,ಇನ್ನೊಂದೆಡೆ ಗಾಂಧಾರಿಯ ಗರ್ಭಧಾರಣೆ ದೀರ್ಘಕಾಲ ಮುಂದುವರಿದಿತ್ತು. ಕುಂತಿಗೆ ಮಗ ಜನಿಸಿದ ಸುದ್ದಿ ಅವಳ ಸಂಕಟವನ್ನು ಹೆಚ್ಚಿಸಿತು. ನಂತರ ಹೊರಬಂದ ಮಾಂಸಪಿಂಡವನ್ನು ಕಂಡು ನಿರಾಶಳಾದಾಗ ವ್ಯಾಸರು ಬಂದರು. ತಮ್ಮ ವರ ವ್ಯರ್ಥವಾಗುವುದಿಲ್ಲ ಎಂದರು. ಅದನ್ನು ಭಾಗಗಳಾಗಿ ಮಾಡಿ ಘೃತದಿಂದ ತುಂಬಿದ ಕುಂಭಗಳಲ್ಲಿ ಸಂರಕ್ಷಿಸುವ ವಿಧಾನವನ್ನು ಸೂಚಿಸಿದರು. ಅರಮನೆಯ ಕಾಯುವಿಕೆ ಈಗ ನೂರು ಮಕ್ಕಳ ನಿರೀಕ್ಷೆಯಾಗಿ ಬದಲಾಯಿತು. ಈ ಅದ್ಭುತ ಜನ್ಮಕಥೆ ಐದು ಪಾಂಡವರ ಜನನಕ್ಕೆ ಸಮಾಂತರವಾಗಿ ನಡೆಯುತ್ತದೆ.,ವ್ಯಾಸ: ನಾನು ನೀಡಿದ ವರ ವ್ಯರ್ಥವಾಗುವುದಿಲ್ಲ. ಈ ಭಾಗಗಳನ್ನು ನಿಯಮದಂತೆ ಸಂರಕ್ಷಿಸಿ ಕಾಯಿರಿ.,56,25,32,,,pending,pending,,
289,G20-S07,ಭೀಮನ ಜನನ ಮತ್ತು ಮೊದಲ ಬಲ,MAHABHARATA-2-AADIPARVA_djvu.txt lines 27331–27535,"ಮುಂದೆ ಪಾಂಡು ಬಲಶಾಲಿಯಾದ ಮಗನನ್ನು ಬಯಸಿದಾಗ ಕುಂತಿ ವಾಯುದೇವನನ್ನು ಆಹ್ವಾನಿಸಿದಳು. ಭೀಮ ಜನಿಸಿದನು. ಅವನ ಅಸಾಮಾನ್ಯ ಬಲವನ್ನು ಅಶರೀರವಾಣಿ ತಿಳಿಸಿತು. ತಾಯಿಯ ಮಡಿಲಿನಿಂದ ಜಾರಿದ ಮಗುವಿನ ಸ್ಪರ್ಶಕ್ಕೆ ಬಂಡೆ ಒಡೆಯುವ ಪ್ರಸಂಗವನ್ನು ಈ ಕಥೆ ಹೇಳುತ್ತದೆ. ಕುಂತಿಯ ಭಯದ ನಡುವೆ ಮಗು ಸುರಕ್ಷಿತವಾಗಿರುವುದೇ ಆಶ್ಚರ್ಯ. ಯುಧಿಷ್ಠಿರನ ನಂತರ ಬಂದ ಎರಡನೆಯ ಮಗನ ದೇಹಬಲ, ಮುಂದೆ ಸಹೋದರರ ರಕ್ಷಣೆಗೂ ಅವರ ಸಂಬಂಧಗಳ ಘರ್ಷಣೆಗೂ ಕಾರಣವಾಗಲಿದೆ.","ಕುಂತಿ: ಮಗನೇ! ನಿನಗೆ ಏನೂ ಆಗಿಲ್ಲವೇ? ಈ ಬಂಡೆಯೇ ಒಡೆದಿದೆ, ಆದರೆ ನೀನು ಸುರಕ್ಷಿತವಾಗಿದ್ದೀಯೆ.",55,24,31,,,pending,pending,,
290,G20-S08,ದುರ್ಯೋಧನನ ಜನನದ ಎಚ್ಚರಿಕೆ,MAHABHARATA-2-AADIPARVA_djvu.txt lines 27536–27775,ಭೀಮ ಜನಿಸಿದ ಹಗಲಿನ ಹಿಂದಿನ ರಾತ್ರಿ ದುರ್ಯೋಧನ ಜನಿಸಿದನೆಂದು ಈ ಪಾಠ ಹೇಳುತ್ತದೆ. ಜನನದೊಂದಿಗೆ ಅಪಶಕುನಗಳು ಕಂಡವು. ಧೃತರಾಷ್ಟ್ರನು ಮಗನ ಭವಿಷ್ಯ ಮತ್ತು ರಾಜ್ಯದ ಬಗ್ಗೆ ಪ್ರಶ್ನಿಸಿದನು. ವಿದುರ ಮತ್ತು ಬ್ರಾಹ್ಮಣರು ಕುಲಕ್ಕೆ ಅಪಾಯವಾಗುವ ಸೂಚನೆಗಳನ್ನು ಹೇಳಿ ಕಠಿಣ ಸಲಹೆ ನೀಡಿದರು. ಮಗನ ಮೇಲಿನ ಪ್ರೀತಿಯಿಂದ ಧೃತರಾಷ್ಟ್ರನು ಅದನ್ನು ಅಂಗೀಕರಿಸಲಿಲ್ಲ. ಈ ಕ್ಷಣವು ಶಿಶುವನ್ನು ದ್ವೇಷಿಸಬೇಕೆಂಬ ಆಹ್ವಾನವಲ್ಲ; ತಂದೆಯ ಆಸೆ ಮತ್ತು ರಾಜನ ಹೊಣೆ ನಡುವೆ ಆರಂಭವಾದ ಸಂಘರ್ಷದ ಸೂಚನೆ.,ಧೃತರಾಷ್ಟ್ರ: ನನ್ನ ಮಗನನ್ನು ಹೇಗೆ ತ್ಯಜಿಸಲಿ? ಅವನ ಮುಖವನ್ನು ನೋಡಲಾರದಿದ್ದರೂ ಅವನು ನನ್ನ ಮಗನೇ.,60,27,34,,,pending,pending,,
291,G20-S09,ದುಃಶಲೆ ಮತ್ತು ಯುಯುತ್ಸು,MAHABHARATA-2-AADIPARVA_djvu.txt lines 27779–28095,ಜನಮೇಜಯನು ಒಂದು ಪ್ರಶ್ನೆ ಕೇಳುತ್ತಾನೆ: ನೂರು ಪುತ್ರರ ಕಥೆಯಲ್ಲಿ ದುಃಶಲೆ ಹೇಗೆ ಬಂದಳು? ವೈಶಂಪಾಯನರು ಗಾಂಧಾರಿಗೆ ಮಗಳ ಆಸೆಯೂ ಇದ್ದಿತೆಂದು ವಿವರಿಸುತ್ತಾರೆ. ನೂರು ಭಾಗಗಳ ನಂತರ ಉಳಿದ ಒಂದು ಭಾಗಕ್ಕಾಗಿ ಮತ್ತೊಂದು ಕುಂಭ ಸಿದ್ಧವಾಯಿತು; ಅದರಿಂದ ದುಃಶಲೆ ಜನಿಸಿದಳು. ಧೃತರಾಷ್ಟ್ರನ ಇನ್ನೊಬ್ಬ ಪತ್ನಿಯಿಂದ ಯುಯುತ್ಸು ಜನಿಸಿದನು. ಅವನು ಗಾಂಧಾರಿಯ ನೂರು ಪುತ್ರರಲ್ಲಿ ಒಬ್ಬನಲ್ಲ. ದುಃಶಲೆಯ ಜಯದ್ರಥನೊಂದಿಗಿನ ಮುಂದಿನ ವಿವಾಹವನ್ನೂ ಇಲ್ಲಿ ಸಂಕ್ಷಿಪ್ತವಾಗಿ ಉಲ್ಲೇಖಿಸಲಾಗುತ್ತದೆ.,ವೈಶಂಪಾಯನ: ಗಾಂಧಾರಿಯ ನೂರು ಪುತ್ರರಿಗೆ ದುಃಶಲೆ ಸಹೋದರಿ. ಯುಯುತ್ಸುವಿನ ತಾಯಿ ಬೇರೆ; ಈ ಸಂಬಂಧವನ್ನು ನೆನಪಿಟ್ಟುಕೋ.,56,25,32,,,pending,pending,,
292,C117-S01,"ನೂರು ಪುತ್ರರು, ಯುಯುತ್ಸು ಮತ್ತು ದುಃಶಲೆ",MAHABHARATA-2-AADIPARVA_djvu.txt lines 27944–28089,ಜನಮೇಜಯನು ಧೃತರಾಷ್ಟ್ರನ ಮಕ್ಕಳ ಹೆಸರುಗಳನ್ನೂ ಅವರ ಜನ್ಮಕ್ರಮವನ್ನೂ ಕೇಳುತ್ತಾನೆ. ವೈಶಂಪಾಯನರು ಒಂದೊಂದಾಗಿ ಹೆಸರುಗಳನ್ನು ಹೇಳುತ್ತಾರೆ. ಇಲ್ಲಿ ಕುಟುಂಬದ ಸಂಖ್ಯೆಯನ್ನು ಸ್ಪಷ್ಟವಾಗಿ ನೆನಪಿಟ್ಟುಕೊಳ್ಳೋಣ. ಗಾಂಧಾರಿಗೆ ನೂರು ಪುತ್ರರು ಮತ್ತು ದುಃಶಲೆ ಎಂಬ ಮಗಳು. ಯುಯುತ್ಸು ಧೃತರಾಷ್ಟ್ರನ ಇನ್ನೊಬ್ಬ ಪುತ್ರ; ಅವನು ಗಾಂಧಾರಿಯ ನೂರು ಪುತ್ರರಲ್ಲಿ ಸೇರಿಲ್ಲ. ಮೂಲ ನಾಮಪಟ್ಟಿಯ ಆರಂಭದಲ್ಲಿ ದುರ್ಯೋಧನನ ಬಳಿಕ ಯುಯುತ್ಸುವಿನ ಹೆಸರು ಬರುತ್ತದೆ. ಅಧ್ಯಾಯದ ಕೊನೆಯಲ್ಲಿ ಈ ವ್ಯತ್ಯಾಸವನ್ನು ಮತ್ತೆ ಸ್ಪಷ್ಟಪಡಿಸಲಾಗಿದೆ. ಈಗ ಗಾಂಧಾರಿಯ ನೂರು ಪುತ್ರರ ಹೆಸರುಗಳನ್ನು ಹತ್ತು ಹತ್ತರ ಗುಂಪುಗಳಲ್ಲಿ ಕೇಳೋಣ. ಇದು ಪಟ್ಟಿಯ ಓದುವ ಕ್ರಮ; ಈ ವಿಭಾಗಗಳು ಸಹೋದರರ ಬೇರೆ ಬೇರೆ ಮನೆತನಗಳಲ್ಲ.,,65,29,37,,,pending,pending,,
293,C117-S02,ಗಾಂಧಾರಿಯ ಪುತ್ರರ ಹೆಸರುಗಳು: 1–10,MAHABHARATA-2-AADIPARVA_djvu.txt lines 28023–28024,"ಈ ಗುಂಪಿನ ಹೆಸರುಗಳು: ದುರ್ಯೋಧನ, ದುಃಶಾಸನ, ದುರ್ಧರ್ಷ, ದುರ್ಮುಖ, ಜಲಸಂಧಿ, ಸಹ, ಸಮ, ವಿಂದ, ಅನುವಿಂದ, ದುಷ್ಪ್ರಾಪ.",,13,6,7,,,pending,pending,,
294,C117-S03,ಗಾಂಧಾರಿಯ ಪುತ್ರರ ಹೆಸರುಗಳು: 11–20,MAHABHARATA-2-AADIPARVA_djvu.txt lines 28024–28026,"ಈ ಗುಂಪಿನ ಹೆಸರುಗಳು: ಸುಬಾಹು, ದುಷ್ಪ್ರಧರ್ಷಣ, ದುರ್ಮದ, ಚಿತ್ರಯೋಧ, ದುಷ್ಕರ್ಣ, ಕರ್ಣ, ವಿವಿಂಶತಿ, ವಿಕರ್ಣ, ಜಯಸಂಧ, ಸುಲೋಚನ. ಇಲ್ಲಿ ಕರ್ಣ ಎಂಬ ಹೆಸರೂ ಇದೆ. ಇವನು ಧೃತರಾಷ್ಟ್ರನ ಪುತ್ರ. ಕುಂತಿಯ ಮಗನಾಗಿ ಜನಿಸಿ ಅಧಿರಥ ರಾಧೆಯರ ಮನೆಯಲ್ಲಿ ಬೆಳೆದ ಕರ್ಣನಿಂದ ಇವನನ್ನು ಬೇರ್ಪಡಿಸಿ ನೆನಪಿಡಬೇಕು.",,32,14,18,,,pending,pending,,
295,C117-S04,ಗಾಂಧಾರಿಯ ಪುತ್ರರ ಹೆಸರುಗಳು: 21–30,MAHABHARATA-2-AADIPARVA_djvu.txt lines 28026–28027,"ಈ ಗುಂಪಿನ ಹೆಸರುಗಳು: ಚಿತ್ರ, ವಿಚಿತ್ರ, ಚಿತ್ರಾಕ್ಷ, ಚಾರುಚಿತ್ರ, ಶರಾಸನ, ದುರ್ಮರ್ಷಣ, ದುಷ್ಪ್ರಧರ್ಷ, ವಿವಿತ್ಸು, ವಿಕಲ, ಶಮ.",,13,6,7,,,pending,pending,,
296,C117-S05,ಗಾಂಧಾರಿಯ ಪುತ್ರರ ಹೆಸರುಗಳು: 31–40,MAHABHARATA-2-AADIPARVA_djvu.txt lines 28027–28029,"ಈ ಗುಂಪಿನ ಹೆಸರುಗಳು: ಊರ್ಣನಾಭ, ಸುನಾಭ, ನಂದ, ಉಪನಂದ, ಸೇನಾಪತಿ, ಸುಷೇಣ, ಕುಂಡೋದರ, ಮಹೋದರ, ಚಿತ್ರಧ್ವಜ, ಚಿತ್ರರಥ.",,13,6,7,,,pending,pending,,
297,C117-S06,ಗಾಂಧಾರಿಯ ಪುತ್ರರ ಹೆಸರುಗಳು: 41–50,MAHABHARATA-2-AADIPARVA_djvu.txt lines 28029–28030,"ಈ ಗುಂಪಿನ ಹೆಸರುಗಳು: ಚಿತ್ರಬಾಹು, ಅಮಿತ್ರಜಿತ್, ಚಿತ್ರಬಾಣ, ಚಿತ್ರವರ್ಮ, ಸುವರ್ಮ, ದುರ್ವಿಲೋಚನ, ಚಿತ್ರಸೇನ, ವಿಕ್ರಾಂತ, ಸುಚಿತ್ರ, ಚಿತ್ರವರ್ಮಧೃಕ್.",,13,6,7,,,pending,pending,,
298,C117-S07,ಗಾಂಧಾರಿಯ ಪುತ್ರರ ಹೆಸರುಗಳು: 51–60,MAHABHARATA-2-AADIPARVA_djvu.txt lines 28031–28032,"ಈ ಗುಂಪಿನ ಹೆಸರುಗಳು: ಅಪರಾಜಿತ, ಪಂಡಿತಕ, ವಿಶಾಲಾಕ್ಷ, ದುರಾಸದ, ಅಜಿತ, ಜಯಂತ, ಜಯತ್ಸೇನ, ದುರ್ಜಯ, ದೃಢಹಸ್ತ, ಸುಹಸ್ತ.",,13,6,7,,,pending,pending,,
299,C117-S08,ಗಾಂಧಾರಿಯ ಪುತ್ರರ ಹೆಸರುಗಳು: 61–70,MAHABHARATA-2-AADIPARVA_djvu.txt lines 28032–28033,"ಈ ಗುಂಪಿನ ಹೆಸರುಗಳು: ವಾತವೇಗ, ಸುವರ್ಚ, ಆದಿತ್ಯಕೇತು, ಬಹ್ವಾಶೀ, ನಾಗದಂತ, ಉಗ್ರಶಾಯಿ, ಕವಚೀ, ನಿಷಂಗೀ, ಪಾಶೀ, ದಂಡಧಾರ.",,13,6,7,,,pending,pending,,
300,C117-S09,ಗಾಂಧಾರಿಯ ಪುತ್ರರ ಹೆಸರುಗಳು: 71–80,MAHABHARATA-2-AADIPARVA_djvu.txt lines 28033–28040,"ಈ ಗುಂಪಿನ ಹೆಸರುಗಳು: ಅನುಗ್ರಹ, ಉಗ್ರ, ಭೀಮರಥ, ಭೀಮ, ಭೀಮಬಾಹು, ಅಲೋಲುಪ, ಭೀಮಕರ್ಮ, ಸುಬಾಹು, ಭೀಮವಿಕ್ರಾಂತ, ಅಭಯ. ಇಲ್ಲಿ ಕೇಳಿದ ಭೀಮ ಎಂಬ ಹೆಸರು ಧೃತರಾಷ್ಟ್ರನ ಪುತ್ರನದು. ಪಾಂಡವ ಭೀಮನೊಂದಿಗೆ ಈ ವ್ಯಕ್ತಿಯನ್ನು ಬೆರೆಸಬಾರದು. ಸುಬಾಹು ಎಂಬ ಹೆಸರು ಈ ಪಟ್ಟಿಯಲ್ಲಿ ಎರಡನೆಯ ಬಾರಿಗೆ ಬರುತ್ತದೆ; ಮೂಲದ ಈ ಮರುಕಳಿಕೆಯನ್ನು ಹಾಗೆಯೇ ಉಳಿಸಿಕೊಂಡಿದ್ದೇವೆ.",,38,17,22,,,pending,pending,,
301,C117-S10,ಗಾಂಧಾರಿಯ ಪುತ್ರರ ಹೆಸರುಗಳು: 81–90,MAHABHARATA-2-AADIPARVA_djvu.txt lines 28040–28041,"ಈ ಗುಂಪಿನ ಹೆಸರುಗಳು: ರೂಕ್ಮಕರ್ಮ, ದೃಢರಥ, ಅನಾಧೃಷ್ಯ, ಕುಂಡಭೇದೀ, ಧೀರಾರಿ, ದೀರ್ಘಲೋಚನ, ದೀರ್ಘಧ್ವಜ, ದೀರ್ಘಜಂಘ, ಅದೀರ್ಘ, ದೀರ್ಘ.",,13,6,7,,,pending,pending,,
302,C117-S11,ಗಾಂಧಾರಿಯ ಪುತ್ರರ ಹೆಸರುಗಳು: 91–100,MAHABHARATA-2-AADIPARVA_djvu.txt lines 28042–28043,"ಈ ಗುಂಪಿನ ಹೆಸರುಗಳು: ದೀರ್ಘಬಾಹು, ಮಹಾಬಾಹು, ವ್ಯೂಢೋರು, ಕನಕಧ್ವಜ, ಮಹಾಕುಂಡ, ಕುಂಡ, ವಿಕುಂಡ, ಚಿತ್ರಜ, ಅಸನಿ, ಚಿತ್ರಕ.",,13,6,7,,,pending,pending,,
303,C117-S12,"ಒಂದೇ ಹೆಸರು, ಬೇರೆ ವ್ಯಕ್ತಿಗಳು",MAHABHARATA-2-AADIPARVA_djvu.txt lines 27958–28052,"ಈ ನೂರು ಸ್ಥಾನಗಳನ್ನು ಓದುವಾಗ ಒಂದೇ ಹೆಸರನ್ನು ಕೇಳಿದರೆ ಒಂದೇ ವ್ಯಕ್ತಿಯೆಂದು ಊಹಿಸಬಾರದು. ಸುಬಾಹು ಎಂಬ ಹೆಸರು ಪಟ್ಟಿಯಲ್ಲಿ ಎರಡು ಕಡೆ ಬರುತ್ತದೆ. ಅದನ್ನು ಒಂದೇ ಹೆಸರಾಗಿ ಕಡಿತಗೊಳಿಸಿದರೆ ಮೂಲದ ಪಟ್ಟಿಯ ಕ್ರಮ ಬದಲಾಗುತ್ತದೆ. ಕರ್ಣ ಮತ್ತು ಭೀಮ ಎಂಬ ಹೆಸರುಗಳೂ ಇಲ್ಲಿ ಧೃತರಾಷ್ಟ್ರನ ಮಕ್ಕಳಿಗೆ ಬಳಸಲ್ಪಟ್ಟಿವೆ. ಹಾಗೆಯೇ ವಿಂದ ಅನುವಿಂದ ಎಂಬ ಹೆಸರುಗಳು ಮುಂದೆ ಬೇರೆ ರಾಜರಿಗೂ ಬರಬಹುದು. ಪ್ರತಿಯೊಂದು ಹೆಸರಿನ ಜೊತೆಗೆ ತಂದೆ, ಕುಟುಂಬ ಮತ್ತು ಸಂದರ್ಭವನ್ನು ನೆನಪಿಟ್ಟುಕೊಂಡಾಗ ಕಥೆಯ ವ್ಯಕ್ತಿಗಳು ಸ್ಪಷ್ಟವಾಗುತ್ತಾರೆ. ಈ ಹೆಸರುಪಟ್ಟಿಯಲ್ಲಿ ಕಾಣುವ ಎಲ್ಲ ಹೆಸರುಗಳಿಗೆ ಪ್ರತ್ಯೇಕ ಸಾಹಸಕಥೆಯನ್ನು ಗ್ರಂಥ ಇಲ್ಲಿ ಹೇಳುವುದಿಲ್ಲ; ಹೆಸರು ಮಾತ್ರ ಇರುವ ಜಾಗದಲ್ಲಿ ಹೊಸ ಘಟನೆಗಳನ್ನು ನಾವು ಸೇರಿಸಿಕೊಳ್ಳುವುದಿಲ್ಲ.",,72,32,41,,,pending,pending,,
304,C117-S13,ದುಃಶಲೆಯ ವಿವಾಹ ಮತ್ತು ಕುಟುಂಬದ ಮುಂದುವರಿಕೆ,MAHABHARATA-2-AADIPARVA_djvu.txt lines 28047–28089,"ವೈಶಂಪಾಯನರು ಈ ಪುತ್ರರನ್ನು ಶೂರರು, ಯುದ್ಧವಿಶಾರದರು, ವೇದವಿದ್ಯೆ ಮತ್ತು ರಾಜಶಾಸ್ತ್ರದಲ್ಲಿ ಶಿಕ್ಷಣ ಪಡೆದವರು ಎಂದು ಪರಿಚಯಿಸುತ್ತಾರೆ. ಯೋಗ್ಯಕಾಲ ಬಂದಾಗ ಧೃತರಾಷ್ಟ್ರನು ಅವರ ವಿವಾಹಗಳನ್ನು ಮಾಡಿಸುತ್ತಾನೆ. ಮಗಳಾದ ದುಃಶಲೆಯನ್ನು ಶಕುನಿಯ ಅನುಮತಿಯೊಂದಿಗೆ ಸಿಂಧುರಾಜ ಜಯದ್ರಥನಿಗೆ ವಿವಾಹ ಮಾಡಿಕೊಡುತ್ತಾನೆ. ಈ ಮದುವೆಯ ಮೂಲಕ ಕುರುವಂಶ ಮತ್ತು ಸಿಂಧುರಾಜ್ಯದ ನಡುವೆ ಸಂಬಂಧ ಬೆಳೆದುಬರುತ್ತದೆ. ಇಷ್ಟು ಹೊತ್ತು ಪುತ್ರರ ಹೆಸರುಗಳನ್ನೂ ಅವರ ಮುಂದಿನ ಜೀವನದ ಸಂಕ್ಷಿಪ್ತ ಸೂಚನೆಗಳನ್ನೂ ಕೇಳಿದೆವು. ಈಗ ಪಾಂಡುವಿನ ಅರಣ್ಯವಾಸದ ಕಾಲಕ್ಕೆ ಹಿಂದಿರುಗೋಣ; ಕುಂತಿಯ ಮುಂದಿನ ಪುತ್ರನ ಜನನಕ್ಕಾಗಿ ನಡೆಯುವ ತಪಸ್ಸಿನ ಕಥೆ ಮುಂದುವರಿಯುತ್ತದೆ.",,58,26,33,,,pending,pending,,
305,G20-S10,ಅರ್ಜುನನಿಗಾಗಿ ತಪಸ್ಸು,MAHABHARATA-2-AADIPARVA_djvu.txt lines 28180–28804,"ಪಾಂಡು ಮತ್ತೊಬ್ಬ ಮಹಾಪರಾಕ್ರಮಿ ಮಗನಿಗಾಗಿ ತಪಸ್ಸು ಮತ್ತು ನಿಯಮಗಳನ್ನು ಕೈಗೊಂಡನು. ಕುಂತಿ ಇಂದ್ರನನ್ನು ಆಹ್ವಾನಿಸಿದಳು; ಅರ್ಜುನ ಜನಿಸಿದನು. ಅವನ ಮುಂದಿನ ಶೌರ್ಯವನ್ನು ಅಶರೀರವಾಣಿ ವಿವರಿಸಿತು. ದೇವತೆಗಳು ಮತ್ತು ಗಂಧರ್ವರ ಸಂಭ್ರಮವನ್ನು ಗ್ರಂಥವು ವಿಶಾಲವಾಗಿ ಹೇಳುತ್ತದೆ. ಈಗಲೂ ಮಗು ಆಶ್ರಮದಲ್ಲೇ ಇದೆ; ಅವನ ಭವಿಷ್ಯದ ಕೀರ್ತಿ ಕೇಳಿದ ಮಾತಾಗಿ ಮಾತ್ರ ಬಂದಿದೆ. ಯುಧಿಷ್ಠಿರ, ಭೀಮ ಮತ್ತು ಅರ್ಜುನ ಎಂಬ ಕುಂತಿಯ ಮೂವರು ಪುತ್ರರು ಕುಟುಂಬಕ್ಕೆ ವಿಭಿನ್ನ ನಿರೀಕ್ಷೆಗಳನ್ನು ತಂದರು.","ನಿರೂಪಕ: ಧರ್ಮನಿಂದ ಯುಧಿಷ್ಠಿರ, ವಾಯುವಿನಿಂದ ಭೀಮ, ಇಂದ್ರನಿಂದ ಅರ್ಜುನ ಎಂದು ಈ ಜನ್ಮಕಥೆ ಹೇಳುತ್ತದೆ.",58,26,33,,,pending,pending,,
306,G20-S11,ಮಾದ್ರಿಯ ಮನವಿ ಮತ್ತು ಅವಳಿ ಮಕ್ಕಳು,MAHABHARATA-2-AADIPARVA_djvu.txt lines 29029–29388,ತನ್ನಿಗೂ ಸಂತಾನ ಬೇಕೆಂದು ಮಾದ್ರಿ ಪಾಂಡುವಿಗೆ ಹೇಳಿದಳು. ಕುಂತಿಯ ನೆರವಿನಿಂದ ಒಮ್ಮೆ ಮಂತ್ರದ ಅವಕಾಶ ದೊರೆಯಿತು. ಮಾದ್ರಿ ಅಶ್ವಿನೀದೇವತೆಗಳನ್ನು ಆಹ್ವಾನಿಸಿ ನಕುಲ ಮತ್ತು ಸಹದೇವ ಎಂಬ ಅವಳಿ ಮಕ್ಕಳನ್ನು ಪಡೆದಳು. ಮತ್ತೊಮ್ಮೆ ಅವಕಾಶ ಕೇಳುವ ವಿಚಾರದಲ್ಲಿ ಕುಂತಿ ತನ್ನ ಮಿತಿಯನ್ನು ತಿಳಿಸಿದಳು. ಈ ಸಂವಾದದಲ್ಲಿ ಸಹಪತ್ನಿಯರ ಸಂತೋಷದ ಜೊತೆಗೆ ಸ್ಪರ್ಧೆ ಮತ್ತು ಅಸಮಾನ ಅವಕಾಶದ ಭಾವವೂ ಗೋಚರಿಸುತ್ತದೆ. ಆದರೂ ಈಗ ಐದು ಮಕ್ಕಳು ಪಾಂಡುವಿನ ಕುಟುಂಬವಾಗಿ ಒಂದೇ ಆಶ್ರಮದಲ್ಲಿ ಬೆಳೆದರು.,ಮಾದ್ರಿ: ನನಗೂ ಮಗುವಿನ ತಾಯಿಯಾಗುವ ಆಸೆಯಿದೆ. ಕುಂತಿಯ ನೆರವಿನಿಂದ ನನಗೂ ಆ ಅವಕಾಶ ದೊರೆಯಲಿ.,60,27,34,,,pending,pending,,
307,G20-S12,ದ್ರೋಣರಿಗಿಂತ ಮೊದಲಿನ ಗುರು,MAHABHARATA-2-AADIPARVA_djvu.txt lines 29389–29557,"ಪಾಂಡುವಿಗೆ ಮಕ್ಕಳು ಜನಿಸಿದ ಸುದ್ದಿ ಬಂಧುಗಳಿಗೆ ಸಂತೋಷ ತಂದಿತು. ವಸುದೇವನು ಪುರೋಹಿತರು, ಉಡುಗೊರೆಗಳು ಮತ್ತು ಅಗತ್ಯ ವಸ್ತುಗಳನ್ನು ಕಳುಹಿಸಿದನು. ಸಂಸ್ಕಾರಗಳ ನಂತರ ಮಕ್ಕಳು ವಿದ್ಯಾಭ್ಯಾಸಕ್ಕೆ ಸೇರಿದರು. ಈ ಆವೃತ್ತಿ ಶರ್ಯಾತಿಯ ಪುತ್ರ ಶುಕ ಎಂಬ ರಾಜರ್ಷಿಯೇ ಮೊದಲು ಪಾಂಡವರಿಗೆ ಶಸ್ತ್ರವಿದ್ಯೆ ಕಲಿಸಿದನೆಂದು ಹೇಳುತ್ತದೆ. ಭೀಮನಿಗೆ ಗದೆ, ಯುಧಿಷ್ಠಿರನಿಗೆ ತೋಮರ, ಅವಳಿಗಳಿಗೆ ಖಡ್ಗ ಮತ್ತು ಅರ್ಜುನನಿಗೆ ಧನುರ್ವಿದ್ಯೆಯಲ್ಲಿ ಅಭ್ಯಾಸ ದೊರೆಯಿತು. ಮುಂದೆ ಬರುವ ದ್ರೋಣರ ಶಿಕ್ಷಣಕ್ಕೆ ಮುಂಚೆಯೇ ಅವರ ಕೈಗಳಿಗೆ ಈ ಮೊದಲ ಪರಿಚಯವಿತ್ತು.",ಶುಕ: ಅಭ್ಯಾಸವನ್ನು ನಿಯಮವಾಗಿ ಮುಂದುವರಿಸಿ. ಆಯುಧದ ಪರಿಚಯದ ಜೊತೆಗೆ ಅದರ ನಿಯಂತ್ರಣವನ್ನೂ ಕಲಿಯಬೇಕು.,61,27,35,,,pending,pending,,
308,G21-S01,ಆಯುಷ್ಯದ ಮುನ್ನೋಟ,MAHABHARATA-2-AADIPARVA_djvu.txt lines 29567–29657,"ಜನಮೇಜಯನು ಪಾಂಡವರು ಹಸ್ತಿನಪುರಕ್ಕೆ ಬಂದಾಗ ಅವರ ವಯಸ್ಸೆಷ್ಟು ಎಂದು ಕೇಳುತ್ತಾನೆ. ಈ ಆವೃತ್ತಿ ಯುಧಿಷ್ಠಿರನಿಗೆ ಹದಿನಾರು, ಭೀಮನಿಗೆ ಹದಿನೈದು, ಅರ್ಜುನನಿಗೆ ಹದಿನಾಲ್ಕು, ಅವಳಿಗಳಿಗೆ ಹದಿಮೂರು ವರ್ಷಗಳೆಂದು ಹೇಳುತ್ತದೆ. ನಂತರ ಅವರ ಜೀವನದ ಮುಂದಿನ ವಾಸಸ್ಥಳಗಳು, ವನವಾಸ ಮತ್ತು ರಾಜ್ಯಭಾರದ ಅವಧಿಗಳನ್ನು ಮುಂಚಿತವಾಗಿ ಸಂಕ್ಷೇಪಿಸುತ್ತದೆ. ಯುಧಿಷ್ಠಿರನ ಆಯುಸ್ಸನ್ನು ನೂರೆಂಟು ವರ್ಷಗಳೆಂದೂ ಹೇಳುತ್ತದೆ. ಇದು ಕಥೆಯ ಮುಂದೆ ಓಡುವ ಕಾಲಸಂಗ್ರಹ. ನಾವು ಈಗ ಆ ಮುನ್ನೋಟದಿಂದ ಪಾಂಡುವಿನ ಕೊನೆಯ ವಸಂತಕ್ಕೆ ಮರಳುತ್ತೇವೆ.",ವೈಶಂಪಾಯನ: ಮೊದಲು ಅವರ ವಯಸ್ಸಿನ ಕ್ರಮವನ್ನು ಕೇಳು. ನಂತರ ಅವರನ್ನು ಹಸ್ತಿನಪುರಕ್ಕೆ ತಂದ ಘಟನೆಗೆ ಮರಳೋಣ.,60,27,34,,,pending,pending,,
309,G21-S02,ಮರೆಯಲಾದ ಶಾಪ,MAHABHARATA-2-AADIPARVA_djvu.txt lines 29814–30070,ವಸಂತದಲ್ಲಿ ಪಾಂಡು ಮಾದ್ರಿಯೊಂದಿಗೆ ಕಾಡಿನಲ್ಲಿ ಇದ್ದನು. ಅವಳು ಶಾಪವನ್ನು ನೆನಪಿಸಿ ತಡೆಯಲು ಯತ್ನಿಸಿದರೂ ಅವನು ತನ್ನ ಆಸೆಯನ್ನು ನಿಯಂತ್ರಿಸಲಿಲ್ಲ. ಈ ಆವೃತ್ತಿ ಅವಳ ಪ್ರತಿರೋಧವನ್ನು ಸ್ಪಷ್ಟವಾಗಿ ಹೇಳುತ್ತದೆ. ಅವನ ಸಮೀಪಿಸುವಿಕೆ ಕಿಂದಮನ ಶಾಪವನ್ನು ಫಲಗೊಳಿಸಿತು; ಪಾಂಡು ಮರಣಹೊಂದಿದನು. ಮಾದ್ರಿಯ ಕೂಗು ಕೇಳಿ ಕುಂತಿ ಮಕ್ಕಳೊಂದಿಗೆ ಬಂದಳು. ಆದರೆ ಮಕ್ಕಳನ್ನು ದೂರದಲ್ಲೇ ನಿಲ್ಲಿಸಿ ತಾನೊಬ್ಬಳೇ ಹತ್ತಿರ ಹೋದಳು. ಒಂದು ಕ್ಷಣದಲ್ಲಿ ಐದು ಮಕ್ಕಳ ತಂದೆ ಇಲ್ಲದಂತಾಯಿತು.,"ಮಾದ್ರಿ: ಕುಂತಿ, ನೀನೊಬ್ಬಳೇ ಬಾ. ಮಕ್ಕಳನ್ನು ಅಲ್ಲಿಯೇ ನಿಲ್ಲಿಸು.",52,23,30,,,pending,pending,,
310,G21-S03,ಬದುಕಿ ಮಕ್ಕಳನ್ನು ಕಾಪಾಡುವ ಮಾತು,MAHABHARATA-2-AADIPARVA_djvu.txt lines 30071–30545,ಪಾಂಡುವಿನ ನಂತರ ಯಾರು ಬದುಕಿ ಮಕ್ಕಳನ್ನು ನೋಡಿಕೊಳ್ಳಬೇಕು ಎಂಬ ನೋವಿನ ಸಂವಾದ ನಡೆಯಿತು. ಆಶ್ರಮದ ಋಷಿಗಳು ಇಬ್ಬರೂ ಜೀವಿಸಬೇಕೆಂದು ಹೇಳಿದರು. ನಿಯಮ ಮತ್ತು ಕರ್ತವ್ಯದಿಂದ ಮುಂದುವರಿಯುವ ಬದುಕಿನ ಮೌಲ್ಯವನ್ನು ಅವರು ವಿವರಿಸಿದರು. ಕುಂತಿ ಅವರ ಮಾತನ್ನು ಅಂಗೀಕರಿಸಿದಳು. ಮಾದ್ರಿ ಮಾತ್ರ ಪತಿಯನ್ನು ಅನುಸರಿಸುವ ನಿರ್ಧಾರದಿಂದ ಹಿಂದೆ ಸರಿಯಲಿಲ್ಲ; ತನ್ನ ಮಕ್ಕಳನ್ನೂ ಕುಂತಿಯ ಕಾಳಜಿಗೆ ಒಪ್ಪಿಸಿದಳು. ಈ ಘಟನೆಯಲ್ಲಿ ಬದುಕಲು ನೀಡಿದ ಸಲಹೆಯೂ ಇದೆ. ಕುಂತಿಗೆ ಈಗ ತನ್ನ ಮೂವರು ಮತ್ತು ಮಾದ್ರಿಯ ಇಬ್ಬರು ಸಮಾನ ಹೊಣೆಗಾರಿಕೆಯಾದರು.,ಕುಂತಿ: ಐವರನ್ನೂ ನನ್ನ ಮಕ್ಕಳಾಗಿ ಕಾಪಾಡುತ್ತೇನೆ. ಅವರ ಬದುಕು ಮುಂದೆ ಸಾಗಬೇಕು.,62,28,35,,,pending,pending,,
311,G21-S04,ಪಾಂಡು ಮಾದ್ರಿಯ ಅಂತ್ಯಕ್ರಿಯೆ,MAHABHARATA-2-AADIPARVA_djvu.txt lines 30546–30732,ಮಾದ್ರಿಯ ಮರಣದ ನಂತರ ಪಾಂಡು ಮತ್ತು ಅವಳ ಅಂತ್ಯಕ್ರಿಯೆಗಳನ್ನು ಆಶ್ರಮದವರು ನೆರವೇರಿಸಿದರು. ಯುಧಿಷ್ಠಿರನು ಹಿರಿಯ ಮಗನಾಗಿ ಕರ್ತವ್ಯದಲ್ಲಿ ಭಾಗಿಯಾದನು. ಪುರೋಹಿತರು ಅಗತ್ಯ ವಿಧಿಗಳನ್ನು ನಡೆಸಿದರು. ದುಃಖದ ನಡುವೆ ಮಕ್ಕಳ ದೈನಂದಿನ ಭವಿಷ್ಯವೂ ನಿರ್ಧರಿಸಬೇಕಾಗಿತ್ತು. ಕಾಡಿನ ಋಷಿಗಳು ಇವರನ್ನು ಹಸ್ತಿನಪುರದ ಕುಟುಂಬಕ್ಕೆ ಒಪ್ಪಿಸುವುದು ಸೂಕ್ತವೆಂದು ತೀರ್ಮಾನಿಸಿದರು. ತಂದೆತಾಯಿಯ ನೆನಪು ಹೊತ್ತ ಐವರು ಈಗ ತಮ್ಮ ತಂದೆಯ ಮನೆಗೆ ಹೊರಟರು; ಕುಂತಿ ಅವರೊಂದಿಗೆ ನಡೆದುಹೋದಳು.,ನಿರೂಪಕ: ಆಶ್ರಮದಲ್ಲಿ ಬೆಳೆದ ಕುಟುಂಬ ಈಗ ವಿಯೋಗದೊಂದಿಗೆ ಹಸ್ತಿನಪುರದ ದಾರಿ ಹಿಡಿಯುತ್ತದೆ.,52,23,30,,,pending,pending,,
312,G21-S05,ಹಸ್ತಿನಪುರದ ಸ್ವಾಗತ,MAHABHARATA-2-AADIPARVA_djvu.txt lines 30900–31431,"ಋಷಿಗಳು ಕುಂತಿ ಮತ್ತು ಐದು ಮಕ್ಕಳನ್ನು ಹಸ್ತಿನಪುರಕ್ಕೆ ಕರೆದುಕೊಂಡು ಬಂದರು. ಪಾಂಡುವಿನ ಮರಣ ಮತ್ತು ಮಕ್ಕಳ ಜನ್ಮದ ವಿವರವನ್ನು ಹಿರಿಯರಿಗೆ ತಿಳಿಸಿದರು. ಭೀಷ್ಮ, ಧೃತರಾಷ್ಟ್ರ, ವಿದುರ ಮತ್ತು ಕುಟುಂಬದವರು ದುಃಖದ ಸುದ್ದಿಯನ್ನು ಕೇಳಿದರು. ಪಾಂಡವರು ತಂದೆಯ ಮನೆಯೊಳಗೆ ಸ್ವೀಕೃತರಾದರು. ನಗರದ ಜನರು ಪಾಂಡುವನ್ನು ತಮ್ಮ ಬಂಧುವಿನಂತೆ ನೆನೆದು ಶೋಕಿಸಿದರು. ಕಾಡಿನ ಪರಿಚಿತ ಜೀವನವನ್ನು ಬಿಟ್ಟ ಮಕ್ಕಳಿಗೆ ಅರಮನೆ ಹೊಸ ಆಶ್ರಯವಾಯಿತು; ಜೊತೆಗೆ ಹೊಸ ಸಂಬಂಧಗಳು ಮತ್ತು ಸ್ಪರ್ಧೆಗಳ ಸ್ಥಳವೂ ಆಯಿತು.",ಋಷಿ: ಇವರು ಪಾಂಡುವಿನ ಮಕ್ಕಳು. ಅವರ ತಾಯಿ ಕುಂತಿಯೊಂದಿಗೆ ಇವರನ್ನು ಕುಟುಂಬದ ರಕ್ಷಣೆಗೆ ಒಪ್ಪಿಸುತ್ತೇವೆ.,60,27,34,,,pending,pending,,
313,G21-S06,ಆವೃತ್ತಿಯ ಸ್ವೀಕಾರವಿವರಣೆ,MAHABHARATA-2-AADIPARVA_djvu.txt lines 30736–30894,ಈ ಆಗಮನದ ಬಳಿ ಸೇರಿರುವ ತಾತ್ಪರ್ಯನಿರ್ಣಯವು ಇನ್ನೊಂದು ವಿವರಣೆಯನ್ನು ನೀಡುತ್ತದೆ. ಕೌರವರು ಪಾಂಡವರ ಜನ್ಮದ ಮಾನ್ಯತೆಯನ್ನು ಪ್ರಶ್ನಿಸಿದಾಗ ವಾಯುವಿನ ವಾಣಿ ಮತ್ತು ವ್ಯಾಸರೂಪದ ದೈವಿಕ ರಕ್ಷಣೆಯಿಂದ ಅವರು ಸ್ವೀಕೃತರಾದರೆಂದು ಅದು ಹೇಳುತ್ತದೆ. ಇದು ಈ ಆವೃತ್ತಿಯ ವ್ಯಾಖ್ಯಾನಪದರ. ಋಷಿಗಳು ನೀಡುವ ಪರಿಚಯವು ಮುಖ್ಯ ಕಥೆಯಲ್ಲಿದೆ; ದೈವಿಕ ಸ್ವೀಕಾರದ ಈ ವಿವರಣೆಯು ಅದರ ಬಳಿ ಸೇರಿರುವ ತಾತ್ಪರ್ಯದಲ್ಲಿದೆ. ನಂತರ ಕಥೆ ಕುಟುಂಬದ ಶೋಕಕ್ರಿಯೆಗಳಿಗೆ ಮುಂದುವರಿಯುತ್ತದೆ.,ನಿರೂಪಕ: ಈ ಹೆಚ್ಚುವರಿ ಸ್ವೀಕಾರಪ್ರಸಂಗವು ಇಲ್ಲಿ ಸೇರಿರುವ ಮಾಧ್ವ ತಾತ್ಪರ್ಯದ ವಿವರಣೆ.,53,24,30,,,pending,pending,,
314,G21-S07,ನಗರದ ಶೋಕ ಮತ್ತು ಸತ್ಯವತಿಯ ನಿರ್ಗಮನ,MAHABHARATA-2-AADIPARVA_djvu.txt lines 31435–31910,"ಹಸ್ತಿನಪುರದಲ್ಲಿ ಪಾಂಡು ಮತ್ತು ಮಾದ್ರಿಯ ನೆನಪಿನ ವಿಧಿಗಳು, ದಾನ ಮತ್ತು ಶೋಕಾಚರಣೆಗಳು ನಡೆದವು. ವ್ಯಾಸರು ಸತ್ಯವತಿಗೆ ಮುಂದೆ ಕುಲದಲ್ಲಿ ಕಠಿಣ ಕಾಲ ಬರಲಿದೆ ಎಂದು ಎಚ್ಚರಿಸಿದರು. ಅದನ್ನು ಕಣ್ಣಾರೆ ನೋಡುವುದಕ್ಕಿಂತ ತಪೋವನಕ್ಕೆ ಹೋಗುವಂತೆ ಹೇಳಿದರು. ಸತ್ಯವತಿ ಅಂಬಿಕೆ ಮತ್ತು ಅಂಬಾಲಿಕೆಯೊಂದಿಗೆ ಮಾತಾಡಿ, ಅವರ ಒಪ್ಪಿಗೆಯೊಂದಿಗೆ ಹೊರಟಳು. ಭೀಷ್ಮನ ಅನುಮತಿ ಪಡೆದು ಮೂವರು ಅರಣ್ಯವಾಸಕ್ಕೆ ತೆರಳಿದರು. ಕುರುಮನೆಯ ಹಳೆಯ ತಲೆಮಾರು ಹೀಗೆ ನಿಧಾನವಾಗಿ ದೃಶ್ಯದಿಂದ ಸರಿಯಿತು.",ಸತ್ಯವತಿ: ನಾವು ಒಟ್ಟಾಗಿ ವನಕ್ಕೆ ಹೋಗೋಣ. ಉಳಿದ ಬದುಕನ್ನು ತಪಸ್ಸಿನಲ್ಲಿ ನಡೆಸೋಣ.,54,24,31,,,pending,pending,,
315,G21-S08,ಆಟದ ಬಲದಿಂದ ಅಸೂಯೆಗೆ,MAHABHARATA-2-AADIPARVA_djvu.txt lines 32109–32258,"ರಾಜಕುಮಾರರು ಒಟ್ಟಾಗಿ ಆಡುತ್ತಿದ್ದಾಗ ಭೀಮನ ಬಲ ಎಲ್ಲರಿಗಿಂತ ಹೆಚ್ಚಾಗಿ ಕಾಣಿಸಿತು. ಓಟ, ಕುಸ್ತಿ, ನೀರಾಟ ಮತ್ತು ಮರದ ಆಟಗಳಲ್ಲಿ ಅವನು ಇತರರನ್ನು ಮೀರಿಸುತ್ತಿದ್ದನು. ಕೆಲವೊಮ್ಮೆ ಅವನ ಆಟವೇ ಅವರಿಗೆ ನೋವು ಮತ್ತು ಅವಮಾನವನ್ನುಂಟುಮಾಡಿತು. ಕಥೆ ಅದನ್ನು ಬಾಲ್ಯದ ಚಪಲತೆಯೆಂದು ಹೇಳಿದರೂ ಪರಿಣಾಮವನ್ನು ಮರೆಮಾಡುವುದಿಲ್ಲ. ದುರ್ಯೋಧನನು ಭೀಮ ಬದುಕಿರುವವರೆಗೆ ತನ್ನ ಆಳ್ವಿಕೆಯ ಆಸೆಗೆ ಅಡ್ಡಿಯಿದೆ ಎಂದುಕೊಂಡನು. ಸ್ಪರ್ಧೆ ಈಗ ರಹಸ್ಯ ಕೊಲೆಯ ನಿರ್ಧಾರಕ್ಕೆ ತಿರುಗಿತು.",ದುರ್ಯೋಧನ: ಅವನ ಬಲವನ್ನು ಎದುರಿನಿಂದ ಮೀರಲಾಗುವುದಿಲ್ಲ. ಅವನು ಉಳಿದರೆ ನನ್ನ ದಾರಿಗೆ ಅಡ್ಡಿಯಾಗುತ್ತಾನೆ.,54,24,31,,,pending,pending,,
316,G21-S09,ಮೊದಲ ಜಲದಾಳಿ,MAHABHARATA-2-AADIPARVA_djvu.txt lines 32261–32350,"ಗಂಗೆಯ ಪ್ರಮಾಣಕೋಟಿಯ ಬಳಿಯ ಜಲವಿಹಾರಕ್ಕೆ ಗುಡಾರಗಳನ್ನು ಸಿದ್ಧಪಡಿಸಲಾಯಿತು. ಆಟದಿಂದ ದಣಿದ ಭೀಮ ಮಲಗಿದಾಗ ದುರ್ಯೋಧನನು ಬಂಧಿಸಿ ಮಡುವಿಗೆ ಹಾಕಿದನು. ಆದರೆ ಭೀಮ ಎಚ್ಚರಗೊಂಡು ಬಂಧನಗಳನ್ನು ಕಿತ್ತು ಮೇಲಕ್ಕೆ ಬಂದನು. ದಡದಲ್ಲಿ ಎದುರಾದವರನ್ನು ಹೊಡೆದು ಮತ್ತೆ ವಿಶ್ರಾಂತಿಗೆ ಹೋದನು. ಬೆಳಿಗ್ಗೆ ಭೀಮ ಬದುಕಿರುವುದನ್ನು ಕಂಡ ದುರ್ಯೋಧನನ ಯೋಜನೆ ವಿಫಲವಾಗಿತ್ತು. ಈ ಪಾಠದಲ್ಲಿರುವ ಮೊದಲ ಜಲದಾಳಿ, ಮುಂದೆ ನಾಗಲೋಕಕ್ಕೆ ಹೋಗುವ ಘಟನೆಯಿಂದ ಬೇರೆ ಹಂತವಾಗಿದೆ.",ನಿರೂಪಕ: ಈ ಬಾರಿ ಭೀಮ ತನ್ನ ಬಲದಿಂದಲೇ ನೀರಿನಿಂದ ಹೊರಬಂದನು. ನಾಗಲೋಕದ ಘಟನೆ ಇನ್ನೂ ಮುಂದೆ ಇದೆ.,56,25,32,,,pending,pending,,
317,G21-S10,ಸರ್ಪಗಳು ಮತ್ತು ಯುಯುತ್ಸುವಿನ ಎಚ್ಚರಿಕೆ,MAHABHARATA-2-AADIPARVA_djvu.txt lines 32353–32457,ಮೊದಲ ಪ್ರಯತ್ನ ವಿಫಲವಾದ ನಂತರ ಮಲಗಿದ್ದ ಭೀಮನನ್ನು ಸರ್ಪಗಳಿಂದ ಕೊಲ್ಲಲು ಯತ್ನಿಸಲಾಯಿತು. ಅವು ಅವನಿಗೆ ಹಾನಿ ಮಾಡಲಿಲ್ಲ; ಅವನು ಸರ್ಪಗಳನ್ನೂ ಅವನ್ನು ತಂದವನನ್ನೂ ಎದುರಿಸಿದನು. ಇನ್ನೊಂದು ದಿನ ಆಹಾರದಲ್ಲಿ ವಿಷ ಬೆರೆಸಿದ ವಿಚಾರವನ್ನು ಯುಯುತ್ಸು ತಿಳಿಸಿದನು. ಈ ಆವೃತ್ತಿ ಭೀಮ ಅದನ್ನು ಅರಗಿಸಿಕೊಂಡನೆಂದು ಹೇಳುತ್ತದೆ. ಯುಯುತ್ಸು ತನ್ನ ಕುಟುಂಬದ ಕುತಂತ್ರವನ್ನು ಮರೆಮಾಡದೆ ಪಾಂಡವರ ಹಿತಕ್ಕಾಗಿ ಎಚ್ಚರಿಸಿದನು. ವಿದುರನ ಸಲಹೆಯಂತೆ ಅವರು ತಿಳಿದದ್ದನ್ನೆಲ್ಲ ಬಹಿರಂಗಪಡಿಸದೆ ಎಚ್ಚರಿಕೆಯಿಂದಿದ್ದರು.,ಯುಯುತ್ಸು: ನಿಮ್ಮ ಮೇಲೆ ಅಪಾಯದ ಯೋಜನೆ ಇದೆ. ಆಹಾರದ ವಿಚಾರದಲ್ಲಿ ಎಚ್ಚರವಾಗಿರಿ; ನಾನು ತಿಳಿದದ್ದನ್ನು ನಿಮಗೆ ಹೇಳುತ್ತೇನೆ.,58,26,33,,,pending,pending,,
318,G21-S11,"ಮತ್ತೊಂದು ವಿಹಾರ, ಮತ್ತೊಂದು ಮೋಸ",MAHABHARATA-2-AADIPARVA_djvu.txt lines 32547–32745,"ಮುಂದಿನ ಅಧ್ಯಾಯದಲ್ಲಿ ದುರ್ಯೋಧನನು ಮತ್ತೆ ಜಲವಿಹಾರಕ್ಕೆ ಆಹ್ವಾನಿಸಿದನು. ಈ ಸಲ ಭಕ್ಷ್ಯದಲ್ಲಿ ವಿಷವನ್ನು ಬೆರೆಸಿ ಸತ್ಕಾರದಂತೆ ಭೀಮನಿಗೆ ತಿನ್ನಿಸಿದನು. ಭೀಮನಿಗೆ ಮೋಸ ತಿಳಿಯಲಿಲ್ಲ. ಆಟದ ನಂತರ ಅವನು ಗಾಢ ನಿದ್ರೆಗೆ ಜಾರಿದಾಗ ಬಂಧಿಸಿ ನೀರಿಗೆ ಉರುಳಿಸಲಾಯಿತು. ನೀರಿನಲ್ಲಿದ್ದ ಅಪಾಯಕರ ಗೂಟಗಳಿಗೆ ಅವನು ತಲುಪಲಿಲ್ಲವೆಂದು ಪಾಠ ಹೇಳುತ್ತದೆ. ಮೇಲಿನ ಗುಡಾರಗಳಲ್ಲಿ ರಾತ್ರಿ ಮುಂದುವರಿಯುತ್ತಿದ್ದರೆ, ಭೀಮನ ದಾರಿ ನೀರಿನ ಆಳದಲ್ಲಿ ನಾಗಭವನದ ಕಡೆ ತಿರುಗಿತು.",ದುರ್ಯೋಧನ: ಎಲ್ಲರೂ ಜೊತೆಯಾಗಿ ವಿಹಾರ ಮಾಡೋಣ. ಈ ದಿನದ ಊಟವನ್ನು ನಾನೇ ಸತ್ಕಾರವಾಗಿ ನೀಡುತ್ತೇನೆ.,54,24,31,,,pending,pending,,
319,G21-S12,ನಾಗಭವನದಲ್ಲಿ ಎಚ್ಚರ,MAHABHARATA-2-AADIPARVA_djvu.txt lines 32746–32855,ನಾಗಭವನಕ್ಕೆ ಬಿದ್ದ ಭೀಮನನ್ನು ನಾಗಗಳು ಕಚ್ಚಿದವು. ಅವುಗಳ ವಿಷದಿಂದ ಅವನ ದೇಹದಲ್ಲಿದ್ದ ಹಿಂದಿನ ವಿಷ ನಿವಾರಣೆಯಾಯಿತು ಎಂದು ಕಥೆ ಹೇಳುತ್ತದೆ. ಎಚ್ಚರಗೊಂಡ ಭೀಮ ಬಂಧನಗಳನ್ನು ಮುರಿದು ಎದುರಿಸಿದನು. ನಾಗಗಳು ವಾಸುಕಿಯ ನೆರವನ್ನು ಕೇಳಿದವು. ಆರ್ಯಕನೊಂದಿಗೆ ಬಂದ ವಾಸುಕಿ ಭೀಮನನ್ನು ಗುರುತಿಸಿ ಗೌರವಿಸಿದನು. ಧನದ ಬದಲು ಬಲವನ್ನು ನೀಡುವ ರಸಪಾನ ಮಾಡಿಸುವಂತೆ ಆರ್ಯಕ ಸೂಚಿಸಿದನು. ಶತ್ರುವೆಂದು ಕಂಡ ಅನ್ಯನಿಗೆ ಈಗ ಬಂಧುತ್ವ ಮತ್ತು ಆತಿಥ್ಯದ ದಾರಿ ತೆರೆದಿತು.,ಆರ್ಯಕ: ಇವನಿಗೆ ಧನಕ್ಕಿಂತ ಇಲ್ಲಿ ಇರುವ ರಸದ ಅನುಗ್ರಹ ದೊರೆಯಲಿ. ಅವನು ತನ್ನ ಕುಟುಂಬಕ್ಕೆ ಬಲವಾಗಿ ಮರಳಲಿ.,59,26,34,,,pending,pending,,
320,G21-S13,"ಎಂಟು ಕುಂಡಗಳು, ಎಂಟು ದಿನಗಳು",MAHABHARATA-2-AADIPARVA_djvu.txt lines 32856–33020,"ಭೀಮ ಪೂರ್ವದಿಕ್ಕಿಗೆ ಮುಖಮಾಡಿ ರಸವನ್ನು ಕುಡಿದನು. ಒಂದೊಂದು ಕುಂಡವು ಸಾವಿರ ಆನೆಗಳ ಬಲಕ್ಕೆ ಸಮವೆಂದು ಕಥೆ ಹೇಳುತ್ತದೆ; ಅವನು ಎಂಟು ಕುಂಡಗಳ ರಸವನ್ನು ಕುಡಿದು ಎಂಟು ದಿನ ನಿದ್ರಿಸಿದನು. ಮೇಲಿನ ಲೋಕದಲ್ಲಿ ಅವನು ಮನೆಗೆ ಬಂದಿರಬಹುದೆಂದು ಮೊದಲಿಗೆ ಭಾವಿಸಿದ ಸಹೋದರರು, ಕುಂತಿಯಿಂದ ಬಂದಿಲ್ಲವೆಂದು ಕೇಳಿ ಹುಡುಕಿದರು. ತಾಯಿಯ ಆತಂಕಕ್ಕೆ ವಿದುರ ಧೈರ್ಯ ಹೇಳಿದನು. ಭೀಮನಿಗೆ ವಿಶ್ರಾಂತಿಯ ಕಾಲವಾಗಿದ್ದ ಈ ದಿನಗಳು ಕುಟುಂಬಕ್ಕೆ ಭಯದ ಕಾಯುವಿಕೆಯಾಗಿದ್ದವು.",ಕುಂತಿ: ಅವನು ನಿಮ್ಮೊಂದಿಗೆ ಹೊರಟಿದ್ದ. ಇಲ್ಲಿಗೆ ಬಂದಿಲ್ಲವೆಂದರೆ ಈಗ ಎಲ್ಲಿದ್ದಾನೆ? ಅವನನ್ನು ಹುಡುಕಿ ಕರೆತನ್ನಿರಿ.,56,25,32,,,pending,pending,,
321,G21-S14,"ಮರಳಿದ ಅಣ್ಣ, ಬದಲಾಗಿದ ವಿಶ್ವಾಸ",MAHABHARATA-2-AADIPARVA_djvu.txt lines 33021–33104,ನಾಗಗಳು ಭೀಮನನ್ನು ಮೊದಲಿದ್ದ ವನಪ್ರದೇಶಕ್ಕೇ ಕರೆತಂದವು. ಅವನು ಮನೆಗೆ ಬಂದು ಕುಂತಿಗೆ ನಮಸ್ಕರಿಸಿದನು; ಅಣ್ಣನನ್ನೂ ತಮ್ಮಂದಿರನ್ನೂ ಭೇಟಿ ಮಾಡಿ ನಡೆದದ್ದನ್ನು ಹೇಳಿದನು. ಕುಟುಂಬಕ್ಕೆ ನೆಮ್ಮದಿ ಸಿಕ್ಕಿತು. ಆದರೆ ಅಪಾಯ ತಮ್ಮ ಮನೆಯವರಿಂದಲೇ ಬರಬಹುದು ಎಂಬ ಅರಿವು ಈಗ ಗಾಢವಾಯಿತು. ವಿದುರ ಎಚ್ಚರಿಕೆಯ ಬುದ್ಧಿ ನೀಡಿದನು. ಭೀಮ ಬದುಕಿ ಬಂದದ್ದು ದುರ್ಯೋಧನನ ಮನಸ್ಸಿಗೆ ಮತ್ತಷ್ಟು ಕಳವಳವಾಯಿತು. ಈ ನಡುವೆ ರಾಜಕುಮಾರರ ವಿದ್ಯಾಭ್ಯಾಸ ಕೃಪಾಚಾರ್ಯರ ಮಾರ್ಗದರ್ಶನದಲ್ಲಿ ಮುಂದುವರಿಯಿತು.,"ಭೀಮ: ನಾನು ಮರಳಿದ್ದೇನೆ, ಅಮ್ಮ. ನಡೆದದ್ದನ್ನೆಲ್ಲ ಹೇಳುತ್ತೇನೆ; ಈಗ ನಾವು ಹೆಚ್ಚು ಎಚ್ಚರದಿಂದ ಇರಬೇಕು.",56,25,32,,,pending,pending,,
322,G21-S15,ಕೃಪ ಮತ್ತು ಕೃಪಿಯ ಪೂರ್ವಕಥೆ,MAHABHARATA-2-AADIPARVA_djvu.txt lines 33269–33527,ಕೃಪಾಚಾರ್ಯರ ಹೆಸರು ಬಂದಾಗ ಜನಮೇಜಯನು ಅವರ ಜನ್ಮವನ್ನು ಕೇಳುತ್ತಾನೆ. ವೈಶಂಪಾಯನರು ಗೌತಮವಂಶದ ಶರದ್ವಾನರ ತಪಸ್ಸು ಮತ್ತು ಧನುರ್ವಿದ್ಯೆಯನ್ನು ವಿವರಿಸುತ್ತಾರೆ. ಅವರಿಂದ ಹುಟ್ಟಿದ ಅವಳಿ ಶಿಶುಗಳು ಶರಸ್ತಂಬದ ಬಳಿ ದೊರಕಿದವು. ಶಂತನು ಅವುಗಳನ್ನು ಕಂಡು ಕರುಣೆಯಿಂದ ಸಾಕಿದನು; ಕೃಪ ಮತ್ತು ಕೃಪಿ ಎಂಬ ಹೆಸರುಗಳು ಬಂದವು. ಮುಂದೆ ತಂದೆ ಅವರ ಗೋತ್ರ ಮತ್ತು ಜನ್ಮವನ್ನು ತಿಳಿಸಿದನು. ಕೃಪನು ಅಸ್ತ್ರವಿದ್ಯೆಯಲ್ಲಿ ಬೆಳೆದು ರಾಜಕುಮಾರರ ಗುರುವಾದನು; ಕೃಪಿಯ ಜೀವನ ದ್ರೋಣನ ಕಥೆಗೆ ನಮ್ಮನ್ನು ಕರೆದೊಯ್ಯುತ್ತದೆ.,ವೈಶಂಪಾಯನ: ಶಂತನುವಿನ ಕರುಣೆಯಿಂದ ಸಾಕಲ್ಪಟ್ಟ ಆ ಅವಳಿ ಮಕ್ಕಳು ಕೃಪ ಮತ್ತು ಕೃಪಿ. ಅವರಲ್ಲಿ ಕೃಪನೇ ಈಗ ರಾಜಕುಮಾರರ ಗುರು.,64,28,37,,,pending,pending,,
323,G22-S01,ಭರದ್ವಾಜರ ಮಗ ದ್ರೋಣ,MAHABHARATA-2-AADIPARVA_djvu.txt lines 33795–33884,"ಕೃಪಿಯ ಜೀವನದಿಂದ ಕಥೆ ಅವಳ ಪತಿ ದ್ರೋಣನ ಕಡೆ ಬರುತ್ತದೆ. ಗಂಗಾದ್ವಾರದ ಬಳಿಯ ಭರದ್ವಾಜರ ಆಶ್ರಮದಲ್ಲಿ ಅವನ ಅದ್ಭುತ ಜನ್ಮವನ್ನು ವೈಶಂಪಾಯನರು ವಿವರಿಸುತ್ತಾರೆ. ಕಲಶದಿಂದ ಜನಿಸಿದ ಕಾರಣ ದ್ರೋಣ ಎಂಬ ಹೆಸರು ಬಂತು. ವೇದವೇದಾಂಗಗಳ ಅಧ್ಯಯನದ ಜೊತೆಗೆ ಅಸ್ತ್ರವಿದ್ಯೆಯೂ ಅವನ ಜೀವನದ ಭಾಗವಾಯಿತು. ಅಗ್ನಿವೇಶ್ಯರಿಂದ ಅವನು ವಿಶೇಷ ವಿದ್ಯೆಯನ್ನು ಪಡೆದನು. ಮುಂದೆ ರಾಜಕುಮಾರರಿಗೆ ಗುರುವಾಗುವವನಿಗೆ ಈಗ ತನ್ನದೇ ಆದ ಬಾಲ್ಯ, ಕಲಿಕೆ ಮತ್ತು ಕುಟುಂಬದ ಕಥೆ ತೆರೆದುಕೊಳ್ಳುತ್ತದೆ.",ವೈಶಂಪಾಯನ: ದ್ರೋಣನು ಭರದ್ವಾಜರ ಮಗ. ಅವನು ಪಡೆದ ವಿದ್ಯೆಯ ದಾರಿಯನ್ನು ಮೊದಲು ಕೇಳು.,57,25,33,,,pending,pending,,
324,G22-S02,ಗುರುಕುಲದ ಸ್ನೇಹಿತರು,MAHABHARATA-2-AADIPARVA_djvu.txt lines 33917–33959; MAHABHARATA-2-AADIPARVA_djvu.txt lines 34756–34850,ಪಾಂಚಾಲರಾಜ ಪೃಷತನ ಮಗ ದ್ರುಪದನು ಭರದ್ವಾಜರ ಆಶ್ರಮಕ್ಕೆ ಬರುತ್ತಿದ್ದನು. ದ್ರೋಣ ಮತ್ತು ದ್ರುಪದರು ಒಟ್ಟಾಗಿ ಆಟವಾಡಿ ಅಧ್ಯಯನ ಮಾಡಿದರು. ಮುಂದೆ ಅಗ್ನಿವೇಶ್ಯರ ಬಳಿಯ ಕಲಿಕೆಯಲ್ಲೂ ಅವರ ಸ್ನೇಹ ಗಾಢವಾಯಿತು. ರಾಜಕುಮಾರ ತನ್ನ ಭವಿಷ್ಯದ ಸಂಪತ್ತನ್ನು ಸ್ನೇಹಿತನೊಂದಿಗೆ ಹಂಚಿಕೊಳ್ಳುವ ಮಾತು ಕೊಟ್ಟಿದ್ದನು. ಆಗ ಇಬ್ಬರ ನಡುವೆ ಅರಮನೆಯ ಅಂತರ ಇರಲಿಲ್ಲ. ಕಾಲ ಕಳೆದಂತೆ ದ್ರುಪದನು ರಾಜನಾದನು; ದ್ರೋಣನ ಬದುಕು ವಿದ್ಯೆ ಇದ್ದರೂ ಆರ್ಥಿಕ ಸಂಕಟದ ದಾರಿಗೆ ಹೋಯಿತು.,ಯುವ ದ್ರುಪದ: ನಾನು ರಾಜ್ಯವನ್ನು ಪಡೆದಾಗ ನನ್ನಲ್ಲಿರುವ ಸುಖ ಮತ್ತು ಸಂಪತ್ತು ನಿನಗೂ ದೊರೆಯಲಿ; ನೀನು ನನ್ನ ಸ್ನೇಹಿತ.,59,26,34,,,pending,pending,,
325,G22-S03,ಕೃಪಿ ಮತ್ತು ಅಶ್ವತ್ಥಾಮ,MAHABHARATA-2-AADIPARVA_djvu.txt lines 33960–34001,ತಂದೆಯ ಸೂಚನೆಯಂತೆ ದ್ರೋಣನು ಕೃಪಿಯನ್ನು ವಿವಾಹವಾದನು. ಇವರಿಗೆ ಅಶ್ವತ್ಥಾಮ ಜನಿಸಿದನು. ಜನನದ ಧ್ವನಿಯನ್ನು ಕುದುರೆಯ ಕೆನೆತಕ್ಕೆ ಹೋಲಿಸಿ ಅವನ ಹೆಸರು ಬಂದಿತೆಂದು ಕಥೆ ಹೇಳುತ್ತದೆ. ಮಗನ ಮೇಲಿನ ಪ್ರೀತಿ ದ್ರೋಣನಿಗೆ ಆಳವಾಗಿತ್ತು. ಆದರೆ ವಿದ್ಯಾಸಂಪತ್ತು ಮನೆಯ ಆಹಾರ ಮತ್ತು ಹಾಲಾಗಿ ತಕ್ಷಣ ಬದಲಾಗಲಿಲ್ಲ. ತನ್ನ ಮಗನ ಸಾಮಾನ್ಯ ಅಗತ್ಯಕ್ಕೂ ಉತ್ತರ ನೀಡಲಾಗದ ಸ್ಥಿತಿ ಅವನನ್ನು ಕಾಡಿತು. ಈ ಕುಟುಂಬದ ಕೊರತೆಯೇ ಮುಂದೆ ಹಳೆಯ ಸ್ನೇಹಿತನ ನೆನಪನ್ನು ಮತ್ತೆ ಎಬ್ಬಿಸಿತು.,ಕೃಪಿ: ಮಗನಿಗೆ ಬೇಕಾದುದನ್ನು ಒದಗಿಸುವ ದಾರಿ ಹುಡುಕೋಣ. ಅವನ ಆಸೆ ತುಂಬ ದೊಡ್ಡದಲ್ಲ.,58,26,33,,,pending,pending,,
326,G22-S04,ಹಾಲೆಂದು ನಂಬಿದ ನೀರು,MAHABHARATA-2-AADIPARVA_djvu.txt lines 34864–34940,ದ್ರೋಣನ ಮಗ ಹಾಲನ್ನು ಬಯಸಿದಾಗ ಮನೆಯಲ್ಲಿ ಅದನ್ನು ಒದಗಿಸಲಾಗಲಿಲ್ಲ. ಹಿಟ್ಟುಕಲಸಿದ ನೀರನ್ನು ಕುಡಿದು ಹಾಲು ಕುಡಿದೆನೆಂದು ಅಶ್ವತ್ಥಾಮ ಸಂತೋಷಪಟ್ಟನು. ಇತರ ಮಕ್ಕಳ ಮಾತುಗಳಿಂದ ಆ ಕೊರತೆ ದ್ರೋಣನಿಗೆ ಇನ್ನೂ ತೀವ್ರವಾಗಿ ತಟ್ಟಿತು. ಮಗನ ಸಂತೋಷದ ಹಿಂದೆ ಅವನಿಗೆ ತಿಳಿಯದ ವಂಚಿತ ಸ್ಥಿತಿ ಇತ್ತು. ತಂದೆಯಾಗಿ ತನ್ನ ಅಸಮರ್ಥತೆಯ ನೋವು ದ್ರೋಣನನ್ನು ಕಾಡಿತು. ಈಗ ಅವನು ಬದುಕಿಗೆ ನೆರವು ಹುಡುಕಲು ಹೊರಡಬೇಕೆಂದು ನಿರ್ಧರಿಸಿದನು. ಹಳೆಯ ಸ್ನೇಹದ ವಾಗ್ದಾನ ಅವನ ನೆನಪಿಗೆ ಬಂತು.,"ಅಶ್ವತ್ಥಾಮ: ನಾನೂ ಹಾಲು ಕುಡಿದಿದ್ದೇನೆ! ನೋಡಿ, ನನಗೂ ಹಾಲು ಸಿಕ್ಕಿದೆ.",57,25,33,,,pending,pending,,
327,G22-S05,ಪರಶುರಾಮರ ಉಳಿದ ಧನ,MAHABHARATA-2-AADIPARVA_djvu.txt lines 34002–34152,"ಪರಶುರಾಮರು ತಮ್ಮ ಧನವನ್ನು ದಾನ ಮಾಡುತ್ತಿದ್ದಾರೆಂಬ ಸುದ್ದಿ ಕೇಳಿ ದ್ರೋಣನು ಮಹೇಂದ್ರಪರ್ವತಕ್ಕೆ ಹೋದನು. ಅವನು ತಲುಪುವಷ್ಟರಲ್ಲಿ ಭೌತಿಕ ಸಂಪತ್ತು ಹಂಚಲ್ಪಟ್ಟಿತ್ತು. ತಮ್ಮ ದೇಹ, ಅಸ್ತ್ರಗಳು ಮತ್ತು ವಿದ್ಯೆ ಮಾತ್ರ ಉಳಿದಿವೆ ಎಂದು ಪರಶುರಾಮರು ಹೇಳಿದರು. ದ್ರೋಣನು ಅಸ್ತ್ರಗಳ ಜೊತೆಗೆ ಅವುಗಳ ಪ್ರಯೋಗ ಮತ್ತು ಹಿಂತೆಗೆತದ ಜ್ಞಾನವನ್ನು ಕೇಳಿದನು. ನಿಯಮಸಹಿತವಾಗಿ ಆ ವಿದ್ಯೆಯನ್ನು ಪಡೆದನು. ಸಂಪತ್ತನ್ನು ಹುಡುಕಿದ ಪ್ರಯಾಣದಲ್ಲಿ ಅವನಿಗೆ ಮತ್ತಷ್ಟು ಶಸ್ತ್ರಜ್ಞಾನ ದೊರೆಯಿತು; ಕುಟುಂಬದ ಜೀವನೋಪಾಯದ ಪ್ರಶ್ನೆ ಮಾತ್ರ ಇನ್ನೂ ಉಳಿದಿತ್ತು.","ದ್ರೋಣ: ಅಸ್ತ್ರಗಳಷ್ಟೇ ಅಲ್ಲ, ಅವುಗಳನ್ನು ಪ್ರಯೋಗಿಸುವ ಮತ್ತು ಸಂಹರಿಸುವ ರಹಸ್ಯವನ್ನೂ ನನಗೆ ಕಲಿಸಿ.",60,27,34,,,pending,pending,,
328,G22-S06,ರಾಜನಾದ ಸ್ನೇಹಿತ,MAHABHARATA-2-AADIPARVA_djvu.txt lines 34213–34360,ದ್ರೋಣನು ದ್ರುಪದನ ಸಭೆಗೆ ಬಂದು ಹಳೆಯ ಸ್ನೇಹವನ್ನು ನೆನಪಿಸಿದನು. ಆದರೆ ದ್ರುಪದನು ಸಮಾನ ಸ್ಥಾನದಲ್ಲಿರುವವರಿಗೇ ಸ್ನೇಹ ಸಾಧ್ಯವೆಂದು ವಾದಿಸಿದನು. ರಾಜನಿಗೂ ದರಿದ್ರನಿಗೂ ಹಳೆಯ ಗುರುಕುಲದ ಸಮಾನತೆ ಇಲ್ಲವೆಂದನು. ದ್ರೋಣನಿಗೆ ಬೇಕಿದ್ದ ಗೌರವ ಮತ್ತು ನೆರವು ದೊರೆಯಲಿಲ್ಲ. ಆ ಅವಮಾನ ಅವನ ಮನಸ್ಸಿನಲ್ಲಿ ಪ್ರತಿಕಾರದ ನಿರ್ಧಾರವಾಗಿ ನೆಲೆಯೂರಿತು. ಪತ್ನಿ ಮತ್ತು ಮಗನೊಂದಿಗೆ ಅವನು ಹಸ್ತಿನಪುರಕ್ಕೆ ಬಂದನು; ಕೃಪಾಚಾರ್ಯರ ಮನೆಯಲ್ಲಿ ಆಶ್ರಯ ಪಡೆದನು. ಸ್ನೇಹದ ಮುರಿತ ಈಗ ಕುರುರಾಜಕುಮಾರರ ಭವಿಷ್ಯಕ್ಕೆ ಸೇರಲಿದೆ.,ದ್ರುಪದ: ಆಗಿನ ಸ್ನೇಹಕ್ಕೆ ಈಗಿನ ಸ್ಥಾನಗಳು ಸಮಾನವಿಲ್ಲ. ರಾಜನ ಮತ್ತು ಸಂಪತ್ತಿಲ್ಲದವನ ನಡುವೆ ಅದೇ ಸಂಬಂಧ ಹೇಗೆ ಉಳಿಯುತ್ತದೆ?,62,28,35,,,pending,pending,,
329,G22-S07,ಬಾವಿಯಲ್ಲಿ ಬಿದ್ದ ಚೆಂಡು ಮತ್ತು ಉಂಗುರ,MAHABHARATA-2-AADIPARVA_djvu.txt lines 34496–34632,ಹಸ್ತಿನಪುರದಲ್ಲಿ ಆಟವಾಡುತ್ತಿದ್ದ ರಾಜಕುಮಾರರ ಚೆಂಡು ಮತ್ತು ಯುಧಿಷ್ಠಿರನ ಉಂಗುರ ಬಾವಿಗೆ ಬಿದ್ದವು. ಎಲ್ಲರೂ ಪ್ರಯತ್ನಿಸಿದರೂ ಅವನ್ನು ಹೊರತೆಗೆಯಲಾಗಲಿಲ್ಲ. ಹತ್ತಿರದಲ್ಲಿದ್ದ ಅಪರಿಚಿತ ಬ್ರಾಹ್ಮಣನಾದ ದ್ರೋಣನು ಅವರ ಕಷ್ಟವನ್ನು ಗಮನಿಸಿದನು. ಇಷ್ಟು ವಿದ್ಯೆ ಕಲಿತರೂ ಉಪಾಯ ಕಂಡುಕೊಳ್ಳಲಿಲ್ಲವೇ ಎಂದು ಕೇಳಿದನು. ತಾನು ಎರಡನ್ನೂ ತೆಗೆಯುವುದಾಗಿ ಹೇಳಿ ಭೋಜನದ ವ್ಯವಸ್ಥೆ ಕೇಳಿದನು. ಯುಧಿಷ್ಠಿರನು ನೆರವು ನೀಡುವುದಾಗಿ ಒಪ್ಪಿದನು. ಸಾಮಾನ್ಯ ಆಟದ ಅಡಚಣೆ ಒಂದು ಮಹಾಗುರುವಿನ ಪರಿಚಯಕ್ಕೆ ಅವಕಾಶವಾಯಿತು.,ಯುಧಿಷ್ಠಿರ: ನಮಗೆ ಈ ಸಹಾಯ ಮಾಡಿದರೆ ನಿಮಗೆ ಜೀವನೋಪಾಯದ ವ್ಯವಸ್ಥೆಯನ್ನು ಮಾಡುವೆವು. ಮೊದಲು ನಿಮ್ಮ ಉಪಾಯವನ್ನು ತೋರಿಸಿ.,57,25,33,,,pending,pending,,
330,G22-S08,ಕಡ್ಡಿಗಳ ಸರಪಳಿ,MAHABHARATA-2-AADIPARVA_djvu.txt lines 34633–34753,"ದ್ರೋಣನು ಸಣ್ಣ ಕಡ್ಡಿಗಳನ್ನು ಒಂದಕ್ಕೊಂದು ಜೋಡಿಸುವ ಅಪೂರ್ವ ಕೌಶಲದಿಂದ ಚೆಂಡನ್ನು ಮೇಲಕ್ಕೆ ತಂದನು. ನಂತರ ಬಾಣದ ಸಹಾಯದಿಂದ ಉಂಗುರವನ್ನೂ ಹೊರತೆಗೆದನು. ಬೆರಗಾದ ಕುಮಾರರು ಅವನ ಪರಿಚಯ ಕೇಳಿದರು. ತಮ್ಮ ಬಳಿ ಹೇಳುವುದಕ್ಕಿಂತ ಭೀಷ್ಮನಿಗೆ ಅವನ ರೂಪ ಮತ್ತು ಕೌಶಲವನ್ನು ವಿವರಿಸುವಂತೆ ದ್ರೋಣನು ಸೂಚಿಸಿದನು. ಮಕ್ಕಳ ವರದಿ ಕೇಳಿ ಭೀಷ್ಮನು ಅವನನ್ನು ಗುರುತಿಸಿದನು. ದ್ರೋಣನನ್ನು ಕರೆಸಿ ಸತ್ಕರಿಸಿ, ರಾಜಕುಮಾರರಿಗೆ ಶಿಕ್ಷಕನಾಗಲು ಆಹ್ವಾನಿಸಿದನು.",ದ್ರೋಣ: ನೀವು ಕಂಡದ್ದನ್ನೇ ಭೀಷ್ಮರಿಗೆ ಹೇಳಿ. ನನ್ನ ರೂಪ ಮತ್ತು ಈ ಕೌಶಲದಿಂದ ಅವರು ನನ್ನನ್ನು ಗುರುತಿಸುವರು.,55,24,31,,,pending,pending,,
331,G22-S09,ಗುರುದಕ್ಷಿಣೆಯ ಮುಂಚಿನ ಮಾತು,MAHABHARATA-2-AADIPARVA_djvu.txt lines 34756–35138,"ಭೀಷ್ಮನಿಗೆ ದ್ರೋಣನು ತನ್ನ ಸ್ನೇಹ, ಬಡತನ ಮತ್ತು ದ್ರುಪದನ ಅವಮಾನವನ್ನು ವಿವರಿಸಿದನು. ಶಿಕ್ಷಣದ ಹೊಣೆ ದೊರಕಿದ ನಂತರ ಶಿಷ್ಯರಿಗೆ ಒಂದು ಅಪೇಕ್ಷಿತ ಕಾರ್ಯವನ್ನು ಮುಂದೆ ಮಾಡಿಕೊಡಬೇಕೆಂದು ಕೇಳಿದನು. ಇತರರು ಮೌನವಾಗಿದ್ದಾಗ ಅರ್ಜುನನು ಒಪ್ಪಿದನು. ದ್ರೋಣನಿಗೆ ಅವನ ಮೇಲೆ ವಿಶೇಷ ಪ್ರೀತಿ ಬೆಳೆದಿತು. ಅಶ್ವತ್ಥಾಮನೊಂದಿಗೆ ಅರ್ಜುನನ ಸ್ನೇಹವನ್ನೂ ಜೋಡಿಸಿದನು. ಕರ್ಣ ಸೇರಿದಂತೆ ಹಲವು ದೇಶದ ಯುವಕರು ಈ ಶಿಕ್ಷಣಕ್ಕೆ ಬಂದರು. ಕಲಿಕೆಯ ಮೈದಾನದಲ್ಲೇ ಸ್ನೇಹ, ಸ್ಪರ್ಧೆ ಮತ್ತು ಗುರುವಿನ ವೈಯಕ್ತಿಕ ಉದ್ದೇಶಗಳು ಸೇರಿಕೊಂಡವು.",ಅರ್ಜುನ: ನಿಮ್ಮ ವಿದ್ಯೆಯನ್ನು ಕಲಿತು ಸಮರ್ಥನಾದ ಮೇಲೆ ನೀವು ಕೇಳುವ ಕಾರ್ಯವನ್ನು ಮಾಡಿಕೊಡುತ್ತೇನೆ.,60,27,34,,,pending,pending,,
332,G22-S10,ರಾತ್ರಿಯ ಅಭ್ಯಾಸ,MAHABHARATA-2-AADIPARVA_djvu.txt lines 35232–35322,ಅರ್ಜುನನ ಅಭ್ಯಾಸ ಇತರರಿಗಿಂತ ನಿರಂತರವಾಗಿತ್ತು. ಒಂದು ರಾತ್ರಿ ಊಟದ ದೀಪ ಆರಿದರೂ ಅವನು ಊಟವನ್ನು ನಿಲ್ಲಿಸಲಿಲ್ಲ. ಈ ಆವೃತ್ತಿಯ ವಿವರಣೆ ಅವನ ಕೈಯಲ್ಲಿ ಕಾಣುವ ಪ್ರಕಾಶವನ್ನೂ ಹೇಳುತ್ತದೆ; ಅದು ಸಾಮಾನ್ಯ ಅಭ್ಯಾಸದ ಜನಪ್ರಿಯ ಕಥನಕ್ಕೆ ಮಾತ್ರ ಸೀಮಿತವಲ್ಲ. ಅರ್ಜುನನು ರಾತ್ರಿ ಬಾಣವಿದ್ಯೆಯನ್ನೂ ಅಭ್ಯಾಸಮಾಡತೊಡಗಿದನು. ಹೆದೆಯ ಧ್ವನಿ ಕೇಳಿ ಬಂದ ದ್ರೋಣನು ಅವನ ಪರಿಶ್ರಮವನ್ನು ಕಂಡು ಮೆಚ್ಚಿದನು. ಅವನಿಗೆ ಸಮಾನವಾದ ಧನುರ್ಧರನು ಇರದಂತೆ ಕಲಿಸುವೆನೆಂದು ಮಾತು ಕೊಟ್ಟನು.,ದ್ರೋಣ: ನಿನ್ನ ಪರಿಶ್ರಮವನ್ನು ಕಂಡಿದ್ದೇನೆ. ನಿನಗೆ ಸಮನಾದ ಧನುರ್ಧರನು ಇರದಂತೆ ಕಲಿಸಲು ಪ್ರಯತ್ನಿಸುವೆನು.,56,25,32,,,pending,pending,,
333,G22-S11,ಏಕಲವ್ಯನಿಗೆ ಸಿಗದ ಪ್ರವೇಶ,MAHABHARATA-2-AADIPARVA_djvu.txt lines 35323–35390,"ನಿಷಾದರಾಜ ಹಿರಣ್ಯಧನುವಿನ ಮಗ ಏಕಲವ್ಯನು ದ್ರೋಣರ ಬಳಿ ವಿದ್ಯೆ ಕಲಿಯಲು ಬಂದನು. ಅವನ ಹಿನ್ನೆಲೆ ಮತ್ತು ರಾಜಕುಮಾರರ ಹಿತವನ್ನು ಪರಿಗಣಿಸಿ ದ್ರೋಣರು ಅವನನ್ನು ಸ್ವೀಕರಿಸಲಿಲ್ಲವೆಂದು ಪಾಠ ಹೇಳುತ್ತದೆ. ಏಕಲವ್ಯ ಅರಣ್ಯಕ್ಕೆ ಹಿಂದಿರುಗಿದನು. ಅಲ್ಲಿ ದ್ರೋಣರ ಮಣ್ಣಿನ ಪ್ರತಿಮೆಯನ್ನು ನಿರ್ಮಿಸಿ, ಅದನ್ನು ಗುರುವೆಂದು ಗೌರವಿಸುತ್ತಾ ತಾನೇ ಅಭ್ಯಾಸ ಮಾಡಿದನು. ಶಾಲೆಯ ಬಾಗಿಲು ತೆರೆಯದಿದ್ದರೂ ಕಲಿಕೆಯ ಆಸೆ ಅವನಲ್ಲಿ ಮುಚ್ಚಲಿಲ್ಲ. ಅವನ ಪರಿಶ್ರಮದ ಫಲವನ್ನು ಒಂದು ದಿನ ರಾಜಕುಮಾರರೇ ಎದುರಿಸಬೇಕಾಯಿತು.",ಏಕಲವ್ಯ: ನಾನು ಹಿರಣ್ಯಧನುವಿನ ಮಗ. ಧನುರ್ವಿದ್ಯೆಯನ್ನು ಕಲಿಯುವ ಆಸೆಯಿಂದ ನಿಮ್ಮ ಬಳಿಗೆ ಬಂದಿದ್ದೇನೆ.,57,25,33,,,pending,pending,,
334,G22-S12,ಏಳು ಬಾಣಗಳ ಪ್ರಶ್ನೆ,MAHABHARATA-2-AADIPARVA_djvu.txt lines 35391–35520,ಬೇಟೆಯ ಬಳಗದ ನಾಯಿ ಏಕಲವ್ಯನ ಬಳಿ ಬಂದು ಬೊಗಳಿತು. ಏಕಲವ್ಯ ಏಳು ಬಾಣಗಳಿಂದ ಅದರ ಬಾಯಿಯನ್ನು ತುಂಬಿಸಿದ ಅದ್ಭುತ ಕೌಶಲವನ್ನು ಪಾಠ ಹೇಳುತ್ತದೆ. ನಾಯಿಯನ್ನು ಕಂಡ ಪಾಂಡವರು ಆ ಕೆಲಸ ಮಾಡಿದವನನ್ನು ಹುಡುಕಿದರು. ಏಕಲವ್ಯ ತಾನು ದ್ರೋಣರ ಶಿಷ್ಯನೆಂದು ಪರಿಚಯಿಸಿದನು. ಅರ್ಜುನ ಈ ಮಾತನ್ನು ಕೇಳಿ ತನ್ನ ಗುರು ಕೊಟ್ಟ ವಾಗ್ದಾನವನ್ನು ನೆನಪಿಸಿಕೊಂಡನು. ದ್ರೋಣರ ಬಳಿ ಹೋಗಿ ಏಕಲವ್ಯನ ಸ್ಥಾನವನ್ನು ಪ್ರಶ್ನಿಸಿದನು. ಗುರುವಿನ ಮಾತು ಮತ್ತು ಸ್ವತಂತ್ರವಾಗಿ ಬೆಳೆದ ಪ್ರತಿಭೆ ಈಗ ಒಂದೇ ಸಂಕಟದಲ್ಲಿ ನಿಂತವು.,ಅರ್ಜುನ: ನನಗಿಂತ ಶ್ರೇಷ್ಠನಾದ ನಿಮ್ಮ ಶಿಷ್ಯ ಇರಲಾರನೆಂದು ಹೇಳಿದ್ದಿರಿ. ಏಕಲವ್ಯನು ತನ್ನನ್ನು ನಿಮ್ಮ ಶಿಷ್ಯನೆಂದು ಹೇಳುತ್ತಾನೆ.,65,29,37,,,pending,pending,,
335,G22-S13,ಬಲಗೈಯ ಅಂಗುಷ್ಠ,MAHABHARATA-2-AADIPARVA_djvu.txt lines 35521–35619,ದ್ರೋಣನು ಅರ್ಜುನನೊಂದಿಗೆ ಏಕಲವ್ಯನ ಬಳಿಗೆ ಹೋದನು. ತಾನು ಶಿಷ್ಯನೆಂದು ಹೇಳುವವನಿಂದ ಗುರುದಕ್ಷಿಣೆ ಕೇಳಿದನು. ಏಕಲವ್ಯ ಏನನ್ನಾದರೂ ಕೊಡುವೆನೆಂದಾಗ ಬಲಗೈಯ ಹೆಬ್ಬೆರಳನ್ನು ಕೇಳಿದನು. ಏಕಲವ್ಯ ಅದನ್ನು ಅರ್ಪಿಸಿದನು. ನಂತರ ಉಳಿದ ಬೆರಳುಗಳಿಂದ ಬಾಣ ಹೂಡುತ್ತಿದ್ದರೂ ಹಿಂದಿನ ವೇಗ ಉಳಿಯಲಿಲ್ಲ. ಅರ್ಜುನನ ಆತಂಕ ನಿವಾರಣೆಯಾಯಿತೆಂದು ಪಾಠ ಹೇಳುತ್ತದೆ. ಒಂದು ವಾಗ್ದಾನ ಉಳಿದ ಕ್ಷಣದಲ್ಲಿ ಮತ್ತೊಬ್ಬನ ಕಲಿಕೆಯ ದಾರಿಗೆ ದೊಡ್ಡ ಬೆಲೆ ಬಿದ್ದಿತು. ಈ ಪರಿಣಾಮವನ್ನು ಮರೆಯದೆ ಕಥೆ ಮುಂದಿನ ಪರೀಕ್ಷೆಗಳ ಕಡೆ ಸಾಗುತ್ತದೆ.,ದ್ರೋಣ: ನೀನು ನನ್ನ ಶಿಷ್ಯನೆಂದು ಹೇಳಿದರೆ ಗುರುದಕ್ಷಿಣೆಯನ್ನು ಕೊಡು. ನಿನ್ನ ಬಲಗೈಯ ಅಂಗುಷ್ಠವನ್ನು ಕೇಳುತ್ತೇನೆ.,60,27,34,,,pending,pending,,
336,I3-S01,ಶಿಕ್ಷಣದ ಕೊನೆಯಿಂದ ಹೊಸ ಆರಂಭ,MAHABHARATA-3-AADIPARVA_djvu.txt lines 1–106; MAHABHARATA-3-AADIPARVA_djvu.txt lines 668–811,"ಮೂರನೆಯ ಸಂಪುಟವನ್ನು ತೆರೆಯುವಾಗ, ಕುರುರಾಜಕುಮಾರರು ದ್ರೋಣರ ಬಳಿ ವಿದ್ಯಾಭ್ಯಾಸ ಮಾಡುತ್ತಿದ್ದಾರೆ. ಗುರುವು ಒಂದು ದಿನ ತಮ್ಮ ಇಚ್ಛೆಯನ್ನು ನೆರವೇರಿಸುವ ವಾಗ್ದಾನವನ್ನು ಕೇಳಿದಾಗ ಅರ್ಜುನನು ಮುಂದೆ ಬಂದಿರುವುದನ್ನು ಆರಂಭದ ತಾತ್ಪರ್ಯನಿರ್ಣಯದ ವಿವರಣೆ ನೆನಪಿಸುತ್ತದೆ. ಕಲಿತ ವಿದ್ಯೆಯಲ್ಲಿ ಪಾಂಡಿತ್ಯವೆಂದರೆ ಕೇವಲ ಅಸ್ತ್ರವನ್ನು ಕೈಯಲ್ಲಿ ಹಿಡಿಯುವುದಲ್ಲ. ಏಕಾಗ್ರತೆ, ಅಭ್ಯಾಸ, ಗುರುಶಿಷ್ಯರ ಸಂಬಂಧ ಮತ್ತು ಸಮಯಕ್ಕೆ ತಕ್ಕ ನಿರ್ಧಾರವೂ ಅದರ ಭಾಗಗಳು.

ಈ ಸಂಪುಟದ ಆರಂಭದಲ್ಲಿ ಇರುವ ಆ ವಿವರಣೆಯನ್ನು ನಾವು ಪ್ರತ್ಯೇಕವಾಗಿ ಗುರುತಿಸುತ್ತೇವೆ. ಅದರ ನಂತರ ಆದಿಪರ್ವದ ನೂರಮೂವತ್ತೆರಡನೆಯ ಅಧ್ಯಾಯ ಆರಂಭವಾಗುತ್ತದೆ. ಹಿಂದಿನ ಸಂಪುಟದ ತರಬೇತಿ ಇಲ್ಲಿಗೆ ಸಂಪರ್ಕಿಸುತ್ತದೆ. ಕಥೆಯ ಕಾಲ ಅಚಾನಕ ಬದಲಾಗಿಲ್ಲ; ಅದೇ ರಾಜಕುಮಾರರ ಮುಂದಿನ ಪರೀಕ್ಷೆಯನ್ನು ನಾವು ನೋಡಲಿದ್ದೇವೆ.",,70,31,40,,,pending,pending,,
337,I3-S02,ಕೀರ್ತಿಯ ಜೊತೆಗೆ ನೆರಳು,MAHABHARATA-3-AADIPARVA_djvu.txt lines 107–667,"ವಿಷಯಾನುಕ್ರಮಣಿಕೆ ಈ ಭಾಗದಲ್ಲಿ ನೂರಮೂವತ್ತೆರಡರಿಂದ ನೂರತೊಂಭತ್ತೊಂಬತ್ತನೆಯ ಅಧ್ಯಾಯದವರೆಗಿನ ಕಥೆ ಇರುವುದನ್ನು ತೋರಿಸುತ್ತದೆ. ವಿದ್ಯಾಪ್ರದರ್ಶನ, ಕರ್ಣನ ಪ್ರವೇಶ, ಗುರುದಕ್ಷಿಣೆ ಮತ್ತು ದ್ರುಪದನ ಸಂಬಂಧಗಳ ಮೂಲಕ ರಾಜಕುಮಾರರ ಸಾಮರ್ಥ್ಯವೂ ಅಸಮಾಧಾನವೂ ಹೊರಹೊಮ್ಮುತ್ತವೆ. ವಿದ್ಯೆಯು ಕೀರ್ತಿಯನ್ನು ಕೊಡುತ್ತದೆ; ಅದೇ ಕೀರ್ತಿ ಅಸೂಯೆಯನ್ನೂ ಹೆಚ್ಚಿಸಬಹುದು. ಅರಮನೆಯೊಳಗಿನ ರಾಜಕೀಯವು ಕುಟುಂಬದ ಭದ್ರತೆಯನ್ನೇ ಪ್ರಶ್ನಿಸುವ ಹಂತಕ್ಕೆ ಬರುತ್ತದೆ.

ಮುಂದೆ ಲಾಕ್ಷಾಗೃಹದ ಅಪಾಯ, ರಹಸ್ಯವಾಗಿ ಬದುಕುಳಿಯುವ ಪ್ರಯತ್ನ ಮತ್ತು ಅರಣ್ಯದ ಬದುಕು ಎದುರಾಗುತ್ತವೆ. ಅರಮನೆಯ ಸೌಕರ್ಯದಿಂದ ಹೊರಬಂದಾಗ, ಒಂದೇ ಕುಟುಂಬವು ಪರಸ್ಪರವನ್ನು ಹೇಗೆ ಕಾಪಾಡುತ್ತದೆ ಎಂಬುದನ್ನು ನೋಡುತ್ತೇವೆ. ಅಪಾಯದ ದೃಶ್ಯಗಳಲ್ಲಿ ಶಬ್ದ ಮತ್ತು ನೆರಳನ್ನು ಬಳಸುತ್ತೇವೆ; ನೋವನ್ನು ಮನರಂಜನೆಯ ಅಲಂಕಾರವನ್ನಾಗಿ ಮಾಡುವುದಿಲ್ಲ. ಪ್ರತಿಯೊಂದು ಸ್ಥಳಬದಲಾವಣೆಯ ಮುಂಚೆ ಅವರು ಎಲ್ಲಿದ್ದಾರೆ, ಏಕೆ ಅಲ್ಲಿಗೆ ಬಂದಿದ್ದಾರೆ ಎಂಬುದನ್ನು ಕಥೆಯಲ್ಲೇ ಸ್ಪಷ್ಟಪಡಿಸುತ್ತೇವೆ.",,76,34,43,,,pending,pending,,
338,I3-S03,ಪಂಚಾಲದ ಕಡೆಗೆ,MAHABHARATA-3-AADIPARVA_djvu.txt lines 107–667; MAHABHARATA-3-AADIPARVA_djvu.txt lines 615–658,"ಅರಣ್ಯದ ಪ್ರಸಂಗಗಳು, ಏಕಚಕ್ರದ ವಾಸ ಮತ್ತು ಮಾರ್ಗದಲ್ಲಿ ಕೇಳಿಬರುವ ಕಥೆಗಳು ನಮ್ಮನ್ನು ಪಂಚಾಲದ ಕಡೆಗೆ ಕರೆದೊಯ್ಯುತ್ತವೆ. ದ್ರೌಪದಿಯ ಸ್ವಯಂವರವು ಯೋಧನೊಬ್ಬನ ಸಾಹಸದ ದೃಶ್ಯ ಮಾತ್ರವಲ್ಲ; ಹಲವು ರಾಜವಂಶಗಳ ಮುಂದಿನ ಸಂಬಂಧವನ್ನು ಬದಲಿಸುವ ಸಂದರ್ಭ. ಅದರ ನಂತರ ಕುಂತಿಯ ಮಾತು, ಕುಟುಂಬದ ಧರ್ಮಸಂಕಟ ಮತ್ತು ವ್ಯಾಸರ ವಿವರಣೆಗಳು ಬರುತ್ತವೆ.

ಈ ಆವೃತ್ತಿಯಲ್ಲಿ ನಾಳಾಯನಿ, ಇಂದ್ರಸೇನೆ ಮತ್ತು ಪಂಚೇಂದ್ರರ ಉಪಾಖ್ಯಾನಗಳ ಮೂಲಕ ದ್ರೌಪದಿಯ ವಿವಾಹದ ಹಿನ್ನೆಲೆಯನ್ನು ವಿವರಿಸಲಾಗಿದೆ. ಇವು ಹಿಂದೆ ನಡೆದ ಕಥೆಗಳು ಎಂದು ಸ್ಪಷ್ಟವಾಗಿ ಸೂಚಿಸುತ್ತೇವೆ. ಒಂದೇ ಪಾತ್ರದ ವರ್ತಮಾನದ ದೃಶ್ಯಕ್ಕೆ ಹಿಂದಿನ ಜನ್ಮದ ರೂಪವನ್ನು ಬೆರೆಸುವುದಿಲ್ಲ. ಈ ಭಾಗದ ಅಂತ್ಯದಲ್ಲಿ ವಿವಾಹ, ಉಡುಗೊರೆಗಳು, ಕುಂತಿಯ ಆಶೀರ್ವಾದ ಮತ್ತು ಕುಟುಂಬದ ಸಂತೋಷ ಬರುತ್ತವೆ. ಆದರೆ ಹೊಸ ಸಂಬಂಧದ ಸುದ್ದಿ ಹಸ್ತಿನಾಪುರವನ್ನು ತಲುಪಿದಾಗ, ಅದರ ರಾಜಕೀಯ ಅರ್ಥವೂ ತೆರೆದುಕೊಳ್ಳಲಿದೆ. ಆ ಮುಂದಿನ ಬಾಗಿಲನ್ನು ನಾಲ್ಕನೆಯ ಸಂಪುಟ ತೆರೆಯುತ್ತದೆ.",,88,39,50,,,pending,pending,,
339,FF03-S01,ಮೂರನೆಯ ಸಂಪುಟದ ಪರಿಚಯ,MAHABHARATA-3-AADIPARVA_djvu.txt lines 1–106,ಮೂರನೆಯ ಸಂಪುಟದ ಪ್ರಕಟಣಾಪುಟಗಳು ಅದೇ ಗ್ರಂಥಯೋಜನೆಯ ಮುಂದಿನ ಭಾಗವೆಂದು ತಿಳಿಸುತ್ತವೆ. ಅನುವಾದ ಮತ್ತು ವ್ಯಾಖ್ಯಾನದ ಪದರಗಳು ಇಲ್ಲಿಯೂ ಜೊತೆಯಾಗಿ ಸಾಗುತ್ತವೆ. ಕಥೆಯ ಮೊದಲು ವಿಷಯಪಟ್ಟಿ ಇದೆ; ಅದರ ನಂತರ ರಾಜಕುಮಾರರ ವಿದ್ಯಾಭ್ಯಾಸಕ್ಕೆ ಸಂಬಂಧಿಸಿದ ತಾತ್ಪರ್ಯನಿರ್ಣಯದ ವಿವರಣೆ ಬರುತ್ತದೆ. ಈ ಆರಂಭಿಕ ವಿವರಣೆಯನ್ನು ಕೇವಲ ಶೀರ್ಷಿಕೆಯ ಪುಟವೆಂದು ಬಿಟ್ಟುಬಿಡಬಾರದು. ಅದು ಹಿಂದಿನ ಸಂಪುಟದ ತರಬೇತಿಯನ್ನು ಮುಂದಿನ ಅಧ್ಯಾಯದ ಪರೀಕ್ಷೆಗೆ ಸಂಪರ್ಕಿಸುತ್ತದೆ. ಕಥೆಯ ನಿರಂತರತೆಯನ್ನು ಉಳಿಸಲು ಈ ಸಣ್ಣ ಸೇತುವೆಯೂ ಮುಖ್ಯವಾಗಿದೆ.,,49,22,28,,,pending,pending,,
340,FF03-S02,ಪರೀಕ್ಷೆಯಿಂದ ದ್ರೌಪದಿಯ ವಿವಾಹದವರೆಗೆ,MAHABHARATA-3-AADIPARVA_djvu.txt lines 107–667,"ಮೂರನೆಯ ಸಂಪುಟದ ವಿಷಯಪಟ್ಟಿಯಲ್ಲಿ ನೂರಮೂವತ್ತೆರಡರಿಂದ ನೂರತೊಂಭತ್ತೊಂಬತ್ತನೆಯ ಅಧ್ಯಾಯಗಳಿವೆ. ವಿದ್ಯಾಪ್ರದರ್ಶನ, ಕರ್ಣನ ಪ್ರವೇಶ ಮತ್ತು ಗುರುದಕ್ಷಿಣೆಯ ನಂತರ ರಾಜಕುಟುಂಬದ ಸ್ಪರ್ಧೆ ಅಪಾಯಕಾರಿ ರೂಪ ತಾಳುತ್ತದೆ. ಲಾಕ್ಷಾಗೃಹದಿಂದ ಪಾರಾದ ಕುಟುಂಬ ಅರಣ್ಯ ಮತ್ತು ಏಕಚಕ್ರದ ಬದುಕನ್ನು ಎದುರಿಸುತ್ತದೆ. ಮಾರ್ಗದಲ್ಲಿ ಕೇಳುವ ಉಪಕಥೆಗಳು ಹಿಂದಿನ ರಾಜರು ಮತ್ತು ಋಷಿಗಳ ಸಂಬಂಧಗಳನ್ನು ವಿವರಿಸುತ್ತವೆ. ಪಂಚಾಲದಲ್ಲಿ ದ್ರೌಪದಿಯ ಸ್ವಯಂವರ ನಡೆಯುತ್ತದೆ; ನಂತರ ವಿವಾಹದ ಪ್ರಶ್ನೆಗೆ ವ್ಯಾಸರು ಹಲವು ಹಿನ್ನೆಲೆಕಥೆಗಳನ್ನು ಹೇಳುತ್ತಾರೆ. ಹೀಗಾಗಿ ಈ ಭಾಗದಲ್ಲಿ ಸಾಹಸ, ಕುಟುಂಬರಕ್ಷಣೆ ಮತ್ತು ವಿವಾಹದ ಧರ್ಮವಿಚಾರ ಒಂದೇ ನಿರಂತರ ದಾರಿಯಲ್ಲಿ ಬರುತ್ತವೆ.",,57,25,33,,,pending,pending,,
341,FF03-S03,ದ್ರೋಣರ ವಾಗ್ದಾನ ಮತ್ತು ಅರ್ಜುನನ ಸಿದ್ಧತೆ,MAHABHARATA-3-AADIPARVA_djvu.txt lines 668–811,"ಮೂರನೆಯ ಸಂಪುಟದ ಆರಂಭದ ತಾತ್ಪರ್ಯನಿರ್ಣಯದ ವಿವರಣೆ ದ್ರೋಣರ ಶಿಕ್ಷಣವನ್ನು ನೆನಪಿಸುತ್ತದೆ. ತಮ್ಮ ಇಚ್ಛೆಯನ್ನು ನೆರವೇರಿಸುವ ವಾಗ್ದಾನವನ್ನು ಯಾರು ಮೊದಲು ಕೊಡುತ್ತಾರೋ ಅವರನ್ನು ಧನುರ್ವಿದ್ಯೆಯಲ್ಲಿ ಶ್ರೇಷ್ಠರನ್ನಾಗಿಸುವುದಾಗಿ ಗುರು ಹೇಳಿದಾಗ ಅರ್ಜುನನು ಮುಂದೆ ಬಂದಿದ್ದಾನೆ. ನಂತರ ರಾಜಕುಮಾರರು ಅಪೂರ್ವವಾದ ಅಸ್ತ್ರವಿದ್ಯೆಗಳನ್ನು ಪಡೆದು ಹಿಂದಿನವರಿಗಿಂತ ಬಲಿಷ್ಠರಾಗಿದ್ದಾರೆ ಎಂಬುದನ್ನು ವಿವರಣೆ ಹೇಳುತ್ತದೆ. ಇದು ಆ ವ್ಯಾಖ್ಯಾನ ನೀಡುವ ಮಹಿಮೆಯ ಭಾಷೆ. ಮುಂದಿನ ಅಧ್ಯಾಯದಲ್ಲಿ ಬರುವ ಏಕಾಗ್ರತೆ ಮತ್ತು ಪರೀಕ್ಷೆಯನ್ನು ಅರ್ಥಮಾಡಿಕೊಳ್ಳಲು ಈ ಹಿನ್ನೆಲೆ ನೆರವಾಗುತ್ತದೆ. ಶಿಷ್ಯನ ಪ್ರಯತ್ನ, ಗುರುನಿರ್ದೇಶ ಮತ್ತು ಕೊಟ್ಟ ಮಾತುಗಳ ಸಂಬಂಧ ಇಲ್ಲಿ ಮುಂದುವರಿಯುತ್ತದೆ.",,58,26,33,,,pending,pending,,
342,G23-S01,ಒಂದೇ ಗುರಿ,MAHABHARATA-3-AADIPARVA_djvu.txt lines 812–1060,"ದ್ರೋಣರು ಮರದ ಮೇಲೆ ಕೃತಕ ಪಕ್ಷಿಯೊಂದನ್ನು ಇರಿಸಿದರು. ಒಬ್ಬೊಬ್ಬ ರಾಜಕುಮಾರನನ್ನೂ ಕರೆದು, ಏನು ಕಾಣುತ್ತದೆ ಎಂದು ಕೇಳಿದರು. ಮರ, ಪಕ್ಷಿ, ಗುರು, ಸಹೋದರರು ಕಾಣುತ್ತಾರೆ ಎಂದವರಿಗೆ ಬಾಣ ಬಿಡಲು ಅನುಮತಿ ಸಿಗಲಿಲ್ಲ. ಅರ್ಜುನನ ಸರದಿ ಬಂತು. ಮೊದಲು ಪಕ್ಷಿ ಮಾತ್ರ ಕಾಣುತ್ತದೆ ಎಂದನು. ಗುರು ಮತ್ತೆ ಕೇಳಿದಾಗ, ಪಕ್ಷಿಯ ಶಿರಸ್ಸು ಮಾತ್ರ ಕಾಣುತ್ತದೆ; ಅದರ ದೇಹವೂ ಕಾಣುವುದಿಲ್ಲ ಎಂದನು. ಅನುಮತಿ ದೊರೆಯುತ್ತಿದ್ದಂತೆ ಅವನ ಬಾಣ ಆ ಶಿರಸ್ಸನ್ನು ಕೆಳಗೆ ಬೀಳಿಸಿತು. ಈ ಪುಸ್ತಕದ ಗುರಿ ಪಕ್ಷಿಯ ಶಿರಸ್ಸು ಎಂಬುದನ್ನು ಗಮನಿಸಬೇಕು.","ದ್ರೋಣ: ಈಗ ನಿನಗೆ ಏನು ಕಾಣುತ್ತಿದೆ, ಅರ್ಜುನ?
ಅರ್ಜುನ: ಪಕ್ಷಿಯ ಶಿರಸ್ಸು ಮಾತ್ರ ಕಾಣುತ್ತಿದೆ, ಗುರುಗಳೇ.",67,30,38,,,pending,pending,,
343,G23-S02,ನದಿಯಲ್ಲಿನ ಪರೀಕ್ಷೆ,MAHABHARATA-3-AADIPARVA_djvu.txt lines 1061–1174,ಕೆಲವು ಕಾಲದ ನಂತರ ದ್ರೋಣರು ಶಿಷ್ಯರೊಂದಿಗೆ ಗಂಗೆಗೆ ಹೋದರು. ನೀರಿನಲ್ಲಿದ್ದ ಮೊಸಳೆಯೊಂದು ಅವರ ಕಾಲನ್ನು ಹಿಡಿಯಿತು. ತಮ್ಮನ್ನು ಬಿಡಿಸಿಕೊಳ್ಳಲು ಸಮರ್ಥರಾಗಿದ್ದರೂ ಗುರುಗಳು ಶಿಷ್ಯರ ಸಹಾಯ ಕೇಳಿದರು. ಉಳಿದವರು ಬೆಚ್ಚಿಬಿದ್ದಾಗ ಅರ್ಜುನನು ತಕ್ಷಣ ಪ್ರತಿಕ್ರಿಯಿಸಿದನು. ಈ ಆವೃತ್ತಿಯಲ್ಲಿ ಅವನು ಹತ್ತು ಬಾಣಗಳನ್ನು ಪ್ರಯೋಗಿಸಿ ಗುರುವನ್ನು ಬಿಡಿಸುತ್ತಾನೆ. ದ್ರೋಣರು ಅವನಿಗೆ ಬ್ರಹ್ಮಶಿರಸ್ತ್ರದ ಪ್ರಯೋಗ ಮತ್ತು ಉಪಸಂಹಾರವನ್ನು ಕಲಿಸಿದರು. ಜೊತೆಗೆ ಕಠಿಣ ಮಿತಿಯನ್ನೂ ವಿಧಿಸಿದರು: ಈ ಅಸ್ತ್ರವನ್ನು ಮನುಷ್ಯರ ಮೇಲೆ ಪ್ರಯೋಗಿಸಬಾರದು; ಅಮಾನುಷ ಆಕ್ರಮಣ ಎದುರಾದಾಗ ಮಾತ್ರ ಬಳಸಬೇಕು.,ದ್ರೋಣ: ಅಸ್ತ್ರವನ್ನು ಪಡೆಯುವುದಷ್ಟೇ ವಿದ್ಯೆಯಲ್ಲ. ಅದನ್ನು ಯಾವಾಗ ತಡೆಯಬೇಕು ಎಂಬುದನ್ನೂ ತಿಳಿದುಕೋ.,61,27,35,,,pending,pending,,
344,G23-S03,ಹಸ್ತಿನಾಪುರದ ರಂಗಭೂಮಿ,MAHABHARATA-3-AADIPARVA_djvu.txt lines 1280–1742,"ವಿದ್ಯಾಭ್ಯಾಸದ ಫಲವನ್ನು ಪ್ರಜೆಗಳ ಮುಂದೆ ತೋರಿಸಲು ವಿಶಾಲ ರಂಗಭೂಮಿ ಸಿದ್ಧವಾಯಿತು. ಭೀಷ್ಮ, ಧೃತರಾಷ್ಟ್ರ, ವಿದುರ ಹಾಗೂ ಅರಮನೆಯ ಹಿರಿಯರು ಆಸನಗಳಲ್ಲಿ ಕುಳಿತರು. ಗಾಂಧಾರಿ ಮತ್ತು ಕುಂತಿಯೂ ಆಗಮಿಸಿದರು. ಕಾಣದ ದೃಶ್ಯಗಳನ್ನು ಧೃತರಾಷ್ಟ್ರನಿಗೆ ವಿವರಿಸುವ ವ್ಯವಸ್ಥೆಯಿತ್ತು. ರಾಜಕುಮಾರರು ತಮ್ಮ ತಮ್ಮ ಶಸ್ತ್ರಕೌಶಲವನ್ನು ಪ್ರದರ್ಶಿಸಿದರು. ಯುಧಿಷ್ಠಿರನ ಪರೀಕ್ಷೆಯ ಬಳಿಕ ಭೀಮ ಮತ್ತು ದುರ್ಯೋಧನ ಗದೆಗಳನ್ನು ಹಿಡಿದು ರಂಗಕ್ಕೆ ಬಂದರು. ಇಬ್ಬರಲ್ಲಿಯೂ ಬಲವಿತ್ತು; ಅವರ ನಡುವಿನ ಹಳೆಯ ಪೈಪೋಟಿಯೂ ಅಲ್ಲಿಗೆ ಬಂದಿತ್ತು.",,48,21,27,,,pending,pending,,
345,G23-S04,ಪ್ರದರ್ಶನವು ವೈರವಾಯಿತೆ,MAHABHARATA-3-AADIPARVA_djvu.txt lines 1743–2131,"ಭೀಮ ಮತ್ತು ದುರ್ಯೋಧನ ಗದೆಗಳನ್ನು ಬೀಸುತ್ತಿದ್ದಂತೆ ಜನರು ಎರಡು ಕಡೆಗಳಾದರು. ಒಬ್ಬನ ಹೊಡೆತಕ್ಕೆ ಒಂದು ಗುಂಪು ಹರ್ಷಿಸಿದರೆ, ಇನ್ನೊಬ್ಬನ ಪ್ರತಿದಾಳಿಗೆ ಮತ್ತೊಂದು ಗುಂಪು ಕೂಗಿತು. ಇದು ಅಭ್ಯಾಸದ ಪ್ರದರ್ಶನವೆಂಬ ಗಡಿ ಮಸುಕಾಗತೊಡಗಿತು. ದ್ರೋಣರ ಸೂಚನೆಯಂತೆ ಅಶ್ವತ್ಥಾಮನು ನಡುವೆ ಬಂದು ಇಬ್ಬರನ್ನೂ ತಡೆದನು. ನಂತರ ಅರ್ಜುನನು ರಂಗಪ್ರವೇಶಿಸಿದನು. ಅವನ ಬಾಣಪ್ರಯೋಗಗಳು, ಅಸ್ತ್ರಕೌಶಲ ಮತ್ತು ಚಲನೆಯ ಹಿಡಿತ ಪ್ರೇಕ್ಷಕರನ್ನು ಬೆರಗುಗೊಳಿಸಿದವು. ಕುಂತಿಯ ಮುಖದಲ್ಲಿ ಹೆಮ್ಮೆ ಮೂಡಿತು. ಆದರೆ ಆ ಸಂಭ್ರಮ ಇನ್ನೊಬ್ಬ ಯೋಧನ ಆಗಮನದಿಂದ ಹೊಸ ತಿರುವು ಪಡೆಯಿತು.",,54,24,31,,,pending,pending,,
346,G23-S05,ಅಪರಿಚಿತನ ಸವಾಲು,MAHABHARATA-3-AADIPARVA_djvu.txt lines 2132–2390,ಕವಚಕುಂಡಲಗಳಿಂದ ಗುರುತಾಗುವ ಕರ್ಣನು ರಂಗಕ್ಕೆ ಬಂದನು. ಅರ್ಜುನನು ತೋರಿಸಿದ ಕೌಶಲಗಳನ್ನು ತಾನೂ ಪ್ರದರ್ಶಿಸಿ ಅವನಿಗೆ ಸ್ಪರ್ಧೆಯ ಆಹ್ವಾನ ಕೊಟ್ಟನು. ದುರ್ಯೋಧನನಿಗೆ ತನ್ನ ಎದುರಾಳಿಯನ್ನು ಎದುರಿಸಬಲ್ಲ ಸಂಗಾತಿ ಕಾಣಿಸಿದನು. ಕರ್ಣ ಮತ್ತು ಅರ್ಜುನರ ನಡುವೆ ಮಾತಿನ ಪೈಪೋಟಿ ತೀವ್ರವಾಯಿತು. ಸಭೆಯಲ್ಲಿದ್ದ ಕುಂತಿ ಕರ್ಣನನ್ನು ಕಂಡು ತಲ್ಲಣಗೊಂಡಳು. ಅವನ ಜನ್ಮದ ರಹಸ್ಯವನ್ನು ತಿಳಿದಿದ್ದಳು; ಆದರೆ ಇಬ್ಬರು ಯೋಧರಿಗೆ ತಮ್ಮ ಸಂಬಂಧ ತಿಳಿದಿರಲಿಲ್ಲ. ಕುಂತಿಗೆ ಇದು ತನ್ನ ಇಬ್ಬರು ಪುತ್ರರು ಮುಖಾಮುಖಿಯಾದ ಕ್ಷಣ.,,49,22,28,,,pending,pending,,
347,G23-S06,ಯೋಗ್ಯತೆಯ ಪ್ರಶ್ನೆ,MAHABHARATA-3-AADIPARVA_djvu.txt lines 2391–2587,ಕೃಪಾಚಾರ್ಯರು ದ್ವಂದ್ವಕ್ಕೆ ಮುನ್ನ ವಂಶಪರಿಚಯ ಕೇಳಿದರು. ಅರ್ಜುನನ ರಾಜವಂಶವನ್ನು ಹೇಳಿ ಕರ್ಣನಿಗೂ ತನ್ನ ಪರಿಚಯ ನೀಡಲು ಹೇಳಿದರು. ಕರ್ಣನ ಮೌನದಿಂದ ರಂಗದ ವಾತಾವರಣ ಬದಲಾಯಿತು. ಅವನ ಕೈಯಲ್ಲಿದ್ದ ಕೌಶಲಕ್ಕೆ ಜನ್ಮದ ಪ್ರಶ್ನೆಯೊಂದು ಅಡ್ಡನಿಂತಿತು. ದುರ್ಯೋಧನನು ತಕ್ಷಣ ಮಧ್ಯಪ್ರವೇಶಿಸಿದನು. ರಾಜನಾಗಿರುವುದು ಅಗತ್ಯವೆಂದಾದರೆ ಕರ್ಣನನ್ನು ರಾಜನನ್ನಾಗಿ ಮಾಡುವುದಾಗಿ ಘೋಷಿಸಿದನು. ಅಂಗರಾಜ್ಯದ ಅಭಿಷೇಕದ ವ್ಯವಸ್ಥೆ ಅಲ್ಲಿಯೇ ನಡೆಯಿತು. ಸ್ನೇಹ ಮತ್ತು ರಾಜಕೀಯ ಅವಶ್ಯಕತೆ ಒಂದೇ ನಿರ್ಧಾರದಲ್ಲಿ ಸೇರಿಕೊಂಡವು.,,45,20,26,,,pending,pending,,
348,G23-S07,ಅಂಗರಾಜ ಮತ್ತು ತಂದೆ,MAHABHARATA-3-AADIPARVA_djvu.txt lines 2601–2858,ಅಭಿಷೇಕದಿಂದ ಕರ್ಣನು ಅಂಗರಾಜನಾದನು. ದುರ್ಯೋಧನನು ಅವನ ಸ್ನೇಹವನ್ನು ಬೇಡಿದನು; ಕರ್ಣನು ಅದನ್ನು ಸ್ವೀಕರಿಸಿದನು. ಅಷ್ಟರಲ್ಲಿ ಅಧಿರಥನು ರಂಗಕ್ಕೆ ಬಂದನು. ಕರ್ಣನು ರಾಜನಾದ ಹೆಮ್ಮೆಯಲ್ಲಿ ತನ್ನನ್ನು ಬೆಳೆಸಿದ ತಂದೆಯನ್ನು ಮರೆತಿಲ್ಲ. ಬಾಗಿ ಅವನಿಗೆ ನಮಸ್ಕರಿಸಿದನು. ಅಧಿರಥನು ಮಗನನ್ನು ಅಪ್ಪಿಕೊಂಡನು. ಆ ಭೇಟಿಯನ್ನು ಕಂಡ ಭೀಮನು ಕರ್ಣನ ಹಿನ್ನೆಲೆಯನ್ನು ಕುರಿತು ಅವಮಾನಕರ ಮಾತುಗಳನ್ನಾಡಿದನು. ದುರ್ಯೋಧನನು ಕರ್ಣನ ಪರವಾಗಿ ನಿಂತನು. ಇಲ್ಲಿ ಯಾರ ಜನ್ಮವನ್ನೂ ಹಾಸ್ಯದ ದೃಶ್ಯವನ್ನಾಗಿ ಮಾಡಬಾರದು; ಅವಮಾನ ಯಾರ ಮೇಲೆ ಹೇಗೆ ಬೀಳುತ್ತದೆ ಎಂಬುದೇ ದೃಶ್ಯದ ಕೇಂದ್ರ.,"ದುರ್ಯೋಧನ: ಕರ್ಣ, ನನಗೆ ನಿನ್ನ ಸ್ನೇಹ ಬೇಕು.
ಕರ್ಣ: ಆ ಸ್ನೇಹವನ್ನು ನಾನು ಉಳಿಸಿಕೊಳ್ಳುತ್ತೇನೆ.",63,28,36,,,pending,pending,,
349,G23-S08,ಸೂರ್ಯಾಸ್ತದ ಒಡಂಬಡಿಕೆ,MAHABHARATA-3-AADIPARVA_djvu.txt lines 2859–3177,ಸೂರ್ಯನು ಅಸ್ತಮಿಸುತ್ತಿದ್ದಂತೆ ರಂಗದ ಕಾರ್ಯಕ್ರಮ ಮುಗಿಯಿತು. ಕರ್ಣ ಮತ್ತು ದುರ್ಯೋಧನ ಜೊತೆಯಾಗಿ ಹೊರಟರು. ಅರ್ಜುನನ ಕೌಶಲಕ್ಕೆ ಎದುರಾಳಿ ದೊರೆತಿದ್ದನು; ದುರ್ಯೋಧನನ ವೈರಕ್ಕೆ ಬಲವಾದ ಆಶ್ರಯ ಸಿಕ್ಕಿತ್ತು. ಯುಧಿಷ್ಠಿರನು ಹೊಸ ಯೋಧನ ಸಾಮರ್ಥ್ಯವನ್ನು ಗಂಭೀರವಾಗಿ ಗಮನಿಸಿದನು. ಕುಂತಿಯ ಮನಸ್ಸಿನಲ್ಲಿ ಸಂತೋಷ ಮತ್ತು ಆತಂಕ ಬೆರೆತಿದ್ದವು. ಆ ದಿನದ ಕೊನೆಯಲ್ಲಿ ಯಾರಿಗೂ ಕರ್ಣನ ಜನ್ಮರಹಸ್ಯ ಬಹಿರಂಗವಾಗಲಿಲ್ಲ. ಆದರೆ ಭವಿಷ್ಯದ ಸಂಘರ್ಷದಲ್ಲಿ ನಿರ್ಣಾಯಕವಾಗಲಿರುವ ಸ್ನೇಹ ಎಲ್ಲರ ಮುಂದೆಯೇ ಆರಂಭವಾಗಿತ್ತು.,,46,20,26,,,pending,pending,,
350,G24-S01,ದ್ರುಪದನನ್ನು ಹಿಡಿದು ತನ್ನಿರಿ,MAHABHARATA-3-AADIPARVA_djvu.txt lines 3178–3500,"ದ್ರೋಣರು ತಮ್ಮ ಗುರುದಕ್ಷಿಣೆಯನ್ನು ತಿಳಿಸಿದರು: ಪಾಂಚಾಲರಾಜ ದ್ರುಪದನನ್ನು ಯುದ್ಧದಲ್ಲಿ ಸೋಲಿಸಿ ತಮ್ಮ ಮುಂದೆ ತರಬೇಕು. ಹಳೆಯ ಸ್ನೇಹದ ಅವಮಾನ ಈಗ ರಾಜಕುಮಾರರ ಕರ್ತವ್ಯವಾಗಿ ಬದಲಾಗಿತ್ತು. ದುರ್ಯೋಧನ ಮತ್ತು ಅವನ ಸಹೋದರರು ಮೊದಲು ಹೊರಟರು. ದ್ರುಪದನ ಸೇನೆ ಅವರ ದಾಳಿಯನ್ನು ಎದುರಿಸಿತು; ಪಟ್ಟಣದ ಜನರೂ ಪ್ರತಿರೋಧಕ್ಕೆ ಸೇರಿದರು. ಗೆಲುವಿನ ನಿರೀಕ್ಷೆಯೊಂದಿಗೆ ಬಂದವರು ಹಿಂತಿರುಗಬೇಕಾಯಿತು. ಅರ್ಜುನನು ತನ್ನ ಸಹೋದರರೊಂದಿಗೆ ಮುಂದೆ ಸಾಗಲು ಸಿದ್ಧನಾದನು. ಈ ಬಾರಿ ದಾಳಿ ಎಲ್ಲಿ, ಯಾರ ಮೇಲೆ, ಯಾವ ಉದ್ದೇಶದಿಂದ ಎಂಬುದು ಸ್ಪಷ್ಟವಾಗಿತ್ತು.",,53,24,30,,,pending,pending,,
351,G24-S02,ಭೀಮನ ದಾರಿ ಅರ್ಜುನನ ಗುರಿ,MAHABHARATA-3-AADIPARVA_djvu.txt lines 3501–4030,ಭೀಮನು ಎದುರಿನ ಸೇನೆಯನ್ನು ಚದುರಿಸಿ ದಾರಿ ತೆರೆಯುತ್ತಿದ್ದಂತೆ ಅರ್ಜುನನು ದ್ರುಪದನತ್ತ ಸಾಗಿದನು. ಅವನ ಗುರಿ ನಗರವನ್ನು ನಾಶಮಾಡುವುದಲ್ಲ; ರಾಜನನ್ನು ಬಂಧಿಸುವುದು. ದ್ರುಪದನ ಪ್ರತಿರೋಧವನ್ನು ಮಣಿಸಿ ಅವನನ್ನು ಸೆರೆಹಿಡಿದನು. ವಿಜಯದ ನಂತರವೂ ಭೀಮನ ಉತ್ಸಾಹ ಮುಂದುವರಿದಾಗ ಅರ್ಜುನನು ಅಗತ್ಯವಿಲ್ಲದ ವಿನಾಶವನ್ನು ತಡೆದನು. ಬಂಧಿತ ದ್ರುಪದನನ್ನು ಗುರುಗಳ ಮುಂದೆ ತಂದರು. ರಾಜನಾಗಿ ಅವಮಾನಿಸಿದ್ದ ಹಳೆಯ ಗೆಳೆಯ ಈಗ ದ್ರೋಣರ ಎದುರು ನಿರಾಯುಧನಾಗಿ ನಿಂತಿದ್ದನು.,,43,19,25,,,pending,pending,,
352,G24-S03,ಅರ್ಧ ರಾಜ್ಯದ ಸ್ನೇಹ,MAHABHARATA-3-AADIPARVA_djvu.txt lines 3900–4650,ದ್ರೋಣರು ದ್ರುಪದನಿಗೆ ಹಳೆಯ ಮಾತನ್ನು ನೆನಪಿಸಿದರು. ಸಮಾನ ಸ್ಥಾನವಿದ್ದವರೇ ಸ್ನೇಹಿತರಾಗಬಹುದು ಎಂದಿದ್ದ ರಾಜನಿಗೆ ಈಗ ಸಮಾನತೆಯನ್ನು ತಾವೇ ರೂಪಿಸಿದರು. ರಾಜ್ಯವನ್ನು ವಿಭಾಗಿಸಿ ಒಂದು ಭಾಗವನ್ನು ಉಳಿಸಿಕೊಂಡು ಮತ್ತೊಂದನ್ನು ದ್ರುಪದನಿಗೆ ಕೊಟ್ಟರು. ಹೊರಗೆ ಸ್ನೇಹದ ಮಾತು ಕೇಳಿಸಿದರೂ ದ್ರುಪದನೊಳಗೆ ಅವಮಾನ ಉರಿಯುತ್ತಿತ್ತು. ದ್ರೋಣರ ಬಲವನ್ನು ಸಾಮಾನ್ಯ ಸೈನಿಕ ಶಕ್ತಿಯಿಂದ ಎದುರಿಸಲಾಗದು ಎಂದು ಅವನಿಗೆ ತಿಳಿದಿತು. ಆ ನೋವಿನಿಂದ ಅವನು ದ್ರೋಣರನ್ನು ಸಂಹರಿಸಬಲ್ಲ ಪುತ್ರನಿಗಾಗಿ ಯಜ್ಞಮಾರ್ಗವನ್ನು ಹುಡುಕತೊಡಗಿದನು.,ದ್ರೋಣ: ರಾಜ್ಯದ ಒಂದು ಭಾಗ ನಿನಗೆ ಉಳಿಯಲಿ. ಈಗ ನಮ್ಮ ಸ್ಥಾನ ಸಮಾನವಾಗಿದೆ.,55,24,31,,,pending,pending,,
353,G24-S04,ಯಜ್ಞದಿಂದ ಬಂದ ಮಕ್ಕಳು,MAHABHARATA-3-AADIPARVA_djvu.txt lines 4651–5682,ದ್ರುಪದನು ಯಾಜ ಮತ್ತು ಉಪಯಾಜರ ನೆರವು ಬೇಡಿದನು. ಯಜ್ಞದ ಮೂಲಕ ಅವನಿಗೆ ಧೃಷ್ಟದ್ಯುಮ್ನ ಮತ್ತು ದ್ರೌಪದಿ ದೊರೆಯುವ ಪ್ರಸಂಗವನ್ನು ಈ ಭಾಗ ಹೇಳುತ್ತದೆ. ಅಗ್ನಿಯಿಂದ ಹೊರಬರುವ ಪುತ್ರನ ಜನ್ಮ ದ್ರೋಣರ ಅಂತ್ಯಕ್ಕೆ ಸಂಬಂಧಿಸಲಾಗಿದೆ; ದ್ರೌಪದಿಯ ಜನ್ಮವೂ ಮುಂದಿನ ಮಹಾಸಂಘರ್ಷದೊಂದಿಗೆ ಜೋಡಿಸಲಾಗಿದೆ. ಈ ಆವೃತ್ತಿ ನಂತರ ಪಾಂಚಾಲವಂಶದ ಹಿಂದಿನ ಕಥೆಯಾಗಿ ಪೃಷತ ಮತ್ತು ಮೇನಕೆಯ ಪ್ರಸಂಗವನ್ನೂ ವಿವರಿಸುತ್ತದೆ. ಇವೆಲ್ಲವೂ ದ್ರುಪದನ ಕುಟುಂಬದ ಹಿನ್ನೆಲೆ. ಕಥೆ ಮುಂದುವರಿದಾಗ ಬ್ರಾಹ್ಮಣನ ಬಾಯಿಂದ ಇದೇ ಜನ್ಮವೃತ್ತಾಂತ ಮತ್ತೊಮ್ಮೆ ನೆನಪಾಗುತ್ತದೆ.,,52,23,30,,,pending,pending,,
354,A101-S01,ಪೃಷತನ ತಪಸ್ಸು,MAHABHARATA-3-AADIPARVA_djvu.txt lines 5385–5485,ಧೃಷ್ಟದ್ಯುಮ್ನ ಮತ್ತು ದ್ರೌಪದಿಯ ಜನ್ಮವನ್ನು ಕೇಳಿದ ಜನಮೇಜಯನಿಗೆ ಅವರ ತಂದೆ ದ್ರುಪದನ ಜನ್ಮವನ್ನೂ ತಿಳಿಯಬೇಕೆನಿಸಿತು. ವೈಶಂಪಾಯನರು ಇನ್ನೊಂದು ಹಿಂದಿನ ಕಥೆ ಹೇಳಿದರು. ಪಾಂಚಾಲರಾಜ ಪೃಷತನು ಸಂತಾನಕ್ಕಾಗಿ ಅರಣ್ಯಕ್ಕೆ ಹೋಗಿ ತಪಸ್ಸು ಮಾಡಿದನು. ಬಹುಕಾಲದ ತಪಸ್ಸಿನ ಬಳಿಕ ವಸಂತದಲ್ಲಿ ಗಂಗಾತೀರಕ್ಕೆ ಮೇನಕೆ ಬಂದಳು. ಅವಳನ್ನು ಕಂಡ ರಾಜನಲ್ಲಿ ಮನೋವಿಕಾರ ಉಂಟಾಯಿತು. ಇಲ್ಲಿಂದ ದ್ರುಪದನ ಅಪೂರ್ವ ಜನ್ಮವನ್ನು ಪೌರಾಣಿಕ ರೀತಿಯಲ್ಲಿ ವಿವರಿಸಲಾಗುತ್ತದೆ. ಇದು ಶಕುಂತಲೆಯ ತಾಯಿಯಾಗಿ ಹಿಂದೆ ಬಂದ ಮೇನಕೆಯ ಮತ್ತೊಂದು ಪ್ರಸಂಗ; ಶಕುಂತಲೆಯ ಜನ್ಮದ ಮರುಕಥನವಲ್ಲ.,,53,24,30,,,pending,pending,,
355,A101-S02,ದ್ರುಪದ ಎಂಬ ಹೆಸರು,MAHABHARATA-3-AADIPARVA_djvu.txt lines 5486–5578,"ಮೇನಕೆಯನ್ನು ಕಂಡ ಪೃಷತನ ವೀರ್ಯ ಭೂಮಿಗೆ ಬಿದ್ದಿತೆಂದು, ಲಜ್ಜೆಯಿಂದ ಅವನು ಅದನ್ನು ಪಾದದಿಂದ ಮುಚ್ಚಿದಾಗ ಅಲ್ಲಿಂದ ಮಗನು ಉದ್ಭವಿಸಿದನೆಂದು ಪಾಠ ಹೇಳುತ್ತದೆ. ಪಾದದೊಂದಿಗೆ ಸಂಬಂಧಿಸಿದ ಈ ಜನ್ಮದಿಂದ ದ್ರುಪದ ಎಂಬ ಹೆಸರಿನ ವಿವರಣೆ ಕೊಡಲಾಗುತ್ತದೆ. ಋಷಿಗಳು ಮಗುವಿಗೆ ಹೆಸರು ಇಟ್ಟರು. ಈ ಅಸಾಧಾರಣ ಜನ್ಮವಿವರಣೆ ಗ್ರಂಥದ ಪೌರಾಣಿಕ ನಿರೂಪಣೆ. ನಂತರ ಪೃಷತನು ಮಗನನ್ನು ಭರದ್ವಾಜರ ಆಶ್ರಮದಲ್ಲಿ ಶಿಕ್ಷಣಕ್ಕಾಗಿ ಬಿಟ್ಟು ತನ್ನ ರಾಜ್ಯಕ್ಕೆ ಮರಳಿದನು.",,45,20,26,,,pending,pending,,
356,A101-S03,ಒಟ್ಟಿಗೆ ಬೆಳೆದ ಇಬ್ಬರು,MAHABHARATA-3-AADIPARVA_djvu.txt lines 5520–5682,ದ್ರುಪದನು ಭರದ್ವಾಜರ ಆಶ್ರಮದಲ್ಲಿ ದ್ರೋಣನೊಂದಿಗೆ ವೇದ ಮತ್ತು ಧನುರ್ವಿದ್ಯೆ ಕಲಿತನು. ಇಬ್ಬರೂ ಬಾಲ್ಯದ ಸ್ನೇಹಿತರಾದರು. ನಂತರ ರಾಜಪದ ಮತ್ತು ಬಡತನ ಅವರ ಬದುಕನ್ನು ಬೇರೆ ದಾರಿಯಲ್ಲಿ ಕರೆದೊಯ್ದವು. ಹೀಗಾಗಿ ದ್ರೋಣರು ಮುಂದೆ ಕೇಳಿದ ಸ್ನೇಹವು ಪರಿಚಯವಿಲ್ಲದ ರಾಜನ ಮೇಲಿನ ಹಕ್ಕಿನ ಬೇಡಿಕೆಯಾಗಿರಲಿಲ್ಲ; ಒಟ್ಟಿಗೆ ಬೆಳೆದ ದಿನಗಳ ನೆನಪಾಗಿತ್ತು. ಆ ಸ್ನೇಹ ನಿರಾಕರಿಸಲ್ಪಟ್ಟಾಗ ಅವಮಾನ ಏಕೆ ತೀವ್ರವಾಯಿತೆಂಬುದಕ್ಕೆ ಈ ಪೂರ್ವಕಥೆ ಉತ್ತರ ನೀಡುತ್ತದೆ. ಈಗ ನಾವು ಪಾಂಡವರ ಬೆಳವಣಿಗೆಯ ಕಾಲಕ್ಕೆ ಮರಳೋಣ.,,50,22,29,,,pending,pending,,
357,G24-S05,ಯುವರಾಜ ಮತ್ತು ಅಸೂಯೆ,MAHABHARATA-3-AADIPARVA_djvu.txt lines 5683–6194,ಹಸ್ತಿನಾಪುರದಲ್ಲಿ ಯುಧಿಷ್ಠಿರನಿಗೆ ಯುವರಾಜ ಸ್ಥಾನ ದೊರೆಯಿತು. ಅವನ ನಡೆ ಪ್ರಜೆಗಳ ವಿಶ್ವಾಸವನ್ನು ಹೆಚ್ಚಿಸಿತು. ಭೀಮ ಮತ್ತು ಅರ್ಜುನರ ವಿಜಯಗಳಿಂದ ಪಾಂಡವರ ಪ್ರಭಾವವೂ ವಿಸ್ತರಿಸಿತು. ಈ ಭಾಗದಲ್ಲಿ ಭೀಮನ ಗದಾಭ್ಯಾಸ ಮತ್ತು ಅರ್ಜುನನ ವಿಶೇಷ ಅಸ್ತ್ರವಿದ್ಯೆಯ ಸಂಬಂಧಿತ ವಿವರಣೆಗಳೂ ಬರುತ್ತವೆ. ಪಾಂಡವರ ಬೆಳವಣಿಗೆ ಹಿರಿಯರಿಗೆ ಸಂತೋಷವಾದರೂ ದುರ್ಯೋಧನನಿಗೆ ತನ್ನ ಭವಿಷ್ಯ ಕಳೆದುಹೋಗುವಂತೆ ಕಂಡಿತು. ಅವನು ಧೃತರಾಷ್ಟ್ರನ ಮನಸ್ಸಿನಲ್ಲಿದ್ದ ಮಗನ ಮೇಲಿನ ಪ್ರೀತಿ ಮತ್ತು ರಾಜಕೀಯ ಆತಂಕವನ್ನು ಕೆದಕಲು ಆರಂಭಿಸಿದನು.,,48,21,27,,,pending,pending,,
358,G24-S06,ತಂದೆಯ ಮನಸ್ಸನ್ನು ತಿರುಗಿಸುವ ಮಾತು,MAHABHARATA-3-AADIPARVA_djvu.txt lines 6195–6567,ದುರ್ಯೋಧನನು ತಂದೆಯ ಬಳಿ ತನ್ನ ಭಯವನ್ನು ತೆರೆದಿಟ್ಟನು. ಯುಧಿಷ್ಠಿರನಿಗೆ ರಾಜ್ಯ ದೊರೆತರೆ ತನ್ನ ಸಂತತಿಯ ಸ್ಥಾನ ಏನಾಗುತ್ತದೆ ಎಂದು ಕೇಳಿದನು. ಧೃತರಾಷ್ಟ್ರನಿಗೆ ಪಾಂಡವರ ಮೇಲಿನ ಪ್ರೀತಿಯೂ ಇತ್ತು; ಜನರು ಅವರ ಕಡೆ ಇರುವುದೂ ಗೊತ್ತಿತ್ತು. ಆದರೂ ಮಗನ ಒತ್ತಾಯದಿಂದ ಅವನ ಮನಸ್ಸು ಚಂಚಲವಾಯಿತು. ನೀತಿ ತಿಳಿದಿರುವುದು ಮತ್ತು ಅದನ್ನು ಅನುಸರಿಸುವುದು ಒಂದೇ ಅಲ್ಲ ಎಂಬ ಸ್ಥಿತಿ ಎದುರಾಯಿತು. ಯಾವ ನಿರ್ಧಾರಕ್ಕೂ ಮುನ್ನ ಪರಿಣಾಮವನ್ನು ನೋಡಬೇಕಿದ್ದ ರಾಜನು ತನ್ನ ಮಗನ ಭಯದ ಮೂಲಕವೇ ಲೋಕವನ್ನು ನೋಡತೊಡಗಿದನು.,,53,24,30,,,pending,pending,,
359,G24-S07,ಕಣಿಕನ ನೀತಿ,MAHABHARATA-3-AADIPARVA_djvu.txt lines 6568–7455,"ಕಣಿಕನು ರಾಜನಿಗೆ ಶತ್ರುವನ್ನು ಎದುರಿಸುವ ಕಠೋರ ನೀತಿಯನ್ನು ವಿವರಿಸಿದನು. ಅವಕಾಶಕ್ಕಾಗಿ ಕಾಯುವುದು, ತನ್ನ ದುರ್ಬಲತೆಯನ್ನು ಮರೆಮಾಡುವುದು, ಹೊರಗೆ ಮೃದುತನ ತೋರಿಸಿ ಒಳಗೆ ಹಾನಿಯ ಯೋಚನೆ ಇಡುವುದು ಮುಂತಾದ ವಿಚಾರಗಳು ಬಂದವು. ಪ್ರಾಣಿಗಳ ಕಥೆಗಳ ಮೂಲಕ ಸ್ವಾರ್ಥಕ್ಕಾಗಿ ಮೈತ್ರಿಯನ್ನು ಹೇಗೆ ಒಡೆಯಬಹುದು ಎಂಬುದನ್ನೂ ಹೇಳಿದನು. ಈ ಮಾತುಗಳು ಧೃತರಾಷ್ಟ್ರನ ನಿರ್ಧಾರವನ್ನು ಯಾವ ದಿಕ್ಕಿಗೆ ತಳ್ಳುತ್ತವೆ ಎಂಬುದೇ ಈಗ ಮುಖ್ಯ.",,41,18,23,,,pending,pending,,
360,G24-S08,ಕಣಿಕ ಹೇಳಿದ ನರಿಯ ಕಥೆ,MAHABHARATA-3-AADIPARVA_djvu.txt lines 6780–6900,"ಕಣಿಕನ ಉದಾಹರಣೆಯನ್ನು ಪ್ರತ್ಯೇಕವಾಗಿ ಕೇಳೋಣ. ಕಾಡಿನಲ್ಲಿ ನರಿ, ಹುಲಿ, ತೋಳ, ಮುಂಗುಸಿ ಮತ್ತು ಇಲಿ ಸ್ನೇಹಿತರಾಗಿದ್ದವು. ವೇಗವಾದ ಜಿಂಕೆಯನ್ನು ಹಿಡಿಯಲು ಅವು ಒಟ್ಟಾಗಿ ಯೋಚಿಸಿದವು. ಇಲಿಯ ಸಹಾಯದಿಂದ ಜಿಂಕೆಯ ಓಟ ದುರ್ಬಲವಾದಾಗ ಹುಲಿ ಅದನ್ನು ಕೊಂದಿತು. ನರಿ ಉಳಿದವರನ್ನು ಸ್ನಾನಕ್ಕೆ ಕಳುಹಿಸಿ ಮಾಂಸದ ಬಳಿ ಕಾವಲು ನಿಂತಿತು. ಎಲ್ಲರ ಸಹಕಾರದಿಂದ ದೊರೆತ ಆಹಾರವನ್ನು ಒಬ್ಬನೇ ಪಡೆಯುವ ದುರಾಸೆ ಈಗ ಅದರೊಳಗೆ ಕೆಲಸ ಮಾಡತೊಡಗಿತು.",,45,20,26,,,pending,pending,,
361,G24-S09,ಹೆಮ್ಮೆ ಮತ್ತು ಭಯವನ್ನು ಬಳಸಿದ ನರಿ,MAHABHARATA-3-AADIPARVA_djvu.txt lines 6901–7040,"ಮೊದಲು ಮರಳಿದ ಹುಲಿಗೆ, ಇಲಿ ನಿನ್ನ ಬಲವನ್ನು ಹೀಯಾಳಿಸಿದೆ ಎಂದು ನರಿ ಸುಳ್ಳು ಹೇಳಿತು. ಹುಲಿ ಹೆಮ್ಮೆಯಿಂದ ತನ್ನ ಬಲದಿಂದಲೇ ಬೇಟೆಯಾಡುವುದಾಗಿ ಹೊರಟಿತು. ನಂತರ ಬಂದ ಇಲಿಗೆ, ಮುಂಗುಸಿ ನಿನ್ನನ್ನೇ ತಿನ್ನಲು ಬಯಸುತ್ತದೆ ಎಂದಿತು. ಇಲಿ ಭಯದಿಂದ ಓಡಿತು. ಒಂದೇ ಮಾತಿನಿಂದ ಎಲ್ಲರನ್ನೂ ಮೋಸಗೊಳಿಸಲಿಲ್ಲ; ಪ್ರತಿಯೊಬ್ಬನ ದುರ್ಬಲತೆಯನ್ನು ಬೇರೆ ರೀತಿಯಲ್ಲಿ ಬಳಸಿತು. ಕಣಿಕ ಈ ಘಟನೆಯನ್ನು ರಾಜಕೀಯ ಭೇದೋಪಾಯದ ಉದಾಹರಣೆಯಾಗಿ ರಾಜನಿಗೆ ಹೇಳುತ್ತಿದ್ದಾನೆ.",,45,20,26,,,pending,pending,,
362,G24-S10,ಒಡೆದ ಸ್ನೇಹದ ಲಾಭ,MAHABHARATA-3-AADIPARVA_djvu.txt lines 7041–7145,"ತೋಳ ಬಂದಾಗ ಹುಲಿ ಕೋಪದಿಂದ ಪತ್ನಿಯೊಂದಿಗೆ ಬರುತ್ತಿದೆ ಎಂದು ನರಿ ಹೆದರಿಸಿತು. ತೋಳವೂ ಹೊರಟಿತು. ಕೊನೆಗೆ ಮುಂಗುಸಿಗೆ, ಉಳಿದವರನ್ನೆಲ್ಲ ತಾನೇ ಸೋಲಿಸಿದ್ದೇನೆ; ನೀನೂ ಹೋರಾಡಿ ಆಹಾರ ಪಡೆ ಎಂದು ಸವಾಲು ಹಾಕಿತು. ಮುಂಗುಸಿಯೂ ಹಿಂದೆ ಸರಿಯಿತು. ಎಲ್ಲರೂ ದೂರವಾದಾಗ ನರಿ ಒಬ್ಬನೇ ಆಹಾರವನ್ನು ಪಡೆದಿತು. ಕಥೆ ಮುಗಿದು ನಾವು ಧೃತರಾಷ್ಟ್ರನ ಬಳಿಗೆ ಮರಳುತ್ತೇವೆ. ಸಹಕಾರವನ್ನು ಒಡೆದು ಸ್ವಾರ್ಥ ಸಾಧಿಸುವ ಈ ಸಲಹೆ ರಾಜನ ಮನಸ್ಸಿನಲ್ಲಿ ಯಾವ ಪರಿಣಾಮ ಬೀರುತ್ತದೆ ಎಂಬುದು ಮುಂದಿನ ಘಟನೆಗಳಲ್ಲಿ ಕಾಣಲಿದೆ.",,53,24,30,,,pending,pending,,
363,G24-S11,ಆಹ್ವಾನದ ಒಳಗಿನ ಬಲೆ,MAHABHARATA-3-AADIPARVA_djvu.txt lines 7456–7657,ದುರ್ಯೋಧನನು ಪಾಂಡವರನ್ನು ವಾರಣಾವತಕ್ಕೆ ಕಳುಹಿಸುವ ಯೋಚನೆಯನ್ನು ಮುಂದಿಟ್ಟನು. ಧೃತರಾಷ್ಟ್ರನಿಗೆ ಜನರ ನಿಂದೆಯ ಭಯವಿತ್ತು; ಆದರೂ ಕೊನೆಯಲ್ಲಿ ಆ ಪ್ರಯಾಣಕ್ಕೆ ದಾರಿ ಮಾಡಿಕೊಟ್ಟನು. ಮೇಲ್ನೋಟಕ್ಕೆ ಅದು ಉತ್ಸವವನ್ನು ನೋಡಲು ಹೋಗುವ ಗೌರವಪೂರ್ಣ ಪ್ರವಾಸ. ಒಳಗೆ ಪಾಂಡವರನ್ನು ರಾಜಧಾನಿಯಿಂದ ದೂರಪಡಿಸುವ ಸಂಚು ರೂಪುಗೊಂಡಿತ್ತು. ಯುಧಿಷ್ಠಿರನು ಹೊರಗೆ ದೊರೆತ ಆದೇಶವನ್ನು ಸ್ವೀಕರಿಸಬೇಕಾಗಿತ್ತು. ವಿದುರನಂತಹ ಎಚ್ಚರಿಕೆಯ ಮನಸ್ಸುಗಳು ಮಾತ್ರ ಅದರ ಹಿಂದೆ ಅಡಗಿದ್ದ ಅಪಾಯವನ್ನು ಗ್ರಹಿಸುತ್ತಿದ್ದವು.,,43,19,25,,,pending,pending,,
364,G25-S01,ಪುರೋಚನನ ಮನೆ,MAHABHARATA-3-AADIPARVA_djvu.txt lines 7658–8358,"ದುರ್ಯೋಧನನು ಪುರೋಚನನಿಗೆ ವಾರಣಾವತದಲ್ಲಿ ಸುಂದರವಾದ ಮನೆಯನ್ನು ಕಟ್ಟಲು ಹೇಳಿದನು. ಅದರ ಗೋಡೆಗಳ ಒಳಗೆ ಸುಲಭವಾಗಿ ಹೊತ್ತಿಕೊಳ್ಳುವ ವಸ್ತುಗಳನ್ನು ಬಳಸಬೇಕಿತ್ತು. ಹೊರಗೆ ಅತಿಥಿಸತ್ಕಾರ, ಒಳಗೆ ಅಗ್ನಿಯ ಸಂಚು. ಪುರೋಚನನು ಪಾಂಡವರ ವಿಶ್ವಾಸವನ್ನು ಗಳಿಸಿ ಅನುಕೂಲ ಸಮಯದಲ್ಲಿ ಅವರನ್ನು ಸುಡಬೇಕಾಗಿತ್ತು. ರಾಜಧಾನಿಯಲ್ಲಿ ವಿದಾಯದ ಸಿದ್ಧತೆ ನಡೆಯುತ್ತಿರುವಾಗಲೇ ದೂರದ ಪಟ್ಟಣದಲ್ಲಿ ಸ್ವಾಗತದ ಮನೆ ಸಾವಿನ ಸಾಧನವಾಗಿ ನಿರ್ಮಾಣವಾಗುತ್ತಿತ್ತು.",,38,17,22,,,pending,pending,,
365,G25-S02,ವಿದುರನ ಸಂಕೇತ,MAHABHARATA-3-AADIPARVA_djvu.txt lines 8359–8695,"ಪಾಂಡವರು ಕುಂತಿಯೊಂದಿಗೆ ಹೊರಟಾಗ ಪ್ರಜೆಗಳು ದುಃಖದಿಂದ ಅವರನ್ನು ಹಿಂಬಾಲಿಸಿದರು. ಯುಧಿಷ್ಠಿರನು ಸಮಾಧಾನ ಹೇಳಿ ಜನರನ್ನು ಹಿಂದಿರುಗಿಸಿದನು. ವಿದುರನು ಎಲ್ಲರಿಗೂ ಅರ್ಥವಾಗದ ಭಾಷೆಯಲ್ಲಿ ಎಚ್ಚರಿಕೆಯ ಮಾತುಗಳನ್ನಾಡಿದನು. ಬೆಂಕಿ, ಅಡಗಿದ ದಾರಿ, ದಿಕ್ಕಿನ ಅರಿವು ಎಂಬ ಸೂಚನೆಗಳನ್ನು ಯುಧಿಷ್ಠಿರನು ಗ್ರಹಿಸಿದನು. ಹೊರಗೆ ದೊಡ್ಡ ರಕ್ಷಣಾಸೇನೆ ಕಾಣಲಿಲ್ಲ. ಆದರೆ ಈ ಗುಪ್ತ ಎಚ್ಚರಿಕೆ ಮತ್ತು ಅದನ್ನು ಅರ್ಥಮಾಡಿಕೊಳ್ಳುವ ಶಕ್ತಿ ಅವರ ಜೀವ ಉಳಿಸುವ ಮೊದಲ ಹೆಜ್ಜೆಯಾಯಿತು. ಕುಂತಿಗೂ ನಂತರ ಅಪಾಯದ ಅರ್ಥ ತಿಳಿಸಲಾಯಿತು.",,49,22,28,,,pending,pending,,
366,G25-S03,ಸುಂದರ ಮನೆಯ ವಾಸನೆ,MAHABHARATA-3-AADIPARVA_djvu.txt lines 8696–9056,"ವಾರಣಾವತದ ಜನರು ಪಾಂಡವರನ್ನು ಆತ್ಮೀಯವಾಗಿ ಸ್ವಾಗತಿಸಿದರು. ಕೆಲವು ದಿನಗಳ ಬಳಿಕ ಅವರು ಪುರೋಚನನು ಸಿದ್ಧಮಾಡಿದ ಮನೆಗೆ ಹೋದರು. ಯುಧಿಷ್ಠಿರ ಮತ್ತು ಭೀಮರಿಗೆ ಮನೆಯ ಅಪಾಯ ತಿಳಿಯಿತು. ತಕ್ಷಣ ಓಡಿಹೋದರೆ ಸಂಚುಕೋರರು ಬೇರೆ ಮಾರ್ಗದಲ್ಲಿ ಕೊಲ್ಲಬಹುದೆಂದು ಯುಧಿಷ್ಠಿರನು ಯೋಚಿಸಿದನು. ಆದ್ದರಿಂದ ಅನುಮಾನ ಬಂದಿಲ್ಲವೆಂಬಂತೆ ಅಲ್ಲಿಯೇ ಉಳಿದು ರಕ್ಷಣೆಯ ದಾರಿ ಹುಡುಕಲು ನಿರ್ಧರಿಸಿದರು. ಈಗ ಪ್ರತಿಯೊಂದು ಸಾಮಾನ್ಯ ನಡೆಗೂ ಎರಡು ಅರ್ಥಗಳಿದ್ದವು: ಪುರೋಚನನಿಗೆ ಕಾಣುವ ನಿತ್ಯಜೀವನ, ಒಳಗೆ ನಡೆಯುವ ಬದುಕುಳಿಯುವ ಸಿದ್ಧತೆ.",,49,22,28,,,pending,pending,,
367,G25-S04,ಭೂಮಿಯ ಕೆಳಗಿನ ದಾರಿ,MAHABHARATA-3-AADIPARVA_djvu.txt lines 9057–9456,ವಿದುರನು ಕಳುಹಿಸಿದ ವಿಶ್ವಾಸಪಾತ್ರ ಖನಕನು ಅವರ ಬಳಿಗೆ ಬಂದನು. ಸರಿಯಾದ ಸಂಕೇತದಿಂದ ತನ್ನ ಪರಿಚಯವನ್ನು ದೃಢಪಡಿಸಿದನು. ಮನೆಯ ಒಳಗಿನಿಂದ ಹೊರಗೆ ತಲುಪುವ ಸುರಂಗದ ಕೆಲಸ ಆರಂಭವಾಯಿತು. ಪಾಂಡವರು ಹಗಲಿನಲ್ಲಿ ಬೇಟೆ ಅಥವಾ ವಿಹಾರದ ನೆಪದಲ್ಲಿ ಸುತ್ತಲಿನ ದಾರಿಗಳನ್ನು ತಿಳಿದುಕೊಂಡರು. ಪುರೋಚನನು ತಮ್ಮ ಮೇಲೆ ವಿಶ್ವಾಸವಿಟ್ಟಿರುವುದಾಗಿ ಭಾವಿಸುತ್ತಿದ್ದನು. ಸಮಯ ಕಳೆಯುತ್ತಿದ್ದಂತೆ ಪಲಾಯನದ ಸಿದ್ಧತೆ ಪೂರ್ಣವಾಯಿತು. ರಹಸ್ಯ ಕಾಪಾಡುವುದು ಭೀಮನ ಬಲಕ್ಕಿಂತಲೂ ಯುಧಿಷ್ಠಿರನ ಸಹನೆಯ ಮೇಲೆ ಅವಲಂಬಿಸಿತ್ತು.,,46,20,26,,,pending,pending,,
368,G25-S05,ಆ ರಾತ್ರಿ ಉಳಿದ ಅತಿಥಿಗಳು,MAHABHARATA-3-AADIPARVA_djvu.txt lines 9457–9566,"ಪುರೋಚನನು ತಮ್ಮನ್ನು ನಂಬಿದ್ದಾನೆಂದು ಭಾವಿಸಿದ ಯುಧಿಷ್ಠಿರನು ಪಲಾಯನದ ಸಮಯ ಬಂದಿದೆ ಎಂದನು. ಮನೆಯನ್ನು ಪುರೋಚನನೊಂದಿಗೆ ಸುಟ್ಟು, ಆರು ದೇಹಗಳು ಅಲ್ಲಿಯೇ ಉಳಿಯುವಂತೆ ಮಾಡಿ ರಹಸ್ಯವಾಗಿ ಹೊರಡುವ ನಿರ್ಧಾರವನ್ನು ಅವನು ತಿಳಿಸಿದನೆಂದು ಈ ಪಾಠ ಹೇಳುತ್ತದೆ. ಆರು ಮಂದಿ ಎಂದರೆ ನಿಷಾದ ಮಹಿಳೆ ಮತ್ತು ಅವಳ ಐದು ಮಕ್ಕಳೆಂದು ಇಲ್ಲಿನ ವ್ಯಾಖ್ಯಾನ ಸ್ಪಷ್ಟಪಡಿಸುತ್ತದೆ. ಆ ಮಹಿಳೆಯನ್ನು ಪುರೋಚನನ ತಂಗಿ, ಕುಂತಿಯ ಬಳಿ ಬಂದು ಸೇವೆ ಮಾಡುತ್ತಾ ಅವಕಾಶ ಗಮನಿಸಲು ಅವನಿಂದ ನೇಮಿಸಲ್ಪಟ್ಟವಳು ಎಂದು ಈ ಆವೃತ್ತಿ ಪರಿಚಯಿಸುತ್ತದೆ. ಹಿಂದಿನಿಂದ ಕುಂತಿಯ ಸ್ನೇಹಿತೆಯೆಂದು ಪರಿಚಿತಳಾಗಿದ್ದ ಅವಳು ಅಂದಿನ ಭೋಜನಕ್ಕೆ ಐದು ಮಕ್ಕಳೊಂದಿಗೆ ಬಂದಳು. ಊಟದ ನಂತರ ಅವರೆಲ್ಲ ಮನೆಯಲ್ಲಿಯೇ ನಿದ್ರಿಸಿದರು. ತಾಯಿಯ ಕುರಿತು ಪಾಠ ಕೊಡುವ ಪಾತ್ರವಿವರಣೆಯಿಂದ ಮಕ್ಕಳೂ ಸಂಚಿನಲ್ಲಿ ಪಾಲ್ಗೊಂಡಿದ್ದರು ಎಂಬ ನಿರ್ಣಯ ಬರುವುದಿಲ್ಲ.",,80,36,46,,,pending,pending,,
369,G25-S06,ಬೆಂಕಿ ಮತ್ತು ಪಲಾಯನ,MAHABHARATA-3-AADIPARVA_djvu.txt lines 9567–9883,"ರಾತ್ರಿಯಲ್ಲಿ ಎಲ್ಲರೂ ನಿದ್ರಿಸಿದ ನಂತರ ಭೀಮನು ಮೊದಲು ಕುಂತಿ ಮತ್ತು ತನ್ನ ಸಹೋದರರನ್ನು ಸುರಂಗದೊಳಗೆ ಕಳುಹಿಸಿದನು. ಅನಂತರ ಅರಗಿನ ಮನೆಗೆ ತಾನೇ ಬೆಂಕಿ ಕೊಟ್ಟು ಸುರಂಗದ ದಾರಿಯಿಂದ ಹೊರಟನು. ಆ ರಾತ್ರಿ ಹೊತ್ತಿಕೊಂಡ ಬೆಂಕಿ ಪುರೋಚನನ ದಾಳಿಯ ಆರಂಭವಾಗಿರಲಿಲ್ಲ; ಯುಧಿಷ್ಠಿರನ ನಿರ್ಧಾರದಂತೆ ಭೀಮನು ಮಾಡಿದ ಕಾರ್ಯವಾಗಿತ್ತು. ಮನೆಯಲ್ಲಿ ಉಳಿದಿದ್ದ ಪುರೋಚನ, ನಿಷಾದ ಮಹಿಳೆ ಮತ್ತು ಅವಳ ಐದು ಮಕ್ಕಳು ಪ್ರಾಣ ಕಳೆದುಕೊಂಡರು. ಅವರ ಸಾವಿನಿಂದಲೇ ಪಾಂಡವರು ಮತ್ತು ಕುಂತಿ ಸುಟ್ಟುಹೋದರೆಂಬ ತಪ್ಪು ನಂಬಿಕೆಗೆ ದಾರಿ ಉಂಟಾಯಿತು. ಜ್ವಾಲೆಗಳ ಕೆಳಗೆ ಸುರಂಗ ದಾಟಿದ ಪಾಂಡವರು ಹೊರಗೆ ಬಂದರು. ದಣಿದ ತಾಯಿ ಮತ್ತು ಸಹೋದರರಿಗೆ ಭೀಮನು ನೆರವಾದನು. ವಿದುರನು ಕಳುಹಿಸಿದ ನಾವಿಕನ ಸಂದೇಶದಿಂದ ವಿಶ್ವಾಸ ಪಡೆದು, ಅವನ ದೋಣಿಯಲ್ಲಿ ಗಂಗೆಯನ್ನು ದಾಟಿದರು. ಅವರ ಜೀವ ಉಳಿದಿತ್ತು; ಅವರ ಪಲಾಯನದ ಹಿಂದೆ ಏಳು ಜೀವಗಳ ನಷ್ಟ ಉಳಿದಿತ್ತು.",,87,39,50,,,pending,pending,,
370,G25-S07,ಸತ್ತವರಿಗಾಗಿ ಶೋಕ,MAHABHARATA-3-AADIPARVA_djvu.txt lines 9884–10558,ಬೆಳಗಾದಾಗ ಸುಟ್ಟ ಮನೆಯನ್ನು ಕಂಡ ಜನರು ಪಾಂಡವರು ಮತ್ತು ಕುಂತಿ ಸತ್ತರೆಂದು ನಂಬಿದರು. ಸುದ್ದಿ ಹಸ್ತಿನಾಪುರ ತಲುಪಿತು. ಶೋಕಾಚರಣೆ ನಡೆಯಿತು; ಭೀಷ್ಮರ ದುಃಖ ತೀವ್ರವಾಗಿತ್ತು. ದುರ್ಯೋಧನನ ಪಾಳಯಕ್ಕೆ ಸಂಚು ಯಶಸ್ವಿಯಾಯಿತೆಂಬ ಭಾವನೆ ಮೂಡಿತು. ವಿದುರನಿಗೆ ಮಾತ್ರ ಸತ್ಯದ ಅರಿವಿತ್ತು. ಈ ಆವೃತ್ತಿಯ ವಿವರಣೆಯಲ್ಲಿ ಭೀಷ್ಮರಿಗೆ ಸಮಾಧಾನ ನೀಡುವ ಸಂದರ್ಭವೂ ಇದೆ. ರಾಜಧಾನಿಯ ಶೋಕ ಮತ್ತು ಕಾಡಿನ ಪಲಾಯನ ಒಂದೇ ಕಾಲದಲ್ಲಿ ನಡೆಯುತ್ತಿವೆ.,,44,20,25,,,pending,pending,,
371,G25-S08,ನೀರಿಗಾಗಿ ಹೋದ ಭೀಮ,MAHABHARATA-3-AADIPARVA_djvu.txt lines 10559–10975,"ಕಾಡಿನಲ್ಲಿ ದಣಿವು ಮತ್ತು ದಾಹ ಎಲ್ಲರನ್ನೂ ಮಣಿಸಿತು. ಭೀಮನು ತಾಯಿ ಮತ್ತು ಸಹೋದರರನ್ನು ಒಂದು ಕಡೆ ಕುಳ್ಳಿರಿಸಿ ನೀರು ಹುಡುಕಲು ಹೋದನು. ಮರಳಿ ಬಂದಾಗ ಅವರು ನೆಲದ ಮೇಲೆಯೇ ನಿದ್ರಿಸಿದ್ದರು. ಅರಮನೆಯಲ್ಲಿ ಗೌರವದಿಂದ ಬದುಕಬೇಕಾದ ತಾಯಿ ಹೀಗೆ ಮಲಗಿರುವುದನ್ನು ಕಂಡು ಅವನ ಮನಸ್ಸು ಕುದಿಯಿತು. ದುರ್ಯೋಧನನ ಮೇಲೆ ಕೋಪ ಮೂಡಿದರೂ ಆ ಕ್ಷಣದಲ್ಲಿ ಅವನ ಕೆಲಸ ಪ್ರತೀಕಾರವಲ್ಲ, ಕಾವಲು. ಉಳಿದವರು ಮಲಗಿದ್ದಾಗ ಭೀಮನು ಎಚ್ಚರವಾಗಿಯೇ ನಿಂತನು. ಕಾಡಿನೊಳಗೆ ಯಾರೋ ಅವರ ವಾಸನೆಯನ್ನು ಗ್ರಹಿಸುತ್ತಿದ್ದರು.",,52,23,30,,,pending,pending,,
372,G26-S01,ಹಿಡಿಂಬೆಯ ಆಯ್ಕೆ,MAHABHARATA-3-AADIPARVA_djvu.txt lines 10976–11416,ಆ ಕಾಡಿನಲ್ಲಿ ಹಿಡಿಂಬ ಎಂಬ ರಾಕ್ಷಸ ವಾಸಿಸುತ್ತಿದ್ದನು. ಮಾನವರ ಆಗಮನ ತಿಳಿದು ಅವನು ತಂಗಿ ಹಿಡಿಂಬೆಯನ್ನು ಅವರ ಬಳಿಗೆ ಕಳುಹಿಸಿದನು. ಆದರೆ ಭೀಮನನ್ನು ಕಂಡ ಹಿಡಿಂಬೆಯ ಮನಸ್ಸು ಬದಲಾಯಿತು. ಅಣ್ಣನ ಆದೇಶವನ್ನು ಪೂರೈಸುವುದಕ್ಕಿಂತ ಭೀಮನನ್ನೂ ಅವನ ಕುಟುಂಬವನ್ನೂ ಉಳಿಸಲು ಬಯಸಿದಳು. ರೂಪ ಬದಲಿಸಿಕೊಂಡು ಭೀಮನ ಬಳಿಗೆ ಬಂದು ಅಪಾಯವನ್ನು ತಿಳಿಸಿದಳು. ಭೀಮನು ತನ್ನ ನಿದ್ರಿಸುತ್ತಿರುವ ತಾಯಿ ಮತ್ತು ಸಹೋದರರನ್ನು ಬಿಟ್ಟು ಹೋಗಲು ಒಪ್ಪಲಿಲ್ಲ. ಹಿಡಿಂಬೆ ಮೊದಲ ಬಾರಿಗೆ ತನ್ನ ಕುಟುಂಬದ ಆದೇಶಕ್ಕೂ ತನ್ನ ಆಯ್ಕೆಗೂ ನಡುವೆ ನಿಂತಳು.,"ಹಿಡಿಂಬೆ: ಇಲ್ಲಿ ಉಳಿದರೆ ಅಪಾಯ. ನಿಮ್ಮೆಲ್ಲರನ್ನು ರಕ್ಷಿಸಲು ನಾನು ನೆರವಾಗುತ್ತೇನೆ.
ಭೀಮ: ನನ್ನವರನ್ನು ಬಿಟ್ಟು ನಾನು ಎಲ್ಲಿಗೂ ಹೋಗುವುದಿಲ್ಲ.",67,30,38,,,pending,pending,,
373,G26-S02,ಅಣ್ಣನ ಆಗಮನ,MAHABHARATA-3-AADIPARVA_djvu.txt lines 11417–11717,ತಂಗಿ ತಡಮಾಡುತ್ತಿದ್ದಂತೆ ಹಿಡಿಂಬನೇ ಅಲ್ಲಿಗೆ ಬಂದನು. ಅವಳು ಮಾನವರನ್ನು ಉಳಿಸಲು ನಿಂತಿರುವುದನ್ನು ಕಂಡು ಕೋಪಗೊಂಡನು. ಹಿಡಿಂಬೆಯನ್ನು ಬೆದರಿಸಿದಾಗ ಭೀಮನು ನಡುವೆ ನಿಂತನು. ಹೋರಾಟದಿಂದ ಮಲಗಿರುವವರು ಎಚ್ಚರಗೊಳ್ಳದಂತೆ ಶತ್ರುವನ್ನು ದೂರಕ್ಕೆ ತೆಗೆದುಕೊಂಡು ಹೋಗಲು ಯತ್ನಿಸಿದನು. ಮರಗಳ ನಡುವೆ ಅವರ ಹಿಡಿತದ ಯುದ್ಧ ಆರಂಭವಾಯಿತು. ಇಲ್ಲಿ ಹಿಡಿಂಬೆ ನೋಡುತ್ತ ನಿಲ್ಲುವ ಬಹುಮಾನವಲ್ಲ; ತನ್ನ ಅಣ್ಣನನ್ನು ಎದುರಿಸಿ ಈಗಾಗಲೇ ನಿರ್ಧಾರ ತೆಗೆದುಕೊಂಡ ವ್ಯಕ್ತಿ.,,42,19,24,,,pending,pending,,
374,G26-S03,ಹಿಡಿಂಬನ ಅಂತ್ಯ,MAHABHARATA-3-AADIPARVA_djvu.txt lines 11718–12429,ಹೋರಾಟದ ಶಬ್ದಕ್ಕೆ ಕುಂತಿ ಮತ್ತು ಪಾಂಡವರು ಎಚ್ಚರಗೊಂಡರು. ಹಿಡಿಂಬೆ ನಡೆದದ್ದನ್ನು ವಿವರಿಸಿದಳು. ಅರ್ಜುನನು ಭೀಮನಿಗೆ ನೆರವಾಗಲು ಮುಂದಾದರೂ ಭೀಮನು ತಾನೇ ಹೋರಾಟ ಮುಗಿಸುವುದಾಗಿ ಹೇಳಿದನು. ಕಾಲಹರಣ ಅಪಾಯ ತರಬಹುದೆಂದು ಅರ್ಜುನ ಎಚ್ಚರಿಸಿದನು. ಭೀಮನು ಹಿಡಿಂಬನನ್ನು ಮಣಿಸಿ ಕೊಂದನು. ಬೆಳಗಿನ ಬೆಳಕು ಮರಗಳ ನಡುವೆ ಕಾಣಿಸತೊಡಗಿತು. ಒಂದು ತಕ್ಷಣದ ಅಪಾಯ ದೂರವಾಯಿತು. ಆದರೆ ಹಿಡಿಂಬೆಯೊಂದಿಗೆ ಯಾವ ಸಂಬಂಧವನ್ನು ಸ್ವೀಕರಿಸಬೇಕು ಎಂಬ ಪ್ರಶ್ನೆ ಈಗ ಕುಟುಂಬದ ಮುಂದೆ ನಿಂತಿತು.,,47,21,27,,,pending,pending,,
375,G26-S04,ಕುಂತಿಯ ಮುಂದೆ ಮನವಿ,MAHABHARATA-3-AADIPARVA_djvu.txt lines 12430–12910,ಹಿಡಿಂಬೆ ಕುಂತಿಯ ಮುಂದೆ ತನ್ನ ಇಚ್ಛೆಯನ್ನು ತಿಳಿಸಿದಳು. ಭೀಮನನ್ನು ಪತಿಯಾಗಿ ಸ್ವೀಕರಿಸಲು ಬಯಸುವುದಾಗಿ ಹೇಳಿ ಕುಟುಂಬಕ್ಕೆ ನೆರವಾಗುವುದಾಗಿ ಮಾತುಕೊಟ್ಟಳು. ಕುಂತಿ ಅವಳ ಮಾತನ್ನು ಕೇಳಿದಳು; ಯುಧಿಷ್ಠಿರನು ಸಂಬಂಧಕ್ಕೆ ಕಾಲ ಮತ್ತು ಮರಳುವಿಕೆಯ ನಿಯಮಗಳನ್ನು ವಿಧಿಸಿದನು. ಭೀಮನು ಕುಟುಂಬದ ಜವಾಬ್ದಾರಿಯನ್ನು ತೊರೆಯದೆ ಹಿಡಿಂಬೆಯೊಂದಿಗೆ ಇರಬೇಕಾಗಿತ್ತು. ಅರಣ್ಯದ ಈ ನಿರ್ಧಾರ ಭವಿಷ್ಯದಲ್ಲಿ ದೊಡ್ಡ ನೆರವಿಗೆ ಕಾರಣವಾಗಲಿದೆ. ಆದರೆ ಆ ಭವಿಷ್ಯವನ್ನು ಪಾತ್ರಗಳು ಈಗಲೇ ಸಂಪೂರ್ಣ ತಿಳಿದವರಂತೆ ವರ್ತಿಸಬಾರದು.,,46,20,26,,,pending,pending,,
376,G26-S05,ಆಶ್ರಯ ಮತ್ತು ಆಶ್ವಾಸನೆ,MAHABHARATA-3-AADIPARVA_djvu.txt lines 12911–13469,ಪಾಂಡವರು ಶಾಲಿಹೋತ್ರರ ಆಶ್ರಮದ ಪರಿಸರಕ್ಕೆ ತಲುಪಿದರು. ಅರಣ್ಯಯಾತ್ರೆಯ ಆತಂಕದ ನಡುವೆ ಸರೋವರ ಮತ್ತು ಆಶ್ರಮ ಅವರಿಗೆ ತಾತ್ಕಾಲಿಕ ನೆಮ್ಮದಿ ನೀಡಿದವು. ವ್ಯಾಸರು ಬಂದು ಅವರ ದುಃಖವನ್ನು ಕೇಳಿ ಧೈರ್ಯ ತುಂಬಿದರು. ಮುಂದಿನ ದಾರಿಯ ಕುರಿತು ಮಾರ್ಗದರ್ಶನ ನೀಡಿದರು. ಅರಮನೆಯಿಂದ ದೂರವಾದರೂ ಅವರು ಸಂಪೂರ್ಣವಾಗಿ ಕೈಬಿಡಲ್ಪಟ್ಟವರಲ್ಲ ಎಂಬ ಭರವಸೆ ದೊರೆಯಿತು. ಈ ಮಧ್ಯೆ ಭೀಮ ಮತ್ತು ಹಿಡಿಂಬೆಯ ಸಂಬಂಧ ಮುಂದುವರಿಯಿತು. ಕುಟುಂಬದ ಬದುಕು ಕೇವಲ ಪಲಾಯನವಲ್ಲದೆ ಮತ್ತೆ ಭವಿಷ್ಯವನ್ನು ಪಡೆಯತೊಡಗಿತು.,,49,22,28,,,pending,pending,,
377,G26-S06,ಘಟೋತ್ಕಚನ ಜನನ,MAHABHARATA-3-AADIPARVA_djvu.txt lines 12911–13687,ಭೀಮ ಮತ್ತು ಹಿಡಿಂಬೆಗೆ ಘಟೋತ್ಕಚನು ಜನಿಸಿದನು. ಅವನ ವಿಶಿಷ್ಟ ರೂಪ ಮತ್ತು ತಲೆಯ ಲಕ್ಷಣದಿಂದ ಹೆಸರಿನ ವಿವರಣೆ ಬರುತ್ತದೆ. ರಾಕ್ಷಸವಂಶದ ಸಾಮರ್ಥ್ಯದಿಂದ ಅವನ ಬೆಳವಣಿಗೆ ಸಾಮಾನ್ಯ ಮಾನವ ಮಗುವಿನಂತಿಲ್ಲವೆಂದು ಕಥೆ ತಿಳಿಸುತ್ತದೆ. ಶಿಶುವಿನಿಂದ ಯುವಕನಾಗುವ ಬದಲಾವಣೆಯನ್ನು ಒಂದೇ ಕ್ಷಣದ ಮುಖಮಾರ್ಪಿನಂತೆ ಮಾಡಬಾರದು. ಘಟೋತ್ಕಚನು ಪಾಂಡವರಿಗೂ ಕುಂತಿಗೂ ಗೌರವ ಸಲ್ಲಿಸಿ ತನ್ನ ಸಂಬಂಧವನ್ನು ಅಂಗೀಕರಿಸಿದನು.,,38,17,22,,,pending,pending,,
378,G26-S07,ಕರೆದಾಗ ಬರುತ್ತೇನೆ,MAHABHARATA-3-AADIPARVA_djvu.txt lines 13530–13733,ಘಟೋತ್ಕಚನು ತನ್ನ ತಂದೆಯ ಕುಟುಂಬಕ್ಕೆ ಅಗತ್ಯವಾದಾಗ ನೆರವಾಗುವುದಾಗಿ ಮಾತುಕೊಟ್ಟನು. ಹಿಡಿಂಬೆ ಮತ್ತು ಅವನು ಹೊರಡುವ ಸಮಯ ಬಂತು. ಈ ವಿದಾಯದಲ್ಲಿ ಅರಣ್ಯದಲ್ಲಿ ಹುಟ್ಟಿದ ಸಂಬಂಧ ಕೊನೆಗೊಳ್ಳುವುದಿಲ್ಲ; ದೂರದಲ್ಲಿದ್ದರೂ ಉಳಿಯುವ ಬಂಧವಾಗುತ್ತದೆ. ಕುಂತಿಯ ಆಶೀರ್ವಾದವನ್ನು ಪಡೆದು ಮಗನು ತಾಯಿಯೊಂದಿಗೆ ಹೊರಟನು. ಪಾಂಡವರು ಮತ್ತೆ ತಮ್ಮ ಪ್ರಯಾಣಕ್ಕೆ ಸಿದ್ಧರಾದರು. ಅವರೊಂದಿಗೆ ನಡೆದುಹೋಗದಿದ್ದರೂ ಘಟೋತ್ಕಚ ಈಗ ಅವರ ಕುಟುಂಬಕಥೆಯ ಶಾಶ್ವತ ಭಾಗ.,ಘಟೋತ್ಕಚ: ನನ್ನ ನೆರವು ಬೇಕಾದಾಗ ನೆನಪಿಸಿಕೊಳ್ಳಿ. ನಾನು ಬರುತ್ತೇನೆ.,47,21,27,,,pending,pending,,
379,G26-S08,ಹೆಸರನ್ನು ಮರೆಮಾಡಿದ ಪ್ರಯಾಣ,MAHABHARATA-3-AADIPARVA_djvu.txt lines 13530–13733,"ಪಾಂಡವರು ಬ್ರಾಹ್ಮಣರ ವೇಷದಲ್ಲಿ ಸಾಮಾನ್ಯ ಪ್ರಯಾಣಿಕರಂತೆ ಸಾಗಲು ನಿರ್ಧರಿಸಿದರು. ರಾಜಕುಮಾರರ ಗುರುತು ಬಹಿರಂಗವಾದರೆ ಬದುಕುಳಿದ ಸಂಗತಿ ಹಸ್ತಿನಾಪುರ ತಲುಪಬಹುದಿತ್ತು. ವ್ಯಾಸರ ಮಾರ್ಗದರ್ಶನದಲ್ಲಿ ಅವರು ಏಕಚಕ್ರನಗರದಲ್ಲಿ ಬ್ರಾಹ್ಮಣನೊಬ್ಬನ ಮನೆಯಲ್ಲಿ ಆಶ್ರಯ ಪಡೆದರು. ದಿನನಿತ್ಯ ಭಿಕ್ಷೆಯಿಂದ ಜೀವನ ಸಾಗಿಸುವ ಹೊಸ ಕ್ರಮ ಆರಂಭವಾಯಿತು. ಅದೇ ಮನೆಯಲ್ಲಿ ಬೇಗನೆ ಕೇಳಿಬರಲಿರುವ ಅಳುವಿನ ಧ್ವನಿ, ಈ ಕುಟುಂಬವನ್ನು ಮತ್ತೊಬ್ಬರ ದುಃಖದೊಂದಿಗೆ ಸೇರಿಸಲಿದೆ.",,40,18,23,,,pending,pending,,
380,G27-S01,ಭಿಕ್ಷೆಯ ಬದುಕು,MAHABHARATA-3-AADIPARVA_djvu.txt lines 13734–14066,ಪಾಂಡವರು ಪ್ರತಿದಿನ ಭಿಕ್ಷೆಗೆ ಹೋಗಿ ತಂದ ಆಹಾರವನ್ನು ಕುಂತಿಗೆ ಒಪ್ಪಿಸುತ್ತಿದ್ದರು. ಅವಳು ಅದನ್ನು ಕುಟುಂಬದ ಅಗತ್ಯಕ್ಕೆ ತಕ್ಕಂತೆ ಹಂಚುತ್ತಿದ್ದಳು; ಭೀಮನ ದೊಡ್ಡ ಹಸಿವಿಗೂ ಪಾಲಿರುತ್ತಿತ್ತು. ಒಂದು ದಿನ ಭೀಮನು ಮನೆಯಲ್ಲಿದ್ದಾಗ ಒಳಗಿನಿಂದ ಅಳುವಿನ ಧ್ವನಿ ಕೇಳಿಸಿತು. ತಮ್ಮನ್ನು ಆಶ್ರಯಿಸಿದ ಕುಟುಂಬದ ದುಃಖವನ್ನು ತಿಳಿಯಬೇಕೆಂದು ಕುಂತಿ ಒಳಗೆ ಹೋದಳು. ಆ ಮನೆಯವರು ಬಡತನಕ್ಕಿಂತ ದೊಡ್ಡ ಅಪಾಯದ ಎದುರು ನಿಂತಿದ್ದರು. ಯಾರೊಬ್ಬರು ಸತ್ತರೆ ಉಳಿದವರು ಬದುಕಬಹುದು ಎಂಬ ಕ್ರೂರ ಪ್ರಶ್ನೆಯ ಮೇಲೆ ಅವರ ಮಾತು ನಡೆಯುತ್ತಿತ್ತು.,,52,23,30,,,pending,pending,,
381,G27-S02,ಯಾರು ಹೋಗಬೇಕು,MAHABHARATA-3-AADIPARVA_djvu.txt lines 14067–15042,"ಮನೆಯ ಯಜಮಾನನು ಅಪಾಯವನ್ನು ತಾನೇ ಎದುರಿಸಬೇಕೆಂದನು. ಪತ್ನಿ ಅವನನ್ನು ಕಳೆದುಕೊಂಡರೆ ಕುಟುಂಬಕ್ಕೆ ಆಶ್ರಯವಿರುವುದಿಲ್ಲವೆಂದು ಹೇಳಿ ತಾನೇ ಹೋಗುವುದಾಗಿ ಒತ್ತಾಯಿಸಿದಳು. ಇಬ್ಬರೂ ಒಬ್ಬರ ಜೀವವನ್ನು ಇನ್ನೊಬ್ಬರು ಉಳಿಸಲು ಪ್ರಯತ್ನಿಸುತ್ತಿದ್ದರು. ಈ ಸಂಭಾಷಣೆ ದೀರ್ಘವಾಗುತ್ತದೆ, ಏಕೆಂದರೆ ಸಾವಿನ ಭಯದ ಜೊತೆಗೆ ಕುಟುಂಬದ ಕರ್ತವ್ಯ, ಅವಲಂಬನೆ ಮತ್ತು ಪ್ರೀತಿಯ ಪ್ರಶ್ನೆಗಳೂ ಅದರಲ್ಲಿ ಸೇರಿವೆ. ಕುಂತಿ ಕೇಳುತ್ತ ನಿಂತಳು. ತಾನು ಅನುಭವಿಸುತ್ತಿರುವ ಸಂಕಟಕ್ಕಿಂತ ಹೊರಗೂ ಜನರ ಬದುಕು ಭಯದಲ್ಲಿ ಬಂಧಿತವಾಗಿದೆ ಎಂಬುದು ಅವಳ ಮುಂದೆ ಬಯಲಾಯಿತು.",,50,22,29,,,pending,pending,,
382,G27-S03,ಮಕ್ಕಳ ಮಾತು ಮತ್ತು ಬಕನ ನಿಯಮ,MAHABHARATA-3-AADIPARVA_djvu.txt lines 15043–15604,"ಮಗಳು ತನ್ನನ್ನೇ ಕಳುಹಿಸಬಹುದು ಎಂದಳು. ಚಿಕ್ಕ ಮಗನು ತಾನು ರಾಕ್ಷಸನನ್ನು ಹೊಡೆಯುವುದಾಗಿ ಮುಗ್ಧ ಧೈರ್ಯ ತೋರಿದನು. ಆ ಮಾತಿನಿಂದ ಅಳುವಿನ ನಡುವೆ ಕ್ಷಣಕಾಲ ನಗು ಮೂಡಿತು. ಕುಂತಿ ಕಾರಣ ಕೇಳಿದಾಗ ಯಜಮಾನನು ಬಕನ ಕಥೆ ಹೇಳಿದನು. ನಗರವು ಆಹಾರ ತುಂಬಿದ ಬಂಡಿ, ಪ್ರಾಣಿಗಳು ಮತ್ತು ಅದನ್ನು ಕೊಂಡೊಯ್ಯುವ ಮಾನವನನ್ನು ನಿಯಮಿತವಾಗಿ ಕಳುಹಿಸಬೇಕಿತ್ತು. ರಕ್ಷಣೆಯ ಹೆಸರಿನಲ್ಲಿ ಬಕನು ಜನರ ಜೀವವನ್ನೇ ಕಸಿಯುತ್ತಿದ್ದನು. ಈಗ ಈ ಮನೆಯ ಸರದಿ ಬಂದಿತ್ತು.",,48,21,27,,,pending,pending,,
383,G27-S04,ಕುಂತಿಯ ನಿರ್ಧಾರ,MAHABHARATA-3-AADIPARVA_djvu.txt lines 15605–15920,ಕುಂತಿ ತನ್ನ ಒಬ್ಬ ಮಗನನ್ನು ಕಳುಹಿಸುವುದಾಗಿ ಹೇಳಿದಳು. ಆತಿಥ್ಯ ನೀಡಿದ ಮನೆಯವರನ್ನು ಉಳಿಸುವುದೇ ತನ್ನ ಉದ್ದೇಶವೆಂದಳು. ಯಜಮಾನನು ಅತಿಥಿಯನ್ನು ಅಪಾಯಕ್ಕೆ ಕಳುಹಿಸಲು ಒಪ್ಪಲಿಲ್ಲ. ಆದರೆ ಕುಂತಿಗೆ ಭೀಮನ ಸಾಮರ್ಥ್ಯ ಗೊತ್ತಿತ್ತು. ಅವನು ಹಿಂದಿನ ಅಪಾಯಗಳನ್ನು ಹೇಗೆ ಎದುರಿಸಿದ್ದಾನೆಂಬ ವಿಶ್ವಾಸದಿಂದ ಅವಳು ಮಾತು ಕೊಟ್ಟಳು. ಈ ವಿಷಯ ರಹಸ್ಯವಾಗಿರಬೇಕೆಂದೂ ತಿಳಿಸಿದಳು. ಭೀಮನಿಗೆ ಸುದ್ದಿ ತಲುಪಿದಾಗ ಅವನು ಹಿಂಜರಿಯಲಿಲ್ಲ. ಎದುರಿಸಬೇಕಾದವನ ಬಲಕ್ಕಿಂತ ಅವನ ಅನ್ಯಾಯವೇ ಭೀಮನ ಮುಂದೆ ಸ್ಪಷ್ಟವಾಗಿತ್ತು.,ಕುಂತಿ: ನಿಮ್ಮ ಕುಟುಂಬ ಬದುಕಬೇಕು. ನನ್ನ ಮಗ ಈ ಅಪಾಯವನ್ನು ಎದುರಿಸಬಲ್ಲನು.,55,24,31,,,pending,pending,,
384,G27-S05,ಅಣ್ಣನ ಆತಂಕ,MAHABHARATA-3-AADIPARVA_djvu.txt lines 15921–16370,"ಭಿಕ್ಷೆಯಿಂದ ಮರಳಿದ ಯುಧಿಷ್ಠಿರನು ಭೀಮನ ಸಂತೋಷವನ್ನು ನೋಡಿ ಕಾರಣ ಕೇಳಿದನು. ಕುಂತಿಯ ನಿರ್ಧಾರ ತಿಳಿದು ಅವನಿಗೆ ಆತಂಕವಾಯಿತು. ಕುಟುಂಬದ ರಕ್ಷಣೆಗೆ ಮುಖ್ಯವಾದ ಭೀಮನನ್ನು ಇಂಥ ಅಪಾಯಕ್ಕೆ ಏಕೆ ಕಳುಹಿಸಬೇಕು ಎಂದು ಪ್ರಶ್ನಿಸಿದನು. ಕುಂತಿ ಭೀಮನ ಬಲವನ್ನೂ, ತಮ್ಮ ಆಶ್ರಯದಾತರಿಗೆ ಸಲ್ಲಬೇಕಾದ ಕೃತಜ್ಞತೆಯನ್ನೂ ವಿವರಿಸಿದಳು. ಯುಧಿಷ್ಠಿರನು ವಿಚಾರವನ್ನು ಒಪ್ಪಿಕೊಂಡನು. ಭೀಮನು ಬಂಡಿಯ ಆಹಾರವನ್ನು ತೆಗೆದುಕೊಂಡು ಹೊರಟನು. ಭಯದಿಂದ ಕಳುಹಿಸಲಾಗುತ್ತಿದ್ದ ಬಂಡಿಯಲ್ಲಿ ಈ ಬಾರಿ ಭಯವಿಲ್ಲದ ವ್ಯಕ್ತಿ ಕುಳಿತಿದ್ದನು.",,47,21,27,,,pending,pending,,
385,G27-S06,ಬಕನ ಊಟವನ್ನು ಭೀಮನೇ ತಿನ್ನುತ್ತಾನೆ,MAHABHARATA-3-AADIPARVA_djvu.txt lines 16371–16749,ಬಕನ ಪ್ರದೇಶಕ್ಕೆ ತಲುಪಿದ ಭೀಮನು ಆಹಾರವನ್ನು ತಾನೇ ತಿನ್ನತೊಡಗಿದನು. ಬಕನನ್ನು ಕರೆಯುತ್ತಾ ಅವನಿಗಾಗಿ ಬಂದ ಊಟವನ್ನು ಮುಗಿಸುತ್ತಿದ್ದನು. ಕೋಪದಿಂದ ಬಂದ ಬಕನು ಹೊಡೆದರೂ ಭೀಮನು ಮೊದಲು ಊಟದ ಕಡೆ ಗಮನವಿಟ್ಟನು. ಈ ಹಾಸ್ಯಭರಿತ ಕ್ಷಣದ ಹಿಂದೆ ನಗರದ ದೀರ್ಘ ಭಯವಿದೆ. ಜನರು ಮರಣದ ದೂತನಂತೆ ಕಂಡವನನ್ನು ಭೀಮನು ತನ್ನ ಮುಂದೆ ಸಾಮಾನ್ಯ ಎದುರಾಳಿಯಾಗಿ ನಿಲ್ಲಿಸಿದನು. ಊಟ ಮುಗಿದಾಗ ಅವನು ಎದ್ದು ಬಕನನ್ನು ಎದುರಿಸಿದನು. ಈಗ ಯಾರು ಯಾರನ್ನು ತಿನ್ನುತ್ತಾರೆ ಎಂಬ ಬೆದರಿಕೆಗೆ ಉತ್ತರ ಬಲದಿಂದ ಬರಬೇಕಿತ್ತು.,,54,24,31,,,pending,pending,,
386,G27-S07,ನಗರವನ್ನು ಬಿಟ್ಟ ಭಯ,MAHABHARATA-3-AADIPARVA_djvu.txt lines 16750–17038,ಭೀಮ ಮತ್ತು ಬಕನ ನಡುವೆ ಭೀಕರ ಹೋರಾಟ ನಡೆಯಿತು. ಮರಗಳು ಮತ್ತು ನೆಲ ಅವರ ಬಲದ ಒತ್ತಡಕ್ಕೆ ಸಾಕ್ಷಿಯಾದವು. ಕೊನೆಗೆ ಭೀಮನು ಬಕನನ್ನು ಮಣಿಸಿ ಕೊಂದನು. ಅವನ ಕುಟುಂಬದವರು ಭಯದಿಂದ ಶರಣಾದಾಗ ಭೀಮನು ಎಲ್ಲರನ್ನೂ ಕೊಲ್ಲಲಿಲ್ಲ. ಇನ್ನು ಮುಂದೆ ಮಾನವರನ್ನು ಕೊಲ್ಲಬಾರದೆಂದು ನಿಯಮ ವಿಧಿಸಿ ಅಭಯ ಕೊಟ್ಟನು. ಅನ್ಯಾಯವನ್ನು ನಿಲ್ಲಿಸುವುದು ಮತ್ತು ಎದುರಾಳಿಯ ಹೆಸರಿನಲ್ಲಿ ಎಲ್ಲರನ್ನೂ ಸಂಹರಿಸುವುದು ಬೇರೆ ಎಂಬ ವ್ಯತ್ಯಾಸ ಈ ಘಟನೆಯಲ್ಲಿ ಕ್ರಿಯೆಯ ಮೂಲಕ ಕಾಣುತ್ತದೆ.,,49,22,28,,,pending,pending,,
387,G27-S08,ಹೆಸರು ಹೇಳದ ರಕ್ಷಕ,MAHABHARATA-3-AADIPARVA_djvu.txt lines 17039–17322,ಬಕನ ದೇಹವನ್ನು ನಗರಕ್ಕೆ ಕಾಣುವ ಸ್ಥಳದಲ್ಲಿ ಬಿಟ್ಟ ಭೀಮನು ಮೌನವಾಗಿ ಮನೆಗೆ ಮರಳಿದನು. ಬೆಳಗಾದಾಗ ಜನರಿಗೆ ನಂಬಲಾಗದ ಸುದ್ದಿ ಕಾದಿತ್ತು. ರಾಕ್ಷಸ ಸತ್ತಿದ್ದನು; ತಮ್ಮ ಸರದಿ ಬಂದಾಗ ಸಾಯಬೇಕೆಂಬ ಭಯ ಮುಗಿದಿತ್ತು. ಬ್ರಾಹ್ಮಣ ಕುಟುಂಬವು ಪಾಂಡವರ ಗುರುತನ್ನು ಬಹಿರಂಗಪಡಿಸಲಿಲ್ಲ. ನಗರವು ಉಸಿರಾಡತೊಡಗಿತು. ಪಾಂಡವರು ಇನ್ನೂ ಕೆಲವು ಕಾಲ ಅಲ್ಲಿಯೇ ಇದ್ದರು. ನಂತರ ಬಂದ ಪ್ರಯಾಣಿಕ ಬ್ರಾಹ್ಮಣನ ಮಾತುಗಳು ಅವರನ್ನು ಹೊಸ ದಿಕ್ಕಿಗೆ ಕರೆದವು.,,45,20,26,,,pending,pending,,
388,G28-S01,ಮತ್ತೊಮ್ಮೆ ಕೇಳಿಬಂದ ಅಗ್ನಿಜನ್ಮ,MAHABHARATA-3-AADIPARVA_djvu.txt lines 17323–18262,"ಅತಿಥಿ ಬ್ರಾಹ್ಮಣನು ದ್ರುಪದನ ಯಜ್ಞದಿಂದ ಧೃಷ್ಟದ್ಯುಮ್ನ ಮತ್ತು ದ್ರೌಪದಿ ಜನಿಸಿದ ವೃತ್ತಾಂತವನ್ನು ಹೇಳಿದನು. ಈಗ ಪಾಂಡವರು ಏಕಚಕ್ರದ ಮನೆಯಲ್ಲಿ ಆ ಸುದ್ದಿಯನ್ನು ಕೇಳುತ್ತಿದ್ದಾರೆ. ದ್ರುಪದನ ಅವಮಾನ, ಯಾಜ ಮತ್ತು ಉಪಯಾಜರ ಪಾತ್ರ, ಅಗ್ನಿಯಿಂದ ಬಂದ ಮಕ್ಕಳ ಉದ್ದೇಶ ಮತ್ತೆ ನೆನಪಾಗುತ್ತದೆ. ಸ್ವಯಂವರದ ಸುದ್ದಿಯೇ ಈ ಬಾರಿ ಕಥೆಯನ್ನು ಮುಂದಕ್ಕೆ ಒಯ್ಯುವ ಹೊಸ ಸಂಗತಿ.",,38,17,22,,,pending,pending,,
389,G28-S02,ದ್ರುಪದನ ಆಶೆ,MAHABHARATA-3-AADIPARVA_djvu.txt lines 18263–18657,ಅರಗಿನ ಮನೆಯಲ್ಲಿ ಪಾಂಡವರು ಸತ್ತರೆಂಬ ಸುದ್ದಿ ದ್ರುಪದನಿಗೂ ತಲುಪಿತ್ತು. ವಿಶೇಷವಾಗಿ ಅರ್ಜುನನ ವಿಷಯದಲ್ಲಿ ಅವನಿಗೆ ನಿರಾಶೆ ಮೂಡಿತ್ತು. ದ್ರೌಪದಿಯ ವಿವಾಹಕ್ಕೆ ಅವನ ಮನಸ್ಸಿನಲ್ಲಿದ್ದ ಆಶೆ ಅದರಿಂದ ಮಸುಕಾಗಿತ್ತು. ಪುರೋಹಿತರ ಸಮಾಧಾನದ ಮಾತುಗಳು ಮತ್ತು ಸ್ವಯಂವರದ ಘೋಷಣೆ ಬ್ರಾಹ್ಮಣನ ಕಥೆಯಲ್ಲಿ ಬರುತ್ತವೆ. ಪಾಂಡವರು ಬದುಕಿರುವುದು ಅವರಿಗೆ ಗೊತ್ತಿದೆ; ದ್ರುಪದನಿಗೆ ಇನ್ನೂ ಗೊತ್ತಿಲ್ಲ. ಈ ಅಸಮಾನ ಮಾಹಿತಿಯೇ ಮುಂದಿನ ಭೇಟಿಗೆ ಕುತೂಹಲವನ್ನು ಕೊಡುತ್ತದೆ.,,43,19,25,,,pending,pending,,
390,G28-S03,ಪಾಂಚಾಲದತ್ತ ಪ್ರಯಾಣ,MAHABHARATA-3-AADIPARVA_djvu.txt lines 18658–19300,"ಕುಂತಿ ಪಾಂಚಾಲದತ್ತ ಪ್ರಯಾಣಿಸುವುದನ್ನು ಸೂಕ್ತವೆಂದು ಕಂಡಳು. ಪಾಂಡವರು ಬ್ರಾಹ್ಮಣರ ಗುಂಪಿನೊಂದಿಗೆ ಹೊರಟರು. ದಾರಿಯಲ್ಲಿ ವ್ಯಾಸರನ್ನು ಭೇಟಿಯಾಗಿ ಮಾರ್ಗದರ್ಶನ ಮತ್ತು ಆಶ್ವಾಸನೆ ಪಡೆದರು. ತಾವು ಬದುಕಿರುವುದನ್ನು ಎಲ್ಲರ ಮುಂದೆಯೂ ಘೋಷಿಸದೆ, ಸಾಮಾನ್ಯ ಯಾತ್ರಿಕರಂತೆ ಸಾಗಿದರು. ಪ್ರಯಾಣಿಕರ ಮಾತುಗಳಲ್ಲಿ ಸ್ವಯಂವರದ ನಿರೀಕ್ಷೆ, ದಾನದ ಆಸೆ, ರಾಜರ ಸಮಾಗಮದ ಕುತೂಹಲ ಬೆರೆತಿತ್ತು. ಈ ಜನರ ನಡುವೆ ಐವರು ರಾಜಕುಮಾರರು ತಮ್ಮ ಹಿಂದಿನ ಜೀವನವನ್ನು ಹೊತ್ತು ಮೌನವಾಗಿ ನಡೆಯುತ್ತಿದ್ದರು.",,45,20,26,,,pending,pending,,
391,G28-S04,ಅರ್ಧರಾತ್ರಿಯ ತಡೆ,MAHABHARATA-3-AADIPARVA_djvu.txt lines 19301–19580,ಗಂಗಾತೀರಕ್ಕೆ ಅವರು ತಲುಪುವ ವೇಳೆಗೆ ರಾತ್ರಿ ಆಗಿತ್ತು. ಅಂಗಾರಪರ್ಣನೆಂಬ ಗಂಧರ್ವನು ಅಲ್ಲಿ ತನ್ನ ಪತ್ನಿಯರೊಂದಿಗೆ ಇದ್ದನು. ಆ ವೇಳೆಯಲ್ಲಿ ಮಾನವರು ತನ್ನ ಪ್ರದೇಶಕ್ಕೆ ಬರಬಾರದೆಂದು ಅವನು ತಡೆದನು. ಅರ್ಜುನನು ಗಂಗೆಯ ದಾರಿಯನ್ನು ಅವನೊಬ್ಬನ ಸ್ವತ್ತೆಂದು ಒಪ್ಪಲಿಲ್ಲ. ಮಾತಿನ ವಿವಾದ ಸಮರವಾಗಿ ಬದಲಾಯಿತು. ಅರ್ಜುನನು ಅಸ್ತ್ರಪ್ರಯೋಗದಿಂದ ಗಂಧರ್ವನ ರಥವನ್ನು ನಾಶಮಾಡಿ ಅವನನ್ನು ಸೋಲಿಸಿದನು. ಕತ್ತಲಲ್ಲಿ ಆರಂಭವಾದ ಸಂಘರ್ಷ ಇದೀಗ ಜೀವದಾನ ಕೇಳುವ ಸ್ಥಿತಿಗೆ ತಲುಪಿತು.,,45,20,26,,,pending,pending,,
392,G28-S05,ಶತ್ರುವಿನಿಂದ ಸ್ನೇಹಿತ,MAHABHARATA-3-AADIPARVA_djvu.txt lines 19581–19848,"ಗಂಧರ್ವನ ಪತ್ನಿ ಕರುಣೆ ಬೇಡಿದಳು. ಯುಧಿಷ್ಠಿರನ ಮಾತಿನಂತೆ ಅರ್ಜುನನು ಅವನನ್ನು ಜೀವಂತವಾಗಿ ಬಿಟ್ಟನು. ಸೋತ ಗಂಧರ್ವನು ಕೃತಜ್ಞತೆಯಿಂದ ಮಾತಾಡಲು ಆರಂಭಿಸಿದನು. ಅವನ ರಥ ಸುಟ್ಟದ್ದರಿಂದ ಹೆಸರು ಮತ್ತು ಪರಿಚಯಕ್ಕೆ ಸಂಬಂಧಿಸಿದ ವಿವರಣೆಯೂ ಬರುತ್ತದೆ. ಪರಸ್ಪರ ವಿದ್ಯೆಯ ವಿನಿಮಯದ ಮಾತು ನಡೆಯಿತು; ಕುದುರೆಗಳ ಕೊಡುಗೆಯ ಭರವಸೆಯೂ ಸೇರಿತು. ಹೀಗಾಗಿ ಈ ಸಮರ ಶಾಶ್ವತ ವೈರದಲ್ಲಿ ಕೊನೆಗೊಳ್ಳದೆ, ಜ್ಞಾನ ನೀಡುವ ಸಂಭಾಷಣೆಯಾಗಿ ಬದಲಾಯಿತು.",,43,19,25,,,pending,pending,,
393,G28-S06,ಪುರೋಹಿತನ ಅಗತ್ಯ,MAHABHARATA-3-AADIPARVA_djvu.txt lines 19849–20103,ಅರ್ಜುನನು ಈ ವಿರೋಧಕ್ಕೆ ಕಾರಣವೇನು ಎಂದು ಕೇಳಿದನು. ಗಂಧರ್ವನು ರಾಜನ ಜೀವನದಲ್ಲಿ ಪುರೋಹಿತ ಮತ್ತು ಮಾರ್ಗದರ್ಶಕನ ಪಾತ್ರವನ್ನು ವಿವರಿಸಿದನು. ಬಲವಿರುವುದರಿಂದಲೇ ಪ್ರಯಾಣ ಮತ್ತು ಆಡಳಿತ ಸುರಕ್ಷಿತವಾಗುವುದಿಲ್ಲ; ವಿವೇಕದ ಸಲಹೆ ಬೇಕೆಂದನು. ಅವನು ಅರ್ಜುನನನ್ನು ತಾಪತ್ಯ ಎಂದು ಕರೆದಾಗ ಆ ಹೆಸರಿನ ಅರ್ಥವನ್ನು ಅರ್ಜುನ ಕೇಳಿದನು. ಹೀಗೆ ಗಂಗಾತೀರದ ಇಂದಿನ ಸಂಭಾಷಣೆಯಿಂದ ಪಾಂಡವರ ಪೂರ್ವಜರ ಕಥೆಗೆ ಪ್ರವೇಶವಾಗುತ್ತದೆ.,,40,18,23,,,pending,pending,,
394,G28-S07,ಸಂವರಣನು ಕಂಡ ತಪತಿ,MAHABHARATA-3-AADIPARVA_djvu.txt lines 20104–20545,ಈಗ ಗಂಧರ್ವನು ಹೇಳುತ್ತಿರುವ ಹಿಂದಿನ ಕಾಲದ ಕಥೆಯನ್ನು ಕೇಳೋಣ. ಸೂರ್ಯನ ಪುತ್ರಿ ತಪತಿ ಅಪೂರ್ವ ಸೌಂದರ್ಯ ಮತ್ತು ತೇಜಸ್ಸಿನಿಂದ ಪ್ರಸಿದ್ಧಳಾಗಿದ್ದಳು. ಸಂವರಣರಾಜನು ಕಾಡಿನಲ್ಲಿ ಅವಳನ್ನು ಕಂಡು ಆಕರ್ಷಿತನಾದನು. ತನ್ನ ಮನಸ್ಸನ್ನು ಹೇಳಿದಾಗ ತಪತಿ ತಕ್ಷಣ ಅವನೊಂದಿಗೆ ಹೊರಡಲಿಲ್ಲ. ತನ್ನ ತಂದೆಯ ಅನುಮತಿ ಅಗತ್ಯವೆಂದು ತಿಳಿಸಿದಳು. ನಂತರ ಅವಳು ಕಣ್ಮರೆಯಾದಳು. ಸಂವರಣನಿಗೆ ಅವಳ ದರ್ಶನ ಕೇವಲ ಒಂದು ಭೇಟಿಯಾಗಿ ಉಳಿಯಲಿಲ್ಲ; ಅವನ ಮನಸ್ಸನ್ನು ಆವರಿಸಿದ ಆಸೆಯಾಯಿತು.,,46,20,26,,,pending,pending,,
395,G28-S08,ಪ್ರೀತಿಯ ಷರತ್ತು,MAHABHARATA-3-AADIPARVA_djvu.txt lines 20546–20735,"ತಪತಿಯ ವಿಯೋಗದಿಂದ ಸಂವರಣನು ತೀವ್ರವಾಗಿ ನಲುಗಿದನು. ಅವಳು ಮತ್ತೆ ಕಾಣಿಸಿಕೊಂಡು ತನ್ನ ಪರಿಚಯವನ್ನೂ, ತಂದೆಯ ಅನುಮತಿಯ ಅವಶ್ಯಕತೆಯನ್ನೂ ತಿಳಿಸಿದಳು. ಸಂವರಣನ ಪ್ರಾರ್ಥನೆಗೆ ಸ್ಪಂದನೆ ದೊರಕಬೇಕಾದರೆ ತಪಸ್ಸು ಮತ್ತು ಸಮರ್ಪಕ ಮಧ್ಯಸ್ಥಿಕೆ ಬೇಕಿತ್ತು. ಈ ಕಥೆಯಲ್ಲಿ ಮುಂದಿನ ಪ್ರಮುಖ ವ್ಯಕ್ತಿ ವಸಿಷ್ಠರು. ಗಂಧರ್ವನು ಪುರೋಹಿತನ ಮಹತ್ವ ಹೇಳಲು ಆರಂಭಿಸಿದ ಕಥೆ ಈಗ ಆ ಮಾತಿಗೆ ಉದಾಹರಣೆಯಾಗುತ್ತಿದೆ. ಗಂಗಾತೀರದಲ್ಲಿ ಕೇಳುತ್ತಿರುವ ಅರ್ಜುನನ ಪ್ರಶ್ನೆ ಇನ್ನೂ ನಮ್ಮನ್ನು ಈ ಪೂರ್ವಕಥೆಗೆ ಕೊಂಡೊಯ್ದುಕೊಂಡಿದೆ.",,48,21,27,,,pending,pending,,
396,G29-S01,ಪ್ರೀತಿಯ ನಂತರ ರಾಜ್ಯದ ಹೊಣೆ,MAHABHARATA-3-AADIPARVA_djvu.txt lines 20736–21205,"ವಸಿಷ್ಠರು ಸೂರ್ಯನ ಅನುಮತಿ ಪಡೆದು ತಪತಿ ಮತ್ತು ಸಂವರಣರ ವಿವಾಹಕ್ಕೆ ನೆರವಾದರು. ರಾಜನು ಪತ್ನಿಯೊಂದಿಗೆ ಅರಣ್ಯದಲ್ಲಿ ಕಾಲ ಕಳೆಯತೊಡಗಿದನು. ಆದರೆ ಅವನ ಗೈರುಹಾಜರಿಯಲ್ಲಿ ರಾಜ್ಯಕ್ಕೆ ಅನಾವೃಷ್ಟಿಯ ಸಂಕಟ ಬಂತು. ಜನರ ಬದುಕು ಕುಸಿಯುತ್ತಿದ್ದಾಗ ವಸಿಷ್ಠರು ರಾಜನನ್ನು ಹಿಂದಕ್ಕೆ ಕರೆತಂದರು. ನಂತರ ಸುಭಿಕ್ಷ ಮರಳಿತು. ಈ ವಂಶದಲ್ಲಿ ಕುರು ಜನಿಸಿದನೆಂಬ ಸಂಬಂಧದಿಂದ ಪಾಂಡವರನ್ನು ತಾಪತ್ಯರೆಂದು ಕರೆಯುವ ಅರ್ಥ ಸ್ಪಷ್ಟವಾಗುತ್ತದೆ. ಪ್ರೇಮಕಥೆ ವಂಶಕಥೆಯೂ, ರಾಜನ ಕರ್ತವ್ಯದ ಕಥೆಯೂ ಆಗುತ್ತದೆ.",,47,21,27,,,pending,pending,,
397,G29-S02,ನಂದಿನಿಯನ್ನು ಕಸಿಯಲು ಯತ್ನ,MAHABHARATA-3-AADIPARVA_djvu.txt lines 21206–21922,ವಸಿಷ್ಠರ ಮಹತ್ವದ ಪ್ರಶ್ನೆಯಿಂದ ಗಂಧರ್ವನು ವಿಶ್ವಾಮಿತ್ರನ ಕಥೆಗೆ ತಿರುಗಿದನು. ರಾಜನಾಗಿದ್ದ ವಿಶ್ವಾಮಿತ್ರನು ವಸಿಷ್ಠರ ಆಶ್ರಮದ ಆತಿಥ್ಯ ಮತ್ತು ನಂದಿನಿಯ ಸಾಮರ್ಥ್ಯವನ್ನು ಕಂಡನು. ಅವಳನ್ನು ತನ್ನದಾಗಿಸಿಕೊಳ್ಳಲು ಬಯಸಿದನು. ವಸಿಷ್ಠರು ನಿರಾಕರಿಸಿದಾಗ ಬಲದಿಂದ ತೆಗೆದುಕೊಳ್ಳಲು ಯತ್ನಿಸಿದನು. ನಂದಿನಿಯ ಪ್ರತಿರೋಧ ಮತ್ತು ತಪೋಬಲದ ಮುಂದೆ ರಾಜಸೇನೆ ಸೋತಿತು. ಶಸ್ತ್ರಬಲಕ್ಕಿಂತ ವಿಭಿನ್ನವಾದ ಶಕ್ತಿ ಇದೆ ಎಂಬ ಅರಿವು ವಿಶ್ವಾಮಿತ್ರನನ್ನು ತಪಸ್ಸಿನತ್ತ ತಳ್ಳಿತು.,,40,18,23,,,pending,pending,,
398,G29-S03,ಶಕ್ತಿಯ ಶಾಪ,MAHABHARATA-3-AADIPARVA_djvu.txt lines 21923–22170,ಕಲ್ಮಾಷಪಾದ ಎಂಬ ರಾಜನಿಗೂ ವಸಿಷ್ಠರ ಪುತ್ರ ಶಕ್ತಿಗೂ ದಾರಿಯಲ್ಲಿ ವಿವಾದ ಉಂಟಾಯಿತು. ರಾಜನ ಕೋಪ ಮತ್ತು ಅವಮಾನ ಶಾಪಕ್ಕೆ ಕಾರಣವಾದವು. ನಂತರ ರಾಕ್ಷಸಾವೇಶದ ಪರಿಣಾಮದಲ್ಲಿ ರಾಜನು ಮಾನವಭಕ್ಷಣಕ್ಕೆ ಇಳಿದನು. ಶಕ್ತಿಯೂ ವಸಿಷ್ಠರ ಇತರ ಪುತ್ರರೂ ಅವನ ಕ್ರೌರ್ಯಕ್ಕೆ ಬಲಿಯಾದರು. ಗಂಧರ್ವನು ಹೇಳುತ್ತಿರುವ ಸಂಬಂಧಗಳ ಸರಪಳಿಯನ್ನು ಇಲ್ಲಿ ನಿಧಾನವಾಗಿ ತಿಳಿಸಬೇಕು: ಶಕ್ತಿ ವಸಿಷ್ಠರ ಮಗ; ಶಕ್ತಿಯ ಮಗನಾಗಿ ಮುಂದೆ ಪರಾಶರರು ಜನಿಸಲಿದ್ದಾರೆ. ಒಬ್ಬನ ಕೋಪ ಹಲವು ಪೀಳಿಗೆಯ ದುಃಖಕ್ಕೆ ದಾರಿ ಮಾಡಿದೆ.,,50,22,29,,,pending,pending,,
399,G29-S04,ಬದುಕಲು ಕಾರಣ ಕಳೆದುಕೊಂಡ ಋಷಿ,MAHABHARATA-3-AADIPARVA_djvu.txt lines 22171–22885,ಮಕ್ಕಳನ್ನು ಕಳೆದುಕೊಂಡ ವಸಿಷ್ಠರ ದುಃಖ ಅತೀವವಾಗಿತ್ತು. ಬದುಕನ್ನು ತೊರೆಯಲು ಅವರು ಮಾಡಿದ ಪ್ರಯತ್ನಗಳು ವಿಫಲವಾದವೆಂದು ಕಥೆ ಹೇಳುತ್ತದೆ. ನಂತರ ಸೊಸೆ ಅದೃಶ್ಯಂತಿಯ ಗರ್ಭದಿಂದ ವೇದಧ್ವನಿ ಕೇಳಿಸಿತು. ಶಕ್ತಿಯ ಸಂತತಿ ಇನ್ನೂ ಉಳಿದಿದೆ ಎಂಬ ಅರಿವು ವಸಿಷ್ಠರನ್ನು ಮತ್ತೆ ಕುಟುಂಬದ ಕಡೆ ತಿರುಗಿಸಿತು. ಮುಂದಾಗಿ ಅವರು ಕಲ್ಮಾಷಪಾದನನ್ನು ರಾಕ್ಷಸಾವೇಶದಿಂದ ಬಿಡಿಸಿದರು. ದುಃಖವು ಅವರಿಗೆ ಕ್ಷಮೆಯ ಬಾಗಿಲನ್ನು ಸಂಪೂರ್ಣ ಮುಚ್ಚಲಿಲ್ಲ.,,41,18,23,,,pending,pending,,
400,G29-S05,ಪರಾಶರ ಮತ್ತು ಔರ್ವ,MAHABHARATA-3-AADIPARVA_djvu.txt lines 22886–23146,"ಅದೃಶ್ಯಂತಿಗೆ ಪರಾಶರರು ಜನಿಸಿದರು. ಬೆಳೆದ ನಂತರ ತಂದೆಯ ಸಾವಿನ ಸಂಗತಿ ತಿಳಿದಾಗ ಅವರಲ್ಲಿ ಪ್ರತೀಕಾರದ ಕೋಪ ಮೂಡಿತು. ವಸಿಷ್ಠರು ಆ ಕೋಪವನ್ನು ನಿಯಂತ್ರಿಸಲು ಹಿಂದಿನ ಭೃಗುವಂಶದ ದುಃಖವನ್ನು ಉದಾಹರಿಸಿದರು. ಕಾರ್ತವೀರ್ಯನ ವಂಶಸ್ಥರಿಂದ ನಡೆದ ಹತ್ಯೆಗಳು, ಗರ್ಭದಲ್ಲಿದ್ದ ಔರ್ವನ ರಕ್ಷಣೆ ಮತ್ತು ಅವನ ಜನ್ಮದ ತೇಜಸ್ಸು ಆ ಕಥೆಯಲ್ಲಿ ಬರುತ್ತವೆ. ಇಲ್ಲಿ ಮತ್ತೊಂದು ಪೂರ್ವಕಥೆಯೊಳಗೆ ಹೋಗುತ್ತಿದ್ದೇವೆ. ಪರಾಶರರಿಗೆ ಕೋಪದ ಪರಿಣಾಮ ತಿಳಿಸಲು ವಸಿಷ್ಠರು ಹೇಳುವ ಉದಾಹರಣೆಯೇ ಔರ್ವನ ಕಥೆ.",,48,21,27,,,pending,pending,,
401,A103-S01,ನಿಧಿಯಿಂದ ಹುಟ್ಟಿದ ದುರಂತ,MAHABHARATA-3-AADIPARVA_djvu.txt lines 22886–23146,ಕಾರ್ತವೀರ್ಯನ ಸಂತತಿಯವರಿಗೆ ಧನದ ಅಗತ್ಯ ಬಂದಾಗ ಭೃಗುಗಳ ಬಳಿಗೆ ಹೋದರು. ಕೆಲವರು ಹಣ ಕೊಟ್ಟರು; ಕೆಲವರು ಮುಚ್ಚಿಟ್ಟರು. ಹೂತ ನಿಧಿ ಪತ್ತೆಯಾದ ನಂತರ ಕೋಪವು ಭೃಗುವಂಶದ ಮೇಲಿನ ಹಿಂಸೆಯಾಗಿ ಹರಡಿತು. ಗರ್ಭದಲ್ಲಿದ್ದ ಸಂತತಿಯನ್ನೂ ಉಳಿಸದ ಕ್ರೌರ್ಯ ಎದುರಾಯಿತು. ಒಬ್ಬ ಮಹಿಳೆ ತನ್ನ ಗರ್ಭವನ್ನು ತೊಡೆಯಲ್ಲಿ ಕಾಪಾಡಿಕೊಂಡಳು ಎಂಬ ಪೌರಾಣಿಕ ವಿವರಣೆಯಿಂದ ಔರ್ವನ ಜನ್ಮ ಬರುತ್ತದೆ. ಅವನ ತೇಜಸ್ಸಿನಿಂದ ದಾಳಿಕೋರರಿಗೆ ದೃಷ್ಟಿನಾಶವಾಯಿತು. ಅವರು ಕೊನೆಗೆ ಕ್ಷಮೆ ಮತ್ತು ದೃಷ್ಟಿ ಮರಳಿಕೆಯನ್ನು ಬೇಡಿದರು.,,50,22,29,,,pending,pending,,
402,A103-S02,ಪಿತೃಗಳು ನೀಡಿದ ಅಸಾಮಾನ್ಯ ಕಾರಣ,MAHABHARATA-3-AADIPARVA_djvu.txt lines 23147–23338,"ಔರ್ವನ ಕೋಪವನ್ನು ತಡೆಯಲು ಬಂದ ಪಿತೃಗಳು ತಮ್ಮ ಸಾವಿನ ಕುರಿತು ಅಸಾಮಾನ್ಯ ವಿವರಣೆ ನೀಡಿದರು. ಹತ್ಯೆಯನ್ನು ತಡೆಯುವ ಸಾಮರ್ಥ್ಯವಿಲ್ಲದೆ ತಾವು ಸಾಯಲಿಲ್ಲ ಎಂದರು. ದೀರ್ಘಜೀವನದಿಂದ ಬೇಸತ್ತಿದ್ದ ತಾವು ಕ್ಷತ್ರಿಯರ ಕೈಯಲ್ಲಿ ಮರಣವನ್ನೇ ಬಯಸಿದ್ದೆವು; ಅವರಿಗೆ ಕೋಪ ಮತ್ತು ವೈರ ಹುಟ್ಟಿಸುವುದಕ್ಕಾಗಿಯೇ ಒಬ್ಬ ಭೃಗುವಿನ ಮನೆಯಲ್ಲಿ ಧನವನ್ನು ಹೂತಿಟ್ಟೆವು ಎಂದು ಹೇಳಿದರು. ಸ್ವರ್ಗವನ್ನು ಬಯಸುವ ತಮಗೆ ಧನದ ಅಗತ್ಯವೇನಿತ್ತು ಎಂದು ಪ್ರಶ್ನಿಸಿದರು. ತಾವೇ ತಮ್ಮ ಪ್ರಾಣ ತೆಗೆದುಕೊಂಡರೆ ಶುಭಲೋಕಗಳು ದೊರೆಯುವುದಿಲ್ಲ ಎಂಬ ತಮ್ಮ ನಂಬಿಕೆಯಿಂದ, ಮತ್ತೊಬ್ಬರ ಕೈಯಿಂದ ಮರಣ ಹೊಂದುವ ದಾರಿ ಹುಡುಕಿದ್ದಾಗಿ ವಿವರಿಸಿದರು. ಇದು ಕಥೆಯೊಳಗಿನ ಪಿತೃಗಳ ಸ್ವಂತ ಉದ್ದೇಶದ ವಿವರಣೆ; ಎಲ್ಲ ಸಂತ್ರಸ್ತರ ಮೇಲೂ ದೋಷ ಹೊರಿಸುವ ಸಾಮಾನ್ಯ ತೀರ್ಪಲ್ಲ. ಔರ್ವನು ಲೋಕವನ್ನು ನಾಶಮಾಡುವುದು ತಮ್ಮ ಇಚ್ಛೆಯಲ್ಲವೆಂದು ಅವರು ಸ್ಪಷ್ಟಪಡಿಸಿದರು. ರಾಜರಿಲ್ಲದೆ ಜನರ ರಕ್ಷಣೆಯೂ ಕುಸಿಯುತ್ತದೆ ಎಂದು ವಾದಿಸಿ ಅವನ ಕ್ರೋಧವನ್ನು ಬಿಡಲು ಹೇಳಿದರು. ಔರ್ವನಿಗೆ ಈ ಉತ್ತರವನ್ನು ತಕ್ಷಣ ಒಪ್ಪಿಕೊಳ್ಳಲು ಸಾಧ್ಯವಾಗಲಿಲ್ಲ.",,95,42,54,,,pending,pending,,
403,A103-S03,ಕೋಪಕ್ಕೂ ನ್ಯಾಯದ ಪ್ರಶ್ನೆ,MAHABHARATA-3-AADIPARVA_djvu.txt lines 23316–23500,ಔರ್ವನು ತಾನು ಗರ್ಭದಲ್ಲಿದ್ದಾಗಲೇ ಬಂಧುಗಳ ಆಕ್ರಂದನ ಕೇಳಿದ್ದೇನೆಂದನು. ಅಪರಾಧವನ್ನು ತಡೆಯುವವರು ಯಾರೂ ಇಲ್ಲದಿದ್ದರೆ ಪಾಪ ಹೆಚ್ಚುತ್ತದೆಯೆಂದು ವಾದಿಸಿದನು. ತನ್ನ ಪ್ರತಿಜ್ಞೆ ವ್ಯರ್ಥವಾಗಬಾರದು; ಒಳಗಿನ ಕೋಪವೇ ತನ್ನನ್ನು ದಹಿಸಬಾರದು ಎಂದನು. ಪಿತೃಗಳು ಆ ಶಕ್ತಿಗೆ ಲೋಕನಾಶವಲ್ಲದ ದಾರಿ ತೋರಿಸಿದರು. ಅಗ್ನಿಯನ್ನು ಜಲದಲ್ಲಿ ಸ್ಥಾಪಿಸುವ ಪರಿಹಾರದಿಂದ ಅವನ ಪ್ರತಿಜ್ಞೆ ಮತ್ತು ಲೋಕದ ರಕ್ಷಣೆ ನಡುವೆ ಮಧ್ಯಮಾರ್ಗ ರೂಪುಗೊಂಡಿತು. ಈ ದೀರ್ಘ ಸಂಭಾಷಣೆಯ ನಂತರವೇ ಔರ್ವನ ಅಗ್ನಿ ಸಮುದ್ರಕ್ಕೆ ಸೇರುತ್ತದೆ.,,47,21,27,,,pending,pending,,
404,G29-S06,ಸಮುದ್ರಕ್ಕೆ ಹೋದ ಕ್ರೋಧಾಗ್ನಿ,MAHABHARATA-3-AADIPARVA_djvu.txt lines 23147–23530,"ಔರ್ವನು ತನ್ನ ವಂಶದ ಹತ್ಯೆಗೆ ಪ್ರತಿಯಾಗಿ ಲೋಕವನ್ನೇ ನಾಶಮಾಡುವ ತಪಸ್ಸಿಗೆ ಮುಂದಾದನು. ಆಗ ಬಂದ ಪಿತೃಗಳು ತಮ್ಮ ಸಾವಿನ ಕುರಿತು ಅವನಿಗೆ ತಿಳಿಯದ ಕಾರಣವನ್ನು ಹೇಳಿದರು. ತಮ್ಮನ್ನು ರಕ್ಷಿಸಿಕೊಳ್ಳಲಾಗದ ಅಸಮರ್ಥತೆಯಿಂದ ಹತ್ಯೆಗೆ ಒಳಗಾಗಲಿಲ್ಲ; ದೀರ್ಘಜೀವನದಿಂದ ಬೇಸತ್ತು ಕ್ಷತ್ರಿಯರ ಕೈಯಲ್ಲಿ ಮರಣವನ್ನು ತಾವೇ ಬಯಸಿದ್ದೆವೆಂದು ಅವರು ವಿವರಿಸಿದರು. ಅವರಲ್ಲಿ ಕೋಪ ಮತ್ತು ವೈರ ಹುಟ್ಟಿಸಲು ಧನವನ್ನು ಹೂತಿಟ್ಟಿದ್ದೆವು ಎಂದೂ ಹೇಳಿದರು. ಈ ಅಸಾಮಾನ್ಯ ಕಾರಣವು ಕಥೆಯೊಳಗೆ ಪಿತೃಗಳು ನೀಡಿದ ತಮ್ಮದೇ ವಿವರಣೆ. ಲೋಕನಾಶವು ತಮ್ಮ ಇಚ್ಛೆಯಲ್ಲವೆಂದು ಅವರು ಔರ್ವನನ್ನು ತಡೆದರು. ಔರ್ವನು ತನ್ನ ಪ್ರತಿಜ್ಞೆ ವ್ಯರ್ಥವಾಗಬಾರದು, ತನ್ನೊಳಗಿನ ಕ್ರೋಧವು ತನ್ನನ್ನೇ ದಹಿಸಬಾರದು ಎಂದು ವಾದಿಸಿದನು. ಕೊನೆಗೆ ಪಿತೃಗಳ ಸೂಚನೆಯಂತೆ ತನ್ನ ಕ್ರೋಧಾಗ್ನಿಯನ್ನು ಸಮುದ್ರದಲ್ಲಿ ನಿಕ್ಷೇಪಿಸಿದನೆಂದು ಪೌರಾಣಿಕ ಪ್ರಸಂಗ ಹೇಳುತ್ತದೆ.",,76,34,43,,,pending,pending,,
405,G29-S07,ಪರಾಶರರ ಸತ್ರ ನಿಂತಿತು,MAHABHARATA-3-AADIPARVA_djvu.txt lines 23147–23759,ತಂದೆಯನ್ನು ರಾಕ್ಷಸನು ಕೊಂದಿದ್ದರಿಂದ ಪರಾಶರರು ರಾಕ್ಷಸಸತ್ರವನ್ನು ಆರಂಭಿಸಿದರು. ಒಬ್ಬನ ಅಪರಾಧಕ್ಕೆ ಇಡೀ ವರ್ಗವನ್ನು ಸಂಹರಿಸುವ ಕೋಪ ಅದರಲ್ಲಿ ಕಾಣಿಸಿತು. ಹಿರಿಯ ಋಷಿಗಳು ಮಧ್ಯಪ್ರವೇಶಿಸಿ ಸತ್ರವನ್ನು ನಿಲ್ಲಿಸಲು ಹೇಳಿದರು. ಪರಾಶರರು ಮಾತನ್ನು ಸ್ವೀಕರಿಸಿ ಸಂಹಾರದಿಂದ ಹಿಂದೆ ಸರಿದರು. ರುರು ಮತ್ತು ಆಸ್ತೀಕರ ಕಥೆಗಳಲ್ಲಿ ಕೇಳಿದ ಪ್ರಶ್ನೆ ಮತ್ತೆ ಇಲ್ಲಿ ಬರುತ್ತದೆ: ವೈಯಕ್ತಿಕ ನಷ್ಟವು ಎಲ್ಲರ ಮೇಲಿನ ದಂಡನೆಯಾಗಬೇಕೇ?,,40,18,23,,,pending,pending,,
406,G29-S08,ಮದಯಂತಿಯ ಸಂತತಿ ಮತ್ತು ಹಿಂದಿರುಗುವ ಕಥೆ,MAHABHARATA-3-AADIPARVA_djvu.txt lines 23760–24040,"ಕಲ್ಮಾಷಪಾದನ ಕುಟುಂಬಕ್ಕೆ ಸಂತತಿ ಹೇಗೆ ಮುಂದುವರಿಯಿತು ಎಂಬ ಅರ್ಜುನನ ಪ್ರಶ್ನೆಗೆ ಗಂಧರ್ವನು ಇನ್ನೊಂದು ಶಾಪದ ಹಿನ್ನೆಲೆ ವಿವರಿಸಿದನು. ಬ್ರಾಹ್ಮಣಿಯ ಶಾಪದ ಕಾರಣ ರಾಜನಿಗೆ ತನ್ನ ಪತ್ನಿಯೊಂದಿಗೆ ಸಂಬಂಧ ಹೊಂದುವ ಅಪಾಯವಿತ್ತು. ವಂಶವೃದ್ಧಿಗಾಗಿ ವಸಿಷ್ಠರ ನೆರವು ಪಡೆದು ಮದಯಂತಿಗೆ ಪುತ್ರಪ್ರಾಪ್ತಿ ಆಯಿತು. ಈ ನಿಯೋಗದ ಪ್ರಸಂಗವನ್ನು ಅದರ ಕಾಲದ ಕಥಾಸಂದರ್ಭದಲ್ಲೇ ವಿವರಿಸಬೇಕು. ನಂತರ ನಾವು ಗಂಗಾತೀರಕ್ಕೆ ಮರಳುತ್ತೇವೆ. ಪುರೋಹಿತನು ಯಜ್ಞ ಮಾಡುವವನು ಮಾತ್ರವಲ್ಲ, ಸಂಕಟದ ಸಮಯದಲ್ಲಿ ದಾರಿ ತೋರಿಸುವವನು ಎಂಬ ಮಾತು ಪಾಂಡವರಿಗೆ ಸ್ಪಷ್ಟವಾಗಿದೆ.",,52,23,30,,,pending,pending,,
407,G30-S01,ಧೌಮ್ಯರ ವರಣ,MAHABHARATA-3-AADIPARVA_djvu.txt lines 24041–24492,ಪಾಂಡವರು ಗಂಧರ್ವನು ಸೂಚಿಸಿದ ಧೌಮ್ಯರನ್ನು ಭೇಟಿಯಾದರು. ಅವರನ್ನು ತಮ್ಮ ಪುರೋಹಿತರನ್ನಾಗಿ ಸ್ವೀಕರಿಸಲು ವಿನಂತಿಸಿದರು. ಧೌಮ್ಯರು ಒಪ್ಪಿಕೊಂಡಾಗ ಪ್ರಯಾಣಕ್ಕೆ ಮಾರ್ಗದರ್ಶಕ ದೊರೆಯಿತು. ಇದುವರೆಗೆ ಅಡಗಿಕೊಂಡು ಬದುಕುತ್ತಿದ್ದ ಕುಟುಂಬವು ಮತ್ತೆ ಒಂದು ಶಿಸ್ತಿನ ವ್ಯವಸ್ಥೆಯನ್ನು ಕಟ್ಟಿಕೊಳ್ಳತೊಡಗಿತು. ಧೌಮ್ಯರೊಂದಿಗೆ ಪಾಂಚಾಲದತ್ತ ಸಾಗಿದ ಅವರು ನಗರದಲ್ಲಿ ಕುಂಬಾರನ ಮನೆಯಲ್ಲಿ ಆಶ್ರಯ ಪಡೆದರು. ಹೊರಗೆ ಅನೇಕ ದೇಶಗಳ ರಾಜರು ಸ್ವಯಂವರಕ್ಕಾಗಿ ಆಗಮಿಸುತ್ತಿದ್ದರು. ರಾಜಕುಮಾರರು ಮಾತ್ರ ಸರಳ ಬ್ರಾಹ್ಮಣರ ರೂಪದಲ್ಲಿ ಆ ಸಮಾಗಮದೊಳಗೆ ಸೇರಿದರು.,,47,21,27,,,pending,pending,,
408,G30-S02,ಪಾಂಚಾಲದ ಮಹಾಸಭೆ,MAHABHARATA-3-AADIPARVA_djvu.txt lines 24493–24984,"ದ್ರುಪದನು ವೈಭವದಿಂದ ಸ್ವಯಂವರದ ವ್ಯವಸ್ಥೆ ಮಾಡಿದ್ದನು. ತೋರಣಗಳು, ಸುಗಂಧ, ವಾದ್ಯಗಳು ಮತ್ತು ರಾಜರ ಸಮಾಗಮದಿಂದ ನಗರ ತುಂಬಿತ್ತು. ಧೃಷ್ಟದ್ಯುಮ್ನನು ದ್ರೌಪದಿಯನ್ನು ಸಭೆಗೆ ಕರೆತಂದು ಸ್ಪರ್ಧೆಯ ನಿಯಮ ತಿಳಿಸಿದನು. ಬಿಲ್ಲನ್ನು ಸಜ್ಜುಗೊಳಿಸಿ ಯಂತ್ರದ ರಂಧ್ರದ ಮೂಲಕ ಮೇಲಿನ ಗುರಿಯನ್ನು ಭೇದಿಸಬೇಕಾಗಿತ್ತು. ಈ ನಿಯಮವನ್ನು ನೆರವೇರಿಸುವ ವೀರನನ್ನು ದ್ರೌಪದಿ ವರಿಸುವಳೆಂದು ಘೋಷಿಸಲಾಯಿತು. ರಾಜರು ಮತ್ತು ವೀರರ ಗಮನ ಈಗ ಬಿಲ್ಲು ಮತ್ತು ಮೇಲಿನ ಲಕ್ಷ್ಯದತ್ತ ನೆಟ್ಟಿತು.",,45,20,26,,,pending,pending,,
409,G30-S03,ರಾಜರ ಪರಿಚಯ,MAHABHARATA-3-AADIPARVA_djvu.txt lines 24985–25340,"ಧೃಷ್ಟದ್ಯುಮ್ನನು ಸಭೆಗೆ ಬಂದ ರಾಜರು ಮತ್ತು ಯೋಧರನ್ನು ದ್ರೌಪದಿಗೆ ಪರಿಚಯಿಸಿದನು. ಈ ಹೆಸರುಗಳು ಮುಂದೆ ಬೇರೆ ಬೇರೆ ಪಕ್ಷಗಳಲ್ಲಿ ಕಾಣಿಸಿಕೊಳ್ಳಲಿರುವ ಸಂಬಂಧಗಳ ಪರಿಚಯವೂ ಆಗಿವೆ. ಕೌರವರು, ಕರ್ಣ, ಶಲ್ಯ ಮತ್ತು ಅನೇಕ ರಾಜರು ಅಲ್ಲಿ ಇದ್ದರು. ಕೃಷ್ಣ ಮತ್ತು ಬಲರಾಮರೂ ಸಮಾಗಮಕ್ಕೆ ಬಂದಿದ್ದರು. ರಾಜರು ಒಬ್ಬೊಬ್ಬರಾಗಿ ಬಿಲ್ಲನ್ನು ಹಿಡಿದು ಪ್ರಯತ್ನಿಸಿದರು. ದೇಹದ ಬಲ ಅಥವಾ ರಾಜಪದ ಮಾತ್ರ ಈ ಪರೀಕ್ಷೆಗೆ ಸಾಕಾಗಲಿಲ್ಲ. ಪ್ರೇಕ್ಷಕರ ಗದ್ದಲದ ನಡುವೆ ಯಶಸ್ಸು ಯಾರಿಗೂ ಸುಲಭವಾಗಿ ದೊರೆಯಲಿಲ್ಲ.",,51,23,29,,,pending,pending,,
410,G30-S04,ಕೃಷ್ಣನ ಗುರುತಿಸುವಿಕೆ,MAHABHARATA-3-AADIPARVA_djvu.txt lines 25341–25633,ಜನರ ನಡುವೆ ಅಡಗಿದ್ದ ಪಾಂಡವರನ್ನು ಕೃಷ್ಣನು ಗುರುತಿಸಿದನು. ಅವರ ವೇಷ ಬದಲಾಗಿದ್ದರೂ ವ್ಯಕ್ತಿತ್ವ ಮತ್ತು ನಡೆ ಮರೆಯಾಗಿರಲಿಲ್ಲ. ಬಲರಾಮನಿಗೂ ಅವರ ಪರಿಚಯ ತಿಳಿಸಲಾಯಿತು. ಈ ಅರಿವು ತಕ್ಷಣ ಸಭೆಯ ಘೋಷಣೆಯಾಗಲಿಲ್ಲ. ಅರ್ಜುನನು ಬಿಲ್ಲಿನತ್ತ ನಡೆಯತೊಡಗಿದಾಗ ಅವನು ಬ್ರಾಹ್ಮಣನೆಂದು ಭಾವಿಸಿದ್ದವರ ನಡುವೆ ಚರ್ಚೆ ಎದ್ದಿತು. ಕೆಲವರು ಅವನು ವಿಫಲನಾದರೆ ತಮ್ಮ ಗುಂಪಿಗೆ ಅವಮಾನವೆಂದರು; ಇನ್ನು ಕೆಲವರು ಅವನ ಧೈರ್ಯವನ್ನು ಬೆಂಬಲಿಸಿದರು. ಅರ್ಜುನನು ಗದ್ದಲದ ನಡುವೆ ತನ್ನ ಕೆಲಸಕ್ಕೆ ಮನಸ್ಸನ್ನು ಸ್ಥಿರಗೊಳಿಸಿದನು.,,49,22,28,,,pending,pending,,
411,G30-S05,ಗುರಿಭೇದ ಮತ್ತು ಮಾಲಾರ್ಪಣೆ,MAHABHARATA-3-AADIPARVA_djvu.txt lines 25634–26074,"ಅರ್ಜುನನು ಬಿಲ್ಲಿಗೆ ಗೌರವ ಸಲ್ಲಿಸಿ ಮನಸ್ಸನ್ನು ಏಕಾಗ್ರಗೊಳಿಸಿದನು. ಬಿಲ್ಲನ್ನು ಸಜ್ಜುಗೊಳಿಸಿ ಅಗತ್ಯವಾದ ಬಾಣಪ್ರಯೋಗವನ್ನು ನೆರವೇರಿಸಿದನು. ಮೇಲಿನ ಗುರಿ ಭೇದಿತವಾಯಿತು. ಬ್ರಾಹ್ಮಣರ ನಡುವೆ ಹರ್ಷ ಏರಿತು; ವಾದ್ಯಗಳು ಮೊಳಗಿದವು. ದ್ರೌಪದಿ ವಿಜೇತನ ಬಳಿಗೆ ಬಂದು ಮಾಲೆ ಹಾಕಿದಳು. ದ್ರೌಪದಿಯ ನಡೆ, ಅವಳ ದೃಷ್ಟಿ ಮತ್ತು ಅವಳು ಮಾಡುವ ಮಾಲಾರ್ಪಣೆಯ ಕ್ರಿಯೆಯೂ ದೃಶ್ಯದ ಕೇಂದ್ರವಾಗಿರಲಿ. ಆದರೆ ಸಭೆಯ ಎಲ್ಲರೂ ಫಲಿತಾಂಶವನ್ನು ಶಾಂತವಾಗಿ ಸ್ವೀಕರಿಸಲಿಲ್ಲ.",,43,19,25,,,pending,pending,,
412,G30-S06,ಸಭೆಯ ಕೋಪ,MAHABHARATA-3-AADIPARVA_djvu.txt lines 26075–26558,ತಮ್ಮ ಮುಂದೆ ಬ್ರಾಹ್ಮಣನೊಬ್ಬ ಜಯಗಳಿಸಿದ್ದನ್ನು ಕೆಲವು ರಾಜರು ಅವಮಾನವೆಂದು ಭಾವಿಸಿದರು. ದ್ರುಪದನ ವಿರುದ್ಧ ಕೋಪ ತಿರುಗಿತು. ಭೀಮನು ತಕ್ಷಣ ತಮ್ಮವರ ರಕ್ಷಣೆಗೆ ಸಿದ್ಧನಾದನು. ಕೃಷ್ಣನು ಪಾಂಡವರ ಗುರುತನ್ನು ಬಲರಾಮನಿಗೆ ಸ್ಪಷ್ಟವಾಗಿ ಹೇಳಿದರೂ ಸಮರವನ್ನು ಹೆಚ್ಚಿಸುವತ್ತ ಹೋಗಲಿಲ್ಲ. ಕ್ಷಣಗಳ ಹಿಂದೆ ವಿವಾಹದ ಸ್ಥಳವಾಗಿದ್ದ ಮೈದಾನ ಈಗ ಆಯುಧಗಳ ಅಪಾಯಕ್ಕೆ ಒಳಗಾಯಿತು.,,35,16,20,,,pending,pending,,
413,G30-S07,ವೇಷದೊಳಗಿನ ಯೋಧರು,MAHABHARATA-3-AADIPARVA_djvu.txt lines 26559–27091,ಕರ್ಣ ಮತ್ತು ಅರ್ಜುನ ಮುಖಾಮುಖಿಯಾದರು; ಭೀಮ ಮತ್ತು ಶಲ್ಯರ ನಡುವೆ ಹೋರಾಟ ನಡೆಯಿತು. ಈ ಆವೃತ್ತಿ ಯುಧಿಷ್ಠಿರ ಮತ್ತು ಸುಯೋಧನರ ದ್ವಂದ್ವವನ್ನೂ ಉಲ್ಲೇಖಿಸುತ್ತದೆ. ಕರ್ಣನಿಗೆ ಎದುರಿನ ಬ್ರಾಹ್ಮಣನ ಕೌಶಲ ಅಚ್ಚರಿ ತಂದಿತು. ಸಂಘರ್ಷದ ನಂತರ ರಾಜರು ಹಿಂದೆ ಸರಿದರು. ಭೀಮ ಮತ್ತು ಅರ್ಜುನ ದ್ರೌಪದಿಯನ್ನು ಕುಂತಿಯ ಬಳಿಗೆ ಕರೆದೊಯ್ದರು. ಹೊರಗೆ ಅವರು ಇನ್ನೂ ಅಪರಿಚಿತ ಯೋಧರು. ಆದರೆ ಅವರ ನಡೆ ಮತ್ತು ಶಸ್ತ್ರಕೌಶಲ ಕಂಡವರಿಗೆ ಆ ವೇಷದ ಹಿಂದೆ ಬೇರೆ ಪರಿಚಯವಿದೆ ಎಂಬ ಅನುಮಾನ ಬಲವಾಯಿತು.,,54,24,31,,,pending,pending,,
414,G30-S08,ಕಾಣದೆ ಹೇಳಿದ ಮಾತು,MAHABHARATA-3-AADIPARVA_djvu.txt lines 27092–27528,"ಮನೆಗೆ ಬಂದ ಪುತ್ರರು ತಾವು ತಂದ ಭಿಕ್ಷೆಯ ವಿಷಯ ಹೇಳಿದರು. ಒಳಗಿದ್ದ ಕುಂತಿ ನೋಡದೆ, ಎಲ್ಲರೂ ಹಂಚಿಕೊಳ್ಳಿರಿ ಎಂದಳು. ಹೊರಗೆ ಬಂದು ದ್ರೌಪದಿಯನ್ನು ಕಂಡಾಗ ತನ್ನ ಮಾತಿನ ಪರಿಣಾಮದಿಂದ ಆತಂಕಗೊಂಡಳು. ಇದು ಸಾಮಾನ್ಯ ಆಹಾರದ ಹಂಚಿಕೆಯ ಮಾತಾಗಿರಲಿಲ್ಲ. ಯುಧಿಷ್ಠಿರನು ಕುಟುಂಬದೊಳಗಿನ ಆಕರ್ಷಣೆ ಮತ್ತು ಭವಿಷ್ಯದ ಒಗ್ಗಟ್ಟಿನ ಪ್ರಶ್ನೆಯನ್ನು ಗಮನಿಸಿದನು. ಐವರಿಗೂ ದ್ರೌಪದಿ ಪತ್ನಿಯಾಗುವ ನಿರ್ಧಾರವನ್ನು ಹೇಳಿದನು. ಆದರೆ ಈ ನಿರ್ಧಾರವೇ ತಕ್ಷಣದ ವಿವಾಹವಲ್ಲ. ದ್ರುಪದನ ಪ್ರಶ್ನೆಗಳು, ಹಿರಿಯರ ಚರ್ಚೆ ಮತ್ತು ವ್ಯಾಸರ ವಿವರಣೆ ಇನ್ನೂ ಬಾಕಿಯಿವೆ.",,54,24,31,,,pending,pending,,
415,G30-S09,ರಹಸ್ಯವಾಗಿ ಕೇಳಿದ ರಾತ್ರಿ,MAHABHARATA-3-AADIPARVA_djvu.txt lines 27529–27774,"ಧೃಷ್ಟದ್ಯುಮ್ನನು ತನ್ನ ತಂಗಿ ಎಲ್ಲಿ ಹೋಗುತ್ತಾಳೆ ಎಂಬುದನ್ನು ತಿಳಿಯಲು ಹಿಂಬಾಲಿಸಿದ್ದನು. ಕುಂಬಾರನ ಮನೆಯಲ್ಲಿ ಪಾಂಡವರ ನಡವಳಿಕೆಯನ್ನು ಗಮನಿಸಿದನು. ಆಹಾರವನ್ನು ಹಂಚಿದ ಕ್ರಮ, ಕುಂತಿಯ ಸ್ಥಾನ, ರಾತ್ರಿ ಅವರ ಮಾತಿನ ವಿಷಯಗಳು ಅವನಿಗೆ ಸೂಚನೆಗಳನ್ನು ನೀಡಿದವು. ಸಾಮಾನ್ಯ ಬ್ರಾಹ್ಮಣರ ಮಾತಿಗಿಂತ ಯೋಧರ ಅನುಭವ ಅಲ್ಲಿ ಕೇಳಿಸುತ್ತಿತ್ತು. ಅವನು ತಂದೆಯ ಬಳಿ ವರದಿ ಮಾಡಲು ಮರಳಿದನು. ಇದೇ ನಡುವೆ ಕೃಷ್ಣ ಮತ್ತು ಬಲರಾಮರ ಭೇಟಿಯಿಂದ ಕುಂತಿಗೆ ತಮ್ಮವರು ಬದುಕಿರುವುದನ್ನು ಅರಿತ ಬಂಧುಗಳ ಸಮಾಧಾನ ದೊರೆಯಿತು.",,51,23,29,,,pending,pending,,
416,G31-S01,ಪುರೋಹಿತನ ಸಂದೇಶ,MAHABHARATA-3-AADIPARVA_djvu.txt lines 27775–28137,ಧೃಷ್ಟದ್ಯುಮ್ನನ ವರದಿ ಕೇಳಿದ ದ್ರುಪದನು ತನ್ನ ಪುರೋಹಿತನನ್ನು ಕಳುಹಿಸಿದನು. ಅವನಿಗೆ ಸ್ವಯಂವರದ ವಿಜೇತನ ಗುರುತು ತಿಳಿಯಬೇಕಿತ್ತು. ಪುರೋಹಿತನು ದ್ರುಪದನ ಆಶಯವನ್ನು ಹೇಳಿದಾಗ ಯುಧಿಷ್ಠಿರನು ಎಚ್ಚರಿಕೆಯಿಂದ ಉತ್ತರಿಸಿದನು. ಪ್ರತಿಯೊಂದು ರಹಸ್ಯವನ್ನೂ ತಕ್ಷಣ ಬಹಿರಂಗಪಡಿಸಲಿಲ್ಲ. ಬಿಲ್ಲಿನ ಪರೀಕ್ಷೆಯಲ್ಲಿ ಜಯಿಸಿದವನಿಗೆ ಘೋಷಿತ ಫಲ ದೊರೆಯಬೇಕೆಂಬ ಅಂಶವನ್ನು ಮುಂದಿಟ್ಟನು. ನಂತರ ಪಾಂಡವರನ್ನು ಅರಮನೆಗೆ ಆಹ್ವಾನಿಸಲಾಯಿತು. ತನಿಖೆ ಈಗ ಮಾತಿನಿಂದ ಅವರ ನಡವಳಿಕೆ ಮತ್ತು ಆಯ್ಕೆಯನ್ನು ನೋಡುವ ಹಂತಕ್ಕೆ ಸಾಗಿತು.,,45,20,26,,,pending,pending,,
417,G31-S02,ಆಯ್ಕೆಗಳಿಂದ ಸಿಕ್ಕ ಪರಿಚಯ,MAHABHARATA-3-AADIPARVA_djvu.txt lines 28138–28443,ಅರಮನೆಯಲ್ಲಿ ವಿವಿಧ ವಸ್ತುಗಳನ್ನು ಸಿದ್ಧಮಾಡಿ ಅತಿಥಿಗಳ ಆಸಕ್ತಿಯನ್ನು ಗಮನಿಸಲಾಯಿತು. ಶಸ್ತ್ರಾಸ್ತ್ರಗಳ ಕಡೆ ಪಾಂಡವರ ಮನಸ್ಸು ಹೋದದ್ದು ಅವರ ಕ್ಷತ್ರಿಯ ಪರಿಚಯಕ್ಕೆ ಸೂಚನೆಯಾಯಿತು. ದ್ರುಪದನ ಅನುಮಾನ ದೃಢವಾಗತೊಡಗಿತು. ಆದರೂ ಅವನಿಗೆ ಅವರ ಬಾಯಿಂದಲೇ ಸತ್ಯ ಕೇಳಬೇಕಿತ್ತು. ಯುಧಿಷ್ಠಿರನು ಕೊನೆಗೆ ತಮ್ಮನ್ನು ಪಾಂಡುಪುತ್ರರೆಂದು ಪರಿಚಯಿಸಿದನು. ಕುಂತಿ ಮತ್ತು ಸಹೋದರರು ಬೆಂಕಿಯಿಂದ ಪಾರಾದ ಸಂಗತಿ ತಿಳಿಯಿತು. ದ್ರುಪದನಿಗೆ ಸತ್ತರೆಂದು ಭಾವಿಸಿದ್ದವರು ತನ್ನ ಮುಂದೆಯೇ ನಿಂತಿರುವ ಸಂತೋಷ ದೊರೆಯಿತು.,,45,20,26,,,pending,pending,,
418,G31-S03,ಒಪ್ಪದ ತಂದೆಯ ಪ್ರಶ್ನೆ,MAHABHARATA-3-AADIPARVA_djvu.txt lines 28444–28858,ಗುರುತು ತಿಳಿದು ದ್ರುಪದ ಸಂತೋಷಪಟ್ಟನು. ಆದರೆ ದ್ರೌಪದಿಯನ್ನು ಐವರು ವಿವಾಹವಾಗುವ ನಿರ್ಧಾರ ಕೇಳಿದಾಗ ಅವನ ಮನಸ್ಸು ನಿಂತಿತು. ಇದು ತನಗೆ ತಿಳಿದ ಆಚರಣೆಗೆ ವಿರುದ್ಧವೆಂದು ಪ್ರಶ್ನಿಸಿದನು. ಧೃಷ್ಟದ್ಯುಮ್ನನಿಗೂ ಸಂಶಯವಿತ್ತು. ಯುಧಿಷ್ಠಿರನು ಧರ್ಮದ ಸೂಕ್ಷ್ಮತೆಯನ್ನೂ ಹಿಂದಿನ ಉದಾಹರಣೆಗಳನ್ನೂ ಹೇಳಿದನು. ಕುಂತಿ ತನ್ನ ಮಾತು ಅಸತ್ಯವಾಗದಿರಲಿ ಎಂಬ ಚಿಂತೆಯನ್ನು ತಿಳಿಸಿದಳು. ಪ್ರಶ್ನೆ ಕೇಳುವ ಹಕ್ಕು ಮತ್ತು ಅಸಮಾಧಾನ ಎರಡೂ ಮೂಲದಲ್ಲಿವೆ.,,41,18,23,,,pending,pending,,
419,A102-S01,ಯುಧಿಷ್ಠಿರನು ಕೊಟ್ಟ ಉದಾಹರಣೆಗಳು,MAHABHARATA-3-AADIPARVA_djvu.txt lines 28920–29035,ದ್ರುಪದನ ಪ್ರಶ್ನೆಗೆ ಯುಧಿಷ್ಠಿರನು ತನ್ನ ಮನಸ್ಸಿನ ನಿಶ್ಚಯ ಮಾತ್ರವಲ್ಲದೆ ಹಿಂದಿನ ಉದಾಹರಣೆಗಳನ್ನೂ ಹೇಳಿದನು. ಗೌತಮಗೋತ್ರದ ಜಟಿಲನ ಪುತ್ರಿ ಏಳು ಋಷಿಗಳನ್ನು ವಿವಾಹವಾದ ಪ್ರಸಂಗವನ್ನು ನೆನಪಿಸಿದನು. ಕಂಡು ಋಷಿಯ ಮಗಳು ಹತ್ತು ಪ್ರಚೇತಸರನ್ನು ವಿವಾಹವಾದ ಕಥೆಯನ್ನೂ ಉಲ್ಲೇಖಿಸಿದನು. ತಾಯಿಯ ಮಾತಿಗೆ ನೀಡುವ ಗೌರವವನ್ನು ತನ್ನ ವಾದಕ್ಕೆ ಸೇರಿಸಿದನು. ಕುಂತಿ ತನ್ನ ಅಜಾಗರೂಕ ಮಾತು ಅಸತ್ಯವಾಗುವುದರ ಭಯವನ್ನು ವ್ಯಕ್ತಪಡಿಸಿದಳು. ಈ ಉದಾಹರಣೆಗಳನ್ನು ಕೇಳಿದರೂ ಎಲ್ಲ ಸಂಶಯ ತಕ್ಷಣ ತೀರಲಿಲ್ಲ; ವ್ಯಾಸರ ವಿವರಣೆ ಇನ್ನೂ ಅಗತ್ಯವಾಯಿತು.,,51,23,29,,,pending,pending,,
420,G31-S04,ವ್ಯಾಸರು ನೀಡುವ ದಿಕ್ಕು,MAHABHARATA-3-AADIPARVA_djvu.txt lines 28859–29093,ವ್ಯಾಸರು ಬಂದಾಗ ದ್ರುಪದನು ತನ್ನ ಪ್ರಶ್ನೆಯನ್ನು ಅವರ ಮುಂದೆ ಇಟ್ಟನು. ಯುಧಿಷ್ಠಿರ ಮತ್ತು ಕುಂತಿಯ ಮಾತುಗಳೂ ಕೇಳಿಸಲ್ಪಟ್ಟವು. ವ್ಯಾಸರು ಈ ವಿವಾಹದ ಹಿಂದೆ ಇರುವ ಪೂರ್ವಕಥೆಯನ್ನು ವಿವರಿಸಲು ಮುಂದಾದರು. ಇಲ್ಲಿಂದ ನಿರೂಪಣೆಯಲ್ಲಿ ಮತ್ತೊಂದು ಮಟ್ಟ ತೆರೆದುಕೊಳ್ಳುತ್ತದೆ. ಅರಮನೆಯಲ್ಲಿರುವ ಮಾನವ ಪಾತ್ರಗಳ ಪ್ರಶ್ನೆಗೆ ದೈವಿಕ ಪೂರ್ವಜನ್ಮದ ಕಥೆ ಉತ್ತರವಾಗಿ ಬರುತ್ತದೆ. ಇದನ್ನು ಸಾಮಾನ್ಯ ಸಮಾಜದ ಎಲ್ಲ ವಿವಾಹಗಳಿಗೆ ಅನ್ವಯಿಸುವ ನಿಯಮವೆಂದು ಹೇಳಬಾರದು.,,43,19,25,,,pending,pending,,
421,G31-S05,ನಾಳಾಯನಿ ಮತ್ತು ಇಂದ್ರಸೇನೆ,MAHABHARATA-3-AADIPARVA_djvu.txt lines 29094–29807,"ಈ ಆವೃತ್ತಿಯಲ್ಲಿ ನಾಳಾಯನಿಯ ಪೂರ್ವಜನ್ಮ, ಪತಿಸೇವೆ, ಪಡೆದ ವರ ಮತ್ತು ನಂತರದ ಇಂದ್ರಸೇನೆಯ ಜನ್ಮದ ಕಥೆ ವಿವರವಾಗಿ ಬರುತ್ತದೆ. ರುದ್ರದೇವರೊಂದಿಗೆ ನಡೆದ ಸಂಭಾಷಣೆಯಲ್ಲಿ ಐದು ಪತಿಗಳ ಪ್ರಸಂಗಕ್ಕೆ ದೈವಿಕ ಹಿನ್ನೆಲೆ ನೀಡಲಾಗುತ್ತದೆ. ನಾಳಾಯನಿಯು ತನ್ನ ಪತಿಯ ಐದು ರೂಪಗಳೊಡನೆ ದಾಂಪತ್ಯಸುಖವನ್ನು ಬಯಸಿ ವರ ಪಡೆದಳು. ನಂತರ ಅವಳ ಆಸೆ ಮತ್ತು ಋಷಿಯ ವೈರಾಗ್ಯದ ನಡುವಿನ ಅಂತರ ಮುಂದಿನ ಜನ್ಮದ ಕಥೆಗೆ ಕಾರಣವಾಯಿತು. ಇಂದ್ರಸೇನೆಯ ತಪಸ್ಸು ಮತ್ತು ರುದ್ರನ ವರದಿಂದ ದ್ರೌಪದಿಯ ಐದು ಪತಿಗಳ ಸಂಬಂಧಕ್ಕೆ ಪಾಠ ಮತ್ತೊಂದು ಹಿನ್ನೆಲೆ ನೀಡುತ್ತದೆ. ಇವು ಒಂದೇ ಕಾಲದ ಮೂವರು ಸಹೋದರಿಯರ ಕಥೆಯಲ್ಲ; ಜನ್ಮಗಳ ಕ್ರಮದಲ್ಲಿ ಜೋಡಿಸಲ್ಪಟ್ಟ ಪೂರ್ವಕಥೆ.",,67,30,38,,,pending,pending,,
422,A102-S02,ನಾಳಾಯನಿಯ ಸೇವೆ,MAHABHARATA-3-AADIPARVA_djvu.txt lines 29120–29300,ನಾಳಾಯನಿ ಮೌದ್ಗಲ್ಯನೆಂಬ ವೃದ್ಧ ಋಷಿಯನ್ನು ಪತಿಯಾಗಿ ಪಡೆದಳು. ಅವನು ರೋಗದಿಂದ ಬಳಲುತ್ತಿದ್ದರೂ ಅವಳು ಆರೈಕೆಯನ್ನು ಕೈಬಿಡಲಿಲ್ಲವೆಂದು ಕಥೆ ಹೇಳುತ್ತದೆ. ಅವನ ಕಠಿಣ ಸ್ವಭಾವ ಮತ್ತು ದೇಹದ ಅಸ್ವಸ್ಥತೆಯ ನಡುವೆಯೂ ಸೇವೆ ಮುಂದುವರಿದಿತು. ಒಂದು ಊಟದ ಸಂದರ್ಭದಲ್ಲಿ ಅವನ ಬೆರಳಿನ ಭಾಗ ಪಾತ್ರೆಗೆ ಬಿದ್ದಾಗ ಅದನ್ನು ತೆಗೆದಿಟ್ಟು ಅವಳು ಊಟ ಮಾಡಿದ ಪ್ರಸಂಗದಿಂದ ಅವಳ ನಿಷ್ಠೆಯನ್ನು ಪಾಠ ಒತ್ತಿಹೇಳುತ್ತದೆ. ಇದು ಕಥೆಯ ವಿಶೇಷ ಪರೀಕ್ಷೆ. ಅವಳ ನಡೆಗೆ ಪ್ರಸನ್ನನಾದ ಋಷಿ ತನ್ನ ನಿಜಸ್ಥಿತಿಯನ್ನು ತಿಳಿಸಿ ವರ ಕೇಳಲು ಹೇಳಿದನು.,,55,24,31,,,pending,pending,,
423,A102-S03,ಐದು ರೂಪಗಳ ವರ,MAHABHARATA-3-AADIPARVA_djvu.txt lines 29301–29460,"ನಾಳಾಯನಿ ತನ್ನ ಪತಿಯೊಂದಿಗೆ ಸಂಪೂರ್ಣ ದಾಂಪತ್ಯಸುಖವನ್ನು ಬಯಸಿದಳು. ಅವನು ಐದು ರೂಪಗಳನ್ನು ಧರಿಸಿ ಮತ್ತೆ ಒಂದಾಗುವ ವರವನ್ನು ಕೇಳಿದಳು. ಋಷಿ ಒಪ್ಪಿಕೊಂಡನು. ಇಬ್ಬರ ಸಂಚಾರ ಮತ್ತು ರೂಪಾಂತರಗಳ ಮೂಲಕ ಆ ಸಂತೋಷವನ್ನು ಗ್ರಂಥ ವಿವರಿಸುತ್ತದೆ. ನಂತರ ಋಷಿಯ ಮನಸ್ಸು ತಪಸ್ಸಿನತ್ತ ತಿರುಗಿತು; ನಾಳಾಯನಿಯ ಆಸೆ ಇನ್ನೂ ಉಳಿದಿತ್ತು. ಹೀಗಾಗಿ ವರ, ದಾಂಪತ್ಯ ಮತ್ತು ವೈರಾಗ್ಯದ ನಡುವಿನ ಅಂತರ ಮುಂದಿನ ಜನ್ಮದ ಕಥೆಗೆ ಕಾರಣವಾಗುತ್ತದೆ. ಇಲ್ಲಿ ಐದು ರೂಪಗಳ ಪತಿ ಮತ್ತು ಮುಂದೆ ಬರುವ ಐದು ಪತಿಗಳ ಸಂಬಂಧ ಬೇರೆ ಹಂತಗಳಲ್ಲಿ ಹೇಳಲ್ಪಟ್ಟಿವೆ.",,58,26,33,,,pending,pending,,
424,A102-S04,ಇಂದ್ರಸೇನೆಯ ತಪಸ್ಸು,MAHABHARATA-3-AADIPARVA_djvu.txt lines 29461–29600,ನಾಳಾಯನಿಯ ನಂತರ ಇಂದ್ರಸೇನೆಯ ಜನ್ಮದ ವಿವರಣೆ ಬರುತ್ತದೆ. ಜೀವನದ ಮುಂದಿನ ಹಂತದಲ್ಲಿ ಅವಳು ಪತಿಗಾಗಿ ತಪಸ್ಸು ಮಾಡಿ ರುದ್ರದೇವರನ್ನು ಪ್ರಾರ್ಥಿಸಿದಳು. ಅವಳ ಬೇಡಿಕೆ ಮತ್ತು ರುದ್ರನ ವರದಿಂದ ಐದು ಪತಿಗಳ ಪ್ರಸಂಗಕ್ಕೆ ಮತ್ತೊಂದು ಕಾರಣ ನೀಡಲಾಗುತ್ತದೆ. ಒಂದೇ ಕಥೆಯನ್ನು ಬೇರೆ ಹೆಸರುಗಳಿಂದ ಪುನರಾವರ್ತಿಸುತ್ತಿಲ್ಲ; ಜನ್ಮಗಳ ಸರಪಳಿಯ ಮೂಲಕ ವಿವಾಹದ ಹಿನ್ನೆಲೆಯನ್ನು ಕಟ್ಟಲಾಗುತ್ತಿದೆ. ವ್ಯಾಸರು ದ್ರುಪದನಿಗೆ ಹೇಳುವ ಈ ಕಥೆಯ ಉದ್ದೇಶ ಅವನ ಮುಂದೆ ಇರುವ ವಿವಾಹದ ಅಸಾಮಾನ್ಯತೆಯನ್ನು ವಿವರಿಸುವುದು.,,49,22,28,,,pending,pending,,
425,A102-S05,ವರದ ತಾತ್ತ್ವಿಕ ವಿವರಣೆ,MAHABHARATA-3-AADIPARVA_djvu.txt lines 29601–29807,"ಇಂದ್ರಸೇನೆಯ ಪ್ರಶ್ನೆಗೆ ಉತ್ತರವಾಗಿ ಭೋಗ, ತಪಸ್ಸು, ಪಾತಿವ್ರತ್ಯ ಮತ್ತು ಮುಂದಿನ ಜನ್ಮದ ಅಂಶಸಂಬಂಧವನ್ನು ಈ ಆವೃತ್ತಿಯ ವಿವರಣೆ ಚರ್ಚಿಸುತ್ತದೆ. ಒಂದೇ ದೇಹದಲ್ಲಿ ಹಲವು ದೇವಿಯರ ಸನ್ನಿಧಾನವಿದೆ ಎಂಬ ಮಾಧ್ವ ತಾತ್ತ್ವಿಕ ಅರ್ಥವನ್ನು ಭಾಷ್ಯ ಮುಂದಿಡುತ್ತದೆ. ಅದು ಪಾಂಡವರ ದೈವಿಕ ಅಂಶಗಳೊಂದಿಗೆ ಸಂಬಂಧಿಸಲ್ಪಡುತ್ತದೆ. ಈ ವಿವರಣೆಯ ನಂತರ ಗಂಗೆಯ ಬಳಿ ಕಾಣುವ ಇಂದ್ರನನ್ನು ರುದ್ರನ ಬಳಿಗೆ ಕರೆತರುವ ಸೂಚನೆ ಬರುತ್ತದೆ. ಅಲ್ಲಿಂದ ಪಂಚೇಂದ್ರರ ಪೂರ್ವಕಥೆ ಮುಂದುವರಿಯುತ್ತದೆ.",,46,20,26,,,pending,pending,,
426,G31-S06,ಐದು ಇಂದ್ರರ ಪೂರ್ವಕಥೆ,MAHABHARATA-3-AADIPARVA_djvu.txt lines 29808–30559,"ಮುಂದೆ ಪಂಚೇಂದ್ರರ ಕಥೆ ಬರುತ್ತದೆ. ಗಂಗೆಯ ಬಳಿಯಲ್ಲಿ ಅಳುತ್ತಿರುವ ವನಿತೆ, ಅವಳೊಂದಿಗೆ ರುದ್ರನ ಬಳಿಗೆ ತೆರಳುವ ಇಂದ್ರ, ಅಲ್ಲಿ ಅವನ ಅಹಂಕಾರಕ್ಕೆ ಎದುರಾಗುವ ಪಾಠ ಈ ನಿರೂಪಣೆಯ ಭಾಗಗಳು. ಮಾನವಜನ್ಮಕ್ಕೆ ಸಂಬಂಧಿಸಿದ ದೈವಿಕ ಯೋಜನೆಯನ್ನು ವ್ಯಾಸರು ವಿವರಿಸುತ್ತಾರೆ. ದ್ರುಪದನಿಗೆ ದಿವ್ಯದೃಷ್ಟಿ ನೀಡಿ ಪಾಂಡವರ ಮತ್ತು ದ್ರೌಪದಿಯ ದೈವಿಕ ಸಂಬಂಧವನ್ನು ಕಾಣಿಸುತ್ತಾರೆ. ಈ ದೃಶ್ಯವನ್ನು ಇಂದಿನ ಅರಮನೆಯ ವಾಸ್ತವಿಕ ಕ್ರಿಯೆಯಿಂದ ಬೆಳಕು ಮತ್ತು ನಿರೂಪಣೆಯ ಮೂಲಕ ಬೇರ್ಪಡಿಸಬೇಕು. ನೋಡುವ ಅನುಭವ ದ್ರುಪದನದು; ಸಾಮಾನ್ಯ ಸಭೆಯ ಎಲ್ಲರದ್ದಲ್ಲ.",,53,24,30,,,pending,pending,,
427,G31-S07,ಕಥೆ ಮತ್ತು ಭಾಷ್ಯದ ವ್ಯತ್ಯಾಸ,MAHABHARATA-3-AADIPARVA_djvu.txt lines 29094–31177,"ಈ ಪುಸ್ತಕದ ಕನ್ನಡ ವಿವರಣೆ ಮಾಧ್ವ ಪರಂಪರೆಯ ದೃಷ್ಟಿಯಿಂದ ದ್ರೌಪದಿಯ ದೇಹದಲ್ಲಿ ಹಲವು ದೇವಿಯರ ಅಂಶಸಂಬಂಧವನ್ನು ವಿವರಿಸುತ್ತದೆ. ಭಾರತಿ, ಶ್ಯಾಮಲೆ, ಶಚಿ, ಉಷೆ ಮತ್ತು ಸಾಕ್ಷಿರೂಪದ ಪಾರ್ವತಿಯ ಕುರಿತು ಹೇಳುತ್ತದೆ; ಪಾಂಡವರ ದೈವಿಕ ಅಂಶಗಳೊಂದಿಗೆ ಸಂಬಂಧವನ್ನು ಜೋಡಿಸುತ್ತದೆ. ಈ ಭಾಗವನ್ನು ಈ ಆವೃತ್ತಿಯ ಭಾಷ್ಯವೆಂದು ಸ್ಪಷ್ಟವಾಗಿ ಪರಿಚಯಿಸಬೇಕು. ಕಥೆಯಲ್ಲಿ ದ್ರುಪದನು ಕೇಳುವ ಪ್ರಶ್ನೆ, ವ್ಯಾಸರು ಹೇಳುವ ಪೂರ್ವಕಥೆ ಮತ್ತು ವ್ಯಾಖ್ಯಾನಕಾರರು ನೀಡುವ ತಾತ್ತ್ವಿಕ ವಿವರಣೆ ಮೂರು ಬೇರೆ ಮಟ್ಟಗಳು.",,49,22,28,,,pending,pending,,
428,G31-S08,ಸಮ್ಮತಿ ಮತ್ತು ವಿವಾಹ,MAHABHARATA-3-AADIPARVA_djvu.txt lines 30560–31177,"ವ್ಯಾಸರ ವಿವರಣೆ ಕೇಳಿ ದ್ರುಪದನು ಸಮ್ಮತಿ ನೀಡಿದನು. ನಂತರ ವಿಧಿಪೂರ್ವಕ ವಿವಾಹಗಳು ನಡೆದವು. ಧೌಮ್ಯರು ಪುರೋಹಿತರಾಗಿ ವಿಧಿಗಳನ್ನು ನೆರವೇರಿಸಿದರು. ಆಭರಣ, ವಸ್ತ್ರ ಮತ್ತು ಇತರ ಉಡುಗೊರೆಗಳೊಂದಿಗೆ ಪಾಂಚಾಲದ ಸಂಬಂಧ ಬಲವಾಯಿತು. ಮೊದಲು ಪ್ರಶ್ನೆ ಇದ್ದ ಜಾಗದಲ್ಲಿ ಈಗ ಕುಟುಂಬದ ಅಂಗೀಕಾರ ಬಂದಿದೆ. ಇದು ಅರಣ್ಯದಲ್ಲಿ ಅಡಗಿದ್ದ ಪಾಂಡವರ ಸಾರ್ವಜನಿಕ ಜೀವನಕ್ಕೆ ಮರಳುವ ಪ್ರಮುಖ ಹೆಜ್ಜೆ.",,39,17,22,,,pending,pending,,
429,G31-S09,ಕುಂತಿಯ ಆಶೀರ್ವಾದ,MAHABHARATA-3-AADIPARVA_djvu.txt lines 31178–31350,"ಕುಂತಿ ದ್ರೌಪದಿಯನ್ನು ಆಶೀರ್ವದಿಸಿದಳು. ಮಹನೀಯ ದಂಪತಿಗಳ ಉದಾಹರಣೆಗಳ ಮೂಲಕ ಸೌಭಾಗ್ಯ, ಕುಟುಂಬದ ಸಮೃದ್ಧಿ ಮತ್ತು ಕರ್ತವ್ಯಪೂರ್ಣ ಬದುಕನ್ನು ಹಾರೈಸಿದಳು. ಕೃಷ್ಣನು ಕಳುಹಿಸಿದ ಉಡುಗೊರೆಗಳು ಹೊಸ ಸಂಬಂಧಕ್ಕೆ ಮತ್ತೊಂದು ಗುರುತು ನೀಡಿದವು. ಪಾಂಡವರು ಪಾಂಚಾಲದಲ್ಲಿ ಗೌರವದಿಂದ ವಾಸಿಸಿದರು. ಕುಂತಿಗೆ ಈಗ ಅರಣ್ಯದ ಪಲಾಯನದ ನಂತರ ನೆಮ್ಮದಿಯ ಕ್ಷಣ ದೊರೆತಿತ್ತು. ಆದರೆ ಹಸ್ತಿನಾಪುರದಲ್ಲಿ ಅವರು ಸತ್ತರೆಂದು ನಂಬಿರುವವರು ಇದ್ದಾರೆ. ಜೀವಂತಿರುವ ಸುದ್ದಿ ಅಲ್ಲಿ ತಲುಪಿದಾಗ ಮುಂದಿನ ರಾಜಕೀಯ ಸಂಘರ್ಷ ಆರಂಭವಾಗಲಿದೆ.",,48,21,27,,,pending,pending,,
430,I4-S01,ಒಂದೇ ಸಂಪುಟದಲ್ಲಿ ಎರಡು ಪರ್ವಗಳು,MAHABHARATA-4-AADIPARVA_djvu.txt lines 1–119; MAHABHARATA-4-AADIPARVA_djvu.txt lines 369–905,"ನಾಲ್ಕನೆಯ ಕಡತದ ಹೊರಗಿನ ಹೆಸರಿನಲ್ಲಿ ಆದಿಪರ್ವ ಎಂದು ಕಾಣಬಹುದು. ಆದರೆ ಪುಸ್ತಕದ ಒಳಗಿನ ಶೀರ್ಷಿಕೆ ಸ್ಪಷ್ಟವಾಗಿದೆ: ಆದಿಪರ್ವ ಮತ್ತು ಸಭಾಪರ್ವ. ಆದ್ದರಿಂದ ಈ ಸಂಪುಟವನ್ನು ಓದುವಾಗ ಎರಡು ಪರ್ವಗಳ ನಡುವಿನ ಬದಲಾವಣೆಯನ್ನು ಗುರುತಿಸಬೇಕು. ಮೊದಲಿಗೆ ಆದಿಪರ್ವದ ಇನ್ನೂರನೆಯ ಅಧ್ಯಾಯದಿಂದ ಇನ್ನೂರಮೂವತ್ತೇಳನೆಯ ಅಧ್ಯಾಯದವರೆಗೆ ಕಥೆ ಸಾಗುತ್ತದೆ. ನಂತರ ಸಭಾಪರ್ವದ ಮೊದಲನೆಯ ಅಧ್ಯಾಯ ಆರಂಭವಾಗುತ್ತದೆ.

ಪಾಂಡವರು ಬದುಕಿದ್ದಾರೆ, ದ್ರೌಪದಿಯ ವಿವಾಹ ನಡೆದಿದೆ ಎಂಬ ಸುದ್ದಿ ಹಸ್ತಿನಾಪುರದ ನಿರ್ಧಾರಗಳನ್ನು ಬದಲಿಸುತ್ತದೆ. ವಿದುರನ ಆಗಮನ, ರಾಜ್ಯದ ಹಂಚಿಕೆ ಮತ್ತು ಹೊಸ ಜೀವನದ ವ್ಯವಸ್ಥೆಗಳು ಮುಂದಿನ ದಾರಿಯನ್ನು ರೂಪಿಸುತ್ತವೆ. ಅರ್ಜುನನ ಪ್ರಯಾಣ, ಸುಭದ್ರೆಯ ಸಂಬಂಧ ಮತ್ತು ಖಾಂಡವವನದ ಪ್ರಸಂಗಗಳ ಮೂಲಕ ಆದಿಪರ್ವದ ಕಥೆ ತನ್ನ ಅಂತ್ಯಕ್ಕೆ ಬರುತ್ತದೆ. ಈ ಸ್ಥಳದಲ್ಲಿ ಪಾತ್ರಗಳ ಜೀವನ ಮುಗಿಯುವುದಿಲ್ಲ; ಕಥೆಯ ಮುಂದಿನ ಪರ್ವ ಆರಂಭವಾಗುತ್ತದೆ.",,80,36,46,,,pending,pending,,
431,I4-S02,ಮುನ್ನುಡಿಯ ಒಂದು ಮಹತ್ವದ ಎಚ್ಚರಿಕೆ,MAHABHARATA-4-AADIPARVA_djvu.txt lines 120–362,"ಈ ಸಂಪುಟದ ಮುನ್ನುಡಿ ಸಭಾಪರ್ವದ ಅಧ್ಯಾಯವಿಭಾಗವನ್ನು ಚರ್ಚಿಸುತ್ತದೆ. ಕೆಲವು ಪಾಠಗಳಲ್ಲಿ ಎಪ್ಪತ್ತೆರಡು, ತಾಳೆಗರಿಗಳಲ್ಲಿ ನೂರು, ಲಕ್ಷಾಲಂಕಾರದ ಮುದ್ರಣದಲ್ಲಿ ನೂರಹದಿನೈದು ಎಂಬ ಸಂಖ್ಯೆಗಳು ಉಲ್ಲೇಖವಾಗುತ್ತವೆ. ಒಂದೇ ವಿಷಯವನ್ನು ವಿಭಿನ್ನವಾಗಿ ಅಧ್ಯಾಯಗಳಾಗಿ ವಿಂಗಡಿಸುವುದರಿಂದ ಸಂಖ್ಯೆಯಲ್ಲಿ ವ್ಯತ್ಯಾಸವಾಗಬಹುದು ಎಂಬುದನ್ನು ಲೇಖಕರು ತಿಳಿಸುತ್ತಾರೆ. ನಮ್ಮ ಸರಣಿಯಲ್ಲಿ ಈ ಪುಸ್ತಕದ ಅಧ್ಯಾಯಸಂಖ್ಯೆಯನ್ನೇ ಬಳಸುತ್ತೇವೆ.

ಮುನ್ನುಡಿಯಲ್ಲಿ ಮುಂದೆ ಬರುವ ದ್ಯೂತಪ್ರಸಂಗದ ಒಂದು ಪಾಠಸಮಸ್ಯೆಯೂ ಚರ್ಚೆಯಾಗಿದೆ: ಪಣಕ್ಕಿಡುವ ಕ್ರಮವನ್ನು ಹೇಗೆ ಅರ್ಥಮಾಡಿಕೊಳ್ಳಬೇಕು? ಲೇಖಕರು ವಿವಿಧ ವಾಕ್ಯಗಳನ್ನು ಪರಿಗಣಿಸಿ, ಅಂತಿಮ ನಿರ್ಣಯವನ್ನು ವಿದ್ವಾಂಸರಿಗೆ ಬಿಡುತ್ತಾರೆ. ಈ ಚರ್ಚೆ ಇಲ್ಲಿದೆ ಎಂಬ ಕಾರಣದಿಂದ, ದ್ಯೂತದ ಸಂಪೂರ್ಣ ಕಥೆಯೂ ಈ ನಾಲ್ಕು ಕಡತಗಳಲ್ಲಿ ಇದೆ ಎಂದು ಭಾವಿಸಬಾರದು. ಅದು ಮುಂದಿನ ಕಥೆಗೆ ಸಂಬಂಧಿಸಿದ ಸಂಪಾದಕೀಯ ಪರಿಚಯ. ಈ ಸರಣಿಯ ಈಗಿನ ಮೂಲಗಳು ಅಷ್ಟು ದೂರ ಸಾಗುವುದಿಲ್ಲ. ಅಸ್ಪಷ್ಟತೆಯಿರುವ ಮಾತನ್ನು ನಿರ್ವಿವಾದವಾದ ಘಟನೆಯಂತೆ ಪರದೆಯಲ್ಲಿ ತೋರಿಸದಿರುವುದು ನಮ್ಮ ಕಥನದ ಜವಾಬ್ದಾರಿ.",,88,39,50,,,pending,pending,,
432,I4-S03,ಸಭೆಯ ವೈಭವದೊಳಗಿನ ಪ್ರಶ್ನೆ,MAHABHARATA-4-AADIPARVA_djvu.txt lines 19393–19424; MAHABHARATA-4-AADIPARVA_djvu.txt lines 369–905; MAHABHARATA-4-AADIPARVA_djvu.txt lines 31395–31396,"ಆದಿಪರ್ವದ ಕೊನೆಯಲ್ಲಿ ಅರ್ಜುನನಿಂದ ಜೀವ ಉಳಿಸಿಕೊಂಡ ಮಯನು, ಸಭಾಪರ್ವದಲ್ಲಿ ಆ ಉಪಕಾರಕ್ಕೆ ಪ್ರತಿಯಾಗಿ ಏನಾದರೂ ಮಾಡಲು ಬಯಸುತ್ತಾನೆ. ಅಲ್ಲಿಂದ ಒಂದು ಅದ್ಭುತ ಸಭಾಭವನದ ನಿರ್ಮಾಣ ಆರಂಭವಾಗುತ್ತದೆ. ಆದರೆ ಸಭೆಯ ವೈಭವಕ್ಕಿಂತಲೂ ದೊಡ್ಡ ಪ್ರಶ್ನೆ ಮುಂದೆ ನಿಲ್ಲುತ್ತದೆ: ಒಳ್ಳೆಯ ರಾಜ್ಯವನ್ನು ಹೇಗೆ ನಡೆಸಬೇಕು? ನಾರದರು ಧರ್ಮರಾಜನಿಗೆ ಕೇಳುವ ಪ್ರಶ್ನೆಗಳು ಆಡಳಿತ, ನ್ಯಾಯ, ಸುರಕ್ಷತೆ ಮತ್ತು ಜನರ ಬದುಕಿನ ಕಡೆಗೆ ನಮ್ಮ ಗಮನವನ್ನು ತರುತ್ತವೆ.

ದೇವಸಭೆಗಳ ವರ್ಣನೆಗಳ ನಂತರ ರಾಜಸೂಯಯಾಗದ ಸಂಕಲ್ಪ ಮೂಡುತ್ತದೆ. ಆ ಸಂಕಲ್ಪಕ್ಕೆ ಅಡ್ಡಿಯಾಗಿ ನಿಂತಿರುವ ಜರಾಸಂಧನ ಶಕ್ತಿ, ಅವನ ಜನ್ಮಕಥೆ ಮತ್ತು ಅವನನ್ನು ಎದುರಿಸುವ ಯೋಜನೆಗಳನ್ನು ಕೇಳುತ್ತೇವೆ. ಕೃಷ್ಣ, ಭೀಮ ಮತ್ತು ಅರ್ಜುನರು ಮಗಧದ ಕಡೆಗೆ ಹೊರಡುತ್ತಾರೆ. ಈ ನಾಲ್ಕು ಪುಸ್ತಕಗಳಲ್ಲಿ ದೊರೆಯುವ ಕಥೆ ಜರಾಸಂಧನ ವಧೆ, ಬಂಧಿತ ರಾಜರ ಬಿಡುಗಡೆ ಮತ್ತು ವಿಜಯದ ನಂತರದ ಮರಳುವಿಕೆಯವರೆಗೆ ಬರುತ್ತದೆ. ರಾಜಸೂಯದ ಪೂರ್ಣ ಆಚರಣೆ, ಶಿಶುಪಾಲನ ಪ್ರಸಂಗ, ದ್ಯೂತ ಮತ್ತು ವನವಾಸದ ಮುಂದಿನ ಕಥೆಗಳಿಗೆ ಬೇರೆ ಮೂಲಭಾಗಗಳು ಬೇಕಾಗುತ್ತವೆ. ಈಗ ನಮ್ಮ ಮುಂದೆ ಇರುವ ಕಥೆಯನ್ನು ಅದರ ಸಂಬಂಧಗಳು ತಪ್ಪದಂತೆ, ಆರಂಭದಿಂದ ಈ ಗಡಿಯವರೆಗೆ ಅನುಸರಿಸೋಣ.",,110,49,63,,,pending,pending,,
433,FF04-S01,ನಾಲ್ಕನೆಯ ಸಂಪುಟದಲ್ಲಿ ಎರಡು ಪರ್ವಗಳು,MAHABHARATA-4-AADIPARVA_djvu.txt lines 1–119,ನಾಲ್ಕನೆಯ ಸಂಪುಟದ ಒಳಶೀರ್ಷಿಕೆ ಆದಿಪರ್ವ ಮತ್ತು ಸಭಾಪರ್ವ ಎಂದು ಸ್ಪಷ್ಟವಾಗಿ ಹೇಳುತ್ತದೆ. ಆದಿಪರ್ವದ ಇನ್ನೂರನೆಯ ಅಧ್ಯಾಯದಿಂದ ಇನ್ನೂರಮೂವತ್ತೇಳನೆಯ ಅಧ್ಯಾಯದವರೆಗಿನ ಭಾಗದ ನಂತರ ಸಭಾಪರ್ವ ಆರಂಭವಾಗುತ್ತದೆ. ಆದ್ದರಿಂದ ಕಡತದ ಹೆಸರನ್ನು ಮಾತ್ರ ನೋಡಿ ಸಭಾಪರ್ವವನ್ನು ಕೈಬಿಡಬಾರದು. ಅದೇ ಸಮಯದಲ್ಲಿ ಈ ಸಂಪುಟದಲ್ಲಿ ಸಂಪೂರ್ಣ ಸಭಾಪರ್ವ ಇದೆ ಎಂದೂ ಹೇಳಬಾರದು. ಇಲ್ಲಿ ದೊರಕುವ ಕಥೆ ಸಭಾಪರ್ವದ ಇಪ್ಪತ್ತನಾಲ್ಕನೆಯ ಅಧ್ಯಾಯದವರೆಗಿದೆ. ಪುಸ್ತಕದ ಒಳಗಿನ ಶೀರ್ಷಿಕೆ ಮತ್ತು ಕೊನೆಯ ಅಧ್ಯಾಯ ಎರಡನ್ನೂ ಗಮನಿಸಿದಾಗ ಮಾತ್ರ ನಿಜವಾದ ವ್ಯಾಪ್ತಿ ಸ್ಪಷ್ಟವಾಗುತ್ತದೆ.,,52,23,30,,,pending,pending,,
434,FF04-S02,ಸಭಾಪರ್ವದ ಮುನ್ನುಡಿ: ಸಂಖ್ಯೆಯೂ ಕ್ರಮವೂ,MAHABHARATA-4-AADIPARVA_djvu.txt lines 120–362,"ಸಭಾಪರ್ವದ ಮುನ್ನುಡಿ ಎಪ್ಪತ್ತೆರಡು, ನೂರು ಮತ್ತು ನೂರಹದಿನೈದು ಎಂಬ ಬೇರೆ ಅಧ್ಯಾಯವಿಭಾಗಗಳನ್ನು ಚರ್ಚಿಸುತ್ತದೆ. ಒಂದೇ ಪ್ರಮಾಣದ ವಿಷಯವನ್ನು ಬೇರೆ ರೀತಿಯಲ್ಲಿ ಅಧ್ಯಾಯಗಳಾಗಿ ಹಂಚಿರಬಹುದೆಂಬ ಅರ್ಥವನ್ನು ಲೇಖಕರು ತಿಳಿಸುತ್ತಾರೆ. ನಂತರ ದ್ಯೂತದಲ್ಲಿ ಧರ್ಮರಾಜನು ಯಾರನ್ನು ಯಾವ ಕ್ರಮದಲ್ಲಿ ಪಣಕ್ಕಿಟ್ಟನು ಎಂಬ ಪಾಠಸಮಸ್ಯೆಯನ್ನು ವಿವರಿಸುತ್ತಾರೆ. ತಾತ್ಪರ್ಯನಿರ್ಣಯ ಮತ್ತು ಲಕ್ಷಾಲಂಕಾರದ ವಾಕ್ಯಗಳನ್ನು ಹೋಲಿಸಿ, ಕೆಲವು ಅರ್ಥಗಳನ್ನು ಪರಿಗಣಿಸಿದರೂ ಅಂತಿಮ ನಿರ್ಣಯವನ್ನು ವಿದ್ವಾಂಸರಿಗೆ ಬಿಡುತ್ತಾರೆ. ಈ ವಿನಯವನ್ನು ಉಳಿಸಬೇಕು. ಮುನ್ನುಡಿಯಲ್ಲಿ ಪ್ರಶ್ನೆ ಬಂದಿದೆ ಎಂಬ ಕಾರಣಕ್ಕೆ ಅದರ ಉತ್ತರವನ್ನು ಕಲ್ಪಿಸಬಾರದು. ಹಾಗೆಯೇ ಮುಂದಿನ ದ್ಯೂತಕಥೆಯ ಸಂಪೂರ್ಣ ಭಾಗ ಈ ನಾಲ್ಕು ಸಂಪುಟಗಳಲ್ಲಿ ದೊರೆತಿದೆ ಎಂದೂ ಭಾವಿಸಬಾರದು.",,64,28,37,,,pending,pending,,
435,FF04-S03,ನಾಲ್ಕನೆಯ ಸಂಪುಟದ ಅಂತ್ಯದ ಗಡಿ,MAHABHARATA-4-AADIPARVA_djvu.txt lines 363–905,"ನಾಲ್ಕನೆಯ ಸಂಪುಟದ ವಿಷಯಪಟ್ಟಿ ವಿದುರನ ಆಗಮನದಿಂದ ಪಾಂಡವರ ರಾಜ್ಯಜೀವನದ ಹೊಸ ಹಂತಕ್ಕೆ ಕರೆದೊಯ್ಯುತ್ತದೆ. ಅರ್ಜುನನ ಪ್ರಯಾಣ, ಸುಭದ್ರೆಯ ಸಂಬಂಧ, ಖಾಂಡವವನ ಮತ್ತು ಮಯನ ಪ್ರಸಂಗಗಳ ನಂತರ ಆದಿಪರ್ವ ಮುಗಿಯುತ್ತದೆ. ಸಭಾಪರ್ವದಲ್ಲಿ ಮಯನ ಸಭೆ, ನಾರದನ ರಾಜನೀತಿ, ದೇವಸಭೆಗಳ ವರ್ಣನೆ ಮತ್ತು ರಾಜಸೂಯದ ಸಂಕಲ್ಪ ಬರುತ್ತವೆ. ಜರಾಸಂಧನ ಜನ್ಮ, ಅವನನ್ನು ಎದುರಿಸುವ ಪ್ರಯಾಣ, ಹೋರಾಟ ಮತ್ತು ಬಂಧಿತ ರಾಜರ ಬಿಡುಗಡೆಯೊಂದಿಗೆ ಈ ಮೂಲಭಾಗ ಅಂತ್ಯಗೊಳ್ಳುತ್ತದೆ. ಮುಂದಿನ ರಾಜಸೂಯ, ಶಿಶುಪಾಲ ಮತ್ತು ದ್ಯೂತದ ಕಥೆಗಳಿಗೆ ಮುಂದಿನ ಮೂಲಭಾಗಗಳು ಬೇಕಾಗುತ್ತವೆ. ಇಲ್ಲಿನ ಅಂತ್ಯವು ಮಹಾಭಾರತದ ಅಂತ್ಯವಲ್ಲ; ನಮಗೆ ನೀಡಿರುವ ಪುಸ್ತಕಗಳ ಗಡಿ ಮಾತ್ರ.",,63,28,36,,,pending,pending,,
436,G32-S01,ಸುದ್ದಿಗೆ ಎರಡು ಪ್ರತಿಕ್ರಿಯೆಗಳು,MAHABHARATA-4-AADIPARVA_djvu.txt lines 906–1397,"ಸ್ವಯಂವರದಲ್ಲಿ ಜಯಿಸಿದವರು ಪಾಂಡವರೆಂಬ ಸುದ್ದಿ ಹರಡಿತು. ಕೆಲವರಿಗೆ ಅದು ಸಂತೋಷ ತಂದರೆ ದುರ್ಯೋಧನನ ಪಾಳಯಕ್ಕೆ ಅಸೂಯೆ ಮತ್ತು ಆತಂಕ ತಂದಿತು. ಅರಗಿನ ಮನೆಯ ಸಂಚು ವಿಫಲವಾಗಿತ್ತು; ಈಗ ಪಾಂಚಾಲದಂತಹ ಬಲವಾದ ಸಂಬಂಧವೂ ಪಾಂಡವರಿಗೆ ದೊರೆತಿತ್ತು. ಶಕುನಿಯ ಸಲಹೆಗಳು, ಭೂರಿಶ್ರವನ ಹಿತಮಾತುಗಳು ಮತ್ತು ಇತರ ರಾಜರ ಪ್ರತಿಕ್ರಿಯೆಗಳನ್ನು ಈ ಅಧ್ಯಾಯ ನೀಡುತ್ತದೆ. ಒಂದೇ ಸುದ್ದಿ ಪ್ರತಿಯೊಬ್ಬರ ರಾಜಕೀಯ ಸ್ಥಿತಿಗೆ ಬೇರೆ ಅರ್ಥ ಕೊಟ್ಟಿತು. ಕಥೆಯಲ್ಲಿ ಹೊಸ ಸಮತೋಲನ ಹುಟ್ಟುತ್ತಿದ್ದರೂ ಹಳೆಯ ವೈರವಿನ್ನೂ ಉಳಿದಿತ್ತು.",,51,23,29,,,pending,pending,,
437,G32-S02,ಅಭಿಯಾನದ ವೈಫಲ್ಯ,MAHABHARATA-4-AADIPARVA_djvu.txt lines 1398–2117,ಕರ್ಣನು ಪಾಂಡವರು ಬಲಗೊಳ್ಳುವ ಮೊದಲು ದಾಳಿ ಮಾಡಬೇಕೆಂದು ಒತ್ತಾಯಿಸಿದನು. ಈ ಆವೃತ್ತಿಯಲ್ಲಿ ಆ ಮಾತಿನ ನಂತರ ಅಭಿಯಾನ ಮತ್ತು ದುರ್ಯೋಧನನವರ ಪರಾಜಯದ ಪ್ರಸಂಗವೂ ಇದೆ. ಅದನ್ನು ಕೇವಲ ಸಭೆಯ ವಾದವೆಂದು ಬಿಟ್ಟುಬಿಡಬಾರದು. ಸೋತು ಹಿಂದಿರುಗಿದವರಿಗೆ ಪಾಂಡವರ ಬಲದ ಹೊಸ ಅಳತೆ ದೊರೆಯಿತು. ಕೃಷ್ಣನಿಂದ ಪಾಂಡವರ ನೆರವಿಗೆ ಚತುರಂಗಬಲ ಕಳುಹಿಸಲ್ಪಟ್ಟ ವಿವರಣೆಯೂ ಬರುತ್ತದೆ. ವಿವಾಹದ ಸಂಬಂಧವು ಈಗ ರಕ್ಷಣೆಯ ರಾಜಕೀಯ ವ್ಯವಸ್ಥೆಯಾಗಿ ರೂಪುಗೊಳ್ಳುತ್ತಿದೆ.,,44,20,25,,,pending,pending,,
438,G32-S03,ಧೃತರಾಷ್ಟ್ರನ ತಪ್ಪು ಸಂತೋಷ,MAHABHARATA-4-AADIPARVA_djvu.txt lines 2118–2566,ವಿದುರನು ಕುರುವಂಶಕ್ಕೆ ಶುಭಸುದ್ದಿ ಬಂದಿದೆ ಎಂದು ಧೃತರಾಷ್ಟ್ರನಿಗೆ ತಿಳಿಸಿದನು. ರಾಜನು ಮೊದಲು ತನ್ನ ಮಗ ದ್ರೌಪದಿಯನ್ನು ಪಡೆದನೆಂದು ಭಾವಿಸಿ ಸಂತೋಷಪಟ್ಟನು. ನಂತರ ಸತ್ಯ ತಿಳಿಯಿತು: ಪಾಂಡವರು ಬದುಕಿದ್ದಾರೆ; ಅರ್ಜುನ ಸ್ವಯಂವರದಲ್ಲಿ ಜಯಿಸಿದ್ದಾನೆ. ಹೊರಗೆ ಸಂತೋಷದ ಮಾತು ಹೇಳಿದ ರಾಜನ ಒಳಗಿನ ಚಿಂತೆ ಹೆಚ್ಚಿತು. ದುರ್ಯೋಧನ ಮತ್ತು ಅವನ ಆಪ್ತರು ಮತ್ತೆ ಗುಪ್ತವಾಗಿ ಯೋಚನೆಗಳನ್ನು ಮುಂದಿಟ್ಟರು. ವಿದುರನ ಸುದ್ದಿ ಸತ್ಯವನ್ನು ತಂದಿತು; ಅದನ್ನು ಹೇಗೆ ಸ್ವೀಕರಿಸಬೇಕು ಎಂಬುದು ಪ್ರತಿಯೊಬ್ಬರ ಮನಸ್ಸನ್ನು ಬಯಲಿಗೆ ತಂದಿತು.,,51,23,29,,,pending,pending,,
439,G32-S04,ಕರ್ಣನ ವಾದ,MAHABHARATA-4-AADIPARVA_djvu.txt lines 2567–2814,ಕುಂತಿ ಮತ್ತು ಪಾಂಡವರ ಒಗ್ಗಟ್ಟನ್ನು ಒಡೆಯುವ ಸಲಹೆಗಳ ಬಗ್ಗೆ ಕರ್ಣನು ಅನುಮಾನ ವ್ಯಕ್ತಪಡಿಸಿದನು. ದ್ರೌಪದಿಯ ಸಂಬಂಧದ ಮೂಲಕ ಸಹೋದರರನ್ನು ಸುಲಭವಾಗಿ ವಿಭಜಿಸಲಾಗದು; ಬಲದಿಂದಲೇ ಅವರನ್ನು ಎದುರಿಸಬೇಕು ಎಂದು ವಾದಿಸಿದನು. ಅವನ ಮಾತಿನಲ್ಲಿ ಶತ್ರುವಿನ ಸಾಮರ್ಥ್ಯವನ್ನು ಒಪ್ಪಿಕೊಳ್ಳುವ ಅಂಶವೂ ಇತ್ತು. ಧೃತರಾಷ್ಟ್ರನು ಯಾವ ದಾರಿ ಹಿಡಿಯಬೇಕೆಂದು ನಿರ್ಧರಿಸಲಾರದೆ ನಿಂತನು. ಕೊನೆಗೆ ಹಿರಿಯರು ಮತ್ತು ಮಂತ್ರಿಗಳನ್ನು ಕರೆಯಿಸಿ ಚರ್ಚೆ ನಡೆಸಲು ಮುಂದಾದನು. ಗುಪ್ತಸಂಚಿನ ವಲಯ ಈಗ ದೊಡ್ಡ ರಾಜಸಭೆಯ ಪ್ರಶ್ನೆಯಾಯಿತು.,,48,21,27,,,pending,pending,,
440,G32-S05,ಭೀಷ್ಮರ ಪಾಲಿನ ಮಾತು,MAHABHARATA-4-AADIPARVA_djvu.txt lines 2815–3020,ಭೀಷ್ಮರು ಪಾಂಡವರ ಹಕ್ಕನ್ನು ಸ್ಪಷ್ಟವಾಗಿ ಹೇಳಿದರು. ಅವರು ಕುರುವಂಶದವರೇ; ರಾಜ್ಯದಲ್ಲಿ ಅವರಿಗೆ ಪಾಲಿದೆ. ಅರ್ಧರಾಜ್ಯವನ್ನು ನೀಡುವುದು ನ್ಯಾಯಕ್ಕೂ ವಂಶದ ಕೀರ್ತಿಗೂ ಒಳಿತೆಂದರು. ಅರಗಿನ ಮನೆಯ ಘಟನೆ ಈಗಾಗಲೇ ಜನರ ಮನಸ್ಸಿನಲ್ಲಿ ಅನುಮಾನ ಹುಟ್ಟಿಸಿತ್ತು. ಪಾಂಡವರು ಬದುಕಿದ್ದಾರೆಂಬುದನ್ನು ವಿರೋಧಕ್ಕೆ ಕಾರಣಮಾಡಿಕೊಳ್ಳದೆ ಸಮಾಧಾನಕ್ಕೆ ಅವಕಾಶವೆಂದು ನೋಡಬೇಕೆಂದರು. ಈ ಸಲಹೆ ದುರ್ಬಲತೆಯಿಂದ ಬಂದದ್ದಲ್ಲ; ಕುಟುಂಬವೈರವು ರಾಜ್ಯವನ್ನೇ ನಾಶಮಾಡಬಲ್ಲದು ಎಂಬ ಹಿರಿಯ ಅನುಭವದಿಂದ ಬಂದದ್ದು.,,42,19,24,,,pending,pending,,
441,G32-S06,ದ್ರೋಣ ಮತ್ತು ಕರ್ಣರ ಭಿನ್ನಾಭಿಪ್ರಾಯ,MAHABHARATA-4-AADIPARVA_djvu.txt lines 3021–3368,"ದ್ರೋಣರೂ ಪಾಂಡವರನ್ನು ಗೌರವದಿಂದ ಕರೆಸಿ ಅವರ ಹಕ್ಕನ್ನು ನೀಡಬೇಕೆಂದರು. ದ್ರುಪದನೊಂದಿಗೆ ಸಂಬಂಧ ಬೆಳೆಸುವುದು ಮತ್ತು ಉಡುಗೊರೆಗಳೊಂದಿಗೆ ಆಹ್ವಾನ ಕಳುಹಿಸುವುದನ್ನು ಸೂಚಿಸಿದರು. ಕರ್ಣನು ಈ ಸಲಹೆಯನ್ನು ಪ್ರಶ್ನಿಸಿದನು. ಸಲಹೆಗಾರರ ನಿಷ್ಠೆಯ ಕುರಿತು ಕಠಿಣ ಮಾತುಗಳನ್ನಾಡಿದನು. ದ್ರೋಣರು ತನ್ನ ಮಾತು ರಾಜ್ಯದ ಹಿತಕ್ಕಾಗಿ ಎಂದರು. ಈ ವಾದದಲ್ಲಿ ಶಿಕ್ಷಕ, ಹಳೆಯ ಶತ್ರು ದ್ರುಪದ ಮತ್ತು ಈಗಿನ ರಾಜಕೀಯ ಸಂಬಂಧ ಒಂದರ ಮೇಲೆ ಒಂದು ಅಡ್ಡಬರುತ್ತವೆ. ಪಾತ್ರದ ಹಿಂದಿನ ಸಂಬಂಧವನ್ನು ನೆನಪಿಸಿದಾಗ ಅವನ ನಿರ್ಧಾರದ ತೂಕ ಅರ್ಥವಾಗುತ್ತದೆ.",,52,23,30,,,pending,pending,,
442,G32-S07,ವಿದುರನ ಎಚ್ಚರಿಕೆ,MAHABHARATA-4-AADIPARVA_djvu.txt lines 3369–3659,"ವಿದುರನು ರಾಜನಿಗೆ ಕೇಳುವ ಮನಸ್ಸಿನ ಅಗತ್ಯವನ್ನು ನೆನಪಿಸಿದನು. ಭೀಷ್ಮ ಮತ್ತು ದ್ರೋಣರು ಹೇಳುವುದು ಶ್ರೇಯಸ್ಸಿಗಾಗಿ; ಇಷ್ಟವಾದ ಮಾತನ್ನೇ ಹಿತವೆಂದು ಭಾವಿಸಬಾರದೆಂದನು. ಪಾಂಡವರ ಸಾಮರ್ಥ್ಯ, ಕೃಷ್ಣ ಮತ್ತು ಪಾಂಚಾಲದ ನೆರವು, ಪ್ರಜೆಗಳ ಮನೋಭಾವವನ್ನು ಗಮನಿಸಬೇಕೆಂದನು. ಬಂಧುಗಳ ನಡುವೆ ಸಮಾಧಾನ ಸಾಧಿಸುವ ಅವಕಾಶವನ್ನು ಕಳೆದುಕೊಳ್ಳಬಾರದು ಎಂದು ಒತ್ತಾಯಿಸಿದನು. ಕೊನೆಗೆ ಧೃತರಾಷ್ಟ್ರನು ವಿದುರನನ್ನೇ ದೂತನಾಗಿ ಕಳುಹಿಸಲು ಒಪ್ಪಿದನು. ನಿರ್ಧಾರ ಈಗ ಮಾತಿನಿಂದ ಪ್ರಯಾಣದ ರೂಪ ಪಡೆಯುತ್ತದೆ.",,44,20,25,,,pending,pending,,
443,G32-S08,ಪಾಂಚಾಲದ ಆಹ್ವಾನ,MAHABHARATA-4-AADIPARVA_djvu.txt lines 3660–3990,"ವಿದುರನು ಉಡುಗೊರೆಗಳೊಂದಿಗೆ ಪಾಂಚಾಲಕ್ಕೆ ಹೋದನು. ದ್ರುಪದನಿಗೂ ಪಾಂಡವರಿಗೂ ಧೃತರಾಷ್ಟ್ರ ಮತ್ತು ಹಿರಿಯರ ಸಂದೇಶ ತಿಳಿಸಿದನು. ಹಸ್ತಿನಾಪುರಕ್ಕೆ ಗೌರವದಿಂದ ಮರಳುವಂತೆ ಆಹ್ವಾನಿಸಿದನು. ದ್ರುಪದನಿಗೆ ಸಂಬಂಧದ ಸಂತೋಷವಿದ್ದರೂ ಪುತ್ರಿ ಮತ್ತು ಅಳಿಯರ ಸುರಕ್ಷತೆ ಮುಖ್ಯವಾಗಿತ್ತು. ಕೃಷ್ಣ, ಯುಧಿಷ್ಠಿರ ಮತ್ತು ಕುಟುಂಬದವರ ಚರ್ಚೆಯಿಂದ ಪ್ರಯಾಣಕ್ಕೆ ಸಮ್ಮತಿ ದೊರೆಯಿತು. ಗುಪ್ತಸುರಂಗದ ಮೂಲಕ ಓಡಿಹೋದವರು ಈ ಬಾರಿ ಬಹಿರಂಗ ದೂತನ ಆಹ್ವಾನದಿಂದ ಹಿಂದಿರುಗುತ್ತಿದ್ದಾರೆ.",,40,18,23,,,pending,pending,,
444,G32-S09,ಮರಳಿ ಬಂದ ಕುಟುಂಬ,MAHABHARATA-4-AADIPARVA_djvu.txt lines 3991–4617,ಪಾಂಡವರು ಹಸ್ತಿನಾಪುರಕ್ಕೆ ಬಂದಾಗ ಪ್ರಜೆಗಳು ಹರ್ಷದಿಂದ ಸ್ವಾಗತಿಸಿದರು. ಸತ್ತರೆಂದು ಶೋಕಿಸಿದ್ದವರು ಜೀವಂತವಾಗಿ ಮರಳಿದ್ದರು. ಹಿರಿಯರಿಗೆ ನಮಸ್ಕರಿಸಿ ಕುಟುಂಬದವರನ್ನು ಭೇಟಿಯಾದರು. ದ್ರೌಪದಿ ಈಗ ಕುರುಗೃಹಕ್ಕೆ ಹೊಸ ಸಂಬಂಧಿಯಾಗಿ ಬಂದಿದ್ದಳು. ಜನರ ಪ್ರೀತಿ ಕಾಣಿಸುತ್ತಿದ್ದರೂ ಅರಮನೆಯೊಳಗಿನ ವೈರವಿನ್ನೂ ಪರಿಹಾರವಾಗಿರಲಿಲ್ಲ. ಆದ್ದರಿಂದ ಈ ಸ್ವಾಗತವೇ ಕಥೆಯ ಶಾಶ್ವತ ಸುಖಾಂತ್ಯವಲ್ಲ. ಒಟ್ಟಾಗಿ ಬದುಕಲು ಯಾವ ವ್ಯವಸ್ಥೆ ಮಾಡಬೇಕು ಎಂಬ ಪ್ರಶ್ನೆಗೆ ಉತ್ತರವಾಗಿ ರಾಜ್ಯವಿಭಾಗದ ನಿರ್ಧಾರ ಮುಂದಾಗಲಿದೆ.,,43,19,25,,,pending,pending,,
445,G33-S01,ಖಾಂಡವಪ್ರಸ್ಥಕ್ಕೆ ಹೊರಟವರು,MAHABHARATA-4-AADIPARVA_djvu.txt lines 4618–5040,ಧೃತರಾಷ್ಟ್ರನು ಯುಧಿಷ್ಠಿರನಿಗೆ ರಾಜ್ಯಾಭಿಷೇಕ ಮಾಡಿ ಖಾಂಡವಪ್ರಸ್ಥಕ್ಕೆ ಹೋಗಲು ಸೂಚಿಸಿದನು. ಪಾಂಡವರು ಕುಂತಿ ಮತ್ತು ದ್ರೌಪದಿಯೊಂದಿಗೆ ಹೊಸ ವಾಸಸ್ಥಳದತ್ತ ಹೊರಟರು. ವ್ಯಾಸರು ಮತ್ತು ಕೃಷ್ಣರು ಮಾರ್ಗದರ್ಶನ ನೀಡಿದರು. ಇದು ಕೇವಲ ಮನೆ ಬದಲಾವಣೆ ಅಲ್ಲ; ಸ್ವಂತ ಆಡಳಿತದ ಹೊಣೆ ಸ್ವೀಕರಿಸುವ ಆರಂಭ. ಖಾಂಡವಪ್ರಸ್ಥದ ಹೆಸರು ಮತ್ತು ಮುಂದಿನ ಖಾಂಡವವನದ ಅಗ್ನಿಪ್ರಸಂಗವನ್ನು ಒಂದೇ ಘಟನೆಯೆಂದು ಬೆರೆಸಬಾರದು. ನಗರ ನಿರ್ಮಾಣದ ಕಾಲ ಮತ್ತು ವನದ ದಹನದ ಕಾಲ ಬೇರೆ.,,46,20,26,,,pending,pending,,
446,G33-S02,ವಿಶ್ವಕರ್ಮನ ನಗರ,MAHABHARATA-4-AADIPARVA_djvu.txt lines 5041–5719,"ಈ ಆವೃತ್ತಿಯಲ್ಲಿ ವಿಶ್ವಕರ್ಮನಿಂದ ನಗರ ನಿರ್ಮಾಣವಾಗುವ ವಿವರಣೆ ಬರುತ್ತದೆ. ವಿಶಾಲ ದಾರಿಗಳು, ಮನೆಗಳು, ರಕ್ಷಣೆಯ ವ್ಯವಸ್ಥೆ ಮತ್ತು ಸಮೃದ್ಧ ವಾಸಸ್ಥಳದಿಂದ ಇಂದ್ರಪ್ರಸ್ಥ ರೂಪುಗೊಂಡಿತು. ಕೃಷ್ಣನ ನೆರವು ಮತ್ತು ಹಿರಿಯರ ಆಶೀರ್ವಾದದೊಂದಿಗೆ ಪಾಂಡವರ ಆಡಳಿತ ಆರಂಭವಾಯಿತು. ಮಯನು ಕಟ್ಟುವ ಸಭೆ ಇನ್ನೂ ಮುಂದೆ ಬರುತ್ತದೆ; ಈಗಲೇ ಇಡೀ ನಗರವನ್ನು ಮಯನ ನಿರ್ಮಾಣವೆಂದು ಹೇಳಬಾರದು. ಹೊಸ ರಾಜಧಾನಿಯು ಜನರ ಜೀವನಕ್ಕೆ ಸ್ಥಳವಾಗಬೇಕು.",,42,19,24,,,pending,pending,,
447,G33-S03,ನಾರದರು ಕೇಳಿದ ಒಗ್ಗಟ್ಟು,MAHABHARATA-4-AADIPARVA_djvu.txt lines 5720–6229,ಇಂದ್ರಪ್ರಸ್ಥದಲ್ಲಿ ರಾಜ್ಯಭಾರ ನಡೆಯುತ್ತಿದ್ದಾಗ ನಾರದರು ಬಂದರು. ಪಾಂಡವರು ಅವರನ್ನು ಗೌರವದಿಂದ ಸ್ವಾಗತಿಸಿದರು. ಸಹೋದರರ ಒಗ್ಗಟ್ಟು ಉಳಿಯಲು ಸ್ಪಷ್ಟ ನಿಯಮ ಅಗತ್ಯವೆಂದು ಅವರು ಹೇಳಿದರು. ದ್ರೌಪದಿಯ ಸಂಬಂಧವು ವೈಮನಸ್ಸಿಗೆ ಕಾರಣವಾಗದಂತೆ ವ್ಯವಸ್ಥೆ ಮಾಡಬೇಕು ಎಂದರು. ತಮ್ಮ ಮಾತಿಗೆ ಉದಾಹರಣೆಯಾಗಿ ಸುಂದ ಮತ್ತು ಉಪಸುಂದರ ಕಥೆಯನ್ನು ಆರಂಭಿಸಿದರು. ಇಲ್ಲಿ ಮತ್ತೆ ನಾವು ಇಂದ್ರಪ್ರಸ್ಥದ ವರ್ತಮಾನದಿಂದ ಹಿಂದಿನ ದೈತ್ಯ ಸಹೋದರರ ಕಥೆಗೆ ಹೋಗುತ್ತಿದ್ದೇವೆ. ಕಥೆ ಮುಗಿದಾಗ ನಾರದರು ಯಾವ ಸಲಹೆಗಾಗಿ ಅದನ್ನು ಹೇಳಿದರು ಎಂಬುದಕ್ಕೆ ಮರಳುತ್ತೇವೆ.,,51,23,29,,,pending,pending,,
448,G33-S04,ಸುಂದ ಉಪಸುಂದರ ವರ,MAHABHARATA-4-AADIPARVA_djvu.txt lines 6230–6511,"ಹಿರಣ್ಯಕಶಿಪುವಿನ ವಂಶದಲ್ಲಿ ಸುಂದ ಮತ್ತು ಉಪಸುಂದ ಎಂಬ ಇಬ್ಬರು ಸಹೋದರರು ಜನಿಸಿದರು. ಅವರ ಒಗ್ಗಟ್ಟು ಅತೀವವಾಗಿತ್ತು. ಕಠಿಣ ತಪಸ್ಸಿನಿಂದ ಬ್ರಹ್ಮನನ್ನು ಪ್ರಸನ್ನಗೊಳಿಸಿ, ಪರಸ್ಪರರನ್ನು ಬಿಟ್ಟು ಬೇರೆ ಯಾರಿಂದಲೂ ಸಾವು ಬಾರದಂತಹ ವರ ಪಡೆದರು. ತಮ್ಮ ನಡುವೆ ಭೇದವೇ ಬರಲಾರದು ಎಂಬ ವಿಶ್ವಾಸದಿಂದ ಆ ಷರತ್ತನ್ನು ಒಪ್ಪಿಕೊಂಡರು. ಆದರೆ ವರದ ಬಲಕ್ಕೆ ಮಿತಿ ಇಲ್ಲವೆಂದು ಭಾವಿಸಿದಾಗ ಅದರ ಫಲ ಲೋಕಕ್ಕೆ ಭಾರವಾಯಿತು. ಇವರಿಬ್ಬರ ಒಗ್ಗಟ್ಟೇ ಅವರ ರಕ್ಷಣೆ; ಅದರ ಒಡೆಯುವಿಕೆಯೇ ಅವರ ಅಪಾಯ.",,51,23,29,,,pending,pending,,
449,G33-S05,ವರದಿಂದ ಬಂದ ದೌರ್ಜನ್ಯ,MAHABHARATA-4-AADIPARVA_djvu.txt lines 6512–6765,ವರ ಪಡೆದ ಸಹೋದರರು ಲೋಕಗಳನ್ನು ಜಯಿಸಲು ಹೊರಟರು. ದೇವತೆಗಳು ಮತ್ತು ಋಷಿಗಳ ಕಾರ್ಯಕ್ಕೆ ಅಡ್ಡಿ ಉಂಟಾಯಿತು. ಆಶ್ರಮಗಳು ಭಯದಿಂದ ಖಾಲಿಯಾದವು; ಧಾರ್ಮಿಕ ಕ್ರಿಯೆಗಳು ನಿಂತವು. ಅವರ ಶಕ್ತಿಯಿಂದ ಭಯಗೊಂಡವರು ಬ್ರಹ್ಮನ ಬಳಿಗೆ ಪರಿಹಾರ ಕೇಳಲು ಹೋದರು. ಇಬ್ಬರನ್ನು ಹೊರಗಿನ ಶತ್ರು ಸೋಲಿಸಲಾರದೆಂಬ ವರವೇ ಸಮಸ್ಯೆಯಾಗಿತ್ತು. ಆದ್ದರಿಂದ ಅವರೊಳಗೆ ಭೇದ ಉಂಟಾಗುವ ದಾರಿ ಹುಡುಕಲಾಯಿತು. ಕಥೆ ಈಗ ಬಲದ ಪ್ರತಿಸ್ಪರ್ಧೆಯಿಂದ ಮನಸ್ಸಿನ ದುರ್ಬಲತೆಯತ್ತ ತಿರುಗುತ್ತದೆ.,,45,20,26,,,pending,pending,,
450,G33-S06,ತಿಲೋತ್ತಮೆಯ ಆಗಮನ,MAHABHARATA-4-AADIPARVA_djvu.txt lines 6766–7054,"ವಿಶ್ವಕರ್ಮನಿಗೆ ಅಪೂರ್ವ ಸೌಂದರ್ಯದ ತಿಲೋತ್ತಮೆಯನ್ನು ರೂಪಿಸುವ ಸೂಚನೆ ದೊರೆಯಿತು. ಹಲವು ಶ್ರೇಷ್ಠ ಅಂಶಗಳ ಸಂಯೋಜನೆಯಾಗಿ ಅವಳ ಹೆಸರಿನ ಅರ್ಥ ವಿವರಿಸಲಾಗುತ್ತದೆ. ದೇವಸಭೆಯ ಅವಳ ಸನ್ನಿಧಾನದ ವಿವರಣೆಗಳು ಈ ಭಾಗದಲ್ಲಿವೆ. ನಂತರ ಅವಳು ಸುಂದ ಮತ್ತು ಉಪಸುಂದರ ಬಳಿಗೆ ಹೋದಳು. ಅವಳನ್ನು ಇಬ್ಬರೂ ತಮ್ಮದಾಗಿಸಿಕೊಳ್ಳಲು ಬಯಸಿದಾಗ, ಇದುವರೆಗೆ ಹಂಚಿಕೊಂಡಿದ್ದ ಸಹೋದರರು ಪರಸ್ಪರ ವಿರೋಧಿಗಳಾದರು.",,37,16,21,,,pending,pending,,
451,G33-S07,ಒಗ್ಗಟ್ಟಿನ ಅಂತ್ಯ,MAHABHARATA-4-AADIPARVA_djvu.txt lines 7055–7290,ಇಬ್ಬರೂ ತಿಲೋತ್ತಮೆಯ ಮೇಲೆ ಹಕ್ಕು ಹೇಳಿದರು. ಹಿರಿಯ ಕಿರಿಯರ ಸಂಬಂಧದ ವಾದವೂ ಅವರನ್ನು ತಡೆಯಲಿಲ್ಲ. ಕೋಪದಲ್ಲಿ ಗದೆಗಳನ್ನು ಹಿಡಿದು ಒಬ್ಬರನ್ನೊಬ್ಬರು ಹೊಡೆದರು. ಅವರ ವರದಲ್ಲಿ ಉಳಿದಿದ್ದ ಒಂದೇ ಮರಣದ ದಾರಿ ತೆರೆದಿತು: ಪರಸ್ಪರರ ಕೈಯಿಂದ ಇಬ್ಬರೂ ಸತ್ತರು. ನಾರದರು ಕಥೆಯನ್ನು ಮುಗಿಸಿ ಪಾಂಡವರ ಕಡೆ ತಿರುಗಿದರು. ಸಹೋದರರ ಒಗ್ಗಟ್ಟು ಸ್ವತಃ ಶಾಶ್ವತವಾಗಿರುವುದಿಲ್ಲ; ಅಸ್ಪಷ್ಟ ಹಕ್ಕು ಮತ್ತು ನಿಯಂತ್ರಣವಿಲ್ಲದ ಆಸೆ ಅದನ್ನು ಒಡೆಯಬಹುದು ಎಂಬ ಎಚ್ಚರಿಕೆ ಈಗ ಸ್ಪಷ್ಟವಾಗಿದೆ.,,48,21,27,,,pending,pending,,
452,G33-S08,ಕುಟುಂಬದ ಸಮಯಬಂಧ,MAHABHARATA-4-AADIPARVA_djvu.txt lines 7291–7506,ನಾರದರು ಹೇಳಿದ ಮಾತಿನಂತೆ ಪಾಂಡವರು ಸಮಯಬಂಧ ಮಾಡಿಕೊಂಡರು. ದ್ರೌಪದಿಯೊಂದಿಗೆ ಒಬ್ಬ ಸಹೋದರ ಇರುವ ಖಾಸಗಿ ಸಮಯಕ್ಕೆ ಮತ್ತೊಬ್ಬನು ಪ್ರವೇಶಿಸಿದರೆ ವನವಾಸ ಮತ್ತು ನಿಯಮಾಚರಣೆಯ ಪರಿಣಾಮವನ್ನು ಒಪ್ಪಿಕೊಳ್ಳಬೇಕಾಗಿತ್ತು. ಈ ಕ್ರಮದ ಉದ್ದೇಶ ಕುಟುಂಬದ ಒಳಗಿನ ವೈಮನಸ್ಸನ್ನು ತಪ್ಪಿಸುವುದು. ನಾರದರು ಆಶೀರ್ವದಿಸಿ ಹೊರಟರು. ಆದರೆ ಜೀವಂತ ಧರ್ಮಸಂಕಟಗಳು ಯಾವಾಗಲೂ ಮುಂಚಿತವಾಗಿ ಬರೆದ ನಿಯಮದಂತೆ ಸರಳವಾಗಿರುವುದಿಲ್ಲ. ಯಾರಾದರೂ ಸಹಾಯ ಕೇಳಿದಾಗ ಎರಡು ಕರ್ತವ್ಯಗಳು ಎದುರೇ ನಿಲ್ಲಬಹುದು. ಅರ್ಜುನನಿಗೆ ಬೇಗನೆ ಅದೇ ಪರೀಕ್ಷೆ ಬರಲಿದೆ.,,49,22,28,,,pending,pending,,
453,G34-S01,ಎರಡು ಕರ್ತವ್ಯಗಳ ನಡುವೆ,MAHABHARATA-4-AADIPARVA_djvu.txt lines 7507–7700,ಬ್ರಾಹ್ಮಣನ ಗೋವುಗಳನ್ನು ಕಾಪಾಡಲು ಅರ್ಜುನನಿಗೆ ಆಯುಧಗಳು ಬೇಕಾಗಿದ್ದವು. ಆದರೆ ಆಯುಧಗಳಿದ್ದ ಸ್ಥಳದಲ್ಲಿ ಯುಧಿಷ್ಠಿರ ಮತ್ತು ದ್ರೌಪದಿ ಇದ್ದರು. ಒಳಗೆ ಹೋದರೆ ಕುಟುಂಬದ ನಿಯಮ ಉಲ್ಲಂಘನೆಯಾಗುತ್ತದೆ; ಹೋಗದೆ ಇದ್ದರೆ ಸಹಾಯ ಕೇಳಿದವನ ರಕ್ಷಣೆಯನ್ನು ಕೈಬಿಟ್ಟಂತಾಗುತ್ತದೆ. ಅರ್ಜುನನು ಜನರ ರಕ್ಷಣೆಗೆ ಆದ್ಯತೆ ನೀಡಿ ಒಳಗೆ ಹೋಗಿ ಆಯುಧ ತೆಗೆದುಕೊಂಡನು. ಕಳ್ಳರನ್ನು ಎದುರಿಸಿ ಗೋವುಗಳನ್ನು ಮರಳಿಸಿದನು. ಒಳ್ಳೆಯ ಉದ್ದೇಶದಿಂದ ಮಾಡಿದ ಕೆಲಸಕ್ಕೂ ಒಪ್ಪಿಕೊಂಡ ನಿಯಮದ ಪರಿಣಾಮವನ್ನು ಹೇಗೆ ಎದುರಿಸಬೇಕು ಎಂಬ ಪ್ರಶ್ನೆ ಈಗ ಉಳಿಯಿತು.,,50,22,29,,,pending,pending,,
454,G34-S02,ತಾನೇ ಸ್ವೀಕರಿಸಿದ ವನವಾಸ,MAHABHARATA-4-AADIPARVA_djvu.txt lines 7701–7877,"ಯುಧಿಷ್ಠಿರನು ಈ ಸಂದರ್ಭಕ್ಕೆ ವಿನಾಯಿತಿ ನೀಡಲು ಯತ್ನಿಸಿದನು. ತಾನು ಅಪರಾಧವೆಂದು ಕಾಣುವುದಿಲ್ಲ ಎಂದನು. ಆದರೆ ಅರ್ಜುನನು ಒಪ್ಪಿಕೊಂಡ ನಿಯಮವನ್ನು ತನ್ನ ಅನುಕೂಲಕ್ಕೆ ಬದಲಿಸಿಕೊಳ್ಳಲು ಬಯಸಲಿಲ್ಲ. ವನವಾಸಕ್ಕೆ ಹೊರಡಲು ನಿರ್ಧರಿಸಿದನು. ಅವನ ಈ ಪ್ರಯಾಣವು ದಂಡನೆಯಷ್ಟೇ ಅಲ್ಲದೆ ಹಲವು ದೇಶ, ತೀರ್ಥ ಮತ್ತು ಸಂಬಂಧಗಳನ್ನು ಪರಿಚಯಿಸುವ ದೀರ್ಘ ಯಾತ್ರೆಯಾಗುತ್ತದೆ. ವಿದಾಯ ಹೇಳಿ ಹೊರಟ ಅರ್ಜುನನೊಂದಿಗೆ ಕೆಲವು ಬ್ರಾಹ್ಮಣರೂ ಸಾಗಿದರು. ಉಳಿದ ಪಾಂಡವರು ಇಂದ್ರಪ್ರಸ್ಥದಲ್ಲೇ ರಾಜ್ಯಕಾರ್ಯ ಮುಂದುವರಿಸಿದರು.",,46,20,26,,,pending,pending,,
455,G34-S03,ಉಲೂಪಿಯ ಲೋಕ,MAHABHARATA-4-AADIPARVA_djvu.txt lines 7878–8140,ಗಂಗೆಯ ಬಳಿಯ ಯಾತ್ರೆಯಲ್ಲಿ ಉಲೂಪಿ ಅರ್ಜುನನನ್ನು ನಾಗಲೋಕಕ್ಕೆ ಕರೆದೊಯ್ದಳು. ಅವಳು ತನ್ನ ಇಚ್ಛೆಯನ್ನು ಹೇಳಿದಾಗ ಅರ್ಜುನನು ತನ್ನ ವ್ರತದ ವಿಷಯ ತಿಳಿಸಿದನು. ಉಲೂಪಿ ಆ ವ್ರತದ ಅನ್ವಯವನ್ನು ಕುರಿತು ವಾದಿಸಿ ಅವನನ್ನು ಮನವೊಲಿಸಿದಳು. ಈ ಸಂಭಾಷಣೆಯನ್ನು ಬಿಟ್ಟು ನೇರವಾಗಿ ಪ್ರೇಮದ ದೃಶ್ಯಕ್ಕೆ ಹೋಗಬಾರದು. ಇಬ್ಬರ ಮಾತಿನ ನಂತರ ಸಂಬಂಧ ರೂಪುಗೊಂಡಿತು. ಜಲದಲ್ಲಿನ ರಕ್ಷಣೆಗೆ ಸಂಬಂಧಿಸಿದ ವರವೂ ದೊರೆಯಿತು. ಅವರ ಪುತ್ರನಾಗಿ ಇರಾವಂತನ ಪರಿಚಯ ಬರುತ್ತದೆ; ಅವನ ಮುಂದಿನ ಜೀವನ ಈ ಭಾಗದ ಮಿತಿಯನ್ನು ಮೀರುತ್ತದೆ.,,53,24,30,,,pending,pending,,
456,G34-S04,ತೀರ್ಥಗಳ ದಾರಿಯಲ್ಲಿ,MAHABHARATA-4-AADIPARVA_djvu.txt lines 8141–8400,"ಮತ್ತೆ ತಮ್ಮ ಸಂಗಾತಿಗಳ ಬಳಿಗೆ ಬಂದ ಅರ್ಜುನನು ನಡೆದದ್ದನ್ನು ತಿಳಿಸಿ ಯಾತ್ರೆ ಮುಂದುವರಿಸಿದನು. ಹಿಮಾಲಯದ ಅಂಚುಗಳು, ನದಿತೀರ್ಥಗಳು ಮತ್ತು ವಿವಿಧ ಪ್ರದೇಶಗಳ ಮೂಲಕ ಸಾಗಿದನೆಂದು ಪುಸ್ತಕ ಸ್ಥಳಕ್ರಮವನ್ನು ನೀಡುತ್ತದೆ. ಈ ಹೆಸರುಗಳನ್ನು ಒಂದೇ ಅರ್ಥವಿಲ್ಲದ ನಕ್ಷೆಪಟ್ಟಿಯಾಗಿ ಓದದೆ ಪ್ರಯಾಣದ ಕ್ರಮವಾಗಿ ಪರಿಚಯಿಸಬೇಕು. ಈಗ ಕಥೆಯ ಮುಂದಿನ ನೆಲೆ ಚಿತ್ರವಾಹನನ ರಾಜ್ಯ. ಅಲ್ಲಿ ಅರ್ಜುನನು ಚಿತ್ರಾಂಗದೆಯನ್ನು ಕಾಣುತ್ತಾನೆ.",,40,18,23,,,pending,pending,,
457,G34-S05,ಚಿತ್ರಾಂಗದೆಯ ವಿವಾಹದ ಷರತ್ತು,MAHABHARATA-4-AADIPARVA_djvu.txt lines 8294–8593,ಚಿತ್ರವಾಹನನ ಪುತ್ರಿ ಚಿತ್ರಾಂಗದೆಯನ್ನು ಅರ್ಜುನನು ವಿವಾಹವಾಗಲು ಬಯಸಿದನು. ರಾಜನು ತನ್ನ ವಂಶದ ವಿಶೇಷ ಸಂತತಿಯ ಕ್ರಮವನ್ನು ವಿವರಿಸಿದನು. ಪುತ್ರಿಯ ಮಗನು ತನ್ನ ವಂಶವನ್ನು ಮುಂದುವರಿಸಿ ಈ ರಾಜ್ಯದಲ್ಲೇ ಉಳಿಯಬೇಕೆಂಬ ಷರತ್ತು ಇಟ್ಟನು. ಅರ್ಜುನನು ಒಪ್ಪಿಕೊಂಡನು. ವಿವಾಹದ ನಂತರ ಬಭ್ರುವಾಹನನು ಜನಿಸಿದನು. ಉಲೂಪಿಯ ಪುತ್ರ ಇರಾವಂತ ಮತ್ತು ಚಿತ್ರಾಂಗದೆಯ ಪುತ್ರ ಬಭ್ರುವಾಹನ ಇಬ್ಬರು ಬೇರೆ ಮಕ್ಕಳು. ಅವರ ತಾಯಿಯ ರಾಜ್ಯ ಮತ್ತು ಜೀವನದ ದಾರಿಯೂ ಬೇರೆ.,,46,20,26,,,pending,pending,,
458,G34-S06,ಮೊಸಳೆ ರೂಪದಲ್ಲಿದ್ದ ಅಪ್ಸರೆಯರು,MAHABHARATA-4-AADIPARVA_djvu.txt lines 8594–8950,"ದಕ್ಷಿಣ ಸಮುದ್ರದ ಸಮೀಪದ ತೀರ್ಥಗಳಲ್ಲಿ ಅಪಾಯಕರ ಮೊಸಳೆಗಳಿದ್ದವೆಂದು ಅರ್ಜುನನು ಕೇಳಿದನು. ನೀರಿಗೆ ಇಳಿದು ಒಂದನ್ನು ಹಿಡಿದು ದಡಕ್ಕೆ ತಂದಾಗ ಅಪ್ಸರೆಯ ರೂಪ ಪ್ರಕಟವಾಯಿತು. ಶಾಪದಿಂದ ಈ ಸ್ಥಿತಿ ಬಂದಿತೆಂದು ಅವಳು ತನ್ನ ಮತ್ತು ಸಂಗಾತಿಯರ ಕಥೆ ಹೇಳಿದಳು. ಋಷಿಯ ತಪಸ್ಸಿಗೆ ಅಡ್ಡಿ ಮಾಡಿದ ಪರಿಣಾಮ, ಪಶ್ಚಾತ್ತಾಪ ಮತ್ತು ಶಾಪಮೋಚನೆಯ ಷರತ್ತು ವಿವರಿಸಲ್ಪಟ್ಟವು. ಅರ್ಜುನನು ಉಳಿದವರನ್ನೂ ಬಿಡಿಸಿದನು. ಉಲೂಪಿಯಿಂದ ಪಡೆದ ಜಲಸಂಬಂಧಿ ರಕ್ಷಣೆಯ ನೆನಪು ಈ ಭಾಗದ ಕ್ರಿಯೆಗೆ ಹಿನ್ನೆಲೆಯಾಗುತ್ತದೆ.",,49,22,28,,,pending,pending,,
459,G34-S07,ಮಗನನ್ನು ವಂಶಕ್ಕೆ ಒಪ್ಪಿಸಿದ ವಿದಾಯ,MAHABHARATA-4-AADIPARVA_djvu.txt lines 8951–9153,ಅರ್ಜುನನು ಚಿತ್ರವಾಹನನ ರಾಜ್ಯಕ್ಕೆ ಹಿಂದಿರುಗಿ ಬಭ್ರುವಾಹನನ ಸಂಬಂಧದ ಹೊಣೆಗಾರಿಕೆಯನ್ನು ದೃಢಪಡಿಸಿದನು. ವಿವಾಹದ ವೇಳೆಯಲ್ಲಿ ಒಪ್ಪಿದಂತೆ ಮಗನು ತಾಯಿಯ ರಾಜ್ಯದ ವಂಶವನ್ನು ಮುಂದುವರಿಸಬೇಕಾಗಿತ್ತು. ಚಿತ್ರಾಂಗದೆಯನ್ನು ಮತ್ತು ಮಗನನ್ನು ಬಿಟ್ಟು ಅರ್ಜುನನು ಯಾತ್ರೆ ಮುಂದುವರಿಸಿದನು. ಪಾಂಡವರ ಕುಟುಂಬ ಈಗ ಹಲವು ಪ್ರದೇಶಗಳೊಂದಿಗೆ ಸಂತತಿಯ ಮೂಲಕ ಸಂಬಂಧ ಬೆಳೆಸುತ್ತಿದೆ.,,32,14,18,,,pending,pending,,
460,G34-S08,ಪ್ರಭಾಸದಲ್ಲಿ ಕೃಷ್ಣ,MAHABHARATA-4-AADIPARVA_djvu.txt lines 9154–9555,ಅರ್ಜುನನು ಪ್ರಭಾಸಕ್ಕೆ ತಲುಪಿದನು. ಸುಭದ್ರೆಯ ಕುರಿತು ಅವನ ಮನಸ್ಸಿನಲ್ಲಿದ್ದ ಆಸೆ ಮತ್ತು ಯತಿವೇಷದ ಪ್ರಸಂಗವನ್ನು ಈ ಆವೃತ್ತಿ ವಿವರಿಸುತ್ತದೆ. ಕೃಷ್ಣನು ಅವನನ್ನು ಭೇಟಿಯಾಗಿ ಮಾತುಕತೆ ನಡೆಸಿದನು. ಯಾತ್ರಿಕನಿಗೆ ಊಟ ಮತ್ತು ಆಶ್ರಯದ ವ್ಯವಸ್ಥೆ ಮಾಡಲಾಯಿತು. ಹೊರಗೆ ಕಾಣುವ ಯತಿರೂಪ ಮತ್ತು ಒಳಗೆ ಕೃಷ್ಣನಿಗೆ ತಿಳಿದಿರುವ ಪರಿಚಯ ಬೇರೆ. ಈ ರಹಸ್ಯವೇ ದ್ವಾರಕೆಯ ಮುಂದಿನ ಘಟನೆಗಳಿಗೆ ಕಾರಣವಾಗುತ್ತದೆ. ಪ್ರಭಾಸದ ಭೇಟಿಯ ನಂತರ ಕಥೆ ರೈವತಕದ ಉತ್ಸವದತ್ತ ಸಾಗುತ್ತದೆ.,,47,21,27,,,pending,pending,,
461,G35-S01,ರೈವತಕದ ಉತ್ಸವ,MAHABHARATA-4-AADIPARVA_djvu.txt lines 9556–9865,"ವೃಷ್ಣಿ ಮತ್ತು ಅಂಧಕರ ಉತ್ಸವದಿಂದ ರೈವತಕ ಪ್ರದೇಶ ಕಂಗೊಳಿಸಿತು. ಕೃಷ್ಣ ಮತ್ತು ಸುಭದ್ರೆಯ ಆಗಮನದ ಮಧ್ಯೆ ಅರ್ಜುನನು ತನ್ನ ಮನಸ್ಸನ್ನು ಕೃಷ್ಣನಿಗೆ ತಿಳಿಸಿದನು. ವಿವಾಹದ ಮಾರ್ಗದ ಕುರಿತು ಇಬ್ಬರೂ ಚರ್ಚಿಸಿದರು. ಯುಧಿಷ್ಠಿರನ ಅನುಮತಿಯ ವಿಷಯವೂ ಬರುತ್ತದೆ. ಈ ಆವೃತ್ತಿಯ ಘಟನೆಗಳನ್ನು ಕೇವಲ ಹಠಾತ್ ಅಪಹರಣವೆಂದು ಕುಗ್ಗಿಸಲಾಗದು. ಯತಿವೇಷ, ಖಾಸಗಿ ಸಂಭಾಷಣೆ, ಪೂರ್ವಸಮ್ಮತಿ ಮತ್ತು ವಿವಾಹದ ವಿವರಗಳು ಕ್ರಮವಾಗಿ ಬರುತ್ತವೆ. ಅವನ್ನೆಲ್ಲ ತಿಳಿಸಿದಾಗಲೇ ಹೊರಗೆ ಕಾಣುವ ಘಟನೆಯೊಳಗಿನ ಸಂಬಂಧ ಅರ್ಥವಾಗುತ್ತದೆ.",,49,22,28,,,pending,pending,,
462,G35-S02,ಚಾತುರ್ಮಾಸ್ಯದ ಆಹ್ವಾನ,MAHABHARATA-4-AADIPARVA_djvu.txt lines 9866–10385,ಉತ್ಸವದ ನಂತರ ಯತಿವೇಷದ ಅರ್ಜುನನಿಗೆ ಚಾತುರ್ಮಾಸ್ಯವನ್ನು ಅಲ್ಲಿಯೇ ಕಳೆಯುವ ಆಹ್ವಾನ ಬಂದಿತು. ಬಲರಾಮ ಮತ್ತು ಇತರರು ಅವನನ್ನು ತಪಸ್ವಿಯೆಂದು ಗೌರವಿಸಿದರು. ಕನ್ಯಾಗಾರದ ಸಮೀಪ ವಾಸಿಸುವ ವ್ಯವಸ್ಥೆಯ ಕುರಿತು ಕೃಷ್ಣನು ಹೊರಗೆ ಆಕ್ಷೇಪ ಸೂಚಿಸಿ ನಂತರ ಅನುಮತಿ ಕೊಡುವ ಪ್ರಸಂಗವಿದೆ.,,28,12,16,,,pending,pending,,
463,G35-S03,ಸುಭದ್ರೆಯ ಪ್ರಶ್ನೆಗಳು,MAHABHARATA-4-AADIPARVA_djvu.txt lines 10386–10800,"ಸುಭದ್ರೆ ಅತಿಥಿಗೆ ಉಪಚಾರ ಮಾಡುತ್ತಿದ್ದಳು. ಅವರ ಸಂಭಾಷಣೆಯಲ್ಲಿ ತೀರ್ಥಯಾತ್ರೆ, ಪಾಂಡವರ ವಿಷಯ ಮತ್ತು ಅರ್ಜುನನ ಪರಿಚಯದ ಸುಳಿವುಗಳು ಬಂದವು. ತಾನು ನೋಡುತ್ತಿರುವ ಯತಿ ಮತ್ತು ಕೇಳಿರುವ ಯೋಧನ ನಡುವಿನ ಸಂಬಂಧ ಅವಳಿಗೆ ನಿಧಾನವಾಗಿ ತಿಳಿಯತೊಡಗಿತು. ಸುಭದ್ರೆ ಕೇವಲ ಯಾರಾದರೂ ಕೊಂಡೊಯ್ಯುವ ಮೌನ ವ್ಯಕ್ತಿಯಾಗಿರದೆ, ಪ್ರಶ್ನಿಸಿ ಅರ್ಥಮಾಡಿಕೊಳ್ಳುವ ಪಾತ್ರವಾಗಿ ಕಾಣುತ್ತಾಳೆ. ಗುರುತು ಬಹಿರಂಗವಾಗುವ ಭಾವನೆ ಮಾತು ಮತ್ತು ಪ್ರತಿಕ್ರಿಯೆಯ ಮೂಲಕ ಬೆಳೆಯಲಿ.",,43,19,25,,,pending,pending,,
464,G35-S04,ಗುರುತಿನ ಅರಿವು,MAHABHARATA-4-AADIPARVA_djvu.txt lines 10386–11174,ಸಂಭಾಷಣೆ ಮುಂದುವರಿದಂತೆ ಅರ್ಜುನನ ನಿಜಪರಿಚಯ ಮತ್ತು ಅವನ ಇಚ್ಛೆ ಸುಭದ್ರೆಗೆ ಸ್ಪಷ್ಟವಾಯಿತು. ಕೃಷ್ಣನು ಇಬ್ಬರೊಂದಿಗೆ ಸಮಾಲೋಚಿಸಿದನು. ಅರಮನೆಯ ಇತರರನ್ನು ದ್ವೀಪಾಂತರದ ಕಾರ್ಯಕ್ರಮಕ್ಕೆ ಕಳುಹಿಸುವ ವ್ಯವಸ್ಥೆಯೂ ಕಥೆಯಲ್ಲಿ ಬರುತ್ತದೆ. ಖಾಸಗಿ ನಿರ್ಧಾರವು ಬಹಿರಂಗ ರಾಜಕುಟುಂಬದ ವಿಷಯವಾಗುವ ಕ್ಷಣ ಹತ್ತಿರವಾಗುತ್ತಿದೆ.,,27,12,15,,,pending,pending,,
465,G35-S05,ಈ ಪಾಠದಲ್ಲಿರುವ ವಿವಾಹ,MAHABHARATA-4-AADIPARVA_djvu.txt lines 11175–11720,"ಈ ಆವೃತ್ತಿಯಲ್ಲಿ ಇಂದ್ರ ಮೊದಲಾದ ದೇವತೆಗಳ ಸನ್ನಿಧಿಯಲ್ಲಿ, ಕೃಷ್ಣನ ಸಮಕ್ಷಮದಲ್ಲಿ ಅರ್ಜುನ ಮತ್ತು ಸುಭದ್ರೆಯ ವಿವಾಹ ನಡೆಯುವ ಪ್ರಸಂಗವಿದೆ. ಹೀಗಾಗಿ ರಥದಲ್ಲಿ ಹೊರಡುವುದಕ್ಕೂ ಮೊದಲು ಮೂಲವು ನೀಡುವ ಈ ವಿಧಿಯನ್ನು ತಿಳಿಸಬೇಕು. ಆದರೆ ಅದನ್ನು ಅರಮನೆಯ ಸಾರ್ವಜನಿಕ ಸಭೆಯಲ್ಲಿ ಎಲ್ಲರೂ ಕಂಡ ವಿವಾಹವೆಂದು ಬದಲಿಸಬಾರದು. ನಂತರ ಕೃಷ್ಣನ ಸೂಚನೆಯಂತೆ ದಂಪತಿ ಹೊರಡಲು ಸಿದ್ಧರಾದರು.",,38,17,22,,,pending,pending,,
466,G35-S06,ರಥದ ಪ್ರಯಾಣ,MAHABHARATA-4-AADIPARVA_djvu.txt lines 11721–12104,ಹೊರಡುವ ಸಮಯದಲ್ಲಿ ಸುಭದ್ರೆ ತನಗೆ ಕುದುರೆಗಳ ಲಗಾಮು ಹಿಡಿದು ರಥ ನಡೆಸುವ ಕೌಶಲವಿದೆ ಎಂದು ಅರ್ಜುನನಿಗೆ ತಿಳಿಸಿದಳು. ಮೊದಲು ರಥ ಹತ್ತಿ ಲಗಾಮನ್ನು ತನ್ನ ಕೈಗೆ ತೆಗೆದುಕೊಂಡಳು. ಅರ್ಜುನನು ಬಿಲ್ಲನ್ನು ಹಿಡಿದು ಅವಳೊಂದಿಗೆ ಹೊರಟನು. ಎರಡು ಕುದುರೆಗಳು ಎಳೆಯುತ್ತಿದ್ದ ರಥ ದ್ವಾರಕೆಯಿಂದ ಹೊರಸಾಗಿತು. ಈ ಘಟನೆಯನ್ನು ಕಂಡವರಲ್ಲಿ ಸಂತೋಷಪಟ್ಟವರೂ ಕೋಪಗೊಂಡವರೂ ಇದ್ದರು. ಹೊರಗೆ ಅದು ಯಾದವಕುಮಾರಿಯ ಹರಣದಂತೆ ಕಾಣಿಸಿತು. ಆದರೆ ಸುಭದ್ರೆ ಈಗಾಗಲೇ ಅರ್ಜುನನ ಪರಿಚಯ ತಿಳಿದು ಅವನನ್ನು ವಿವಾಹವಾಗಿದ್ದಳು; ಈಗ ಸ್ವತಃ ಅವರ ಪ್ರಯಾಣದ ರಥವನ್ನು ನಡೆಸುತ್ತಿದ್ದಳು. ನಗರದ ಹೊರಗಿನ ದಾರಿಯಲ್ಲಿ ಅವರಿಗೆ ವಿಪೃಥುವಿನ ಪಡೆ ಎದುರಾಯಿತು.,,63,28,36,,,pending,pending,,
467,G35-S07,ವಿಪೃಥುವಿನ ತಡೆ,MAHABHARATA-4-AADIPARVA_djvu.txt lines 12105–12294,ಮಧ್ಯಮಾರ್ಗದಲ್ಲಿ ವಿಪೃಥುವಿನ ಪಡೆ ರಥವನ್ನು ತಡೆಯಿತು. ಸುಭದ್ರೆಗೆ ತನ್ನ ಬಂಧುಗಳ ಬಗ್ಗೆ ಆತಂಕವಾಯಿತು. ಅರ್ಜುನನು ಅವರಿಗೆ ಗಾಯವಾಗದಂತೆ ಹೋರಾಡುವುದಾಗಿ ಅವಳಿಗೆ ಭರವಸೆ ನೀಡಿದನು. ಅವನ ಮಾತಿನಂತೆ ಸುಭದ್ರೆ ರಥವನ್ನು ಮುಂದಕ್ಕೆ ನಡೆಸಿದಳು. ಎರಡೂ ಕಡೆಗಳಿಂದ ಬಾಣಗಳು ಹಾರಿದವು. ಅರ್ಜುನನು ಎದುರಿನ ಆಯುಧಗಳನ್ನು ಮತ್ತು ರಥದ ಉಪಕರಣಗಳನ್ನು ತನ್ನ ಬಾಣಗಳಿಂದ ಕಡಿದು ಪ್ರತಿರೋಧವನ್ನು ನಿಷ್ಕ್ರಿಯಗೊಳಿಸಿದನು. ಸುತ್ತುವರಿದ ಪಡೆಯ ಮಧ್ಯದಿಂದ ರಥವನ್ನು ಹೊರತೆಗೆದುಕೊಂಡರು. ಈ ಮುಖಾಮುಖಿಯಲ್ಲಿ ಅರ್ಜುನನ ಶಸ್ತ್ರಕೌಶಲದ ಜೊತೆ ಸುಭದ್ರೆಯ ಸಾರಥ್ಯವೂ ಕೆಲಸ ಮಾಡಿತು. ಕೊನೆಗೆ ವಿಪೃಥು ತನ್ನ ಪಡೆಯನ್ನು ನಿಲ್ಲಿಸಿದನು.,,57,25,33,,,pending,pending,,
468,G35-S08,ವಿಪೃಥುವಿಗೆ ಮೊದಲೇ ತಿಳಿದಿದ್ದ ಸತ್ಯ,MAHABHARATA-4-AADIPARVA_djvu.txt lines 12295–12440,ಹೋರಾಟ ನಿಂತ ಬಳಿಕ ವಿಪೃಥು ಅರ್ಜುನನನ್ನು ಅಪ್ಪಿಕೊಂಡನು. ನಡೆದ ವಿಷಯಗಳಲ್ಲಿ ತನಗೆ ತಿಳಿಯದ ಸಂಗತಿಯೇ ಇಲ್ಲವೆಂದು ಹೇಳಿದನು. ಹೀಗಾಗಿ ಇದು ಪ್ರಯಾಣಿಕರ ಗುರುತು ತಿಳಿದ ನಂತರ ಬದಲಾದ ಒಪ್ಪಿಗೆಯಷ್ಟೇ ಆಗಿರಲಿಲ್ಲ. ಮಾರ್ಗದಲ್ಲಿ ದಂಪತಿಯನ್ನು ತಡೆದು ಮಾತನಾಡಲು ಕೃಷ್ಣನೇ ವಿಪೃಥುವನ್ನು ನೇಮಿಸಿದ್ದನೆಂದು ಪಾಠ ಮುಂದಕ್ಕೆ ವಿವರಿಸುತ್ತದೆ. ಪೂರ್ವಪರ ತಿಳಿದಿದ್ದ ವಿಪೃಥು ಆಶೀರ್ವಾದ ನೀಡಿ ಅವರನ್ನು ಬೀಳ್ಕೊಟ್ಟನು. ಶೈಬ್ಯ ಮತ್ತು ಸುಗ್ರೀವ ಎಂಬ ಎರಡು ಕುದುರೆಗಳು ರಥವನ್ನು ಮುಂದಕ್ಕೆ ಎಳೆದವು. ದಂಪತಿ ತಮ್ಮ ಪ್ರಯಾಣ ಮುಂದುವರಿಸುತ್ತಿದ್ದಾಗ ದ್ವಾರಕೆಯಲ್ಲಿ ಸುದ್ದಿ ಹರಡಿ ಬಲರಾಮ ಮತ್ತು ಯಾದವರ ಸಭೆ ಸೇರಿತು. ಗೌರವಿಸಿದ ಯತಿಯೇ ಅರ್ಜುನನೆಂಬ ಅರಿವು ಅವರ ಕೋಪವನ್ನು ಹೆಚ್ಚಿಸಿತು.,,67,30,38,,,pending,pending,,
469,G35-S09,ಬಲರಾಮನ ಪ್ರಶ್ನೆ,MAHABHARATA-4-AADIPARVA_djvu.txt lines 12441–12813,ಬಲರಾಮನು ಕೋಪದಿಂದ ಮಾತನಾಡಿದನು. ತಮ್ಮ ಮನೆಯಲ್ಲಿ ಗೌರವ ಪಡೆದ ಅತಿಥಿಯ ನಡೆ ಯಾದವರ ಮಾನಕ್ಕೆ ಧಕ್ಕೆ ತಂದಿತೆಂದು ಅವನಿಗೆ ಅನಿಸಿತು. ಯುದ್ಧಕ್ಕೆ ಸಿದ್ಧಗೊಳ್ಳುವ ಮನೋಭಾವ ಸಭೆಯಲ್ಲಿ ಮೂಡಿತು. ಕೃಷ್ಣನು ತಕ್ಷಣ ಗದ್ದಲಕ್ಕೆ ಸೇರಲಿಲ್ಲ. ಅವನ ಮೌನದಿಂದ ಎಲ್ಲರ ಗಮನ ಕೊನೆಗೆ ಅವನತ್ತ ತಿರುಗಿತು. ದಂಪತಿಯ ಖಾಸಗಿ ಕಥೆ ಈಗ ಎರಡು ಕುಟುಂಬಗಳ ಸಂಬಂಧವನ್ನು ಬದಲಿಸುವ ರಾಜಕೀಯ ಪ್ರಶ್ನೆಯಾಗಿದೆ. ಕೃಷ್ಣನು ನೀಡುವ ಉತ್ತರ ಮುಂದಿನ ಹಂತವನ್ನು ನಿರ್ಧರಿಸಲಿದೆ.,,47,21,27,,,pending,pending,,
470,G36-S01,ಕೃಷ್ಣನ ಸಮಾಧಾನ,MAHABHARATA-4-AADIPARVA_djvu.txt lines 12814–13030,"ಕೃಷ್ಣನು ಅರ್ಜುನನ ವಂಶ, ಸಾಮರ್ಥ್ಯ ಮತ್ತು ಸಂಬಂಧದ ಯೋಗ್ಯತೆಯನ್ನು ವಿವರಿಸಿದನು. ನಡೆದದ್ದನ್ನು ಕೇವಲ ಅವಮಾನವೆಂದು ನೋಡದೆ ಸೂಕ್ತವಾದ ವೈವಾಹಿಕ ಸಂಬಂಧವೆಂದು ಪರಿಗಣಿಸಲು ಹೇಳಿದನು. ಅನಗತ್ಯ ಯುದ್ಧವು ಯಾರಿಗೂ ಒಳಿತಲ್ಲ ಎಂಬುದನ್ನು ಮನವರಿಕೆ ಮಾಡಿದನು. ಬಲರಾಮನ ಕೋಪ ಶಮನವಾಯಿತು. ಹಿಂಬಾಲಿಸಿ ಹೊರಟವರನ್ನು ಹಿಂತಿರುಗಿಸಲಾಯಿತು. ಈ ಸಮಾಧಾನದಿಂದ ಸುಭದ್ರೆಯ ವೈಯಕ್ತಿಕ ಸಂಬಂಧಕ್ಕೆ ಕುಟುಂಬದ ಸಾರ್ವಜನಿಕ ಅಂಗೀಕಾರ ದೊರೆಯುವ ದಾರಿ ತೆರೆದಿತು.",,41,18,23,,,pending,pending,,
471,G36-S02,ಇಂದ್ರಪ್ರಸ್ಥದ ಅಂಚಿನಲ್ಲಿ,MAHABHARATA-4-AADIPARVA_djvu.txt lines 13031–13300,"ಅರ್ಜುನನು ಸುಭದ್ರೆಯೊಂದಿಗೆ ಕುರುದೇಶಕ್ಕೆ ಬಂದು ಇಂದ್ರಪ್ರಸ್ಥದ ಸಮೀಪ ತಂಗಿದನು. ಮನೆಯೊಳಗೆ ದ್ರೌಪದಿಯ ಭಾವನೆಯನ್ನು ಗೌರವದಿಂದ ಎದುರಿಸಬೇಕಿತ್ತು. ಹೊಸ ಸಂಬಂಧದ ಸಂತೋಷ ಮಾತ್ರವಲ್ಲ, ಈಗಿರುವ ಸಂಬಂಧದ ನೋವೂ ಕಥೆಯ ಭಾಗ. ಸುಭದ್ರೆಯನ್ನು ಸರಳ ಗೋಪಾಲಿಕೆಯ ವೇಷದಲ್ಲಿ ಒಳಗೆ ಕಳುಹಿಸುವ ಪ್ರಸಂಗ ಬರುತ್ತದೆ. ಅದು ಕುಟುಂಬದೊಳಗಿನ ಮೊದಲ ಭೇಟಿಗೆ ವಿನಯದ ರೂಪವಾಗಿ ಬಳಕೆಯಾಗುತ್ತದೆ.",,36,16,21,,,pending,pending,,
472,G36-S03,ದ್ರೌಪದಿ ಮತ್ತು ಸುಭದ್ರೆ,MAHABHARATA-4-AADIPARVA_djvu.txt lines 13172–13518,ಸುಭದ್ರೆ ಕುಂತಿಗೆ ನಮಸ್ಕರಿಸಿ ಆಶೀರ್ವಾದ ಪಡೆದಳು. ನಂತರ ದ್ರೌಪದಿಯ ಮುಂದೆ ವಿನಯದಿಂದ ನಿಂತಳು. ಇಬ್ಬರ ಭೇಟಿ ಸ್ಪರ್ಧೆಯ ಪ್ರದರ್ಶನವಾಗದೆ ಪರಸ್ಪರ ಅರಿವಿನ ಕ್ಷಣವಾಗಲಿ. ಕುಟುಂಬಕ್ಕೆ ಸುಭದ್ರೆಯ ಪ್ರವೇಶ ಪೂರ್ಣವಾಗುತ್ತದೆ. ಅರ್ಜುನನ ದೀರ್ಘಯಾತ್ರೆಯಿಂದ ಹುಟ್ಟಿದ ಹೊಸ ಸಂಬಂಧ ಈಗ ಇಂದ್ರಪ್ರಸ್ಥದ ದೈನಂದಿನ ಬದುಕಿನ ಭಾಗವಾಗಿದೆ.,,31,14,18,,,pending,pending,,
473,G36-S04,ಯಾದವರ ಉಡುಗೊರೆಗಳು,MAHABHARATA-4-AADIPARVA_djvu.txt lines 13519–13840,"ಯಾದವರು ಉಡುಗೊರೆಗಳೊಂದಿಗೆ ಇಂದ್ರಪ್ರಸ್ಥಕ್ಕೆ ಬಂದರು. ಕುಟುಂಬಗಳ ನಡುವೆ ಸಮ್ಮತಿಯೂ ಗೌರವವೂ ಬಹಿರಂಗವಾಗಿ ವ್ಯಕ್ತವಾಯಿತು. ವಸ್ತ್ರ, ಆಭರಣ, ವಾಹನ ಮತ್ತು ಇತರ ಸಂಪತ್ತಿನ ವಿವರಣೆಗಳು ಈ ಅಧ್ಯಾಯದಲ್ಲಿವೆ. ಮೊದಲಿನ ರಹಸ್ಯ ವಿವಾಹದ ಬಳಿಕ ಈಗ ಬಂಧುಗಳ ಸಮ್ಮುಖದಲ್ಲಿ ವಿಶಾಲ ಆಚರಣೆಗೆ ಅವಕಾಶ ಬಂದಿದೆ.",,30,13,17,,,pending,pending,,
474,G36-S05,ಸಾರ್ವಜನಿಕ ವಿವಾಹೋತ್ಸವ,MAHABHARATA-4-AADIPARVA_djvu.txt lines 13841–14132,"ಇಂದ್ರಪ್ರಸ್ಥದಲ್ಲಿ ಏಳು ದಿನಗಳ ಕಾಲ ವಿವಾಹೋತ್ಸವ ನಡೆದಿತೆಂದು ಪಾಠ ಹೇಳುತ್ತದೆ. ಬಂಧುಗಳ ಸಮ್ಮುಖದಲ್ಲಿ ಗೌರವ ಮತ್ತು ಸಂತೋಷ ಹಂಚಿಕೊಳ್ಳಲಾಯಿತು. ನಂತರ ಯಾದವರು ತಮ್ಮ ನಗರಕ್ಕೆ ಮರಳಿದರು. ಕೃಷ್ಣನು ಇನ್ನೂ ಇಂದ್ರಪ್ರಸ್ಥದಲ್ಲಿಯೇ ಉಳಿದನು. ಈ ಉಳಿಯುವಿಕೆಯೇ ಮುಂದಿನ ಖಾಂಡವಪ್ರಸಂಗಕ್ಕೆ ಅಗತ್ಯವಾದ ಕಥಾಸೇತುವೆ. ದ್ವಾರಕೆಯ ಖಾಸಗಿ ವಿಧಿ ಮತ್ತು ಇಂದ್ರಪ್ರಸ್ಥದ ಸಾರ್ವಜನಿಕ ಆಚರಣೆಯನ್ನು ಎರಡು ಬೇರೆ ಮದುವೆಗಳ ಗೊಂದಲವಾಗಿ ಹೇಳದೆ, ಸಂಬಂಧದ ಎರಡು ಹಂತಗಳೆಂದು ಸ್ಪಷ್ಟಪಡಿಸಬೇಕು.",,45,20,26,,,pending,pending,,
475,G36-S06,ಅಭಿಮನ್ಯುವಿನ ಜನನ,MAHABHARATA-4-AADIPARVA_djvu.txt lines 14133–14250,ಅರ್ಜುನ ಮತ್ತು ಸುಭದ್ರೆಗೆ ಅಭಿಮನ್ಯು ಜನಿಸಿದನು. ಮಗುವಿನ ಗುಣಗಳು ಮತ್ತು ಭವಿಷ್ಯದ ಸಾಮರ್ಥ್ಯವನ್ನು ವರ್ಣಿಸುವ ಮಾತುಗಳು ಬರುತ್ತವೆ. ಕೃಷ್ಣನು ಅವನನ್ನು ಪ್ರೀತಿಯಿಂದ ಲಾಲಿಸಿದನು. ಬೆಳೆದ ನಂತರ ಅರ್ಜುನನಿಂದ ಶಸ್ತ್ರವಿದ್ಯೆ ಪಡೆದನೆಂದು ಕಥೆ ಸಂಕ್ಷಿಪ್ತವಾಗಿ ಮುಂದಿನ ಬೆಳವಣಿಗೆಯನ್ನೂ ಹೇಳುತ್ತದೆ. ಶಿಶುವಿನ ದೃಶ್ಯದಿಂದ ಬಾಲಕನ ತರಬೇತಿಗೆ ಹೋಗುವಾಗ ಕಾಲ ಕಳೆದಿದೆ ಎಂದು ಸ್ಪಷ್ಟಪಡಿಸಬೇಕು. ಈ ಪುಸ್ತಕದಲ್ಲಿಲ್ಲದ ಜನಪ್ರಿಯ ಉಪಕಥೆಗಳನ್ನು ಇಲ್ಲಿ ಸ್ವಯಂ ಸೇರಿಸಬಾರದು.,,43,19,25,,,pending,pending,,
476,G36-S07,ದ್ರೌಪದಿಯ ಐವರು ಪುತ್ರರು,MAHABHARATA-4-AADIPARVA_djvu.txt lines 14251–14488,"ದ್ರೌಪದಿಗೆ ಯುಧಿಷ್ಠಿರನಿಂದ ಪ್ರತಿವಿಂಧ್ಯ, ಭೀಮನಿಂದ ಸುತಸೋಮ, ಅರ್ಜುನನಿಂದ ಶ್ರುತಕೀರ್ತಿ ಮತ್ತು ನಕುಲನಿಂದ ಶತಾನೀಕ ಜನಿಸಿದರು. ಸಹದೇವನ ಮಗನಿಗೆ ಇದೇ ಅಧ್ಯಾಯದ ಪಟ್ಟಿಯಲ್ಲಿ ಶ್ರುತಕ್ರಿಯ ಎಂಬ ರೂಪವೂ, ನಾಮಕರಣದ ವಿವರಣೆಯಲ್ಲಿ ಶ್ರುತಸೇನ ಎಂಬ ರೂಪವೂ ಬರುತ್ತವೆ. ಈ ವ್ಯತ್ಯಾಸವನ್ನು ಮರೆಮಾಡದೆ ಮೂಲದ ಹೆಸರಿನ ರೂಪಗಳಾಗಿ ಗುರುತಿಸೋಣ. ಮಕ್ಕಳ ನಡುವೆ ಒಂದೊಂದು ವರ್ಷದ ಅಂತರವಿದೆ ಎಂದು ಪಾಠ ಹೇಳುತ್ತದೆ. ಧೌಮ್ಯರು ಸಂಸ್ಕಾರಗಳನ್ನು ನಡೆಸಿದರು; ವೇದಾಧ್ಯಯನದ ನಂತರ ಅವರು ಅರ್ಜುನನಿಂದ ಅಸ್ತ್ರಶಸ್ತ್ರವಿದ್ಯೆ ಕಲಿತರು. ಅಭಿಮನ್ಯು ಇವರಿಂದ ಬೇರೆ ಮಗನು.",,53,24,30,,,pending,pending,,
477,G36-S08,ಕಥೆಯ ಕಾಲವನ್ನು ತಿಳಿಯುವುದು,MAHABHARATA-4-AADIPARVA_djvu.txt lines 14133–14488,ಜನನದ ಅಧ್ಯಾಯವು ಮಕ್ಕಳ ಮುಂದಿನ ಗುಣ ಮತ್ತು ವಿದ್ಯೆಯನ್ನೂ ಮುಂಚಿತವಾಗಿ ಹೇಳುತ್ತದೆ. ಮಹಾಕಾವ್ಯವು ಕೆಲವೊಮ್ಮೆ ಒಬ್ಬ ಪಾತ್ರದ ಪರಿಚಯ ಕೊಡುವಾಗ ಅವನ ಮುಂದಿನ ಜೀವನವನ್ನು ಸಂಕ್ಷಿಪ್ತವಾಗಿ ಸೂಚಿಸುತ್ತದೆ. ಈಗ ನಾವು ಇಂದ್ರಪ್ರಸ್ಥದಲ್ಲಿ ಕೃಷ್ಣ ಉಳಿದಿರುವ ಕಾಲಕ್ಕೆ ಮರಳುತ್ತಿದ್ದೇವೆ. ಕುಟುಂಬದ ಸಂತೋಷದ ನಂತರ ಕಾಡಿನ ಜೀವಿಗಳ ಬದುಕನ್ನು ಬದಲಿಸುವ ಘಟನೆಯತ್ತ ಕಥೆ ಸಾಗುತ್ತದೆ.,,37,16,21,,,pending,pending,,
478,G37-S01,ಯಮುನೆಯ ಹಸಿರು ತೀರ,MAHABHARATA-4-AADIPARVA_djvu.txt lines 14489–14824,"ಕೃಷ್ಣ ಮತ್ತು ಅರ್ಜುನರು ಯಮುನಾತೀರದ ವಿಹಾರಕ್ಕೆ ತೆರಳಿದರು. ಖಾಂಡವವನದ ಸೌಂದರ್ಯ, ಜಲತೀರದ ನೆಮ್ಮದಿ ಮತ್ತು ಅಲ್ಲಿನ ಜೀವಜಗತ್ತಿನ ವಿವರಣೆ ಬರುತ್ತದೆ. ಈಗ ಕಾಡನ್ನು ಮೊದಲು ಅದರ ಜೀವಂತ ರೂಪದಲ್ಲಿ ತಿಳಿಯೋಣ. ಅದು ಯಾರೊಬ್ಬರ ಶೌರ್ಯ ಪ್ರದರ್ಶನಕ್ಕೆ ಖಾಲಿ ವೇದಿಕೆಯಲ್ಲ; ಮರ, ಪ್ರಾಣಿ, ಪಕ್ಷಿ ಮತ್ತು ಹಲವಾರು ನಿವಾಸಿಗಳ ಲೋಕ. ಈ ಶಾಂತ ಸಮಯಕ್ಕೆ ಬ್ರಾಹ್ಮಣವೇಷದ ಅಪರಿಚಿತನೊಬ್ಬ ಬಂದನು. ಅವನ ಹಸಿವಿನ ಬೇಡಿಕೆ ಸಾಮಾನ್ಯ ಅತಿಥಿಯ ಊಟದ ಬೇಡಿಕೆಯಾಗಿರಲಿಲ್ಲ.",,48,21,27,,,pending,pending,,
479,G37-S02,ಅತಿಥಿಯ ನಿಜಪರಿಚಯ,MAHABHARATA-4-AADIPARVA_djvu.txt lines 14825–15110,ಬಂದ ಅತಿಥಿಗೆ ಯಾವ ಆಹಾರ ಬೇಕೆಂದು ಇಬ್ಬರೂ ಕೇಳಿದರು. ಅವನು ತಾನು ಅಗ್ನಿಯೆಂದು ತಿಳಿಸಿದನು. ಖಾಂಡವವನವನ್ನು ದಹಿಸಿ ತನ್ನ ತೇಜಸ್ಸನ್ನು ಮರಳಿ ಪಡೆಯಲು ಅವರ ನೆರವು ಬೇಕೆಂದನು. ಆದರೆ ಇಂದ್ರನು ಆ ಕಾಡನ್ನು ಮಳೆಯಿಂದ ರಕ್ಷಿಸುತ್ತಿದ್ದನು. ತನ್ನ ಸ್ನೇಹಿತ ತಕ್ಷಕನು ಅಲ್ಲಿ ವಾಸಿಸುತ್ತಿದ್ದ ಕಾರಣ ಆ ರಕ್ಷಣೆಯಿಂದ ಇತರ ಜೀವಿಗಳೂ ಉಳಿಯುತ್ತಿದ್ದವು. ಅಗ್ನಿಗೆ ಇಂದ್ರನ ಮಳೆಯನ್ನು ತಡೆಯಬಲ್ಲ ಸಹಾಯ ಬೇಕಾಗಿತ್ತು. ಅರ್ಜುನ ಮತ್ತು ಕೃಷ್ಣರು ಅವನ ಬೇಡಿಕೆಯ ಕಾರಣವನ್ನು ವಿಚಾರಿಸಿದರು.,,50,22,29,,,pending,pending,,
480,G37-S03,ಶ್ವೇತಕಿಯ ನಿಲ್ಲದ ಯಜ್ಞಗಳು,MAHABHARATA-4-AADIPARVA_djvu.txt lines 15111–15400,"ಅಗ್ನಿಯ ಸ್ಥಿತಿಗೆ ಶ್ವೇತಕಿ ಎಂಬ ರಾಜನ ದೀರ್ಘ ಯಜ್ಞಗಳ ಹಿನ್ನೆಲೆಯನ್ನು ಕಥೆ ನೀಡುತ್ತದೆ. ನಿರಂತರ ಹೋಮಗಳಿಂದ ಯಾಜಕರು ದಣಿದರು. ರಾಜನು ಇನ್ನೂ ಯಾಗಗಳನ್ನು ಮಾಡಲು ಒತ್ತಾಯಿಸಿದಾಗ ಅವರು ಮುಂದುವರಿಸಲು ಸಾಧ್ಯವಿಲ್ಲವೆಂದರು. ಕೊನೆಗೆ ರುದ್ರನ ನೆರವು ಬೇಡುವ ದಾರಿ ಹಿಡಿದನು. ಇಲ್ಲಿ ರಾಜನ ಭಕ್ತಿ, ಯಜ್ಞದ ನಿರಂತರತೆ ಮತ್ತು ಅದನ್ನು ನಡೆಸುವವರ ದೈಹಿಕ ಮಿತಿಗಳು ಒಟ್ಟಿಗೆ ಬರುತ್ತವೆ. ರುದ್ರನನ್ನು ಪ್ರಸನ್ನಗೊಳಿಸಲು ಶ್ವೇತಕಿ ತಪಸ್ಸು ಮಾಡಿದನು. ಅಗ್ನಿಯ ಹಸಿವಿನ ಕಥೆ ಈಗ ಈ ಹಿಂದಿನ ಯಜ್ಞಕ್ಕೆ ಸಂಬಂಧಿಸಿದೆ.",,53,24,30,,,pending,pending,,
481,G37-S04,ರುದ್ರನ ಪರೀಕ್ಷೆ ಮತ್ತು ದುರ್ವಾಸರ ಯಾಗ,MAHABHARATA-4-AADIPARVA_djvu.txt lines 15401–15585,ರುದ್ರನು ಶ್ವೇತಕಿಯ ತಪಸ್ಸಿಗೆ ಪ್ರತಿಕ್ರಿಯಿಸಿ ಅವನ ಸಂಕಲ್ಪವನ್ನು ಪರೀಕ್ಷಿಸಿದನು. ನಂತರ ದುರ್ವಾಸರನ್ನು ಯಾಗ ನಡೆಸಲು ನಿಯೋಜಿಸಿದನು. ದುರ್ವಾಸರ ನೇತೃತ್ವದಲ್ಲಿ ರಾಜನ ಉದ್ದೇಶ ನೆರವೇರಿತು. ದೀರ್ಘಕಾಲ ನಿರಂತರವಾಗಿ ಹವಿಸ್ಸನ್ನು ಸ್ವೀಕರಿಸಿದ ಅಗ್ನಿಗೆ ಅರುಚಿ ಮತ್ತು ತೇಜಸ್ಸಿನ ಕುಂದು ಉಂಟಾಯಿತೆಂದು ಪಾಠ ವಿವರಿಸುತ್ತದೆ. ಪರಿಹಾರಕ್ಕಾಗಿ ಅವನು ಬ್ರಹ್ಮನ ಬಳಿ ಹೋದನು. ಖಾಂಡವವನವನ್ನು ಆಹಾರವಾಗಿ ಪಡೆಯುವ ಸೂಚನೆ ಅಲ್ಲಿಂದ ಬಂದಿತು. ಈ ದೈವಿಕ ಕಾರಣವಿವರಣೆಯೇ ಈಗ ಯಮುನಾತೀರದ ಬೇಡಿಕೆಗೆ ಹಿನ್ನೆಲೆ.,,47,21,27,,,pending,pending,,
482,G37-S05,ಕಾಡಿನ ಪ್ರತಿರೋಧ,MAHABHARATA-4-AADIPARVA_djvu.txt lines 15586–15795,ಅಗ್ನಿ ಹಲವು ಬಾರಿ ಕಾಡನ್ನು ಸುಡಲು ಯತ್ನಿಸಿದನು. ಆದರೆ ಖಾಂಡವದ ನಿವಾಸಿಗಳು ಅದನ್ನು ನಂದಿಸಲು ಪ್ರಯತ್ನಿಸಿದರು. ಆನೆಗಳು ನೀರು ತಂದವು; ನಾಗರು ಮತ್ತು ಇತರ ಜೀವಿಗಳೂ ತಮ್ಮ ಸಾಮರ್ಥ್ಯಕ್ಕೆ ತಕ್ಕಂತೆ ಪ್ರತಿರೋಧಿಸಿದರು. ಇಂದ್ರನ ಮಳೆಯೂ ಅಗ್ನಿಯನ್ನು ತಡೆಯಿತು. ನಿರಾಶನಾದ ಅಗ್ನಿ ಮತ್ತೆ ಬ್ರಹ್ಮನ ಬಳಿಗೆ ಹೋದನು. ಕೃಷ್ಣ ಮತ್ತು ಅರ್ಜುನರ ನೆರವು ಪಡೆಯಬೇಕೆಂಬ ದಿಕ್ಕು ದೊರೆಯಿತು. ಹೀಗಾಗಿ ಈಗ ನಡೆಯಲಿರುವ ಸಂಘರ್ಷಕ್ಕಿಂತ ಮೊದಲು ಕಾಡು ತನ್ನನ್ನು ಉಳಿಸಿಕೊಳ್ಳಲು ಮಾಡಿದ ಹೋರಾಟವೂ ಮೂಲದಲ್ಲಿದೆ.,,51,23,29,,,pending,pending,,
483,G37-S06,ಅಸ್ತ್ರ ಮತ್ತು ರಥದ ಅಗತ್ಯ,MAHABHARATA-4-AADIPARVA_djvu.txt lines 15796–16423,"ಅರ್ಜುನನು ತನ್ನ ಸಾಮರ್ಥ್ಯಕ್ಕೆ ತಕ್ಕ ಬಿಲ್ಲು, ಬಾಣ ಮತ್ತು ರಥ ಅಗತ್ಯವೆಂದನು. ಅಗ್ನಿಯ ಮೂಲಕ ವರುಣನಿಂದ ಗಾಂಡೀವ, ಅಕ್ಷಯ ಬತ್ತಳಿಕೆಗಳು ಮತ್ತು ವಿಶೇಷ ರಥ ದೊರೆಯುವ ಪ್ರಸಂಗ ಬರುತ್ತದೆ. ಕೃಷ್ಣನ ಆಯುಧಗಳ ಪರಿಚಯವೂ ಜೊತೆಯಾಗಿದೆ. ಈ ಅಸ್ತ್ರಗಳನ್ನು ಇಲ್ಲಿಂದ ಮುಂದಕ್ಕೆ ಒಂದೇ ರೂಪದಲ್ಲಿ ಉಳಿಸಬೇಕು. ಅವು ದೊರೆಯುವ ಮುನ್ನಿನ ಅರ್ಜುನನಿಗೆ ಇದೇ ಗಾಂಡೀವವನ್ನು ಕೊಟ್ಟಂತೆ ಕಥೆಯನ್ನು ಹಿಂದಕ್ಕೆ ಬದಲಿಸಲಾಗದು. ಸಿದ್ಧತೆ ಮುಗಿದ ಮೇಲೆ ಇಬ್ಬರೂ ಅಗ್ನಿಗೆ ನೆರವಾಗಲು ನಿಂತರು.",,49,22,28,,,pending,pending,,
484,G37-S07,ಹೊತ್ತಿಕೊಂಡ ಖಾಂಡವ,MAHABHARATA-4-AADIPARVA_djvu.txt lines 16424–16700,"ಅಗ್ನಿ ಖಾಂಡವವನ್ನು ಆವರಿಸತೊಡಗಿದನು. ಅರ್ಜುನನ ಬಾಣಗಳು ಮತ್ತು ಕೃಷ್ಣನ ಕ್ರಿಯೆಯಿಂದ ಹೊರಬರುವ ದಾರಿಗಳು ತಡೆಯಲ್ಪಟ್ಟವು. ಪ್ರಾಣಿಗಳು ಭಯದಿಂದ ಓಡಿದವು; ಪಕ್ಷಿಗಳ ಕೂಗು ಮತ್ತು ನಿವಾಸಿಗಳ ಆಕ್ರಂದನ ಎಲ್ಲೆಡೆ ಕೇಳಿಸಿತು. ಮೂಲವು ಈ ವಿನಾಶವನ್ನು ಸ್ಪಷ್ಟವಾಗಿ ಹೇಳುತ್ತದೆ. ಆದ್ದರಿಂದ ವೀರರ ಅಸ್ತ್ರಕೌಶಲವನ್ನು ಮಾತ್ರ ಹೇಳಿ ಜೀವಹಾನಿಯನ್ನು ಮರೆಮಾಡಲಾಗದು. ದೈವಿಕ ಉದ್ದೇಶದ ವಿವರಣೆ ಒಂದು ಕಡೆ ಇದ್ದರೂ, ಕಥೆಯೊಳಗಿನ ಭಯ ಮತ್ತು ನಷ್ಟ ಮತ್ತೊಂದು ಕಡೆ ಇದೆ. ಎರಡನ್ನೂ ಕೇಳಿದಾಗಲೇ ಘಟನೆಯ ಸಂಪೂರ್ಣ ಭಾರ ಅರಿವಾಗುತ್ತದೆ.",,52,23,30,,,pending,pending,,
485,G37-S08,ಅಶ್ವಸೇನನ ಪಾರಾಗುವಿಕೆ,MAHABHARATA-4-AADIPARVA_djvu.txt lines 16701–16920,ಈ ಸಮಯದಲ್ಲಿ ತಕ್ಷಕನು ಕಾಡಿನ ಹೊರಗಿದ್ದನು. ಅವನ ಮಗ ಅಶ್ವಸೇನನು ಅಪಾಯಕ್ಕೆ ಸಿಕ್ಕಿದ್ದನು. ತಾಯಿ ಅವನನ್ನು ಉಳಿಸಲು ಯತ್ನಿಸಿದಳು; ಆದರೆ ಅವಳು ಅರ್ಜುನನ ಬಾಣಕ್ಕೆ ಬಲಿಯಾದಳು. ಇಂದ್ರನ ನೆರವಿನಿಂದ ಅಶ್ವಸೇನ ಪಾರಾದನು. ಈ ಘಟನೆ ಅವನ ಮನಸ್ಸಿನಲ್ಲಿ ಅರ್ಜುನನ ಮೇಲಿನ ವೈರವಿಗೆ ಕಾರಣವಾಯಿತು. ಭಾಷ್ಯವು ಮುಂದೆ ಕರ್ಣನ ಬತ್ತಳಿಕೆಗೆ ಸೇರುವ ಅವನ ಪ್ರಸಂಗವನ್ನು ಮುಂಚಿತವಾಗಿ ಸೂಚಿಸುತ್ತದೆ. ಅದು ಭವಿಷ್ಯದ ಉಲ್ಲೇಖ; ಈಗಿನ ಖಾಂಡವಯುದ್ಧದಲ್ಲಿ ಕರ್ಣ ಇದ್ದನೆಂಬ ಅರ್ಥವಲ್ಲ.,,48,21,27,,,pending,pending,,
486,G37-S09,ಇಂದ್ರನ ಮಳೆ ಮತ್ತು ಸಮರ,MAHABHARATA-4-AADIPARVA_djvu.txt lines 16921–17273,"ಇಂದ್ರನು ಮಳೆ ಸುರಿಸಿದಾಗ ಅರ್ಜುನನು ಅದನ್ನು ಎದುರಿಸುವ ಬಾಣಮಯ ಆವರಣ ನಿರ್ಮಿಸಿದನು. ದೇವತೆಗಳೊಂದಿಗೆ ಇಂದ್ರ ಯುದ್ಧಕ್ಕೆ ಬಂದನು. ಆಕಾಶದ ಬಲಕ್ಕೂ ಭೂಮಿಯಲ್ಲಿ ನಿಂತ ಇಬ್ಬರ ಪ್ರತಿಕ್ರಿಯೆಗೂ ನಡುವೆ ಸಮರ ತೀವ್ರವಾಯಿತು. ಕೃಷ್ಣ ಮತ್ತು ಅರ್ಜುನರ ಸಾಮರ್ಥ್ಯವನ್ನು ಪಾಠ ಇಲ್ಲಿ ವಿಸ್ತಾರವಾಗಿ ವರ್ಣಿಸುತ್ತದೆ. ಆದರೆ ದೀರ್ಘ ಯುದ್ಧದ ಮಧ್ಯೆಯೂ ಕಾಡಿನ ನಾಶ ನಿಲ್ಲಲಿಲ್ಲ. ಈಗ ಇಂದ್ರನಿಗೆ ಈ ಸಂಘರ್ಷವನ್ನು ಮುಂದುವರಿಸಬೇಕೋ, ಹಿಂದೆ ಸರಿಯಬೇಕೋ ಎಂಬ ಹೊಸ ದಿಕ್ಕು ದೊರೆಯಲಿದೆ.",,48,21,27,,,pending,pending,,
487,G38-S01,ದೇವತೆಗಳ ಹಿಂತಿರುಗುವಿಕೆ,MAHABHARATA-4-AADIPARVA_djvu.txt lines 17274–17530,ಕೃಷ್ಣ ಮತ್ತು ಅರ್ಜುನರ ಎದುರು ದೇವಗಣಗಳ ಸಮರ ಮುಂದುವರಿದಿತು. ಅಶರೀರವಾಣಿಯ ಮೂಲಕ ಅವರ ದೈವಿಕ ಸಂಬಂಧ ಮತ್ತು ಈ ಕಾರ್ಯದ ಕುರಿತು ಇಂದ್ರನಿಗೆ ತಿಳಿಸಲ್ಪಟ್ಟಿತು. ತಕ್ಷಕ ಕಾಡಿನಲ್ಲಿಲ್ಲವೆಂಬ ಸಂಗತಿಯೂ ಮುಖ್ಯವಾಗಿತ್ತು. ಕೊನೆಗೆ ಇಂದ್ರನು ಯುದ್ಧದಿಂದ ಹಿಂದೆ ಸರಿದನು. ಅಗ್ನಿಯ ದಹನ ಮುಂದುವರಿಯಿತು. ಈ ಹಿಂತಿರುಗುವಿಕೆ ಕೃಷ್ಣ ಮತ್ತು ಅರ್ಜುನ ಇಂದ್ರನನ್ನು ಕೊಂದರೆಂಬ ಅರ್ಥವಲ್ಲ. ದೈವಿಕ ಸಂಘರ್ಷದ ದಿಕ್ಕು ಬದಲಾಗಿದ್ದು ಮುಂದಿನ ಸಂಭಾಷಣೆಗೆ ಅವಕಾಶ ಉಳಿದಿದೆ.,,46,20,26,,,pending,pending,,
488,G38-S02,ಮಯನ ಕೂಗು,MAHABHARATA-4-AADIPARVA_djvu.txt lines 17531–17665,ತಕ್ಷಕನ ನಿವಾಸದ ಭಾಗದಿಂದ ಮಯನು ಹೊರಗೆ ಓಡಿಬಂದನು. ಅಗ್ನಿಯೂ ಕೃಷ್ಣನ ಚಕ್ರವೂ ತನ್ನ ಎದುರಿರುವುದನ್ನು ಕಂಡು ಅರ್ಜುನನನ್ನು ರಕ್ಷಣೆಗಾಗಿ ಕರೆದನು. ಅರ್ಜುನನು ಅವನಿಗೆ ಅಭಯ ನೀಡಿದನು. ಆ ಮಾತಿನ ನಂತರ ಕೃಷ್ಣನು ಅವನನ್ನು ಕೊಲ್ಲಲಿಲ್ಲ; ಅಗ್ನಿಯೂ ಅವನನ್ನು ದಹಿಸಲಿಲ್ಲ. ಮಯನ ಜೀವದಾನ ಮುಂದಿನ ಸಭಾಪರ್ವಕ್ಕೆ ನೇರ ಕಾರಣವಾಗಲಿದೆ. ಈಗ ಅವನಿಗೆ ಅರಮನೆ ಕಟ್ಟುವ ಆಜ್ಞೆ ಇನ್ನೂ ಬಂದಿಲ್ಲ. ಮೊದಲು ಜೀವ ಉಳಿದ ವ್ಯಕ್ತಿ; ನಂತರ ತನ್ನ ಕೃತಜ್ಞತೆಯನ್ನು ಹೇಗೆ ಸಲ್ಲಿಸಬೇಕು ಎಂದು ಕೇಳುವ ಕಲಾವಿದ.,,53,24,30,,,pending,pending,,
489,G38-S03,ಆರು ಜೀವಗಳ ಉಲ್ಲೇಖ,MAHABHARATA-4-AADIPARVA_djvu.txt lines 17666–17722,"ಈ ಅಧ್ಯಾಯವು ಅಶ್ವಸೇನ, ಮಯ ಮತ್ತು ನಾಲ್ಕು ಶಾರ್ಙ್ಗಪಕ್ಷಿಗಳ ಮಕ್ಕಳು ದಹನದಿಂದ ಉಳಿದರೆಂದು ಎಣಿಸುತ್ತದೆ. ಕಾಡಿನೊಳಗೆ ಇರದ ತಕ್ಷಕನನ್ನು ಈ ಆರು ಮಂದಿಯೊಳಗೆ ಸೇರಿಸಬಾರದು. ದಹನದ ಅವಧಿಗೂ ಈ ಭಾಗದಲ್ಲಿ ಸಂಖ್ಯೆ ಬರುತ್ತದೆ; ನಂತರದ ಅಂತ್ಯಭಾಗದಲ್ಲಿ ಬೇರೆ ಅವಧಿ ಉಲ್ಲೇಖವಿದೆ. ಅದು ಮೂಲದ ಪರಿಶೀಲನೆಗೆ ಉಳಿಯುವ ವ್ಯತ್ಯಾಸ. ಈಗ ಜನಮೇಜಯನಿಗೆ ವಿಶೇಷ ಪ್ರಶ್ನೆ ಹುಟ್ಟುತ್ತದೆ: ಮಯ ಮತ್ತು ನಾಗನ ಪಾರಾಗುವಿಕೆ ಕೇಳಿದೆವು; ಹಾರಲಾರದ ಪಕ್ಷಿಮರಿಗಳು ಹೇಗೆ ಉಳಿದವು?",,48,21,27,,,pending,pending,,
490,G38-S04,ಮಂದಪಾಲನ ಅಪೂರ್ಣತೆ,MAHABHARATA-4-AADIPARVA_djvu.txt lines 17723–17900,"ವೈಶಂಪಾಯನರು ಮಂದಪಾಲನ ಕಥೆಯನ್ನು ಆರಂಭಿಸಿದರು. ತಪಸ್ಸು ಮಾಡಿದ ಮಂದಪಾಲನಿಗೆ ಸಂತತಿಯಿಲ್ಲದ ಕಾರಣ ತನ್ನ ಸ್ಥಿತಿ ಅಪೂರ್ಣವೆಂದು ತಿಳಿಸಲ್ಪಟ್ಟಿತು. ಸಂತಾನ ಪಡೆಯಲು ಅವನು ಪಕ್ಷಿರೂಪವನ್ನು ಧರಿಸಿದನು. ಜರಿತೆಯೊಂದಿಗೆ ಸಂಬಂಧದಿಂದ ನಾಲ್ಕು ಮೊಟ್ಟೆಗಳು ಬಂದವು. ಈ ಜನ್ಮಕಥೆಗೆ ಋಣ, ಸಂತತಿ ಮತ್ತು ಪಿತೃಲೋಕದ ಕುರಿತು ಪೌರಾಣಿಕ ನಂಬಿಕೆಯ ಹಿನ್ನೆಲೆ ಇದೆ. ಅದನ್ನು ಆ ಕಥೆಯ ದೃಷ್ಟಿಯಲ್ಲೇ ವಿವರಿಸಬೇಕು; ಎಲ್ಲಾ ಮಾನವರ ಬದುಕನ್ನು ಒಂದೇ ಅಳತೆಯಲ್ಲಿ ತೀರ್ಪು ಮಾಡುವ ಮಾತಾಗಿಸಬಾರದು.",,47,21,27,,,pending,pending,,
491,G38-S05,ಜರಿತೆಯ ನಾಲ್ಕು ಮಕ್ಕಳು,MAHABHARATA-4-AADIPARVA_djvu.txt lines 17901–18010,"ಪಕ್ಷಿರೂಪದ ಮಂದಪಾಲ ಮತ್ತು ಜರಿತೆಗೆ ಜರಿತಾರಿ, ಸಾರಿಸೃಕ್ಕ, ಸ್ತಂಬಮಿತ್ರ ಮತ್ತು ದ್ರೋಣ ಎಂಬ ನಾಲ್ಕು ಮಕ್ಕಳು ಜನಿಸಿದರು. ಇಲ್ಲಿ ದ್ರೋಣ ಎಂಬುದು ಪಕ್ಷಿಮರಿಯ ಹೆಸರು; ಪಾಂಡವರ ಗುರು ದ್ರೋಣಾಚಾರ್ಯರಲ್ಲ. ತಂದೆ ಲಪಿತೆಯ ಕಡೆಗೆ ಹೋದಾಗ ಜರಿತೆ ಮರಿಗಳನ್ನು ನೋಡಿಕೊಂಡಳು. ಇನ್ನೂ ಹಾರಲು ಸಾಧ್ಯವಾಗದ ಮಕ್ಕಳನ್ನು ಬಿಟ್ಟು ಹೋಗಲಾಗದೆ ಅವಳು ಅವುಗಳಿಗೆ ಆಹಾರ, ಆಶ್ರಯ ಮತ್ತು ರಕ್ಷಣೆ ನೀಡುತ್ತಿದ್ದಳು. ಈಗ ಖಾಂಡವದ ಬೆಂಕಿ ಅವರ ಗೂಡಿನತ್ತ ಬರುತ್ತಿದೆ.",,47,21,27,,,pending,pending,,
492,G38-S06,ಅಗ್ನಿಯಿಂದ ಪಡೆದ ಮಾತು,MAHABHARATA-4-AADIPARVA_djvu.txt lines 18011–18071,ಬೆಂಕಿಯ ಅಪಾಯ ತಿಳಿದ ಮಂದಪಾಲನು ಅಗ್ನಿಯನ್ನು ಪ್ರಾರ್ಥಿಸಿ ತನ್ನ ಮಕ್ಕಳನ್ನು ಉಳಿಸಬೇಕೆಂದನು. ಅಗ್ನಿಯಿಂದ ಭರವಸೆ ದೊರೆಯಿತು. ಆದರೆ ಗೂಡಿನಲ್ಲಿರುವ ಜರಿತೆ ಮತ್ತು ಮಕ್ಕಳಿಗೆ ಆ ಭರವಸೆಯ ಸಂಪೂರ್ಣ ಅರಿವು ಇರಲಿಲ್ಲ. ಈ ವ್ಯತ್ಯಾಸ ಮುಖ್ಯ: ದೂರದಲ್ಲಿರುವ ತಂದೆಗೆ ಮಾತು ಸಿಕ್ಕಿದೆ; ಸಮೀಪಿಸುತ್ತಿರುವ ಬೆಂಕಿಯ ಮುಂದೆ ತಾಯಿ ತನ್ನಿಂದಾಗುವ ರಕ್ಷಣೆಯನ್ನು ಹುಡುಕುತ್ತಿದ್ದಾಳೆ. ಮುಂದೆ ಮಂದಪಾಲನು ತನ್ನ ಗೈರುಹಾಜರಿಗೆ ನೀಡುವ ವಿವರಣೆಗೂ ಇದೇ ಮಾತು ಆಧಾರವಾಗಲಿದೆ.,,45,20,26,,,pending,pending,,
493,G38-S07,ತಾಯಿಯ ಮುಂದೆ ಅಸಾಧ್ಯ ಆಯ್ಕೆ,MAHABHARATA-4-AADIPARVA_djvu.txt lines 18072–18220,"ಜರಿತೆ ಬೆಂಕಿ ಹತ್ತಿರ ಬರುತ್ತಿರುವುದನ್ನು ಕಂಡಳು. ನಾಲ್ಕು ಮರಿಗಳನ್ನೂ ಒಂದೇ ಬಾರಿ ಕೊಂಡೊಯ್ಯಲು ಸಾಧ್ಯವಿರಲಿಲ್ಲ. ಒಂದನ್ನು ಉಳಿಸಿ ಉಳಿದವರನ್ನು ಬಿಡಲು ಮನಸ್ಸಿರಲಿಲ್ಲ. ಹತ್ತಿರದ ಇಲಿಯ ಬಿಲದಲ್ಲಿ ಅವರನ್ನು ಮರೆಮಾಡುವ ಯೋಚನೆ ಮಾಡಿದಳು. ಮಕ್ಕಳು ಅಲ್ಲಿ ಇರುವ ಅಪಾಯವನ್ನು ಪ್ರಶ್ನಿಸಿದವು. ಹೊರಗೆ ಬೆಂಕಿ, ಒಳಗೆ ತಿಳಿಯದ ಜೀವಿಯ ಭಯ. ತಾಯಿಯ ಪ್ರಯತ್ನವೂ ಮಕ್ಕಳ ವಿಚಾರಶಕ್ತಿಯೂ ಇಲ್ಲಿ ಸಂಭಾಷಣೆಯಾಗಿ ಎದುರಾಗುತ್ತವೆ. ಚಿಕ್ಕವರಾದರೂ ಅವು ಭಯದ ನಡುವೆ ತರ್ಕಿಸುತ್ತವೆ.",,46,20,26,,,pending,pending,,
494,G38-S08,ಮಕ್ಕಳ ಮನವಿ,MAHABHARATA-4-AADIPARVA_djvu.txt lines 18221–18316,ಮಕ್ಕಳು ತಾಯಿಗೆ ತನ್ನ ಜೀವ ಉಳಿಸಿಕೊಳ್ಳುವಂತೆ ಹೇಳಿದವು. ಅವಳು ಬದುಕಿದರೆ ಮತ್ತೆ ಸಂತತಿ ಸಾಧ್ಯ; ಎಲ್ಲರೂ ಒಂದೇ ಜಾಗದಲ್ಲಿ ಸತ್ತರೆ ಏನೂ ಉಳಿಯುವುದಿಲ್ಲವೆಂದು ವಾದಿಸಿದವು. ಜರಿತೆಗೆ ಅವರನ್ನು ಬಿಟ್ಟುಹೋಗುವುದು ಅಸಹ್ಯವಾದ ನೋವು. ಆದರೂ ಮಕ್ಕಳು ಅವಳನ್ನು ಒತ್ತಾಯಿಸಿದವು. ಈ ಸಂಭಾಷಣೆಯಲ್ಲಿ ಮರಣಭಯಕ್ಕಿಂತ ತಾಯಿಯ ಬದುಕಿನ ಕಾಳಜಿ ಕಾಣುತ್ತದೆ. ಮುಂದಿನ ಅಧ್ಯಾಯದಲ್ಲಿ ಬಿಲದ ಕುರಿತು ಅವರ ವಾದ ಮುಂದುವರಿಯುತ್ತದೆ; ನಂತರ ಅಗ್ನಿಯ ಮುಂದೆ ತಮ್ಮ ಮಾತನ್ನೇ ರಕ್ಷಣೆಯಾಗಿ ನಿಲ್ಲಿಸುತ್ತವೆ.,,48,21,27,,,pending,pending,,
495,G39-S01,ಬಿಲದ ಬಗ್ಗೆ ವಾದ,MAHABHARATA-4-AADIPARVA_djvu.txt lines 18317–18440,ಬಿಲದಲ್ಲಿದ್ದ ಇಲಿಯನ್ನು ಶ್ಯೇನಪಕ್ಷಿ ಕೊಂಡೊಯ್ದದ್ದನ್ನು ತಾನು ಕಂಡೆ ಎಂದು ಜರಿತೆ ಹೇಳಿದಳು. ಆದ್ದರಿಂದ ಒಳಗೆ ಹೋಗಬಹುದು ಎಂದು ಮನವೊಲಿಸಲು ಪ್ರಯತ್ನಿಸಿದಳು. ಮಕ್ಕಳು ಆ ಮಾಹಿತಿಯನ್ನು ಸಂಪೂರ್ಣ ಖಚಿತವೆಂದು ಒಪ್ಪಲಿಲ್ಲ. ಒಂದೇ ಅಪಾಯದಿಂದ ತಪ್ಪಲು ಇನ್ನೊಂದು ಖಚಿತವಾಗದ ಅಪಾಯಕ್ಕೆ ಹೋಗಬೇಕೇ ಎಂದು ಪ್ರಶ್ನಿಸಿದವು. ಬೆಂಕಿಯ ನಡುವೆ ನಡೆಯುವ ಈ ಚರ್ಚೆ ಕೇವಲ ವಿಳಂಬವಲ್ಲ. ಬದುಕುಳಿಯಲು ಮಾಹಿತಿ ಎಷ್ಟು ವಿಶ್ವಾಸಾರ್ಹ ಎಂಬುದನ್ನು ಅಳೆಯುವ ಸಣ್ಣ ಜೀವಿಗಳ ಪ್ರಯತ್ನ. ಕೊನೆಗೆ ಅವು ತಮ್ಮ ಸ್ಥಾನದಲ್ಲೇ ಉಳಿಯಲು ನಿರ್ಧರಿಸಿದವು.,,52,23,30,,,pending,pending,,
496,G39-S02,ಜರಿತಾರಿಯ ಚಿಂತನೆ,MAHABHARATA-4-AADIPARVA_djvu.txt lines 18441–18525,"ತಾಯಿ ದೂರವಾದ ಮೇಲೆ ಹಿರಿಯ ಮರಿ ಜರಿತಾರಿ ಸಮೀಪಿಸುತ್ತಿರುವ ಅಗ್ನಿಯನ್ನು ಗಮನಿಸಿತು. ಅಪಾಯ ಬರುವ ಮೊದಲು ಎಚ್ಚರಿಕೆ ಮತ್ತು ಅಪಾಯ ಬಂದಾಗ ಸ್ಥಿರಬುದ್ಧಿ ಬೇಕೆಂಬ ಅರ್ಥದ ಮಾತುಗಳು ಬಂದವು. ಈಗ ತಮ್ಮಿಂದ ಓಡಲಾಗದು; ಆದರೆ ಮಾತಾಡಬಹುದು, ಪ್ರಾರ್ಥಿಸಬಹುದು. ಉಳಿದ ಮರಿಗಳೂ ತಮ್ಮ ತಮ್ಮ ವಿಚಾರವನ್ನು ತಿಳಿಸತೊಡಗಿದವು. ಅವರ ದೇಹ ಸಣ್ಣದು; ಅವರ ಮಾತುಗಳಲ್ಲಿ ಋಷಿಜ್ಞಾನದ ಛಾಯೆ ಇದೆ ಎಂದು ಕಥೆ ಅವರನ್ನು ಪರಿಚಯಿಸುತ್ತದೆ. ಅಗ್ನಿಯನ್ನು ನಾಶಮಾಡುವವನೆಂದು ಮಾತ್ರವಲ್ಲ, ವಿಶ್ವದ ಶಕ್ತಿಯ ರೂಪವೆಂದೂ ಉದ್ದೇಶಿಸುತ್ತವೆ.",,52,23,30,,,pending,pending,,
497,G39-S03,ನಾಲ್ಕು ಧ್ವನಿಗಳ ಸ್ತೋತ್ರ,MAHABHARATA-4-AADIPARVA_djvu.txt lines 18526–18655,"ಜರಿತಾರಿ, ಸಾರಿಸೃಕ್ಕ, ಸ್ತಂಬಮಿತ್ರ ಮತ್ತು ದ್ರೋಣ ತಮ್ಮ ತಮ್ಮ ರೀತಿಯಲ್ಲಿ ಅಗ್ನಿಯನ್ನು ಸ್ತುತಿಸಿದವು. ಅವನ ವಿಶ್ವವ್ಯಾಪಕ ಶಕ್ತಿ, ಜಲ ಮತ್ತು ಸಸ್ಯಗಳೊಂದಿಗಿನ ಸಂಬಂಧ, ಯಜ್ಞದ ಪಾತ್ರ ಮತ್ತು ರಕ್ಷಣೆಯ ಸಾಮರ್ಥ್ಯವನ್ನು ಪ್ರಾರ್ಥನೆಯಲ್ಲಿ ನೆನಪಿಸಿದವು. ತಾಯಿ ಇಲ್ಲದ, ರೆಕ್ಕೆ ಬಲವಿಲ್ಲದ ತಮ್ಮ ಸ್ಥಿತಿಯನ್ನು ತಿಳಿಸಿ ಕರುಣೆ ಬೇಡಿದವು. ಈ ಭಾಗದಲ್ಲಿ ನಾಲ್ವರ ಪ್ರಾರ್ಥನೆಗಳನ್ನು ಒಂದೇ ಅನಾಮಿಕ ಕೂಗಾಗಿಸಬಾರದು. ಪ್ರತಿ ಮರಿಯ ಮಾತಿಗೂ ತನ್ನ ಸ್ಥಾನವಿದೆ; ಅಗ್ನಿಯ ಪ್ರತಿಕ್ರಿಯೆಗೆ ಅವೆಲ್ಲವೂ ಕಾರಣವಾಗುತ್ತವೆ.",,49,22,28,,,pending,pending,,
498,G39-S04,ಅಗ್ನಿಯ ಅಭಯ,MAHABHARATA-4-AADIPARVA_djvu.txt lines 18656–18793,ಅಗ್ನಿ ಮಕ್ಕಳ ಸ್ತೋತ್ರಕ್ಕೆ ಪ್ರಸನ್ನನಾಗಿ ಅವುಗಳನ್ನು ಬಿಡಿಸಿದನು. ತಂದೆಗೆ ಕೊಟ್ಟಿದ್ದ ಭರವಸೆಯೂ ಇಲ್ಲಿ ನೆನಪಾಗುತ್ತದೆ. ಮಕ್ಕಳ ಸುತ್ತಲಿನ ವಿನಾಶದ ನಡುವೆ ಅವು ಜೀವಂತವಾಗಿ ಉಳಿದವು. ರಕ್ಷಣೆ ದೊರೆತರೂ ಕಾಡೆಲ್ಲ ಮೊದಲಿನಂತೆ ಮರಳಲಿಲ್ಲ. ಒಂದು ಗೂಡು ಉಳಿದಿದೆ; ಅದರ ಸುತ್ತಲಿನ ಲೋಕ ಬದಲಾಗಿದೆ. ಈ ವ್ಯತ್ಯಾಸವೇ ಖಾಂಡವದ ಅಂತ್ಯವನ್ನು ಕೇವಲ ಹರ್ಷದ ದೃಶ್ಯವಾಗುವುದರಿಂದ ತಡೆಯುತ್ತದೆ. ಬೇಗನೆ ಜರಿತೆ ಮರಳಿ ಬಂದು ತನ್ನ ಮಕ್ಕಳನ್ನು ನೋಡುವಳು.,,45,20,26,,,pending,pending,,
499,G39-S05,ಲಪಿತೆಯ ಪ್ರಶ್ನೆ,MAHABHARATA-4-AADIPARVA_djvu.txt lines 18794–19005,"ಮಕ್ಕಳ ಕುರಿತು ಚಿಂತಿಸುತ್ತಿದ್ದ ಮಂದಪಾಲನಿಗೆ ಲಪಿತೆ ಪ್ರಶ್ನೆ ಕೇಳಿದಳು. ಅವನು ಜರಿತೆಯತ್ತ ಮರಳಲು ಬಯಸುತ್ತಿರುವುದನ್ನು ಅವಳು ತನ್ನ ಸಂಬಂಧದ ದೃಷ್ಟಿಯಿಂದ ಅರ್ಥಮಾಡಿಕೊಂಡಳು. ಮಂದಪಾಲನು ತನ್ನ ಕಾಳಜಿ ಮಕ್ಕಳಿಗಾಗಿ ಎಂದನು. ತಂದೆಯ ಜವಾಬ್ದಾರಿ, ಇಬ್ಬರು ಸಂಗಾತಿಗಳೊಂದಿಗೆ ಅವನ ಸಂಬಂಧ ಮತ್ತು ಅವನ ಗೈರುಹಾಜರಿ ಕುರಿತು ಅಸಮಾಧಾನ ಹೊರಬಂತು. ಅವರ ಮಾತುಗಳು ಅವರ ನೋವು ಮತ್ತು ಸಮರ್ಥನೆಯ ಭಾಗ.",,40,18,23,,,pending,pending,,
500,G39-S06,ಜರಿತೆಯ ಬಳಿಗೆ ಮರಳಿದ ತಂದೆ,MAHABHARATA-4-AADIPARVA_djvu.txt lines 19006–19252,"ಮಂದಪಾಲನು ಜರಿತೆ ಮತ್ತು ಮಕ್ಕಳ ಬಳಿಗೆ ಬಂದನು. ಮಕ್ಕಳನ್ನು ಜೀವಂತವಾಗಿ ಕಂಡರೂ ತಕ್ಷಣ ಸಂತೋಷದ ಸ್ವಾಗತ ಮಾತ್ರ ದೊರೆಯಲಿಲ್ಲ. ಕಷ್ಟದ ಸಮಯದಲ್ಲಿ ಅವನು ಎಲ್ಲಿದ್ದನೆಂಬ ಪ್ರಶ್ನೆ ಇತ್ತು. ಮಂದಪಾಲನು ಅಗ್ನಿಯಿಂದ ಮುಂಚಿತವಾಗಿ ಮಾತು ಪಡೆದಿದ್ದೇನೆ, ನಿಮ್ಮ ಜ್ಞಾನ ಮತ್ತು ತಾಯಿಯ ಧರ್ಮವನ್ನು ತಿಳಿದಿದ್ದೇನೆ ಎಂದು ವಿವರಿಸಿದನು. ಮಕ್ಕಳು ಅವನನ್ನು ಸ್ವೀಕರಿಸಿದವು. ಕೊನೆಗೆ ಜರಿತೆ ಮತ್ತು ಮಕ್ಕಳೊಂದಿಗೆ ಅವನು ಬೇರೆ ಸ್ಥಳಕ್ಕೆ ಹೊರಟನು. ಬದುಕುಳಿದ ಕುಟುಂಬಕ್ಕೆ ಈಗ ಹೊಸ ಆಶ್ರಯ ಬೇಕಿತ್ತು.",,50,22,29,,,pending,pending,,
501,G39-S07,ಇಂದ್ರನ ವರದ ಷರತ್ತು,MAHABHARATA-4-AADIPARVA_djvu.txt lines 19274–19335,ಇಂದ್ರನು ಮರಳಿ ಬಂದು ಕೃಷ್ಣ ಮತ್ತು ಅರ್ಜುನರ ಕಾರ್ಯದ ಕುರಿತು ಮಾತನಾಡಿ ವರ ಕೇಳಲು ಹೇಳಿದನು. ಅರ್ಜುನನು ದಿವ್ಯಾಸ್ತ್ರಗಳನ್ನು ಬಯಸಿದನು. ರುದ್ರದೇವರ ಅನುಗ್ರಹ ದೊರೆಯುವ ಕಾಲದಲ್ಲಿ ಅವುಗಳನ್ನು ನೀಡುವುದಾಗಿ ಇಂದ್ರನು ಷರತ್ತು ತಿಳಿಸಿದನು. ಆದ್ದರಿಂದ ಎಲ್ಲಾ ದಿವ್ಯಾಸ್ತ್ರಗಳು ಈಗಲೇ ಅರ್ಜುನನ ಕೈಗೆ ಬಂದವೆಂದು ಹೇಳಲಾಗದು. ಕೃಷ್ಣನು ಅರ್ಜುನನೊಂದಿಗೆ ಶಾಶ್ವತ ಪ್ರೀತಿ ಇರಲೆಂದು ಕೇಳಿದನು. ಸಮರದ ನಂತರ ಇಲ್ಲಿ ಉಳಿಯುವ ಮುಖ್ಯ ಸಂಬಂಧ ಇಬ್ಬರ ನಡುವಿನ ಈ ಸ್ನೇಹ.,,48,21,27,,,pending,pending,,
502,G39-S08,ನದೀತೀರದ ಮೂರು ವ್ಯಕ್ತಿಗಳು,MAHABHARATA-4-AADIPARVA_djvu.txt lines 19266–19391,"ಅಗ್ನಿ ತೃಪ್ತನಾಗಿ ಇಬ್ಬರಿಗೆ ಹೊರಡಲು ಅನುಮತಿ ನೀಡಿದನು. ಕೃಷ್ಣ, ಅರ್ಜುನ ಮತ್ತು ಜೀವ ಉಳಿದ ಮಯನು ನದೀತೀರದಲ್ಲಿ ಕುಳಿತರು. ಇಲ್ಲಿ ಆದಿಪರ್ವ ಮುಗಿಯುತ್ತದೆ. ಕಾಡಿನ ಅಗ್ನಿಯಿಂದ ಪಾರಾದ ಕಲಾವಿದನ ಕೃತಜ್ಞತೆ ಇನ್ನೂ ವ್ಯಕ್ತವಾಗಬೇಕಿದೆ. ಪಾಂಡವರು ಕುಟುಂಬ, ವಂಶ, ಶಿಕ್ಷಣ, ಅಪಾಯ, ವಿವಾಹ ಮತ್ತು ರಾಜ್ಯದ ದಾರಿಯನ್ನು ದಾಟಿದ್ದಾರೆ. ಮುಂದೆ ಸಭೆ, ರಾಜಧರ್ಮ ಮತ್ತು ಮಹಾಯಜ್ಞದ ಸಂಕಲ್ಪ ಬರುತ್ತವೆ. ಆದರೆ ಈ ಸಂಗ್ರಹದಲ್ಲಿ ಸಭಾಪರ್ವವೂ ಜರಾಸಂಧನ ಅಂತ್ಯ ಮತ್ತು ಬಂಧಿತ ರಾಜರ ಬಿಡುಗಡೆಯವರೆಗೆ ಮಾತ್ರ ದೊರೆಯುತ್ತದೆ.",,53,24,30,,,pending,pending,,
503,G39-S09,ದಹನದ ಅವಧಿಯ ಪಾಠಭೇದ,MAHABHARATA-4-AADIPARVA_djvu.txt lines 17666–19391,ಖಾಂಡವದಹನದ ಅವಧಿಯನ್ನು ಹೇಳುವಾಗ ಈ ಪಠ್ಯದಲ್ಲಿ ಗಮನಿಸಬೇಕಾದ ವ್ಯತ್ಯಾಸವಿದೆ. ಇನ್ನೂರ ಮೂವತ್ತೆರಡನೆಯ ಅಧ್ಯಾಯದಲ್ಲಿ ಹದಿನೈದು ದಿನಗಳ ಉಲ್ಲೇಖ ಬರುತ್ತದೆ. ಇನ್ನೂರ ಮೂವತ್ತೇಳನೆಯ ಅಧ್ಯಾಯದ ಕೊನೆಯಲ್ಲಿ ಇಪ್ಪತ್ತೊಂದು ದಿನಗಳ ಉಲ್ಲೇಖವಿದೆ. ಈ ಎರಡನ್ನೂ ಮರೆಮಾಡಿ ಒಂದೇ ಸಂಖ್ಯೆಯನ್ನು ಖಚಿತವೆಂದು ಹೇಳುವುದಕ್ಕಿಂತ ಮೂಲದಲ್ಲಿರುವ ಭೇದವನ್ನು ತಿಳಿದುಕೊಳ್ಳುವುದು ಉತ್ತಮ. ಕಥೆಯ ಘಟನೆಗಳು ಸ್ಪಷ್ಟವಾಗಿವೆ; ನಿಖರ ಅವಧಿಯ ನಿರ್ಧಾರಕ್ಕೆ ಮುದ್ರಿತ ಪಾಠಗಳ ಹೋಲಿಕೆ ಅಗತ್ಯ. ಇದು ಮುಖ್ಯ ಕಥೆಯ ನಂತರದ ಮೂಲವಿವರಣೆಯಾಗಿ ಉಳಿಯುತ್ತದೆ.,,48,21,27,,,pending,pending,,
504,G40-S01,ಉಪಕಾರಕ್ಕೆ ಬೆಲೆ ಕಟ್ಟದ ಅರ್ಜುನ,MAHABHARATA-4-AADIPARVA_djvu.txt lines 19393–19615,"ಖಾಂಡವವನದ ಅಪಾಯದಿಂದ ಪಾರಾದ ಮಯನು ಅರ್ಜುನನ ಎದುರು ನಿಂತನು. ತಾನು ದಾನವರ ಶಿಲ್ಪಿ ಎಂದು ತಿಳಿಸಿ, ಜೀವ ಉಳಿಸಿದ ಉಪಕಾರಕ್ಕೆ ಪ್ರತಿಯಾಗಿ ಅವನಿಗೆ ಪ್ರಿಯವಾದ ಕಾರ್ಯವನ್ನು ಮಾಡಲು ಬಯಸಿದನು. ಅರ್ಜುನನಿಗೆ ಪ್ರತಿಫಲ ಬೇಕಿರಲಿಲ್ಲ. ಮಯನು ಸುರಕ್ಷಿತವಾಗಿ, ಸ್ನೇಹದಿಂದ ಬದುಕುವುದೇ ಸಾಕೆಂದನು. ಆದರೆ ತನ್ನ ಕೃತಜ್ಞತೆ ಕಾರ್ಯರೂಪಕ್ಕೆ ಬರಬೇಕೆಂಬ ಮಯನ ಇಚ್ಛೆಯೂ ಉಳಿದಿತ್ತು. ಆಗ ಅರ್ಜುನನು ಅವನ ಸೇವೆಯನ್ನು ಕೃಷ್ಣನ ಕಡೆಗೆ ತಿರುಗಿಸಿದನು. ವೈಯಕ್ತಿಕ ಪ್ರತಿಫಲವಾಗದ ಆ ಕೊಡುಗೆ, ಎಲ್ಲರೂ ನೋಡುವ ದೊಡ್ಡ ನಿರ್ಮಾಣಕ್ಕೆ ದಾರಿಯಾಗಲಿತ್ತು.","ಅರ್ಜುನ: ನಿನ್ನ ಪ್ರೀತಿಯೇ ಸಾಕು, ಮಯ. ನನ್ನಿಗಾಗಿ ಏನಾದರೂ ಮಾಡಬೇಕೆಂದಿದ್ದರೆ ಕೃಷ್ಣನಿಗೆ ಪ್ರಿಯವಾದ ಕಾರ್ಯವನ್ನು ಮಾಡು.",64,28,37,,,pending,pending,,
505,G40-S02,ಕೃಷ್ಣನ ನಿರ್ಮಾಣಸಂಕಲ್ಪ,MAHABHARATA-4-AADIPARVA_djvu.txt lines 19616–19745,"ಕೃಷ್ಣನು ಮಯನ ಶಿಲ್ಪಸಾಮರ್ಥ್ಯವನ್ನು ತಿಳಿದಿದ್ದನು. ಧರ್ಮರಾಜನಿಗಾಗಿ ಒಂದು ಅದ್ಭುತ ಸಭಾಭವನವನ್ನು ನಿರ್ಮಿಸಬೇಕೆಂದು ಹೇಳಿದನು. ದೇವರು, ಮನುಷ್ಯರು ಮತ್ತು ದಾನವರ ಶಿಲ್ಪಕಲ್ಪನೆಗಳ ವೈಶಿಷ್ಟ್ಯವನ್ನು ಅದರೊಳಗೆ ಒಟ್ಟುಗೂಡಿಸಬೇಕಾಗಿತ್ತು. ಮಯನು ಸ್ಥಳವನ್ನು ಪರಿಶೀಲಿಸಿ ಕೆಲಸಕ್ಕೆ ಸಿದ್ಧನಾದನು. ಶುಭಕಾಲವನ್ನು ಆಯ್ಕೆಮಾಡಿ, ಪೂಜೆ ಮತ್ತು ಸತ್ಕಾರದೊಂದಿಗೆ ನಿರ್ಮಾಣದ ಆರಂಭ ನಡೆಯಿತು. ಇದು ಒಬ್ಬ ಯೋಧನಿಗೆ ಕೊಟ್ಟ ಉಡುಗೊರೆಯಷ್ಟೇ ಆಗದೆ, ಪಾಂಡವರ ರಾಜ್ಯದ ಸಾರ್ವಜನಿಕ ವೈಭವವನ್ನು ರೂಪಿಸುವ ಕೆಲಸವಾಯಿತು. ಆ ಭವನ ಇನ್ನೂ ಕಾಣಿಸುತ್ತಿರಲಿಲ್ಲ; ಆದರೆ ಅದರ ಹೊಣೆಗಾರಿಕೆ ಈಗ ಮಯನ ಕೈಯಲ್ಲಿತ್ತು.",,53,24,30,,,pending,pending,,
506,G40-S03,ಪ್ರೀತಿಯಿಂದ ಬೀಳ್ಕೊಡುವ ಸಹೋದರರು,MAHABHARATA-4-AADIPARVA_djvu.txt lines 19746–20092,ಕೃಷ್ಣನು ತಂದೆಯನ್ನು ಕಾಣಲು ದ್ವಾರಕೆಗೆ ಹೊರಡಲು ನಿರ್ಧರಿಸಿದನು. ಪಾಂಡವರು ಅವನನ್ನು ಗೌರವದಿಂದ ಬೀಳ್ಕೊಟ್ಟರು. ಧರ್ಮರಾಜನು ಪ್ರೀತಿಯಿಂದ ರಥದ ಕಡಿವಾಣವನ್ನು ತಾನೇ ಹಿಡಿದನು. ಅರ್ಜುನನು ಚಾಮರ ಬೀಸಿದನು; ಭೀಮನು ಛತ್ರ ಹಿಡಿದನು. ನಕುಲಸಹದೇವರೂ ಸೇವೆಯಲ್ಲಿ ಸೇರಿದರು. ಸ್ವಲ್ಪದೂರ ಜೊತೆಯಾಗಿ ಬಂದ ನಂತರ ಸಹೋದರರು ಹಿಂದಿರುಗಿದರು. ಕೃಷ್ಣನು ದ್ವಾರಕೆಯನ್ನು ತಲುಪಿ ತನ್ನ ಕುಟುಂಬದವರನ್ನು ಭೇಟಿಯಾದನು. ಇಂದ್ರಪ್ರಸ್ಥದಲ್ಲಿ ಅವನ ಮಾತಿನಂತೆ ಸಭಾನಿರ್ಮಾಣದ ಕೆಲಸ ಮುಂದುವರಿಯುತ್ತಿತ್ತು. ರಾಜಮರ್ಯಾದೆಯ ಮಧ್ಯೆಯೂ ಈ ಬೀಳ್ಕೊಡುವಿಕೆಯಲ್ಲಿ ಕುಟುಂಬದ ಆತ್ಮೀಯತೆಯೇ ಮುಖ್ಯವಾಗಿತ್ತು.,,50,22,29,,,pending,pending,,
507,G40-S04,ಬಿಂದುಸರೋವರದ ಹಳೆಯ ಸಂಪತ್ತು,MAHABHARATA-4-AADIPARVA_djvu.txt lines 20093–20320,"ಮಯನು ನಿರ್ಮಾಣಕ್ಕೆ ಬೇಕಾದ ಅಪೂರ್ವ ವಸ್ತುಗಳನ್ನು ತರಲು ಹೊರಟನು. ಹಿಂದೆ ದಾನವರ ಕಾರ್ಯಗಳಿಗಾಗಿ ಸಂಗ್ರಹಿಸಿದ್ದ ಸಂಪತ್ತು ಬಿಂದುಸರೋವರದ ಬಳಿ ಉಳಿದಿತ್ತು. ಅಲ್ಲಿಂದ ಸುಂದರ ಶಿಲೆಗಳು, ಸ್ಫಟಿಕದಂತಹ ಸಭಾಸಾಮಗ್ರಿಗಳು ಮತ್ತು ಅಮೂಲ್ಯ ವಸ್ತುಗಳನ್ನು ಪಡೆದುಕೊಂಡನು. ಭೀಮನಿಗೆ ಯೋಗ್ಯವಾದ ಗದೆಯನ್ನೂ, ಅರ್ಜುನನಿಗಾಗಿ ದೇವದತ್ತವೆಂಬ ಶಂಖವನ್ನೂ ತಂದನು. ಅವುಗಳನ್ನು ಅವರವರಿಗೆ ಸಮರ್ಪಿಸಿದ ನಂತರ ಸಭೆಯ ಕೆಲಸವನ್ನು ಮುಂದುವರಿಸಿದನು. ಮಯನಿಗೆ ಹಿಂದಿನ ಕಾಲದ ನಿರ್ಮಾಣಗಳ ನೆನಪು, ಈಗ ಹೊಸ ಕೆಲಸಕ್ಕೆ ಉಪಯೋಗವಾಗುತ್ತಿತ್ತು. ಒಂದು ಹಳೆಯ ಸಂಗ್ರಹ ಇಂದ್ರಪ್ರಸ್ಥದ ಹೊಸ ವೈಭವಕ್ಕೆ ರೂಪ ಕೊಡತೊಡಗಿತು.",,55,24,31,,,pending,pending,,
508,SFSF01-S01,ಗದೆಯೂ ಶಂಖವೂ ಬಂದ ಹಳೆಯ ತಾಣ,MAHABHARATA-4-AADIPARVA_djvu.txt lines 20115–20199,"ಮಯನು ಹೊರಡುವ ಮೊದಲು ಅರ್ಜುನನಿಗೆ ತನ್ನ ಹಿಂದಿನ ಕೆಲಸವನ್ನು ನೆನಪಿಸಿದ್ದನು. ಕೈಲಾಸದ ಉತ್ತರದಲ್ಲಿ ಮೈನಾಕ ಪರ್ವತದ ಕಡೆ ಇರುವ ಬಿಂದುಸರೋವರದ ಸಮೀಪ, ದಾನವರ ಯಾಗಕ್ಕಾಗಿ ತಾನು ಸುವರ್ಣ ಮತ್ತು ಮಣಿಗಳ ಭಾಂಡಗಳನ್ನು ಮಾಡಿಟ್ಟಿದ್ದೆನೆಂದನು. ಅವು ವೃಷಪರ್ವನ ಸಭೆಯಲ್ಲಿ ಬಳಕೆಯಾಗಿದ್ದವು. ಇನ್ನೂ ಅಲ್ಲಿಯೇ ಉಳಿದಿದ್ದರೆ ಅವನ್ನು ತರುವುದಾಗಿ ಹೇಳಿದನು. ಭೀಮನಿಗಾಗಿ ತಂದ ಗದೆಗೂ ಹಿಂದಿನ ಒಡೆಯನಿದ್ದನು. ಈ ಪಾಠವು ಅವನನ್ನು ಯುವನಾಶ್ವನ ಮಗ ಮುಚುಕುಂದನೆಂದು ಗುರುತಿಸುತ್ತದೆ. ಯುದ್ಧದ ನಂತರ ಅವನು ಗದೆಯನ್ನು ಅಲ್ಲಿ ಇರಿಸಿದ್ದನು. ಚಿನ್ನದ ಬಿಂದುಗಳಿಂದ ಅಲಂಕೃತವಾದ ಆ ದೃಢ ಗದೆ ಭೀಮನ ಬಲಕ್ಕೆ ತಕ್ಕದ್ದಾಗಿತ್ತು. ದೇವದತ್ತ ಶಂಖವು ವರುಣನಿಗೆ ಸೇರಿದ್ದೆಂಬ ಹಿನ್ನೆಲೆಯೂ ಇಲ್ಲಿಯೇ ಬರುತ್ತದೆ.",,68,30,39,,,pending,pending,,
509,SFSF01-S02,ಭಗೀರಥನ ನೆನಪಿನ ಸರೋವರ,MAHABHARATA-4-AADIPARVA_djvu.txt lines 20202–20210,ಬಿಂದುಸರೋವರವು ಮಯನ ವಸ್ತುಸಂಗ್ರಹದ ಸ್ಥಳ ಮಾತ್ರವಾಗಿರಲಿಲ್ಲ. ಮೈನಾಕ ಪರ್ವತದ ಶಿಖರಗಳನ್ನು ಚಿನ್ನದಂತೆ ಕಾಂತಿಯುತವಾಗಿಯೂ ಅಮೂಲ್ಯ ಮಣಿಗಳಿಂದ ಕೂಡಿದವಾಗಿಯೂ ಕಥೆ ವರ್ಣಿಸುತ್ತದೆ. ಅದರ ಬಳಿಯ ಸರೋವರದಲ್ಲಿ ಭಗೀರಥನು ಭಾಗೀರಥಿಯಾದ ಗಂಗೆಯನ್ನು ಪ್ರತ್ಯಕ್ಷವಾಗಿ ಪಡೆದು ಅನೇಕ ವರ್ಷಗಳವರೆಗೆ ವಾಸಮಾಡಿದನೆಂದು ಹೇಳುತ್ತದೆ. ಹೀಗಾಗಿ ಮಯನು ತಲುಪಿದ ಪ್ರದೇಶದ ಪರಿಚಯವು ಒಂದು ನಿರ್ಮಾಣದ ಕೆಲಸದಿಂದ ಪವಿತ್ರ ಕ್ಷೇತ್ರದ ನೆನಪಿನತ್ತ ವಿಸ್ತರಿಸುತ್ತದೆ. ಈ ಸಂದರ್ಭದಲ್ಲಿ ಕೇಳಿಬರುವ ಭಗೀರಥನ ಹೆಸರು ಹಿಂದಿನ ಪೀಳಿಗೆಯ ನೆನಪು; ಅವನು ಮಯನ ಜೊತೆಯಲ್ಲಿ ಈಗ ಪ್ರಯಾಣಿಸುತ್ತಿರುವುದಿಲ್ಲ.,,52,23,30,,,pending,pending,,
510,SFSF01-S03,ನಾರಾಯಣನ ಯಾಗಗಳ ಕ್ಷೇತ್ರ,MAHABHARATA-4-AADIPARVA_djvu.txt lines 20213–20277,"ಈ ಕ್ಷೇತ್ರದ ಮಹಿಮೆಯನ್ನು ವಿವರಿಸುವ ಪಾಠವು ನಾರಾಯಣನು ಇಲ್ಲಿ ಅನೇಕ ಪ್ರಧಾನ ಯಾಗಗಳನ್ನು ನೆರವೇರಿಸಿದನೆಂದು ಹೇಳುತ್ತದೆ. ಮಣಿಮಯ ಯೂಪಸ್ತಂಭಗಳು ಮತ್ತು ಚಿನ್ನದಂತೆ ಬೆಳಗುವ ಪವಿತ್ರ ವೃಕ್ಷಗಳ ವರ್ಣನೆ ಬರುತ್ತದೆ. ಆ ಅಲಂಕಾರಗಳನ್ನು ವೈಭವದ ಸಲುವಾಗಿ ಮಾಡಲಾಗಿತ್ತು, ಹೆಚ್ಚುವರಿ ಪುಣ್ಯವನ್ನು ಸಂಪಾದಿಸುವ ಅಗತ್ಯದಿಂದಲ್ಲವೆಂದು ವಿವರಣೆ ತಿಳಿಸುತ್ತದೆ. ಲೋಕಸೃಷ್ಟಿಯ ನಂತರ ಸಾವಿರಾರು ಜೀವರುಗಳಿಂದ ನಾರಾಯಣನು ಉಪಾಸನೆ ಪಡೆಯುವ ಸ್ಥಳವೆಂದೂ ಹೇಳುತ್ತದೆ. ಸಹಸ್ರ ಚತುರ್ಯುಗಗಳ ಕಾಲಸೂಚನೆಯೊಡನೆ ನರನಾರಾಯಣರು, ಬ್ರಹ್ಮ, ಯಮ ಮತ್ತು ರುದ್ರರ ಸಮಾಗಮ ಉಲ್ಲೇಖವಾಗುತ್ತದೆ. ಶಿಷ್ಟರಿಗೆ ಆಚಾರದಲ್ಲಿ ಶ್ರದ್ಧೆ ಮೂಡಿಸಲು ವಾಸುದೇವನು ದೀರ್ಘ ಸತ್ರಯಾಗಗಳನ್ನು ನಡೆಸಿ ಕೊನೆಯಲ್ಲಿ ಅಪಾರ ದಾನ ಮಾಡಿದನೆಂಬ ಧಾರ್ಮಿಕ ಅರ್ಥವನ್ನು ಈ ಪಾಠ ನೀಡುತ್ತದೆ.",,68,30,39,,,pending,pending,,
511,SFSF01-S04,"ಕಿಂಕರರು, ಸ್ಫಟಿಕ ಮತ್ತು ಸರೋವರದ ನೆಲ",MAHABHARATA-4-AADIPARVA_djvu.txt lines 20280–20490,"ಮಯನು ಶಿಲೆಗಳು, ಸ್ಫಟಿಕದ ಸಭಾಸಾಮಗ್ರಿಗಳು ಮತ್ತು ಇತರ ವಸ್ತುಗಳನ್ನು ಕಿಂಕರರೆಂಬ ರಾಕ್ಷಸರ ನೆರವಿನಿಂದ ತಂದನು. ಅವರಲ್ಲಿ ಎಂಟು ಸಾವಿರ ಮಂದಿ ನಿರ್ಮಾಣದ ವಸ್ತುಗಳನ್ನು ಹೊತ್ತು ಸಭೆಯನ್ನು ರಕ್ಷಿಸಿದರೆಂದು ಕಥೆ ಹೇಳುತ್ತದೆ. ಪಾಠವು ಸಭೆಯ ವಿಸ್ತಾರಕ್ಕೆ ಹತ್ತು ಸಾವಿರ ಹಸ್ತಗಳ ಅಳತೆಯನ್ನು ನೀಡುತ್ತದೆ. ಮಣಿಗಳ ಪ್ರಾಕಾರಗಳು, ಬಿಲ್ಲಿನಾಕಾರದ ಪ್ರವೇಶಗಳು ಮತ್ತು ಚಿನ್ನದಂತೆ ಕಂಗೊಳಿಸುವ ವೃಕ್ಷಗಳು ಅದರ ವೈಶಿಷ್ಟ್ಯವಾಗಿದ್ದವು. ಒಳಗಿನ ಸರೋವರಕ್ಕೆ ವೈಡೂರ್ಯಮಯ ಎಲೆಗಳು, ಮಣಿಮಯ ನಾಳಗಳು ಮತ್ತು ಕಮಲಗಳ ವರ್ಣನೆ ಇದೆ. ಅದರ ತಳದ ಮಣಿಗಳ ಬೆಳಕಿನಿಂದ ಕೆಲ ರಾಜರು ನೀರನ್ನು ಗುರುತಿಸದೆ ಬಿದ್ದರೆಂದೂ ಹೇಳುತ್ತದೆ. ಇದು ಇಲ್ಲಿನ ಸಾಮಾನ್ಯ ಸಭಾವರ್ಣನೆ; ದುರ್ಯೋಧನನ ಮುಂದಿನ ಪ್ರಸಂಗವನ್ನು ಈ ಕ್ಷಣದಲ್ಲಿ ಹೇಳುತ್ತಿಲ್ಲ. ಸುತ್ತಲಿನ ನೆರಳುಮರಗಳು, ಪಕ್ಷಿಗಳು ಮತ್ತು ಹೂಗಳ ಸೌರಭವು ಶಿಲ್ಪದೊಂದಿಗೆ ಪ್ರಕೃತಿಯನ್ನೂ ಸೇರಿಸಿದವು.",,79,35,45,,,pending,pending,,
512,G40-S05,ಹದಿನಾಲ್ಕು ತಿಂಗಳ ಶಿಲ್ಪ,MAHABHARATA-4-AADIPARVA_djvu.txt lines 20321–20501,"ಮಯನ ಕೈಯಲ್ಲಿ ಸಭಾಭವನ ನಿಧಾನವಾಗಿ ರೂಪುಗೊಂಡಿತು. ಪ್ರಕಾಶಮಾನವಾದ ಸ್ತಂಭಗಳು, ಮಣಿಗಳ ಅಲಂಕಾರ, ಸುಂದರ ವೃಕ್ಷಗಳು ಮತ್ತು ನೀರಿನ ಸೌಂದರ್ಯ ಅದರೊಳಗೆ ಒಂದಾದವು. ಸ್ಫಟಿಕದ ನೆಲ ಮತ್ತು ಸರೋವರದ ಅಂಚುಗಳು ದೃಷ್ಟಿಗೆ ಆಶ್ಚರ್ಯವನ್ನು ಉಂಟುಮಾಡುತ್ತಿದ್ದವು. ಸಭೆಯ ರಕ್ಷಣೆಗೂ ವ್ಯವಸ್ಥೆ ಮಾಡಲಾಗಿತ್ತು. ಈ ಅದ್ಭುತ ನಿರ್ಮಾಣವನ್ನು ಮಯನು ಹದಿನಾಲ್ಕು ತಿಂಗಳುಗಳಲ್ಲಿ ಪೂರ್ಣಗೊಳಿಸಿದನೆಂದು ಕಥೆ ಹೇಳುತ್ತದೆ. ಪೂರ್ಣವಾದ ಭವನವನ್ನು ನೋಡುವ ಕ್ಷಣದಲ್ಲಿ, ಅಳತೆಯ ಹಗ್ಗದಿಂದ ಆರಂಭವಾದ ಕಾರ್ಯ ಎಷ್ಟು ದೊಡ್ಡ ರೂಪ ಪಡೆದಿದೆ ಎಂಬುದು ಪಾಂಡವರಿಗೆ ಗೋಚರವಾಯಿತು. ಆದರೆ ಅದರೊಳಗೆ ನಡೆಯಲಿರುವ ಮಾತುಕತೆಗಳೇ ಮುಂದೆ ಈ ಸಭೆಗೆ ಅರ್ಥ ಕೊಡಲಿದ್ದವು.",,61,27,35,,,pending,pending,,
513,V4C01-S01,ಧ್ವಜದ ಕುರಿತು ಮಯನ ಮಾತು,MAHABHARATA-4-AADIPARVA_djvu.txt lines 20507–20557,"ಸಭೆಯನ್ನು ಪೂರ್ಣಗೊಳಿಸಿದ ಮಯನು ಅರ್ಜುನನಿಗೆ ಇನ್ನೊಂದು ವಿಶೇಷತೆಯನ್ನು ತಿಳಿಸಿದನು. ಅವನ ರಥದ ಧ್ವಜದ ತುದಿಯಲ್ಲಿ ಮಹಾಬಲದ ಕಿಂಕರಗಣವಿದ್ದು, ಬಿಲ್ಲಿನ ಠೇಂಕಾರ ಕೇಳಿದಾಗ ಮೇಘದಂತೆ ಗರ್ಜಿಸುವುದೆಂದು ಹೇಳಿದನು. ಅಗ್ನಿಯಿಂದ ದೊರೆತ ರಥವು ಸೂರ್ಯನಂತೆ ಹೊಳೆಯುತ್ತಿತ್ತು; ಅದರ ಬಿಳಿ ಕುದುರೆಗಳು ದಿವ್ಯಸಾಮರ್ಥ್ಯವುಳ್ಳವು. ವಾನರಚಿಹ್ನೆಯ ಆ ಎತ್ತರದ ಧ್ವಜವು ಸಂಚಾರದಲ್ಲಿ ಮರಗಳಿಗೆ ಸಿಲುಕದೆ, ಹೊಗೆಯ ರಾಶಿಯಂತೆ ಸರಿದುಹೋಗುವ ವಿಚಿತ್ರಶಕ್ತಿ ಹೊಂದಿತೆಂದು ವರ್ಣನೆ ಹೇಳುತ್ತದೆ. ಅನೇಕ ಬಣ್ಣಗಳಿಂದ ಕಾಣುವ ಅದು ಯುದ್ಧದಲ್ಲಿ ಬೇರೆ ಧ್ವಜಗಳಿಗಿಂತ ಎದ್ದು ತೋರುವುದೆಂದನು. ಮಯನ ಈ ವಿವರಣೆಯನ್ನು ಕೇಳಿದ ಅರ್ಜುನನು ಅವನನ್ನು ಅಪ್ಪಿಕೊಂಡು ಬೀಳ್ಕೊಟ್ಟನು.",,59,26,34,,,pending,pending,,
514,G40-S06,ಸಭಾಪ್ರವೇಶ ಮತ್ತು ಅತಿಥಿಸತ್ಕಾರ,MAHABHARATA-4-AADIPARVA_djvu.txt lines 20502–20919,"ಶುಭಸಮಯದಲ್ಲಿ ಧರ್ಮರಾಜನು ಹೊಸ ಸಭೆಯನ್ನು ಪ್ರವೇಶಿಸಿದನು. ಯಾಗ, ದಾನ ಮತ್ತು ಅತಿಥಿಸತ್ಕಾರದೊಂದಿಗೆ ಆ ದಿನವನ್ನು ಆಚರಿಸಲಾಯಿತು. ಋಷಿಗಳು, ರಾಜರು ಮತ್ತು ವಿವಿಧ ಕಲಾವಿದರು ಸಭೆಗೆ ಬಂದರು. ಊಟ, ಆಸನ ಮತ್ತು ಗೌರವವನ್ನು ಯೋಗ್ಯವಾಗಿ ನೀಡುವ ವ್ಯವಸ್ಥೆ ನಡೆಯಿತು. ಧರ್ಮರಾಜನ ಸುತ್ತ ಅವನ ಸಹೋದರರು ನಿಂತಿದ್ದರು. ಮಯನ ಶಿಲ್ಪಕ್ಕೆ ಈಗ ಜನರ ಉಪಸ್ಥಿತಿ ಸೇರಿತು. ಸಭೆ ಖಾಲಿ ವೈಭವದ ಕಟ್ಟಡವಾಗಿ ಉಳಿಯಲಿಲ್ಲ; ಜ್ಞಾನ, ಸಂಗೀತ ಮತ್ತು ರಾಜಕಾರ್ಯದ ಕೇಂದ್ರವಾಗಿ ಜೀವತಾಳಿತು. ಇದೇ ಸಮಯದಲ್ಲಿ ದೂರದ ಲೋಕಗಳನ್ನೂ ಸಂಚರಿಸುವ ನಾರದರು ಈ ಸಭೆಯ ಬಾಗಿಲಿಗೆ ಬಂದರು.",,59,26,34,,,pending,pending,,
515,V4C02-S01,ಹತ್ತು ಸಾವಿರ ಅತಿಥಿಗಳ ಭೋಜನ,MAHABHARATA-4-AADIPARVA_djvu.txt lines 20559–20635,"ಸಭೆಯ ಪ್ರವೇಶೋತ್ಸವದಲ್ಲಿ ಯುಧಿಷ್ಠಿರನು ಹತ್ತು ಸಾವಿರ ಬ್ರಾಹ್ಮಣರಿಗೆ ಭೋಜನ ಮಾಡಿಸಿದನೆಂದು ಪಾಠ ಹೇಳುತ್ತದೆ. ಪರಮಾನ್ನ, ಮೋದಕ, ಹಣ್ಣು, ಶುದ್ಧ ಹವಿಷ್ಯಧಾನ್ಯ, ನಾನಾ ಭಕ್ಷ್ಯ, ಲೇಹ್ಯ, ಚೋಷ್ಯ ಮತ್ತು ಪೇಯಗಳನ್ನು ನೀಡಲಾಯಿತು. ಲೇಹ್ಯವೆಂದರೆ ಸವಿದು ತಿನ್ನುವ ಪದಾರ್ಥ; ಚೋಷ್ಯವೆಂದರೆ ಹೀರಿ ಸೇವಿಸುವುದು; ಪೇಯವೆಂದರೆ ಕುಡಿಯುವ ಪಾನೀಯ. ನಾನಾ ದಿಕ್ಕಿನಿಂದ ಬಂದ ಅತಿಥಿಗಳಿಗೆ ಹೊಸ ವಸ್ತ್ರ ಮತ್ತು ದಕ್ಷಿಣೆ ನೀಡಿದನು. ಪ್ರತಿಯೊಬ್ಬರಿಗೂ ಸಾವಿರ ಗೋವುಗಳನ್ನು ದಾನಮಾಡಿದನೆಂಬ ದೊಡ್ಡ ಪ್ರಮಾಣವನ್ನು ಈ ವರ್ಣನೆ ದಾಖಲಿಸುತ್ತದೆ. ಪುಣ್ಯಾಹಘೋಷದ ನಡುವೆ ದೇವತಾಪ್ರತಿಷ್ಠೆ ಮತ್ತು ಗಂಧಮಾಲ್ಯಗಳ ಪೂಜೆ ನಡೆಯಿತು. ಮಲ್ಲರು, ನಟರು, ವಾದ್ಯಕುಶಲರು, ಸೂತರು, ಮಾಗಧರು ಮತ್ತು ವಂದಿಗಳು ಏಳು ದಿನ ಸೇವೆ ಸಲ್ಲಿಸಿದರು. ನಂತರ ಸಹೋದರರು, ಋಷಿಗಳು ಮತ್ತು ವಿವಿಧ ದೇಶಗಳ ರಾಜರೊಂದಿಗೆ ಯುಧಿಷ್ಠಿರನು ಸಭೆಯಲ್ಲಿ ಆಸೀನನಾದನು.",,78,35,45,,,pending,pending,,
516,V4C02-S02,ಋಷಿಗಳ ಹೆಸರುಗಳು: ಮೊದಲ ಸಾಲು,MAHABHARATA-4-AADIPARVA_djvu.txt lines 20637–20660,"ಆ ಸಭೆಯಲ್ಲಿದ್ದ ಋಷಿಗಳನ್ನು ಪಾಠವು ಪ್ರತ್ಯೇಕವಾಗಿ ಹೆಸರಿಸುತ್ತದೆ. ಮೊದಲ ಸಾಲಿನಲ್ಲಿ ಈ ಹೆಸರುಗಳು ಬರುತ್ತವೆ: ಅಸಿತ, ದೇವಲ, ಸತ್ಯ, ಸುಮಾಲೀ, ಅಂಗಿರಸ, ಅರ್ವಾವಸು, ಸುಮಿತ್ರ, ಮೈತ್ರೇಯ, ಶೌನಕ, ಆತ್ರೇಯ, ಕಣ್ವ, ಜಠರ, ಮೌದ್ಗಲ್ಯ, ಹಸ್ತಿ, ಕಾಶ್ಯಪ, ದಾಲ್ಭ್ಯನ ಪುತ್ರ ಬಕ, ಸ್ಥೂಲಶಿರ, ಕೃಷ್ಣದ್ವೈಪಾಯನ, ಶುಕ, ಸುಮಂತು, ಜೈಮಿನಿ, ಪೈಲ, ವೈಶಂಪಾಯನ, ತಿತ್ತಿರಿ, ಯಾಜ್ಞವಲ್ಕ್ಯ, ಸಂಯುಕ್ತ, ರೋಮಹರ್ಷಣ, ಅಪ್ಪಜಾತ, ಧೌಮ್ಯ, ಆಣಿಮಾಂಡವ್ಯ, ಕೌಶಿಕ. ಈ ನಾಮಪಟ್ಟಿಯಲ್ಲಿ ಕೃಷ್ಣದ್ವೈಪಾಯನರೆಂದರೆ ವ್ಯಾಸರೇ. ಇಲ್ಲಿ ಸಭೆಯಲ್ಲಿರುವ ವೈಶಂಪಾಯನರು, ನಂತರ ಜನಮೇಜಯನಿಗೆ ಕಥೆ ಹೇಳುವ ಋಷಿ ಎಂಬ ಪರಿಚಯವನ್ನೂ ನೆನಪಿಸಿಕೊಳ್ಳಬಹುದು.",,59,26,34,,,pending,pending,,
517,V4C02-S03,ಋಷಿಗಳ ಹೆಸರುಗಳು: ಮುಂದಿನ ಸಾಲು,MAHABHARATA-4-AADIPARVA_djvu.txt lines 20661–20720,"ಮುಂದಿನ ನಾಮಸಾಲಿನಲ್ಲಿ ಈ ಋಷಿಗಳ ಪರಿಚಯ ಬರುತ್ತದೆ: ದಾಮೋಷ್ಣೀಷ, ತ್ವಿಷವಣ, ಪರ್ಣಾದ, ಘಟಜಾನುಕ, ಮೌಂಜಾಯನ, ವಾಯುಭಕ್ಷ, ಪರಾಶರರ ಪುತ್ರ ಹಾರಿತ, ಶೀಲವಾನ್, ಅಶನಿ, ಧಾತಾ, ಶೂನ್ಯಪಾಲ, ಕೃತಶ್ರಮ, ಜಾತೂಕರ್ಣ, ಶಿಖಾವಾನ್, ಪ್ರಲಂಬ, ಪಾರಿಜಾತಕ, ಸುಬಲ, ಪರ್ವತ, ಮಾರ್ಕಂಡೇಯ, ಪವಿತ್ರಪಾಣಿ, ಸಾವರ್ಣಿ, ವಾಲುಕಿ, ಗಾಲವ, ಜಂಘಾಬಂಧ, ರೈಭ್ಯ, ಕೋಪವೇಗ, ಭೃಗು, ಪರಿಬಭ್ರ, ಕೌಂಡಿನ್ಯ, ಬಭ್ರುಮಾಲಿ, ಸನಾತನ, ಉಶಿಜನ ಪುತ್ರ ಕಕ್ಷೀವಾನ್, ನಚಿಕೇತನ ಪುತ್ರ ಗೌತಮ, ಪಿಂಗನ ಪುತ್ರ ವರಾಹ, ಶುನಕ, ಶಾಂಡಿಲ್ಯ, ಕುರರ, ವೇಣುಜಂಘ, ಕಲಾಪ, ಕಠ, ಶಾರ್ಙ್ಗರ, ತೈಲಕುಂಡ್ಯ, ಪರ್ಣವಲ್ಲ. ಇವರ ಜೊತೆಗೆ ಇನ್ನೂ ಅನೇಕ ವೇದವೇದಾಂಗಪಾರಂಗತರು ನೆರೆದಿದ್ದರು. ಮನಸ್ಸು ಮತ್ತು ಇಂದ್ರಿಯಗಳನ್ನು ನಿಗ್ರಹಿಸಿದ ಈ ಋಷಿಗಳು ಪವಿತ್ರ ಕಥೆಗಳನ್ನು ಹೇಳುತ್ತಾ ಧರ್ಮರಾಜನ ಬಳಿ ಕುಳಿತಿದ್ದರೆಂದು ವರ್ಣನೆ ತಿಳಿಸುತ್ತದೆ.",,77,34,44,,,pending,pending,,
518,V4C02-S04,ರಾಜರ ಹೆಸರುಗಳು: ಮೊದಲ ಬಳಗ,MAHABHARATA-4-AADIPARVA_djvu.txt lines 20723–20783,"ಕ್ಷತ್ರಿಯ ಅತಿಥಿಗಳ ನಾಮಪಟ್ಟಿಯೂ ಪ್ರತ್ಯೇಕವಾಗಿದೆ: ಮುಂಜಕೇತು, ವಿವರ್ಧನ, ಸಂಗ್ರಾಮಜಯ, ಉಗ್ರಸೇನ, ಕ್ಷೇಮ, ವಸುದಾನ, ವಿದೇಹರಾಜ, ಕಕ್ಷಸೇನ, ಕ್ಷೇಮಕ, ಕಾಂಬೋಜರಾಜ, ಕಮಠ, ಕಂಪನ, ಜಟಾಸುರ, ಭದ್ರಕಾಂತ, ಕುಣಿ, ಪುಲಿಂದ ಕಿರಾತರಾಜ, ಅಂಗರಾಜ, ವಂಗರಾಜ, ಪೌಂಡ್ರಕ ಮತ್ತು ಪಾಂಡ್ಯ, ಕೇರಳರಾಜ, ಸುಮನಸ್ ಕಿರಾತರಾಜ, ಯವನಾಧಿಪತಿ, ಪಾಂಚಾಲರಾಜ, ವಿರಾಟ, ದ್ರುಮಶಲ್ಯ, ಪೃಥುಶ್ರವ, ಸುಶರ್ಮಾ, ಚೇಕಿತಾನ, ಮುಖ್ಯಸೇನ, ಸುಧರ್ಮ, ಅನಿರುದ್ಧ, ಶ್ರುತಾಯು. ಕಂಪನನನ್ನು ಕುರಿತು ಪಾಠವು ಯವನರನ್ನು ನಡುಗಿಸಿದ ಪರಾಕ್ರಮಶಾಲಿ ಎಂದು ವಿಶೇಷವಾಗಿ ಹೇಳುತ್ತದೆ. ಕಾಲಿಕೇಯರನ್ನು ಇಂದ್ರನು ಎದುರಿಸಿದ ಬಲಕ್ಕೆ ಅವನ ಸಾಮರ್ಥ್ಯವನ್ನು ಉಪಮಿಸುತ್ತದೆ. ಇದು ಅತಿಥಿಯ ಪರಾಕ್ರಮದ ಪರಿಚಯ; ಈ ಸಭೆಯಲ್ಲೇ ಹೊಸ ಯುದ್ಧ ನಡೆಯುತ್ತಿಲ್ಲ.",,65,29,37,,,pending,pending,,
519,V4C02-S05,ರಾಜರು ಮತ್ತು ವೃಷ್ಣಿಕುಮಾರರ ಮುಂದಿನ ಬಳಗ,MAHABHARATA-4-AADIPARVA_djvu.txt lines 20789–20819,"ಇನ್ನೊಂದು ಬಳಗದಲ್ಲಿ ಈ ಹೆಸರುಗಳು ಬರುತ್ತವೆ: ಅನೂಪರಾಜ ದುರ್ಧರ್ಷ, ಕ್ಷೇಮಜಿತ್, ಸುದಕ್ಷಿಣ, ಶಿಶುಪಾಲ, ದಶಗ್ರೀವ, ಕರೂಶಾಧಿಪತಿ ದಂತವಕ್ರ, ಆಹುಕ, ವಿಪೃಥು, ಗದ, ಸಾರಣ, ಅಕ್ರೂರ, ಕೃತವರ್ಮ, ಶಿನಿಪುತ್ರ ಸಾತ್ಯಕಿ, ಭೀಷ್ಮಕ, ಹೃದಿಕ, ದ್ಯುಮತ್ಸೇನ, ಕೇಕಯದೇಶದ ರಾಜರು, ಸೋಮಕನ ಮಗ ಯಜ್ಞಸೇನ. ಇವರಲ್ಲದೆ ಇನ್ನೂ ಅನೇಕ ಕ್ಷತ್ರಿಯರು ಧರ್ಮರಾಜನ ಸಭೆಯಲ್ಲಿ ಸೇವೆ ಸಲ್ಲಿಸಿದರು. ಒಂದೇ ಸಭೆಯಲ್ಲಿ ಕಂಡ ಈ ರಾಜರೆಲ್ಲರೂ ಮುಂದಿನ ಕಥೆಯ ಪ್ರತಿಯೊಂದು ವಿಷಯದಲ್ಲೂ ಒಂದೇ ಅಭಿಪ್ರಾಯ ಹೊಂದಿದ್ದಾರೆ ಎಂಬ ಅರ್ಥ ಇದಲ್ಲ.",,52,23,30,,,pending,pending,,
520,V4C02-S06,ಅರ್ಜುನನ ಬಳಿ ವಿದ್ಯೆ ಕಲಿಯುವ ರಾಜಕುಮಾರರು,MAHABHARATA-4-AADIPARVA_djvu.txt lines 20821–20851,"ಈ ಸಭಾಜೀವನದ ಜೊತೆ ಶಿಕ್ಷಣವೂ ನಡೆಯುತ್ತಿತ್ತು. ರಾಜಕುಮಾರರು ರೌರವಾಜಿನವೆಂಬ ಜಿಂಕೆಯ ಚರ್ಮವನ್ನು ಧರಿಸಿ ಅರ್ಜುನನನ್ನು ಗುರುವಾಗಿ ಸ್ವೀಕರಿಸಿ ಧನುರ್ವಿದ್ಯೆ ಕಲಿತರು. ಪಾಠದಲ್ಲಿ ರುಕ್ಮಿಣಿಯ ಪುತ್ರ ಪ್ರದ್ಯುಮ್ನ, ಯುಯುಧಾನ–ಸಾತ್ಯಕಿ ಎಂಬ ನಾಮೋಲ್ಲೇಖ, ಚಾಣೂರ, ದೇವರಾತ, ಭೋಜ, ಭೀಮರಥ, ಕಳಿಂಗಾಧಿಪತಿ ಶತಾಯುಧ ಮತ್ತು ಮಗಧದ ಯಜ್ಞಸೇನ ಎಂಬ ಹೆಸರುಗಳು ಬರುತ್ತವೆ. ಇನ್ನೂ ಅನೇಕ ರಾಜಪುತ್ರರು ಅದೇ ಆಸೆಯಿಂದ ಅರ್ಜುನನನ್ನು ಸಮೀಪಿಸಿದರು. ಹೀಗಾಗಿ ಅರ್ಜುನನು ಈ ಹಂತದಲ್ಲಿ ಯೋಧನಷ್ಟೇ ಅಲ್ಲ; ತಾನು ಪಡೆದ ವಿದ್ಯೆಯನ್ನು ಮುಂದಿನವರಿಗೆ ಕಲಿಸುವ ಗುರುವಾಗಿಯೂ ಕಾಣುತ್ತಾನೆ.",,54,24,31,,,pending,pending,,
521,V4C02-S07,ತುಂಬುರು ಮತ್ತು ಸಭೆಯ ಸಂಗೀತ,MAHABHARATA-4-AADIPARVA_djvu.txt lines 20854–20906,"ತುಂಬುರು ಅರ್ಜುನನ ಸ್ನೇಹಿತನಾಗಿ ಸಭೆಯಲ್ಲಿ ನಿತ್ಯ ಇರುತ್ತಿದ್ದನು. ಇಪ್ಪತ್ತೇಳು ಗಂಧರ್ವರು ಅರ್ಜುನನಿಗೆ ಸೇವೆ ಸಲ್ಲಿಸುತ್ತಿದ್ದರೆಂದು ಪಾಠ ಹೇಳುತ್ತದೆ. ಚಿತ್ರಸೇನ ಗಂಧರ್ವರಾಜನು ತನ್ನ ಮಂತ್ರಿ ಮತ್ತು ಗಂಧರ್ವ–ಅಪ್ಸರೆಯರ ಬಳಗದೊಂದಿಗೆ ಅಲ್ಲಿ ನೆರೆದಿದ್ದನು. ಕಿನ್ನರರು ಗೀತೆ ಮತ್ತು ವಾದ್ಯಗಳಲ್ಲಿ ಮಾತ್ರವಲ್ಲ, ತಾಳ, ಪ್ರಮಾಣ, ಲಯ, ಸ್ವರಸ್ಥಾನ ಮತ್ತು ಸ್ವರದ ಸ್ಥಾಯಿಗಳಲ್ಲಿಯೂ ಪರಿಶ್ರಮಪಟ್ಟು ನಿಪುಣರಾಗಿದ್ದರು. ತುಂಬುರುವಿನ ಪ್ರೇರಣೆಯಿಂದ ಗಂಧರ್ವರು ಕಿನ್ನರರೊಂದಿಗೆ ದಿವ್ಯ ತಾನಗಳಲ್ಲಿ ಗೀತೆಗಳನ್ನು ಹಾಡಿದರು. ಅವರ ಕಲೆ ಪಾಂಡವರಿಗೂ ಋಷಿಗಳಿಗೂ ಸಂತೋಷ ನೀಡಿತು. ಈ ಕಲಾವಿದರು, ರಾಜರು ಮತ್ತು ಋಷಿಗಳ ಸಮಾಗಮದಿಂದ ಸಭೆಯ ವೈಭವಕ್ಕೆ ಜೀವಂತ ಚಟುವಟಿಕೆ ಸೇರಿತು.",,61,27,35,,,pending,pending,,
522,G40-S07,ನಾರದನ ಪ್ರಶ್ನೆಗಳೊಳಗಿನ ರಾಜನೀತಿ,MAHABHARATA-4-AADIPARVA_djvu.txt lines 20920–21660,ನಾರದರ ಆಗಮನದಿಂದ ಸಭೆಯ ಗಮನ ಬದಲಾಯಿತು. ಧರ್ಮರಾಜನು ಎದ್ದುನಿಂತು ಗೌರವಿಸಿದನು. ಋಷಿಯು ಕುಶಲಪ್ರಶ್ನೆಯ ರೂಪದಲ್ಲಿ ಆಡಳಿತದ ಪರೀಕ್ಷೆಯನ್ನು ಆರಂಭಿಸಿದರು. ಸರಿಯಾದ ಮಂತ್ರಿಗಳು ಇದ್ದಾರೆಯೇ? ರಹಸ್ಯಾಲೋಚನೆ ಸುರಕ್ಷಿತವಾಗಿದೆಯೇ? ಕಾರ್ಯವನ್ನು ಸಮಯಕ್ಕೆ ಮುಗಿಸುತ್ತೀರೇ? ಸೈನಿಕರಿಗೆ ವೇತನ ಮತ್ತು ಭತ್ಯವನ್ನು ತಡವಿಲ್ಲದೆ ಕೊಡುತ್ತೀರೇ? ಪ್ರತಿಭಾವಂತರಿಗೆ ಯೋಗ್ಯ ಸ್ಥಾನ ದೊರೆಯುತ್ತಿದೆಯೇ? ಇಂತಹ ಪ್ರಶ್ನೆಗಳು ಒಂದರ ನಂತರ ಒಂದಾಗಿ ಬಂದವು. ಹೊಸ ಸಭೆಯ ಶ್ರೀಮಂತಿಕೆ ರಾಜ್ಯದ ಉತ್ತಮ ಆಡಳಿತಕ್ಕೆ ಸಾಕ್ಷಿಯಾಗುವುದಿಲ್ಲ; ಅದಕ್ಕಾಗಿ ಪ್ರತಿದಿನದ ಕೆಲಸಗಳು ಸರಿಯಾಗಿ ನಡೆಯಬೇಕು ಎಂಬ ಅರ್ಥವನ್ನು ಧರ್ಮರಾಜನು ಕೇಳುತ್ತಿದ್ದನು.,"ನಾರದ: ರಾಜನೇ, ನಿನ್ನ ಸೈನಿಕರಿಗೆ ಸಲ್ಲಬೇಕಾದ ವೇತನ ಸರಿಯಾದ ಸಮಯಕ್ಕೆ ತಲುಪುತ್ತಿದೆಯೇ? ನಿನ್ನ ಕಾರ್ಯಕ್ಕೆ ಯೋಗ್ಯರಾದವರನ್ನು ಯೋಗ್ಯ ಸ್ಥಾನದಲ್ಲಿಟ್ಟಿದ್ದೀಯೇ?",67,30,38,,,pending,pending,,
523,BS01-S01,"ಧರ್ಮ, ಅರ್ಥ ಮತ್ತು ಆಸೆಯ ನಡುವೆ ಸಮತೋಲನ",MAHABHARATA-4-AADIPARVA_djvu.txt lines 21059–21119,"ನಾರದರ ಮೊದಲ ಪ್ರಶ್ನೆಗಳು ರಾಜನ ವೈಯಕ್ತಿಕ ಬದುಕಿನ ಕುರಿತಿವೆ. ಸಂಪತ್ತು ಸಿಗುತ್ತಿದೆಯೇ ಎಂಬುದರ ಜೊತೆಗೆ, ಮನಸ್ಸು ಧರ್ಮದಲ್ಲಿ ನೆಲೆಸಿದೆಯೇ ಎಂದೂ ಕೇಳುತ್ತಾರೆ. ಧರ್ಮದ ಹೆಸರಿನಲ್ಲಿ ಸಂಪತ್ತಿನ ನಿರ್ವಹಣೆಯನ್ನು ಹಾಳುಮಾಡಬಾರದು; ಸಂಪತ್ತಿನ ಆಸೆಯಿಂದ ಧರ್ಮವನ್ನೂ ಕಡೆಗಣಿಸಬಾರದು. ಇಂದ್ರಿಯಾಸಕ್ತಿ ಎರಡನ್ನೂ ನಾಶಮಾಡುವ ಮಟ್ಟಕ್ಕೆ ಹೋಗಬಾರದು. ಕೆಲಸ, ಧರ್ಮಾಚರಣೆ ಮತ್ತು ಕುಟುಂಬಜೀವನಕ್ಕೆ ಯೋಗ್ಯ ಸಮಯವನ್ನು ಒದಗಿಸಬೇಕೆಂಬ ಅರ್ಥವೂ ಇದೆ. ರಾಜನ ಒಳಗಿನ ಅಸಮತೋಲನ ಅವನ ರಾಜ್ಯದ ಮೇಲೆ ಪರಿಣಾಮ ಬೀರುತ್ತದೆ ಎಂಬ ಕಾರಣದಿಂದಲೇ ಆಡಳಿತದ ಚರ್ಚೆ ಅವನ ಮನಸ್ಸಿನಿಂದ ಆರಂಭವಾಗುತ್ತದೆ.",,54,24,31,,,pending,pending,,
524,BS01-S02,ಸಂಧಿ ಮತ್ತು ಸಂಘರ್ಷದ ಆರು ಮಾರ್ಗಗಳು,MAHABHARATA-4-AADIPARVA_djvu.txt lines 21103–21144,"ಈ ಆವೃತ್ತಿಯ ವಿವರಣೆ ರಾಜನಿಗೆ ತಿಳಿದಿರಬೇಕಾದ ಆರು ನಡೆಗಳನ್ನು ಹೆಸರಿಸುತ್ತದೆ: ಸಂಧಿ, ವಿಗ್ರಹ, ಯಾನ, ಆಸನ, ದ್ವೈಧೀಭಾವ ಮತ್ತು ಆಶ್ರಯ. ಸರಳವಾಗಿ ಹೇಳುವುದಾದರೆ ಒಪ್ಪಂದ, ಸಂಘರ್ಷ, ಮುಂದುವರಿಯುವ ಕ್ರಮ, ಕಾಯುವುದು, ಎರಡು ದಿಕ್ಕಿನ ಸಂಬಂಧವನ್ನು ನಿರ್ವಹಿಸುವುದು ಮತ್ತು ಬಲಿಷ್ಠನ ಆಶ್ರಯವನ್ನು ಪಡೆಯುವುದು. ಸಾಮ, ದಾನ, ಭೇದ, ದಂಡ, ಪ್ರಭಾವ, ಉತ್ಸಾಹ ಮತ್ತು ಮಂತ್ರ ಎಂಬ ಉಪಾಯಗಳನ್ನೂ ಉಲ್ಲೇಖಿಸುತ್ತದೆ. ಇವೆಲ್ಲವೂ ಪ್ರತಿಸಂದರ್ಭಕ್ಕೆ ಒಂದೇ ಉತ್ತರವನ್ನು ನೀಡುವುದಿಲ್ಲ. ತನ್ನ ಬಲ ಮತ್ತು ಎದುರಾಳಿಯ ಬಲವನ್ನು ಪರಿಶೀಲಿಸಿದ ನಂತರವೇ ಸರಿಯಾದ ನಡೆ ಆರಿಸಬೇಕೆಂಬುದು ಇಲ್ಲಿ ಪ್ರಮುಖ ಅರ್ಥ.",,59,26,34,,,pending,pending,,
525,BS01-S03,ಸಲಹೆಗಾರರ ಯೋಗ್ಯತೆ ಮತ್ತು ರಹಸ್ಯ,MAHABHARATA-4-AADIPARVA_djvu.txt lines 21145–21220,"ರಾಜನು ಮಂತ್ರಾಲೋಚನೆಯನ್ನು ಒಂಟಿಯಾಗಿ ಮಾಡಿ ತನ್ನ ಅಭಿಪ್ರಾಯಕ್ಕೆ ತಾನೇ ಬಂಧಿಯಾಗಬಾರದು. ಹಾಗೆಯೇ ಅನೇಕ ಪರಿಚಿತ–ಅಪರಿಚಿತರ ಗುಂಪಿನಲ್ಲಿ ರಹಸ್ಯವಿಚಾರವನ್ನು ಹರಡಬಾರದು ಎಂದು ನಾರದರು ಪ್ರಶ್ನಿಸುತ್ತಾರೆ. ಯೋಗ್ಯರಾದ, ನಿಷ್ಠೆಯುಳ್ಳ ಮತ್ತು ವಿಷಯಜ್ಞಾನವಿರುವ ಸಲಹೆಗಾರರು ಬೇಕು. ಆದರೆ ಅವರ ಸಂಖ್ಯೆಯಷ್ಟೇ ಮುಖ್ಯವಲ್ಲ; ವಿವೇಕವೂ ಮುಖ್ಯ. ಸರಿಯಾದ ಕಾಲದಲ್ಲಿ ಎದ್ದು, ಕಾರ್ಯದ ಫಲವನ್ನು ವಿಚಾರಿಸಿ, ಸುಲಭವಾಗಿ ದೊಡ್ಡ ಉಪಯೋಗವನ್ನು ನೀಡುವ ಕೆಲಸವನ್ನು ವಿಳಂಬವಿಲ್ಲದೆ ಆರಂಭಿಸಬೇಕೆಂದೂ ಸೂಚಿಸುತ್ತಾರೆ. ರಹಸ್ಯಪಾಲನೆ ಮತ್ತು ಸಮಯಪಾಲನೆ ಎರಡೂ ಕಾರ್ಯಸಾಧನೆಯ ಭಾಗಗಳು. ಒಂದು ಸರಿಯಾದ ನಿರ್ಧಾರಕ್ಕೆ ಶಾಂತವಾದ ಪರಿಶೀಲನೆಯೂ ಬೇಕಾಗುತ್ತದೆ.",,55,24,31,,,pending,pending,,
526,BS01-S04,"ನಿಯೋಜನೆ, ವರದಿ ಮತ್ತು ಸಾರ್ವಜನಿಕ ಗೌರವ",MAHABHARATA-4-AADIPARVA_djvu.txt lines 21221–21420,"ಯಾರನ್ನು ಯಾವ ಕೆಲಸಕ್ಕೆ ನೇಮಿಸಬೇಕು ಎಂಬುದನ್ನೂ ನಾರದರು ವಿಚಾರಿಸುತ್ತಾರೆ. ದೊಡ್ಡ ಕಾರ್ಯಕ್ಕೆ ದೊಡ್ಡ ಸಾಮರ್ಥ್ಯವಿರುವವನು, ಮಧ್ಯಮ ಕಾರ್ಯಕ್ಕೆ ಅದಕ್ಕೆ ತಕ್ಕವನು ಬೇಕು. ರಾಜಕುಮಾರರ ಶಿಕ್ಷಣಕ್ಕೆ ಯೋಗ್ಯಗುರುಗಳು ಇರಬೇಕು. ಸಾಧನೆ ಮಾಡಿದವನನ್ನು ಗುರುತಿಸಿ ಸಭೆಯ ಮುಂದೆ ಗೌರವಿಸಬೇಕು. ರಾಜ್ಯದ ಸ್ಥಿತಿಯನ್ನು ತಿಳಿಯಲು ವಿಶ್ವಾಸಾರ್ಹವಾದ ವರದಿವ್ಯವಸ್ಥೆಯೂ ಬೇಕು. ಮೂಲವು ಚಾರರ ಗುಂಪುಗಳನ್ನು ಉಲ್ಲೇಖಿಸಿದರೂ ಇಲ್ಲಿ ನಮ್ಮ ಗಮನ ಅವರ ವಿಧಾನಗಳನ್ನು ಕಲಿಸುವುದಲ್ಲ; ರಾಜನಿಗೆ ಕೇಳಿಬರುವ ಮಾಹಿತಿ ಪರಿಶೀಲಿತವಾಗಿರಬೇಕೆಂಬ ಅರ್ಥವನ್ನು ತಿಳಿಸುವುದು. ತಪ್ಪುಮಾಹಿತಿ ಮತ್ತು ಅಯೋಗ್ಯ ನಿಯೋಜನೆ ಎರಡೂ ಆಡಳಿತಕ್ಕೆ ಹಾನಿ ತರಬಲ್ಲವು.",,56,25,32,,,pending,pending,,
527,BS01-S05,ಸೈನಿಕರ ವೇತನ ಮತ್ತು ಅವರ ಕುಟುಂಬಗಳು,MAHABHARATA-4-AADIPARVA_djvu.txt lines 21421–21555,"ರಾಜ್ಯಕ್ಕಾಗಿ ಕೆಲಸಮಾಡುವ ಸೈನಿಕರಿಗೆ ವೇತನ ಮತ್ತು ಭತ್ಯ ಕಾಲಕ್ಕೆ ಸರಿಯಾಗಿ ಸಿಗುತ್ತಿದೆಯೇ ಎಂಬ ಪ್ರಶ್ನೆಯನ್ನು ನಾರದರು ವಿಶೇಷವಾಗಿ ಕೇಳುತ್ತಾರೆ. ತಡವು ಅಸಮಾಧಾನಕ್ಕೂ ಅನರ್ಥಕ್ಕೂ ಕಾರಣವಾಗಬಹುದು ಎಂದು ಹೇಳುತ್ತಾರೆ. ಶ್ರೇಷ್ಠ ಕಾರ್ಯ ಮಾಡಿದವರಿಗೆ ಗೌರವ ಮತ್ತು ಹೆಚ್ಚುವರಿ ಪ್ರತಿಫಲವೂ ದೊರಕಬೇಕು. ಆದರೆ ಸೈನಿಕನ ಬದುಕಿನವರೆಗೆ ಮಾತ್ರ ಹೊಣೆಗಾರಿಕೆ ಮುಗಿಯುವುದಿಲ್ಲ. ರಾಜನಿಗಾಗಿ ಹೋರಾಡಿ ಮರಣಹೊಂದಿದವರ ಹೆಂಡತಿ–ಮಕ್ಕಳು ಕಷ್ಟಕ್ಕೆ ಒಳಗಾದಾಗ ಅವರಿಗೆ ನೆರವು ನೀಡುತ್ತೀರೇ ಎಂದೂ ಕೇಳುತ್ತಾರೆ. ಹೀಗಾಗಿ ಯುದ್ಧಸಾಮರ್ಥ್ಯದ ಚರ್ಚೆಯೊಳಗೇ ಸೇವೆ, ಪ್ರತಿಫಲ ಮತ್ತು ಅವಲಂಬಿತರ ರಕ್ಷಣೆಯ ಸಂಬಂಧ ಕಾಣುತ್ತದೆ.",,55,24,31,,,pending,pending,,
528,BS01-S06,ಲೆಕ್ಕಪತ್ರ ಮತ್ತು ಅಧಿಕಾರಿಗಳ ಪರಿಶೀಲನೆ,MAHABHARATA-4-AADIPARVA_djvu.txt lines 21661–21710,"ನಾರದರು ದಿನನಿತ್ಯದ ಆಯವ್ಯಯವನ್ನು ಪರಿಶೀಲಿಸುವ ಲೇಖಕರು ಮತ್ತು ಗಣಕರ ಕೆಲಸದ ಬಗ್ಗೆ ಕೇಳುತ್ತಾರೆ. ಹಣ ಎಷ್ಟು ಬರುತ್ತದೆ, ಎಷ್ಟು ಹೋಗುತ್ತದೆ ಎಂಬುದು ರಾಜನಿಗೆ ತಿಳಿದಿರಬೇಕು. ಹಣದ ಸಮೀಪ ಕೆಲಸಮಾಡುತ್ತಾರೆ ಎಂಬ ಕಾರಣದಿಂದಲೇ ಸಮರ್ಥ ಅಧಿಕಾರಿಯನ್ನು ಅನುಮಾನಿಸಿ ತೆಗೆಯಬಾರದು. ದೋಷವಿದೆಯೇ ಎಂಬುದನ್ನು ತಿಳಿದುಕೊಳ್ಳದೆ ಸ್ಥಾನದಿಂದ ಕೆಳಗಿಳಿಸುವುದು ಸರಿಯಲ್ಲ. ಅದೇ ಸಮಯದಲ್ಲಿ ಲೋಭಿಗಳು, ಕಳ್ಳರು ಮತ್ತು ವಿಶ್ವಾಸಾರ್ಹತೆ ತಿಳಿಯದವರನ್ನು ಅಧಿಕಾರಕ್ಕೆ ತರಬಾರದು. ಲೆಕ್ಕಪತ್ರದ ನಿಯಮಿತ ಪರಿಶೀಲನೆಯೊಂದಿಗೆ ನ್ಯಾಯವಾದ ಮಾನವವ್ಯವಹಾರವೂ ಬೇಕು ಎಂಬ ಎರಡು ಅಂಶಗಳನ್ನು ಈ ಪ್ರಶ್ನೆಗಳು ಒಟ್ಟಿಗೆ ಹಿಡಿದಿವೆ.",,55,24,31,,,pending,pending,,
529,BS01-S07,ಮಳೆಯನ್ನೇ ಕಾಯದ ಕೃಷಿ,MAHABHARATA-4-AADIPARVA_djvu.txt lines 21711–21785,"ನಾರದರ ಪ್ರಶ್ನೆ ನೇರವಾಗಿ ಹೊಲಕ್ಕೆ ಬರುತ್ತದೆ. ರಾಜ್ಯದ ಕೆರೆಗಳು ಯೋಗ್ಯ ಸ್ಥಳದಲ್ಲಿ ನಿರ್ಮಾಣವಾಗಿ ನೀರಿನಿಂದ ತುಂಬಿವೆಯೇ? ಕೃಷಿ ಮಳೆಯನ್ನೇ ಅವಲಂಬಿಸಿ ನಿಂತಿಲ್ಲವಲ್ಲವೇ? ದುರ್ಗತಿಗೀಡಾದ ರೈತನಿಗೆ ಬೀಜ ಮತ್ತು ಆಹಾರಕ್ಕಾಗಿ ಅನುಕೂಲವಾದ ಸಾಲದ ನೆರವು ಕೊಡುತ್ತೀರೇ? ಕೃಷಿ ಮತ್ತು ಗೋರಕ್ಷಣೆಯನ್ನು ಅವಲಂಬಿಸಿದ ಜನರು ಸಂತೃಪ್ತರಾಗಿದ್ದಾರೆಯೇ? ಈ ಮಾತುಗಳಲ್ಲಿ ರಾಜ್ಯದ ಸಂಪತ್ತು ಹೊಲದ ಸ್ಥಿತಿಯೊಂದಿಗೆ ಸಂಬಂಧಿಸಿದೆ. ಬೆಳೆ ಬರುವವರೆಗೆ ರೈತನ ಕುಟುಂಬ ಬದುಕಬೇಕು; ಮುಂದಿನ ಬಿತ್ತನೆಗೂ ಬೀಜ ಉಳಿಯಬೇಕು. ನೀರು, ಆಹಾರ ಮತ್ತು ಸಾಲದ ಸಂಬಂಧವನ್ನು ಒಂದೇ ಆಡಳಿತದ ಜವಾಬ್ದಾರಿಯಾಗಿ ಇಲ್ಲಿ ನೋಡಬಹುದು.",,57,25,33,,,pending,pending,,
530,BS01-S08,"ಆರೋಗ್ಯ, ಸುರಕ್ಷತೆ ಮತ್ತು ಜೀವನೋಪಾಯ",MAHABHARATA-4-AADIPARVA_djvu.txt lines 21786–21967,"ವ್ಯಾಪಾರ, ಗೋರಕ್ಷಣೆ, ವೈದ್ಯಸೇವೆ ಮತ್ತು ಜನರ ಜೀವನೋಪಾಯಗಳ ಬಗ್ಗೆ ನಾರದರು ಪ್ರಶ್ನಿಸುತ್ತಾರೆ. ವೈದ್ಯರು ತಮ್ಮ ವಿದ್ಯೆಯಲ್ಲಿ ನಿಪುಣರಾಗಿರಬೇಕು. ಪ್ರಜೆಗಳ ಕೆಲಸಕ್ಕೆ ಲೋಭ, ದ್ವೇಷ ಅಥವಾ ವೈಯಕ್ತಿಕ ಸ್ನೇಹದ ಕಾರಣದಿಂದ ಅಡ್ಡಿ ತರುವಂತಿಲ್ಲ. ನಗರವಾಸಿಗಳು ಮತ್ತು ಗ್ರಾಮವಾಸಿಗಳ ನಡುವೆ ರಾಜ್ಯದ ಮೇಲಿನ ವಿಶ್ವಾಸ ಉಳಿಯಬೇಕು. ಸುರಕ್ಷತೆ ಎಂದರೆ ಹೊರಗಿನ ಶತ್ರುವಿನ ಬಗ್ಗೆ ಮಾತ್ರ ಚಿಂತಿಸುವುದಲ್ಲ; ಜನರು ತಮ್ಮ ಕೆಲಸವನ್ನು ಭಯವಿಲ್ಲದೆ ಮುಂದುವರಿಸಲು ಸಾಧ್ಯವಾಗುವುದೂ ಅದರಲ್ಲಿ ಸೇರಿದೆ. ಕುಟುಂಬದ ಹಿರಿಯರು, ಗುರುಗಳು ಮತ್ತು ಆಶ್ರಯಕ್ಕಾಗಿ ಬಂದವರನ್ನು ನೋಡಿಕೊಳ್ಳುವ ಕರ್ತವ್ಯವನ್ನೂ ನಾರದರು ನೆನಪಿಸುತ್ತಾರೆ. ರಾಜ್ಯದ ಬಲದೊಳಗೆ ಜನರ ವಿಶ್ವಾಸವೂ ಇದೆ.",,61,27,35,,,pending,pending,,
531,BS01-S09,ಬಡವ–ಶ್ರೀಮಂತ ಇಬ್ಬರಿಗೂ ನ್ಯಾಯ,MAHABHARATA-4-AADIPARVA_djvu.txt lines 21968–22003,"ನ್ಯಾಯದ ವಿಷಯದಲ್ಲಿ ನಾರದರು ಎರಡು ದಿಕ್ಕಿನ ಅಪಾಯವನ್ನು ಹೇಳುತ್ತಾರೆ. ಅಯೋಗ್ಯ ಅಧಿಕಾರಿಗಳು ಅಥವಾ ಲೋಭಿಗಳು ನಿರಪರಾಧಿಯ ಮೇಲೆ ಕಳ್ಳತನದ ಅಪವಾದ ಹೊರಿಸಬಹುದು. ಅದರ ವಿರುದ್ಧವಾಗಿ ಹಣದ ಲೋಭದಿಂದ ನಿಜವಾದ ಅಪರಾಧಿಯನ್ನೂ ಬಿಡಬಹುದು. ಬಡವನಾಗಲಿ ಶ್ರೀಮಂತನಾಗಲಿ, ಅಧಿಕಾರಿಗಳ ಲಂಚದ ಕಾರಣದಿಂದ ಅವನ ಸಂಪತ್ತನ್ನು ತಪ್ಪಾಗಿ ಕಸಿದುಕೊಳ್ಳಬಾರದು. ಇಲ್ಲಿ ವ್ಯಕ್ತಿಯ ಸ್ಥಾನಕ್ಕಿಂತ ವಿಚಾರಣೆಯ ನ್ಯಾಯ ಮುಖ್ಯವಾಗುತ್ತದೆ. ರಾಜನು ಕೇಳಿದ ಮೊದಲ ಮಾತನ್ನೇ ಅಂತಿಮ ತೀರ್ಪಾಗಿಸದೆ, ವಿಷಯವನ್ನು ತಿಳಿಯುವ ಯೋಗ್ಯ ಜನರ ನೆರವಿನಿಂದ ಪರಿಶೀಲಿಸಬೇಕು. ಶಕ್ತಿಯ ಕೈಯಲ್ಲಿರುವ ನ್ಯಾಯಕ್ಕೆ ಜವಾಬ್ದಾರಿಯೂ ಸೇರಿರಬೇಕು ಎಂಬುದು ಈ ಪ್ರಶ್ನೆಯ ಅರ್ಥ.",,59,26,34,,,pending,pending,,
532,BS01-S10,ಹದಿನಾಲ್ಕು ರಾಜದೋಷಗಳು,MAHABHARATA-4-AADIPARVA_djvu.txt lines 22004–22031,"ಈ ಆವೃತ್ತಿಯ ಕನ್ನಡವಿವರಣೆ ಹದಿನಾಲ್ಕು ರಾಜದೋಷಗಳನ್ನು ಪಟ್ಟಿ ಮಾಡುತ್ತದೆ: ನಾಸ್ತಿಕ್ಯ, ಅಸತ್ಯ, ಕ್ರೋಧ, ಅಸಾವಧಾನತೆ, ಕಾರ್ಯವಿಳಂಬ, ಜ್ಞಾನಿಗಳಿಂದ ದೂರವಿರುವುದು, ಆಲಸ್ಯ, ಕೃತಜ್ಞತೆಯ ಕೊರತೆ, ಧನಚಿಂತೆಯ ಅತಿರೇಕ, ಅರ್ಥಜ್ಞಾನವಿಲ್ಲದವರ ಸಲಹೆ, ನಿರ್ಧರಿಸಿದ ಕೆಲಸವನ್ನು ಆರಂಭಿಸದಿರುವುದು, ರಹಸ್ಯವನ್ನು ಕಾಪಾಡದಿರುವುದು, ಮಂಗಳಕಾರ್ಯಗಳನ್ನು ಬಿಟ್ಟುಬಿಡುವುದು ಮತ್ತು ಭೋಗಾಸಕ್ತಿ. ಧಾರ್ಮಿಕ ಪದಗಳನ್ನು ಈ ಪುರಾತನ ಉಪದೇಶದ ಸಂದರ್ಭದಲ್ಲೇ ಅರ್ಥಮಾಡಿಕೊಳ್ಳಬೇಕು. ಇಂದಿನ ಬೇರೆ ನಂಬಿಕೆಯ ವ್ಯಕ್ತಿಯನ್ನು ಅವಮಾನಿಸುವ ತೀರ್ಪಾಗಿ ಅವುಗಳನ್ನು ಬಳಸುವುದಿಲ್ಲ. ಪಟ್ಟಿಯ ಒಟ್ಟಾರೆ ದಿಕ್ಕು ರಾಜನ ಮಾತು, ಮನಸ್ಸು, ಕಾರ್ಯ ಮತ್ತು ಸಲಹೆಗಳಲ್ಲಿ ಶಿಸ್ತಿರಬೇಕೆಂಬುದು.",,55,24,31,,,pending,pending,,
533,BS01-S11,ಕಲಿತ ವಿದ್ಯೆಯ ಫಲ ನಡೆನುಡಿಯಲ್ಲಿ,MAHABHARATA-4-AADIPARVA_djvu.txt lines 22032–22067,"ವೇದ, ಧನ, ಕುಟುಂಬಜೀವನ ಮತ್ತು ವಿದ್ಯೆ ಫಲಕಾರಿಯಾಗುವುದು ಹೇಗೆ ಎಂದು ನಾರದರು ಪ್ರಶ್ನಿಸಿದಾಗ ಧರ್ಮರಾಜನು ಅದರ ಅರ್ಥವನ್ನು ಕೇಳುತ್ತಾನೆ. ನಾರದರು ಆ ಕಾಲದ ಧಾರ್ಮಿಕ ಮತ್ತು ಗೃಹಸ್ಥಜೀವನದ ನೆಲೆಯಲ್ಲಿ ಉತ್ತರಿಸುತ್ತಾರೆ. ವೇದಾಭ್ಯಾಸಕ್ಕೆ ಯಜ್ಞಾಚರಣೆ, ಧನಕ್ಕೆ ದಾನ ಮತ್ತು ಯೋಗ್ಯ ಉಪಯೋಗ, ದಾಂಪತ್ಯಕ್ಕೆ ಆತ್ಮೀಯತೆ ಮತ್ತು ಸಂತಾನ, ವಿದ್ಯೆಗೆ ಶೀಲ ಮತ್ತು ಸತ್ಕಾರ್ಯಗಳನ್ನು ಸಂಬಂಧಿಸುತ್ತಾರೆ. ಈ ಮಾತುಗಳನ್ನು ಎಲ್ಲರ ಜೀವನಕ್ಕೂ ಒಂದೇ ಕಡ್ಡಾಯ ಮಾದರಿಯಂತೆ ಹೇಳುವುದಿಲ್ಲ; ಕಥೆಯ ಗೃಹಸ್ಥಧರ್ಮದ ವಿವರಣೆಯಾಗಿ ತಿಳಿಸುತ್ತೇವೆ. ಅದರೊಳಗಿನ ಸ್ಪಷ್ಟವಾದ ಪ್ರಶ್ನೆ: ತಿಳಿದಿರುವುದು ಮತ್ತು ಹೊಂದಿರುವುದು ಬದುಕಿನ ನಡೆಗೆ ಹೇಗೆ ಉಪಯೋಗವಾಗುತ್ತಿದೆ?",,60,27,34,,,pending,pending,,
534,BS01-S12,"ವ್ಯಾಪಾರಿಗಳಿಗೆ ತೆರಿಗೆ, ಕೆಲಸಗಾರರಿಗೆ ಉಪಕರಣ",MAHABHARATA-4-AADIPARVA_djvu.txt lines 22068–22149,"ದೂರದಿಂದ ಲಾಭಕ್ಕಾಗಿ ಬರುವ ವ್ಯಾಪಾರಿಗಳಿಂದ ನಿಯಮಿತವಾದ ತೆರಿಗೆಯಷ್ಟೇ ಪಡೆಯುತ್ತೀರೇ ಎಂದು ನಾರದರು ಕೇಳುತ್ತಾರೆ. ರಾಜ್ಯದ ಹೆಸರಿನಲ್ಲಿ ಜನರನ್ನು ವಂಚಿಸಬಾರದು. ಕೃಷಿ, ಗೋರಕ್ಷಣೆ ಮತ್ತು ತೋಟಗಾರಿಕೆಗೆ ಆ ಕೆಲಸ ತಿಳಿದ ಜನರನ್ನು ನೇಮಿಸಬೇಕು. ಮನೆಕಟ್ಟುವವರು ಮತ್ತು ಶಿಲ್ಪಿಗಳಿಗೆ ಬೇಕಾದ ವಸ್ತು–ಉಪಕರಣಗಳನ್ನು ಮುಂಚಿತವಾಗಿ ಒದಗಿಸಬೇಕು. ಮೂಲವು ಮುಂದಿನ ಹಲವು ತಿಂಗಳ ಅಗತ್ಯವನ್ನು ಗಮನಿಸುವ ಮಾತನ್ನೂ ಹೇಳುತ್ತದೆ. ಕುದುರೆ, ಆನೆ, ರಥ, ಧನುರ್ವಿದ್ಯೆ ಮತ್ತು ನಗರವಿದ್ಯೆಗಳ ಅಧ್ಯಯನದ ವಿಷಯವೂ ಬರುತ್ತದೆ. ಪರಿಣತಿ ಇದ್ದರೂ ಕೆಲಸಕ್ಕೆ ಬೇಕಾದ ಸಾಧನಗಳು ಇಲ್ಲದಿದ್ದರೆ ಅದರ ಫಲ ದೊರೆಯುವುದಿಲ್ಲ ಎಂಬ ಅರ್ಥವನ್ನು ಇಲ್ಲಿ ಕಾಣಬಹುದು.",,60,27,34,,,pending,pending,,
535,BS01-S13,ಅಪಾಯಗಳಿಂದ ರಕ್ಷಣೆ ಮತ್ತು ವಿಶೇಷ ನೆರವು,MAHABHARATA-4-AADIPARVA_djvu.txt lines 22150–22215,"ಕೊನೆಯಲ್ಲಿ ನಾರದರು ಬೆಂಕಿ, ಕಾಡುಪ್ರಾಣಿಗಳು, ಸರ್ಪಗಳು ಮತ್ತು ರೋಗಗಳಿಂದ ರಾಜ್ಯವನ್ನು ರಕ್ಷಿಸುವ ಬಗ್ಗೆ ಪ್ರಶ್ನಿಸುತ್ತಾರೆ. ದೃಷ್ಟಿ, ಮಾತು ಅಥವಾ ಚಲನೆಯ ತೊಂದರೆ ಇರುವವರು, ಅಂಗವೈಕಲ್ಯವುಳ್ಳವರು ಮತ್ತು ಆಶ್ರಯದ ಅಗತ್ಯವಿರುವವರು ಸುರಕ್ಷಿತವಾಗಿದ್ದಾರೆಯೇ ಎಂದೂ ಕೇಳುತ್ತಾರೆ. ಅವರ ರಕ್ಷಣೆಯನ್ನು ತಂದೆಯ ಕಾಳಜಿಗೆ ಹೋಲಿಸುತ್ತಾರೆ. ಆಡಳಿತದ ದೊಡ್ಡ ಮಾತು ಕೊನೆಗೆ ವ್ಯಕ್ತಿಯ ಭದ್ರತೆಗೆ ಬಂದು ನಿಲ್ಲುತ್ತದೆ. ಈ ಎಲ್ಲಾ ಪ್ರಶ್ನೆಗಳನ್ನು ಕೇಳಿದ ಧರ್ಮರಾಜನು ನಮಸ್ಕರಿಸಿ ತನ್ನ ತಿಳಿವಳಿಕೆ ಹೆಚ್ಚಿದುದನ್ನು ಒಪ್ಪಿಕೊಳ್ಳುತ್ತಾನೆ. ಸಭೆಯ ವೈಭವಕ್ಕಿಂತ ಅದರೊಳಗೆ ಕೇಳಿದ ಈ ಜವಾಬ್ದಾರಿಯ ಮಾತು ಅವನಿಗೆ ಹೆಚ್ಚು ಉಳಿಯುತ್ತದೆ.",,57,25,33,,,pending,pending,,
536,G40-S08,ಪ್ರಜೆಗಳ ಬದುಕೇ ರಾಜನ ಪರೀಕ್ಷೆ,MAHABHARATA-4-AADIPARVA_djvu.txt lines 21661–22238,"ನಾರದರ ಪ್ರಶ್ನೆಗಳು ಅರಮನೆಯ ಗೋಡೆಗಳನ್ನು ದಾಟಿ ಪ್ರಜೆಗಳ ಬದುಕನ್ನು ಮುಟ್ಟಿದವು. ಕೃಷಿ, ವ್ಯಾಪಾರ, ನೀರಿನ ವ್ಯವಸ್ಥೆ, ಸಾಲದ ನೆರವು, ವೈದ್ಯರು ಮತ್ತು ಶಿಲ್ಪಿಗಳ ಕಾರ್ಯಗಳ ಬಗ್ಗೆ ಅವರು ವಿಚಾರಿಸಿದರು. ಲೋಭ, ದ್ವೇಷ ಅಥವಾ ವೈಯಕ್ತಿಕ ಪ್ರೀತಿಯಿಂದ ಯಾರ ಜೀವನೋಪಾಯಕ್ಕೂ ಅಡ್ಡಿಯಾಗಬಾರದೆಂಬ ಅರ್ಥವನ್ನು ತಿಳಿಸಿದರು. ಆಲಸ್ಯ ಮತ್ತು ಅಸಾವಧಾನತೆ ಮೊದಲಾದ ರಾಜದೋಷಗಳನ್ನೂ ನೆನಪಿಸಿದರು. ಧರ್ಮರಾಜನು ಆ ಮಾತುಗಳನ್ನು ವಿನಯದಿಂದ ಸ್ವೀಕರಿಸಿದನು. ಉಪದೇಶವು ತನ್ನ ತಿಳಿವಳಿಕೆಯನ್ನು ಹೆಚ್ಚಿಸಿದೆ ಎಂದು ಹೇಳಿ, ಅದರಂತೆ ನಡೆಯಲು ಸಿದ್ಧನಾದನು. ಸಭೆಯ ವೈಭವವನ್ನು ಕಂಡ ಸಂತೋಷ ಈಗ ರಾಜ್ಯವನ್ನು ನೋಡಿಕೊಳ್ಳುವ ಜವಾಬ್ದಾರಿಯೊಂದಿಗೆ ಸೇರಿತು.",,60,27,34,,,pending,pending,,
537,G41-S01,ಇನ್ನೂ ಯಾವ ಸಭೆಗಳನ್ನು ಕಂಡಿದ್ದೀರಿ?,MAHABHARATA-4-AADIPARVA_djvu.txt lines 22239–22430,"ಉಪದೇಶವನ್ನು ಸ್ವೀಕರಿಸಿದ ಧರ್ಮರಾಜನು ನಾರದರ ಅನೇಕ ಲೋಕಗಳ ಸಂಚಾರವನ್ನು ನೆನಪಿಸಿಕೊಂಡನು. ಮಯನು ನಿರ್ಮಿಸಿದ ಈ ಸಭೆಯಂತಹ ಮತ್ತೊಂದು ಸಭೆಯನ್ನು ಕಂಡಿದ್ದೀರಾ ಎಂದು ಕೇಳಿದನು. ಆ ಪ್ರಶ್ನೆಗೆ ಉತ್ತರವಾಗಿ ನಾರದರು ದೇವಸಭೆಗಳ ಪರಿಚಯವನ್ನು ಆರಂಭಿಸಿದರು. ಇಂದ್ರ, ಯಮ, ವರುಣ, ಕುಬೇರ ಮತ್ತು ಬ್ರಹ್ಮನ ಸಭೆಗಳನ್ನು ಕ್ರಮವಾಗಿ ವರ್ಣಿಸುವುದಾಗಿ ಹೇಳಿದರು. ಈಗ ಕಾಣಲಿರುವ ದೃಶ್ಯಗಳು ಧರ್ಮರಾಜನು ಸ್ವತಃ ಅಲ್ಲಿಗೆ ಪ್ರಯಾಣಿಸಿದ ಘಟನೆಗಳಲ್ಲ. ಅವನು ಇಂದ್ರಪ್ರಸ್ಥದಲ್ಲೇ ಕುಳಿತು, ನಾರದರು ಕಂಡ ಲೋಕಗಳನ್ನು ಅವರ ಮಾತಿನ ಮೂಲಕ ಕೇಳುತ್ತಿದ್ದಾನೆ. ಋಷಿಯ ವಾಕ್ಯವು ಸಭೆಯೊಳಗೆ ಇನ್ನೊಂದು ವಿಶಾಲ ಲೋಕವನ್ನು ತೆರೆದಿತು.",,59,26,34,,,pending,pending,,
538,G41-S02,ಇಂದ್ರನ ಪ್ರಕಾಶಮಾನ ಸಭೆ,MAHABHARATA-4-AADIPARVA_djvu.txt lines 22431–22690,"ಮೊದಲು ನಾರದರು ಇಂದ್ರನ ಸಭೆಯನ್ನು ವರ್ಣಿಸಿದರು. ಅದು ಪ್ರಕಾಶದಿಂದ ತುಂಬಿ, ದಿವ್ಯವೃಕ್ಷಗಳು ಮತ್ತು ಸುಂದರ ಆಸನಗಳಿಂದ ಕಂಗೊಳಿಸುತ್ತಿತ್ತು. ಕಥೆಯ ಪ್ರಕಾರ ಅಲ್ಲಿ ಮುಪ್ಪು, ದುಃಖ, ಆಯಾಸ ಮತ್ತು ಆತಂಕಗಳಿಗೆ ಸ್ಥಾನವಿಲ್ಲ. ಇಂದ್ರನು ಶಚಿಯೊಂದಿಗೆ ಉನ್ನತ ಆಸನದಲ್ಲಿ ಕುಳಿತಿದ್ದನು. ಮರುತ್ತುಗಳು, ದೇವತೆಗಳು, ಋಷಿಗಳು ಮತ್ತು ಗಂಧರ್ವರು ಅವನ ಸುತ್ತ ನೆರೆದಿದ್ದರು. ಈ ಸಭೆಯ ವರ್ಣನೆ ಭೂಮಿಯ ಒಂದು ಅರಮನೆಯ ಅಳತೆಯಷ್ಟೇ ಅಲ್ಲ; ಪುಣ್ಯಕರ್ಮ ಮತ್ತು ದಿವ್ಯಜೀವನಕ್ಕೆ ಕಥೆ ನೀಡುವ ರೂಪವೂ ಆಗಿತ್ತು. ಧರ್ಮರಾಜನು ಆ ಸಭೆಯ ಜನರಲ್ಲಿ ಒಬ್ಬ ರಾಜನ ಹೆಸರು ವಿಶೇಷವಾಗಿ ಬಂದಿರುವುದನ್ನು ಗಮನಿಸುತ್ತಿದ್ದನು.",,60,27,34,,,pending,pending,,
539,BS02-S01,ಇಂದ್ರಸಭೆಯ ಋಷಿಗಳ ಹೆಸರುಗಳು,MAHABHARATA-4-AADIPARVA_djvu.txt lines 22431–22690,"ಇಂದ್ರನ ಸಭೆಯಲ್ಲಿ ನಾರದರು ಪರಾಶರ, ಪರ್ವತ, ಗಾಲವ, ಏಕತ, ದ್ವಿತ, ತ್ರಿತ, ಶಂಖ, ಲಿಖಿತ, ದುರ್ವಾಸ, ಉದ್ದಾಲಕ, ಶ್ವೇತಕೇತು ಮತ್ತು ಇನ್ನೂ ಅನೇಕ ಋಷಿಗಳನ್ನು ಹೆಸರಿಸುತ್ತಾರೆ. ಈ ಹೆಸರುಗಳಲ್ಲಿ ಕೆಲವರ ಕಥೆಗಳನ್ನು ನಾವು ಹಿಂದೆ ಕೇಳಿದ್ದೇವೆ; ಕೆಲವು ಹೆಸರುಗಳು ಇಲ್ಲಿ ಪರಿಚಯವಾಗಿ ಬರುತ್ತವೆ. ಹರಿಶ್ಚಂದ್ರನ ಹೆಸರು ರಾಜರ್ಷಿಯಾಗಿ ವಿಶೇಷವಾಗಿ ಕಾಣುತ್ತದೆ. ಪ್ರತಿಯೊಂದು ಹೆಸರು ಬಂದಾಗ ಹೊಸ ಉಪಕಥೆ ಆರಂಭವಾಗುತ್ತಿದೆ ಎಂದರ್ಥವಲ್ಲ. ಇವರು ಸಭೆಯಲ್ಲಿರುವವರ ಪಟ್ಟಿಯ ಭಾಗ. ಎಲ್ಲಾ ಹೆಸರಿಗೂ ಕಲ್ಪಿತ ಮುಖ ಮತ್ತು ಹೊಸ ಜೀವನಕಥೆಯನ್ನು ಸೇರಿಸುವುದಿಲ್ಲ. ಪಟ್ಟಿಯ ಉದ್ದೇಶ ಆ ಸಭೆಯಲ್ಲಿ ಸೇರಿರುವ ಜ್ಞಾನಪರಂಪರೆಯ ವ್ಯಾಪ್ತಿಯನ್ನು ತೋರಿಸುವುದಾಗಿದೆ.",,63,28,36,,,pending,pending,,
540,V4C03-S01,ಪುಷ್ಕರಮಾಲಿನಿಯ ಅಳತೆ ಮತ್ತು ಸ್ವರೂಪ,MAHABHARATA-4-AADIPARVA_djvu.txt lines 22436–22518,"ನಾರದರು ಕಂಡ ಇಂದ್ರಸಭೆಗೆ ಪುಷ್ಕರಮಾಲಿನಿ ಎಂಬ ಹೆಸರು ಬರುತ್ತದೆ. ಅದು ಇಂದ್ರನ ಸತ್ಕರ್ಮಗಳ ಫಲದಿಂದ ಪಡೆದ ದಿವ್ಯ ಸಭೆ. ಅದರ ಅಗಲ ನೂರು ಯೋಜನ, ಉದ್ದ ನೂರೈವತ್ತು ಯೋಜನ ಮತ್ತು ಎತ್ತರ ಐದು ಯೋಜನವೆಂದು ಪಾಠ ವರ್ಣಿಸುತ್ತದೆ. ಇಚ್ಛೆಯಂತೆ ಆಕಾಶದಲ್ಲಿ ಸಂಚರಿಸುವ ಸಾಮರ್ಥ್ಯವೂ ಅದಕ್ಕಿದೆ. ಅಲ್ಲಿ ಮುಪ್ಪು, ದುಃಖ, ಆಯಾಸ ಮತ್ತು ಆತಂಕಗಳಿಲ್ಲ. ದಿವ್ಯ ವೃಕ್ಷಗಳು, ಮನೆಗಳು ಮತ್ತು ಆಸನಗಳಿಂದ ತುಂಬಿದ ಆ ಸಭೆಯಲ್ಲಿ ಇಂದ್ರನು ಶಚಿಯೊಡನೆ ಕುಳಿತಿದ್ದಾನೆ; ಸ್ವರ್ಗಲಕ್ಷ್ಮಿಯ ಉಪಸ್ಥಿತಿಯನ್ನೂ ಪಾಠ ಹೇಳುತ್ತದೆ. ಕಿರೀಟ, ಕೆಂಪು ಅಂಗದ, ಶುಭ್ರ ವಸ್ತ್ರ ಮತ್ತು ವೈವಿಧ್ಯಮಯ ಮಾಲೆಗಳನ್ನು ಧರಿಸಿದ ಅವನ ಸುತ್ತ ಮರುತ್ತುಗಳು, ಸಿದ್ಧ ಗೃಹಸ್ಥರು, ಸಿದ್ಧರು, ದೇವರ್ಷಿಗಳು, ಸಾಧ್ಯರು ಮತ್ತು ದೇವಗಣಗಳು ತಮ್ಮ ಅನುಚರರೊಡನೆ ನೆರೆದಿದ್ದಾರೆ.",,75,33,43,,,pending,pending,,
541,V4C03-S02,ಇಂದ್ರನ ಸುತ್ತಲಿನ ಋಷಿಗಳು: ಮೊದಲ ಬಳಗ,MAHABHARATA-4-AADIPARVA_djvu.txt lines 22521–22549,"ನಾರದರು ಈ ಸಭೆಯಲ್ಲಿರುವ ಋಷಿಗಳು ಮತ್ತು ರಾಜನ ಹೆಸರುಗಳನ್ನು ಹೇಳುತ್ತಾರೆ: ಪರಾಶರ, ಪರ್ವತ, ಸಾವರ್ಣಿ, ಗಾಲವ, ಏಕತ, ದ್ವಿತ, ತ್ರಿತ, ಶಂಖ, ಲಿಖಿತ, ಗೌರಶಿರಾ, ದುರ್ವಾಸ, ದೀರ್ಘತಮ, ಯಾಜ್ಞವಲ್ಕ್ಯ, ಭಾಲುಕಿ, ಉದ್ದಾಲಕ, ಶ್ವೇತಕೇತು, ತಾಂಡ್ಯ, ಶಾಟ್ಯಾಯನಿ, ಹವಿಷ್ಠಾನ್, ಹವಿಷ್ಯ, ಹರಿಶ್ಚಂದ್ರರಾಜ, ಹೃದ್ಯ, ಔದರಶಾಂಡಿಲ್ಯ, ಪಾರಾಶರ್ಯ, ಗವಿಷ್ಠದ, ಜಾಬಾಲಿ, ವಾಮದೇವ, ಶಕ್ತಿ, ಗಾರ್ಗ್ಯ, ಸುವಾಮನ. ಇವರನ್ನು ತೇಜಸ್ವಿಗಳು, ಪಾಪರಹಿತರು, ಶ್ರಮದಿಂದ ಮುಕ್ತರು ಮತ್ತು ಸೋಮಪಾನಕ್ಕೆ ಅರ್ಹರು ಎಂದು ವರ್ಣಿಸುತ್ತಾರೆ. ಹರಿಶ್ಚಂದ್ರನಿಗೆ ಇಲ್ಲಿ ಬಂದಿರುವ ವಿಶೇಷ ಸ್ಥಾನವೇ ಮುಂದೆ ಧರ್ಮರಾಜನ ಪ್ರಶ್ನೆಗೆ ಕಾರಣವಾಗಲಿದೆ.",,57,25,33,,,pending,pending,,
542,V4C03-S03,ಇಂದ್ರನ ಸುತ್ತಲಿನ ಋಷಿಗಳು: ಎರಡನೆಯ ಬಳಗ,MAHABHARATA-4-AADIPARVA_djvu.txt lines 22552–22581,"ಮುಂದಿನ ನಾಮಪಟ್ಟಿಯಲ್ಲಿ ಈ ಹೆಸರುಗಳು ಬರುತ್ತವೆ: ವಾತಸ್ತಂಭ, ವಿಶಾಖ, ವಿಧಾತ, ಕಾಲ, ಅನಂತದತ್ತ, ತ್ವಷ್ಟಾ, ವಿಶ್ವಕರ್ಮ, ತುಂಬುರು, ಮರುತ್ತ, ಮರೀಚಿ, ಸ್ಥಾಣು ಋಷಿ, ಅತ್ರಿ, ಕಕ್ಷೀವಾನ್, ಗೌತಮ, ತಾರ್ಕ್ಷ್ಯ, ವೈಶ್ವಾನರ ಋಷಿ, ಷಡರ್ತು, ಕವಷ, ಧೌಮ್ಯ, ರೈಭ್ಯ, ನಲ, ಪರಾವಸು, ಸ್ವಸ್ತ್ಯಾತ್ರೇಯ, ಜರತ್ಕಾರು, ಕಹೋಳ, ಕಾಶ್ಯಪ, ವಿಭಾಂಡಕ, ಋಷ್ಯಶೃಂಗ, ಉನ್ಮುಖ, ವಿಮುಖ, ಕಾಲಕವರ್ಷೀಯ, ಸುಶ್ರುತ, ಹಿರಣ್ಯದ, ಸಂವರ್ತ, ವೇದಹವ್ಯ, ವಿಶ್ವಸೇನ. ಈ ಪಟ್ಟಿಯ ಸ್ಥಾಣುವನ್ನು ಕನ್ನಡ ವಿವರಣೆ ಋಷಿ ಎಂದು ಗುರುತಿಸುತ್ತದೆ. ಇದೇ ಹೆಸರನ್ನು ಕೇಳಿದೊಡನೆ ಬೇರೆ ದೈವಪಾತ್ರದ ರೂಪವನ್ನು ಇಲ್ಲಿ ಸೇರಿಸುವ ಅಗತ್ಯವಿಲ್ಲ. ಹೆಸರಿನ ಜೊತೆ ಪಾಠ ಕೊಡುವ ಪಾತ್ರಪರಿಚಯವೂ ಮುಖ್ಯವಾಗಿದೆ.",,66,29,38,,,pending,pending,,
543,V4C03-S04,ತತ್ತ್ವಗಳು ಮತ್ತು ಯಜ್ಞದ ಅಭಿಮಾನಿದೇವತೆಗಳು,MAHABHARATA-4-AADIPARVA_djvu.txt lines 22580–22607,"ಇಂದ್ರಸಭೆಯ ಪಟ್ಟಿ ವ್ಯಕ್ತಿಗಳಲ್ಲೇ ನಿಲ್ಲುವುದಿಲ್ಲ. ಜಲ ಮತ್ತು ಔಷಧಿಗಳ ಅಭಿಮಾನಿದೇವತೆಗಳು, ಶ್ರದ್ಧೆ, ಮೇಧೆ ಮತ್ತು ಸರಸ್ವತಿಯೂ ಅಲ್ಲಿ ಇವೆಂದು ಹೇಳುತ್ತದೆ. ಅರ್ಥ, ಧರ್ಮ, ಕಾಮ, ವಿದ್ಯುತ್ ಮತ್ತು ಪೂರ್ವದಿಕ್ಕಿನ ವ್ಯಕ್ತಿರೂಪಗಳು ಬರುತ್ತವೆ. ಯಜ್ಞವನ್ನು ಹೊತ್ತುಕೊಂಡು ಹೋಗುವ ಇಪ್ಪತ್ತೇಳು ಅಗ್ನಿಗಳ ಉಲ್ಲೇಖವಿದೆ. ಅಗ್ನಿ–ಸೋಮ, ಇಂದ್ರ–ಅಗ್ನಿ, ಮಿತ್ರ, ಸವಿತಾ, ಅರ್ಯಮಾ, ಭಗ, ವಿಶ್ವೇದೇವತೆಗಳು, ಸಾಧ್ಯರು ಮತ್ತು ಮಂತ್ರಿಯಾದ ಶುಕ್ರನ ಹೆಸರುಗಳು ಬರುತ್ತವೆ. ಯಜ್ಞ, ದಕ್ಷಿಣೆ, ಗ್ರಹ, ಸೋಮ ಮತ್ತು ಯಜ್ಞಮಂತ್ರಗಳ ಅಭಿಮಾನಿದೇವತೆಗಳನ್ನೂ ಪಾಠ ಪ್ರತ್ಯೇಕಿಸುತ್ತದೆ. ಹೀಗಾಗಿ ಇಲ್ಲಿ ಯಜ್ಞದ ಪದಾರ್ಥಗಳು ಮತ್ತು ಕ್ರಿಯೆಗಳು ತಮ್ಮ ಅಧಿಷ್ಠಾನಶಕ್ತಿಗಳ ಮೂಲಕ ದಿವ್ಯ ಸಭೆಯಲ್ಲಿ ಸೇರಿವೆ ಎಂಬ ಪೌರಾಣಿಕ ಅರ್ಥ ಮೂಡುತ್ತದೆ.",,67,30,38,,,pending,pending,,
544,V4C03-S05,"ಅಪ್ಸರೆಯರು, ಗಂಧರ್ವರು ಮತ್ತು ನಿತ್ಯ ಅತಿಥಿಗಳು",MAHABHARATA-4-AADIPARVA_djvu.txt lines 22610–22679,"ಈ ಸಭೆಯ ಕಲಾವಿದರು ಮತ್ತು ಇತರ ಋಷಿಗಳಲ್ಲಿರುವ ಹೆಸರುಗಳು ಇವು: ರಂಭೆ, ಊರ್ವಶಿ, ಮೇನಕಾ, ಘೃತಾಚಿ, ಪಂಚಚೂಡಾ, ವಿಪ್ರಚಿತ್ತಿ, ವಿಶ್ವಾವಸು, ಚಿತ್ರಸೇನ, ಪರ್ವತ, ತುಂಬುರು, ಬೃಹಸ್ಪತಿ, ಶುಕ್ರಾಚಾರ್ಯ, ಭೃಗು, ಸಪ್ತಋಷಿಗಳು. ವಿದ್ಯಾಧರರು ಮತ್ತು ಗಂಧರ್ವರು ನೃತ್ಯ, ವಾದ್ಯ, ಗೀತೆ ಮತ್ತು ವಿವಿಧ ಭಾವಗಳಿಂದ ಇಂದ್ರನನ್ನು ಸಂತೋಷಪಡಿಸುತ್ತಾರೆ. ಅವನ ಪರಾಕ್ರಮಗಳನ್ನು ಮಂಗಳಸ್ತೋತ್ರಗಳಿಂದ ಹಾಡುತ್ತಾರೆ. ಬ್ರಹ್ಮರ್ಷಿ, ರಾಜರ್ಷಿ ಮತ್ತು ದೇವರ್ಷಿಗಳು ಪ್ರಕಾಶಮಾನ ವಿಮಾನಗಳಲ್ಲಿ ಬಂದು ಹೋಗುತ್ತಾರೆ. ಬೃಹಸ್ಪತಿ ಮತ್ತು ಶುಕ್ರಾಚಾರ್ಯರು ನಿತ್ಯ ಇರುತ್ತಾರೆ; ಬ್ರಹ್ಮನ ಸೂಚನೆಯಂತೆ ಭೃಗು ಮತ್ತು ಸಪ್ತಋಷಿಗಳೂ ನೆರೆದಿರುತ್ತಾರೆ. ಈ ರೀತಿ ನಾರದರು ತಾವು ಕಂಡ ಸಭೆಯನ್ನು ಹೇಳಿ ಯಮಸಭೆಯತ್ತ ಮಾತನ್ನು ತಿರುಗಿಸುತ್ತಾರೆ.",,66,29,38,,,pending,pending,,
545,G41-S03,ಯಮನ ಸಭೆ: ಭಯಕ್ಕಿಂತ ಶಾಂತಿ,MAHABHARATA-4-AADIPARVA_djvu.txt lines 22691–23037,"ಅನಂತರ ನಾರದರು ಯಮನ ಸಭೆಯನ್ನು ಹೇಳಿದರು. ವಿಶ್ವಕರ್ಮನು ನಿರ್ಮಿಸಿದ ಆ ಸಭೆ ತೇಜಸ್ಸಿನಿಂದ ಕೂಡಿತ್ತು. ಅಲ್ಲಿ ಅತಿಯಾದ ಬಿಸಿಯೂ ಇಲ್ಲ, ಚಳಿಯೂ ಇಲ್ಲ. ಹಸಿವು, ಬಾಯಾರಿಕೆ, ಮುಪ್ಪು ಮತ್ತು ಶೋಕವೂ ಇಲ್ಲವೆಂದು ವರ್ಣನೆ ತಿಳಿಸುತ್ತದೆ. ಅನೇಕ ರಾಜರು ಮತ್ತು ಮಹಾತ್ಮರು ಅಲ್ಲಿ ನೆರೆದಿದ್ದರು. ಮರಣದ ಹೆಸರನ್ನು ಕೇಳಿದೊಡನೆ ಮೂಡುವ ಕತ್ತಲೆಯ ಕಲ್ಪನೆಗೆ ಬದಲಾಗಿ, ಈ ಪ್ರಸಂಗದಲ್ಲಿ ಸಮತೋಲನ ಮತ್ತು ನೆಮ್ಮದಿಯ ಚಿತ್ರ ಮೂಡುತ್ತದೆ. ಧರ್ಮರಾಜನು ಪೂರ್ವಜರ ಲೋಕದ ಈ ವಿವರಣೆಯನ್ನು ಗಮನವಿಟ್ಟು ಕೇಳಿದನು. ರಾಜವಂಶಗಳ ನೆನಪು ಮತ್ತೊಮ್ಮೆ ಅವನ ವೈಯಕ್ತಿಕ ಕುಟುಂಬದ ನೆನಪಿಗೆ ಹತ್ತಿರವಾಯಿತು.",,60,27,34,,,pending,pending,,
546,BS02-S02,ಒಂದೇ ಹೆಸರು ಎಂದರೆ ಒಂದೇ ವ್ಯಕ್ತಿಯಲ್ಲ,MAHABHARATA-4-AADIPARVA_djvu.txt lines 22691–23037,"ಯಮನ ಸಭೆಯ ಪಟ್ಟಿಯಲ್ಲಿ ಶಂತನು ಮತ್ತು ಧರ್ಮರಾಜನ ತಂದೆಯಾದ ಪಾಂಡು ಬರುತ್ತಾರೆ. ಜೊತೆಗೆ ಯಯಾತಿ, ಭರತ, ನಳ, ಭಗೀರಥ, ದಿಲೀಪ, ಸಗರ, ಜನಕ, ದಾಶರಥಿ ರಾಮ ಮತ್ತು ಲಕ್ಷ್ಮಣ ಮೊದಲಾದ ಹಲವು ರಾಜರ ಉಲ್ಲೇಖವಿದೆ. ಜನಮೇಜಯ, ಧೃತರಾಷ್ಟ್ರ, ಸಹದೇವ ಅಥವಾ ಅರ್ಜುನ ಎಂಬ ಹೆಸರುಗಳನ್ನು ಕಂಡಾಗ ಈಗಿನ ಕಥೆಯಲ್ಲಿರುವ ಅದೇ ವ್ಯಕ್ತಿಯೆಂದು ತಕ್ಷಣ ಗುರುತಿಸಬಾರದು. ಮೂಲವೇ ಒಂದೇ ಹೆಸರಿನ ಅನೇಕ ರಾಜರನ್ನು ಎಣಿಸುತ್ತದೆ. ಹೆಸರು, ವಂಶ, ಸಂಬಂಧ ಮತ್ತು ಕಾಲವನ್ನು ಸೇರಿಸಿ ನೋಡಿದಾಗ ಮಾತ್ರ ಸರಿಯಾದ ಗುರುತು ಸಿಗುತ್ತದೆ. ಈ ಪಟ್ಟಿಯನ್ನು ಕಾಲಕ್ರಮದ ಮರಣಸುದ್ದಿಯಂತೆ ಓದುವುದು ತಪ್ಪು.",,62,28,35,,,pending,pending,,
547,V4C04-S01,ಯಮಸಭೆಯ ಪ್ರಕಾಶ ಮತ್ತು ಸಮತೋಲನ,MAHABHARATA-4-AADIPARVA_djvu.txt lines 22696–22751,"ವಿವಸ್ವಂತನ ಪುತ್ರನಾದ ಯಮನಿಗಾಗಿ ವಿಶ್ವಕರ್ಮನು ನಿರ್ಮಿಸಿದ ಸಭೆಯನ್ನು ನಾರದರು ಈಗ ವಿವರಿಸುತ್ತಾರೆ. ಅದರ ಉದ್ದ ಮತ್ತು ಅಗಲ ತಲಾ ನೂರು ಯೋಜನವೆಂದು ಪಾಠ ಹೇಳುತ್ತದೆ. ಅದು ಸೂರ್ಯನಂತೆ ಬೆಳಗುತ್ತಾ ಇಚ್ಛೆಯಂತೆ ಸಂಚರಿಸುತ್ತದೆ. ಅತಿ ಬಿಸಿಯೂ ಇಲ್ಲ, ಅತಿ ಚಳಿಯೂ ಇಲ್ಲ; ಶೋಕ, ಮುಪ್ಪು, ಹಸಿವು, ಬಾಯಾರಿಕೆ, ದೈನ್ಯ, ಕಾರ್ಪಣ್ಯ ಮತ್ತು ಅಪ್ರಿಯ ಅನುಭವಗಳಿಗೆ ಅಲ್ಲಿ ಸ್ಥಾನವಿಲ್ಲವೆಂದು ವರ್ಣನೆ ತಿಳಿಸುತ್ತದೆ. ಮಾನವರು ಮತ್ತು ದೇವತೆಗಳು ಬಯಸುವ ಆಹಾರಗಳು ಹೇರಳವಾಗಿವೆ. ಸುಗಂಧಮಾಲೆಗಳು, ಎಲ್ಲ ಋತುಗಳಲ್ಲಿಯೂ ಹೂವು–ಹಣ್ಣು ಕೊಡುವ ಮರಗಳು ಮತ್ತು ಸುಖಕರ ಜಲಗಳು ಇವೆ. ಇದು ಯಮನ ಸಭೆಯ ಪೌರಾಣಿಕ ವೈಭವದ ವರ್ಣನೆ; ಇಲ್ಲಿ ಅವನ ಸುತ್ತ ನೆರೆದಿರುವ ರಾಜರ ವಿಶಾಲ ಪಟ್ಟಿಯೂ ಬರುತ್ತದೆ.",,72,32,41,,,pending,pending,,
548,V4C04-S02,ಯಮಸಭೆಯ ರಾಜರು: ಮೊದಲ ನಾಮಸಾಲು,MAHABHARATA-4-AADIPARVA_djvu.txt lines 22754–22779,"ಯಮನ ಸುತ್ತ ಸಂತೋಷದಿಂದ ನೆರೆದಿರುವ ರಾಜರ ಮೊದಲ ನಾಮಸಾಲು ಹೀಗಿದೆ: ಯಯಾತಿ, ನಹುಷ, ಪೂರು, ಮಾಂಧಾತಾ, ಸೋಮಕ, ನೃಗ, ತ್ರಸದಸ್ಯು, ಚೈತ್ರರಥ, ಕೃತವೀರ್ಯ, ಶ್ರುತಶ್ರವ, ಅರಿಪುಂಡ್ರ, ಸುವಿಘ್ನ, ಕೃತವೇದ, ಕೃತಾಕೃತಿ, ಪ್ರತರ್ದನ, ಶಿಬಿ, ಮಾತ್ಸ್ಯ, ಪೃಥುವಕ್ಷ, ಬೃಹದ್ರಥ, ಐಲವಂಶದ ಮರುತ್ತ, ಕುಶಿಕ, ಸಾಂಕಾಶ್ಯ, ಸಾಂಕೃತಿ, ಭವ, ಶಂತನು, ಸದಶ್ವ, ಊರ್ಮಿ, ಕಾರ್ತವೀರ್ಯ. ಈ ಸಭೆ ರಾಜವಂಶಗಳ ನೆನಪಿನ ವಿಶಾಲ ಸ್ಥಳವಾಗಿದೆ. ಒಂದೇ ಹೆಸರು ಬೇರೆ ವಂಶಗಳಲ್ಲಿ ಮತ್ತೆ ಬಂದರೆ ಅದು ಒಂದೇ ವ್ಯಕ್ತಿಯ ಮರುಪ್ರವೇಶವೆಂದು ತೀರ್ಮಾನಿಸಲಾಗದು.",,54,24,31,,,pending,pending,,
549,V4C04-S03,ಯಮಸಭೆಯ ರಾಜರು: ಎರಡನೆಯ ನಾಮಸಾಲು,MAHABHARATA-4-AADIPARVA_djvu.txt lines 22781–22818,"ಮುಂದಿನ ರಾಜನಾಮಸಾಲಿನಲ್ಲಿ ಇವರು ಬರುತ್ತಾರೆ: ಐಲವಂಶದ ಭರತ, ಸುರಥ, ಸುನೀಥ, ನಿಷಧರಾಜ ನಳ, ದಿವೋದಾಸ, ವಸುಮನಾ, ಅಂಬರೀಷ, ಭಗೀರಥ, ವ್ಯಶ್ವ, ಸದಶ್ವ, ವಾಧ್ಯಶ್ವ, ಪಂಚಹಸ್ತ, ಪೃಥುಶ್ರವ, ಋಷಭ, ವೃಷಸೇನ, ಕೂಪ, ಪೃಷದಶ್ವ, ಸುಮನ, ಪುರುಕುತ್ಸ, ಧ್ವಜೀ, ರಥೀ, ಆರ್ಷ್ಟಿಷೇಣ, ದಿಲೀಪ, ಉಶೀನರ, ಉಶೀನರನ ಪುತ್ರ ಪುಂಡರೀಕ, ಯಯಾತಿ, ಭರತ, ಶುಚಿ, ಅಂಗ, ಅರಿಷ್ಟ, ದೇವಾಶ್ವ, ದುಃಷಂತ, ಸಂಜಯ, ಜಯ, ಭಾಗಸ್ವರಿ, ಸುನೀಥ, ನಿಷಧ, ನಿಮಿ, ರಥೀ, ಕರಂಧಮ, ಬಾಹಕ, ಸುದ್ಯುಮ್ನ, ಮಧು, ಕಪೋತರೋಮ, ತೃಣಕ, ಸಹದೇವ, ಅರ್ಜುನ, ದಾಶರಥಿರಾಮ, ಲಕ್ಷ್ಮಣ, ಪ್ರತರ್ದನ. ನಾರದರು ಹೇಳುವ ನಾಮಪಟ್ಟಿ ಮತ್ತು ಈಗ ಜೀವಂತವಾಗಿ ಕೇಳುತ್ತಿರುವವರ ಕಥಾಸ್ಥಾನ ಬೇರೆ.",,67,30,38,,,pending,pending,,
550,V4C04-S04,ಯಮಸಭೆಯ ರಾಜರು: ಮೂರನೆಯ ನಾಮಸಾಲು,MAHABHARATA-4-AADIPARVA_djvu.txt lines 22821–22843,"ಇನ್ನೊಂದು ನಾಮಸಾಲಿನಲ್ಲಿ ಈ ಹೆಸರುಗಳನ್ನು ಪಾಠ ದಾಖಲಿಸುತ್ತದೆ: ಅಳರ್ಕ, ಕಕ್ಷಸೇನ, ಗಯ, ಗೌರಾಶ್ವ, ಜಾಮದಗ್ನ್ಯ ಪರಶುರಾಮ, ನಾಭಾಗ, ಸಗರ, ಭೂರಿದ್ಯುಮ್ನ, ಅಧೀರ, ಪೃಥಾಶ್ವ, ಜನಕ, ವೈನ್ಯ, ಪಾರಿಷೇಣ, ಪುರುಜ, ಜನಮೇಜಯ, ಬ್ರಹ್ಮದತ್ತ, ತ್ರಿಗರ್ತ, ರಾಜೋಪರಿಚರ, ಮಹಾಭುಜ, ಮಹಾಜಾನು, ಮಾಯಾಸೃಷ್ಟಹಯ, ಅನಘ, ಪಾದ್ಮ, ಮುಚುಕುಂದ, ಇಂದ್ರದ್ಯುಮ್ನ, ಪ್ರಸೇನಜಿತ್, ಅರಿಷ್ಟನೇಮಿ, ಪ್ರದ್ಯುಮ್ನ, ಪೃಥು, ಜನಕ. ಜನಕ ಎಂಬ ಹೆಸರು ಪಟ್ಟಿಯಲ್ಲಿ ಮತ್ತೆ ಬರುತ್ತದೆ. ಜನಮೇಜಯ ಮತ್ತು ಪ್ರದ್ಯುಮ್ನ ಮೊದಲಾದ ಪರಿಚಿತ ಹೆಸರುಗಳನ್ನೂ ಇಲ್ಲಿನ ಸಂದರ್ಭದೊಂದಿಗೆ ಪ್ರತ್ಯೇಕವಾಗಿಯೇ ಓದುತ್ತೇವೆ. ನಾಮಸಾಮ್ಯವು ವ್ಯಕ್ತಿಯ ಗುರುತಿನ ಸಂಪೂರ್ಣ ಸಾಕ್ಷಿಯಲ್ಲ. ಈ ಆವೃತ್ತಿಯ ಕನ್ನಡ ವಿವರಣೆ ಮಾಯಾಸೃಷ್ಟಹಯ ಎಂದು ಒಟ್ಟಾಗಿ ಹೆಸರು ನೀಡುತ್ತದೆ. ಶ್ಲೋಕದಲ್ಲಿ ಮಾಯಾಸೃಷ್ಟೋ ಹಯೋ ಎಂಬ ಪದವಿಭಾಗವಿದೆ. ಎರಡೂ ಪಾಠರೂಪಗಳನ್ನು ನೆನಪಿಟ್ಟುಕೊಂಡೇ ಈ ಪಟ್ಟಿಯನ್ನು ಓದುತ್ತೇವೆ.",,78,35,45,,,pending,pending,,
551,V4C04-S05,ಮತ್ತೆ ಮತ್ತೆ ಬರುವ ರಾಜನಾಮಗಳು ಮತ್ತು ಸಂಖ್ಯೆಗಳು,MAHABHARATA-4-AADIPARVA_djvu.txt lines 22849–22889,"ನಾರದರು ಕೆಲವು ಹೆಸರುಗಳನ್ನು ವ್ಯಕ್ತಿಗಳಷ್ಟೇ ಅಲ್ಲ, ರಾಜರ ಸಮೂಹಗಳ ರೂಪದಲ್ಲಿಯೂ ಹೇಳುತ್ತಾರೆ. ನೂರು ಮತ್ಸ್ಯಭೂಪಾಲರು, ನೂರು ನೀಪರು, ನೂರು ಗಯರು, ನೂರು ಧೃತರಾಷ್ಟ್ರರು ಮತ್ತು ಎಂಬತ್ತು ಜನಮೇಜಯರು ಎಂಬ ಸಂಖ್ಯೆಗಳು ಬರುತ್ತವೆ. ನೂರು ಬ್ರಹ್ಮದತ್ತರು ಮತ್ತು ಮರುಭೂಮಿಯ ನೂರು ರಾಜರ ಉಲ್ಲೇಖವಿದೆ. ರಾಜರ್ಷಿ ಶಂತನು ಮತ್ತು ಧರ್ಮರಾಜನ ತಂದೆ ಪಾಂಡುವಿನ ಹೆಸರುಗಳು ಸ್ಪಷ್ಟವಾಗಿ ಕೇಳಿಬರುತ್ತವೆ. ಮುಂದಕ್ಕೆ ಋಷಡ್ಡವ, ಶತರಥ, ದೇವರಾಜ, ಜಯದ್ರಥ, ವೃಷಾದರ್ವಿ, ಧಾಮ ಮತ್ತು ಸಮೃದ್ಧಿ ಎಂಬ ನಾಮಗಳಿವೆ. ಶಶಬಿಂದುವಿನ ವಂಶದಲ್ಲಿ ಅನೇಕ ಅಶ್ವಮೇಧಗಳನ್ನು ಭೂರಿದಕ್ಷಿಣೆಯೊಂದಿಗೆ ಮಾಡಿದ ಸಾವಿರಾರು ರಾಜರೂ ಅಲ್ಲಿ ಇದ್ದರೆಂದು ಪಾಠ ಹೇಳುತ್ತದೆ. ಈ ಪುಣ್ಯಕೀರ್ತಿಯ ರಾಜರ್ಷಿಗಳ ಸಮೂಹದಲ್ಲಿ ತನ್ನ ತಂದೆಯಿರುವ ವಿಷಯ ಧರ್ಮರಾಜನಿಗೆ ವೈಯಕ್ತಿಕವಾಗಿ ಹತ್ತಿರವಾಗುತ್ತದೆ.",,72,32,41,,,pending,pending,,
552,V4C04-S06,ಪಿತೃಗಣಗಳು ಮತ್ತು ಕಾಲದ ಉಪಸ್ಥಿತಿ,MAHABHARATA-4-AADIPARVA_djvu.txt lines 22895–22949,"ರಾಜರ ನಂತರ ಅಗಸ್ತ್ಯ, ಮತಂಗ, ಕಾಲ ಮತ್ತು ಮೃತ್ಯುವಿನ ಹೆಸರುಗಳು ಬರುತ್ತವೆ. ಅನೇಕ ಯಜ್ಞಗಳನ್ನು ಮಾಡಿದವರು, ಸಿದ್ಧರು ಮತ್ತು ಯೋಗಶರೀರವುಳ್ಳವರನ್ನೂ ನಾರದರು ಹೇಳುತ್ತಾರೆ. ಪಿತೃಗಳ ವಿವಿಧ ಗಣಗಳಲ್ಲಿ ಅಗ್ನಿಷ್ವಾತ್ತರು, ಫೇನಪರು, ಊಷ್ಮಪರು, ಸ್ವಧಾವಂತರು ಮತ್ತು ಬರ್ಹಿಷದರು ಎಂಬ ಹೆಸರುಗಳಿವೆ. ರೂಪವುಳ್ಳ ಮತ್ತು ರೂಪರಹಿತ ಪಿತೃಗಣಗಳನ್ನೂ ಪ್ರತ್ಯೇಕಿಸುತ್ತಾರೆ. ಕಾಲಚಕ್ರದ ಅಭಿಮಾನಿದೇವತೆ, ಅಗ್ನಿ ಮತ್ತು ಕಾಲದ ಕಾರ್ಯದಲ್ಲಿ ತೊಡಗಿರುವ ಯಮದೂತರ ಉಲ್ಲೇಖವಿದೆ. ಪಾಠವು ದಕ್ಷಿಣಾಯನದಲ್ಲಿ ಮರಣ ಹೊಂದಿದ ದುಷ್ಕರ್ಮಿಗಳ ಗುಂಪನ್ನೂ ಹೇಳುತ್ತದೆ. ಶಿಂಶುಪ ಮತ್ತು ಪಲಾಶ ವೃಕ್ಷಗಳ, ಕಾಶ ಮತ್ತು ಕುಶ ಹುಲ್ಲುಗಳ ಅಭಿಮಾನಿದೇವತೆಗಳೂ ಸುಂದರ ರೂಪದಲ್ಲಿ ನೆರೆದಿರುತ್ತಾರೆ. ಈ ಸಭಾಸದರ ಎಲ್ಲ ಹೆಸರು ಮತ್ತು ಕಾರ್ಯಗಳನ್ನು ಎಣಿಸಲು ಸಾಧ್ಯವಿಲ್ಲವೆಂದು ನಾರದರು ತಮ್ಮ ಪಟ್ಟಿಯ ಮಿತಿಯನ್ನೂ ಹೇಳುತ್ತಾರೆ.",,74,33,42,,,pending,pending,,
553,V4C04-S07,ತಪಸ್ಸಿನಿಂದ ಕಟ್ಟಿದ ಸಭೆಯ ಅಂತಿಮ ನೋಟ,MAHABHARATA-4-AADIPARVA_djvu.txt lines 22952–23023,"ವಿಶ್ವಕರ್ಮನು ದೀರ್ಘ ತಪಸ್ಸಿನ ನಂತರ ಯಮಸಭೆಯನ್ನು ನಿರ್ಮಿಸಿದನೆಂದು ನಾರದರು ಹೇಳುತ್ತಾರೆ. ಅದು ವಿಶಾಲವಾಗಿದ್ದು ಜನರ ಒತ್ತಡದಿಂದ ಇಕ್ಕಟ್ಟಾಗುವುದಿಲ್ಲ. ತನ್ನದೇ ತೇಜಸ್ಸಿನಿಂದ ಬೆಳಗುವ ಆ ಸಭೆಗೆ ಕಠಿಣ ತಪಸ್ಸು ಮಾಡಿದವರು, ಒಳ್ಳೆಯ ವ್ರತ ಪಾಲಿಸಿದವರು, ಸತ್ಯವಂತರು ಮತ್ತು ಪುಣ್ಯಕರ್ಮಗಳಿಂದ ಶುದ್ಧರಾದ ಶಾಂತ ಸಂನ್ಯಾಸಿಗಳು ಬರುತ್ತಾರೆ. ಅವರ ದೇಹಗಳು ಪ್ರಕಾಶಮಾನ; ವಸ್ತ್ರಗಳು ಶುಭ್ರ; ಮಾಲೆ, ಅಂಗದ ಮತ್ತು ಕುಂಡಲಗಳಿಂದ ಅಲಂಕೃತವಾಗಿರುತ್ತಾರೆ. ಗಂಧರ್ವರು ಮತ್ತು ನೂರಾರು ಅಪ್ಸರೆಯರ ಬಳಗಗಳು ಗೀತೆ, ವಾದ್ಯ, ನೃತ್ಯ, ಹಾಸ್ಯ ಮತ್ತು ಲಾಸ್ಯಗಳಿಂದ ಸೇವೆ ಮಾಡುತ್ತವೆ. ಪವಿತ್ರ ಸುಗಂಧ, ಮಂಗಳಧ್ವನಿ ಮತ್ತು ದಿವ್ಯಮಾಲೆಗಳು ಎಲ್ಲೆಡೆ ತುಂಬಿರುತ್ತವೆ. ಈ ವರ್ಣನೆಯನ್ನು ಮುಗಿಸಿದ ನಾರದರು ಈಗ ವರುಣನ ಜಲಮಯ ಸಭೆಯತ್ತ ಮಾತನ್ನು ತಿರುಗಿಸುತ್ತಾರೆ.",,71,32,41,,,pending,pending,,
554,G41-S04,ವರುಣನ ಜಲಮಯ ಸಭೆ,MAHABHARATA-4-AADIPARVA_djvu.txt lines 23038–23424,"ವರುಣನ ಸಭೆಯ ವರ್ಣನೆಯಲ್ಲಿ ಜಲದ ವೈಭವ ಮೂಡಿತು. ನೀರಿನ ಲೋಕದಲ್ಲಿ ಪ್ರಕಾಶಿಸುವ ಆ ಭವನವು ಸುಂದರ ಪ್ರಾಕಾರ ಮತ್ತು ತೋರಣಗಳಿಂದ ಅಲಂಕೃತವಾಗಿತ್ತು. ವರುಣನ ಸುತ್ತ ನಾಗರು, ನದಿಗಳು, ಸಾಗರಗಳು ಮತ್ತು ಅನೇಕ ದೈತ್ಯರು ನೆರೆದಿರುವುದಾಗಿ ನಾರದರು ಹೇಳಿದರು. ಇಲ್ಲಿ ನದಿಗಳು ಮತ್ತು ಸಮುದ್ರಗಳು ವ್ಯಕ್ತಿರೂಪದಲ್ಲಿ ಕಾಣಿಸುವುದು ಪೌರಾಣಿಕ ವರ್ಣನೆಯ ವಿಧಾನ. ಭೂಮಿಯ ಮೇಲಿನ ನೀರಿನ ಮೂಲಗಳು ಒಂದೇ ದಿವ್ಯಸಭೆಯಲ್ಲಿ ಸೇರಿರುವ ಕಲ್ಪನೆ ಅದು. ಧರ್ಮರಾಜನು ಕೇಳುತ್ತಿರುವ ಪ್ರತಿಯೊಂದು ಸಭೆಯೂ ತನ್ನದೇ ಸ್ವರೂಪವನ್ನು ಹೊಂದಿತ್ತು; ಹಿಂದಿನ ಸಭೆಯ ಅಲಂಕಾರವನ್ನು ಮಾತ್ರ ಬದಲಿಸಿದಂತಿರಲಿಲ್ಲ.",,57,25,33,,,pending,pending,,
555,BS02-S03,ವರುಣನ ಸಭೆಯಲ್ಲಿ ನಾಗರು ಮತ್ತು ನದಿಗಳು,MAHABHARATA-4-AADIPARVA_djvu.txt lines 23038–23424,"ವರುಣನ ಸಭೆಯಲ್ಲಿ ವಾಸುಕಿ, ಅನಂತ ಅಥವಾ ಶೇಷ, ಕಾರ್ಕೋಟಕ ಮೊದಲಾದ ನಾಗರ ಉಲ್ಲೇಖ ಬರುತ್ತದೆ. ವರುಣನು ಶೇಷನಿಗೆ ಗೌರವಿಸುವ ವಿವರವನ್ನೂ ಈ ಆವೃತ್ತಿ ಕೊಡುತ್ತದೆ. ಬಲಿ, ಪ್ರಹ್ಲಾದ ಮತ್ತು ವಿಪ್ರಚಿತ್ತಿಯಂತಹ ದೈತ್ಯರ ಹೆಸರುಗಳೂ ಪಟ್ಟಿಯಲ್ಲಿವೆ. ನದಿಗಳು ಮತ್ತು ಸಾಗರಗಳು ವ್ಯಕ್ತಿರೂಪದಲ್ಲಿ ಸಭೆಗೆ ಸೇರುತ್ತವೆ. ನೀರಿನ ಲೋಕದ ಸಂಬಂಧಗಳನ್ನು ಕಾವ್ಯವು ಜೀವಂತ ವ್ಯಕ್ತಿಗಳಂತೆ ಹೇಳುತ್ತದೆ ಎಂಬುದನ್ನು ನೆನಪಿಡಬೇಕು. ಈ ಪಟ್ಟಿಯಲ್ಲಿ ಧನಂಜಯ ಅಥವಾ ಜನಮೇಜಯ ಎಂಬ ನಾಗನ ಹೆಸರು ಕಂಡರೂ, ಅದನ್ನು ಅರ್ಜುನ ಅಥವಾ ಕಥೆ ಕೇಳುತ್ತಿರುವ ರಾಜನೊಂದಿಗೆ ಬೆರೆಸುವುದಿಲ್ಲ. ಒಂದೇ ಪದವು ಬೇರೆ ಜೀವಿಯ ಹೆಸರಾಗಿಯೂ ಬರಬಹುದು.",,62,28,35,,,pending,pending,,
556,V4C05-S01,ನೀರಿನ ಮಧ್ಯದ ಶುಭ್ರ ಸಭೆ,MAHABHARATA-4-AADIPARVA_djvu.txt lines 23043–23114,"ವರುಣನ ಸಭೆಯ ವಿಸ್ತಾರ ಯಮನ ಸಭೆಯಷ್ಟೇ ಇದೆಂದು ನಾರದರು ಹೇಳುತ್ತಾರೆ. ವಿಶ್ವಕರ್ಮನು ನೀರಿನ ಮಧ್ಯದಲ್ಲಿ ನಿರ್ಮಿಸಿದ ಆ ಸಭೆಗೆ ಸುಂದರ ಪ್ರಾಕಾರ ಮತ್ತು ತೋರಣಗಳಿವೆ. ರತ್ನಮಯ ವೃಕ್ಷಗಳು ಹೂವು–ಹಣ್ಣುಗಳಿಂದ ತುಂಬಿವೆ; ನೀಲಿ, ಹಳದಿ, ಹಸಿರು, ಕಪ್ಪು, ಬಿಳಿ ಮತ್ತು ಕೆಂಪು ಬಣ್ಣದ ಹೂಗೊಂಚಲುಗಳ ಪೊದೆಗಳು ಹರಡಿವೆ. ಸಾವಿರಾರು ಮಧುರಸ್ವರದ ವರ್ಣರಂಜಿತ ಪಕ್ಷಿಗಳು ಅಲ್ಲಿ ಇವೆ. ಅತಿ ಬಿಸಿಯೂ ಚಳಿಯೂ ಇಲ್ಲದ ಶುಭ್ರ ಸಭೆಯಲ್ಲಿ ದಿವ್ಯಮಾಲೆ, ವಸ್ತ್ರ ಮತ್ತು ರತ್ನಗಳನ್ನು ಧರಿಸಿದ ವರುಣನು ವಾರುಣಿಯೊಡನೆ ಕುಳಿತಿದ್ದಾನೆ. ವಾರುಣಿಯ ಗೌರೀ ಎಂಬ ಇನ್ನೊಂದು ಹೆಸರು ಅಥವಾ ರೂಪವನ್ನೂ ಈ ಪಾಠದ ವಿವರಣೆ ಹೇಳುತ್ತದೆ. ಆದಿತ್ಯರು ದಿವ್ಯ ಅಲಂಕಾರಗಳೊಂದಿಗೆ ಅವನನ್ನು ಉಪಾಸಿಸುತ್ತಾರೆ.",,69,31,39,,,pending,pending,,
557,V4C05-S02,ವರುಣಸಭೆಯ ನಾಗರು: ಮೊದಲ ನಾಮಸಾಲು,MAHABHARATA-4-AADIPARVA_djvu.txt lines 23115–23133,"ವರುಣನ ಸಭೆಯ ನಾಗರನ್ನು ಈ ಹೆಸರುಗಳಿಂದ ಪರಿಚಯಿಸಲಾಗುತ್ತದೆ: ವಾಸುಕಿ, ತಕ್ಷಕ, ಐರಾವತ, ಕೃಷ್ಣ ಮತ್ತು ಲೋಹಿತ, ಪದ್ಮ, ಚಿತ್ರ, ಕಂಬಳ, ಅಶ್ವತರ, ಧೃತರಾಷ್ಟ್ರ, ಬಲಾಹಕ, ಫಣಿನಾಗ, ನಾಗ, ಮಣಿ, ಶಂಖನಖ, ಕೌರವ್ಯ, ಸ್ವಸ್ತಿಕ, ಏಲಾಪತ್ರ, ವಾಮನ, ಅಪರಾಜಿತ, ದೋಷ, ನಂದಕ, ಪೂರಣ. ಈ ನಾಗನಾಮಗಳಲ್ಲಿರುವ ಧೃತರಾಷ್ಟ್ರ, ಐರಾವತ ಅಥವಾ ವಾಮನ ಎಂಬ ಹೆಸರುಗಳನ್ನು ಭೂಮಿಯ ರಾಜ ಅಥವಾ ಮತ್ತೊಂದು ದೈವಪಾತ್ರದೊಂದಿಗೆ ಸ್ವಯಂ ಬೆರೆಸುವುದಿಲ್ಲ. ಇಲ್ಲಿನ ವರ್ಗಪರಿಚಯ ನಾಗರು ಎಂಬುದೇ ಆಗಿದೆ. ಕೃಷ್ಣ ಮತ್ತು ಲೋಹಿತ ಎಂಬ ಎರಡು ಹೆಸರುಗಳು ಶ್ಲೋಕದಲ್ಲಿ ಪ್ರತ್ಯೇಕವಾಗಿ ಬರುತ್ತವೆ; ಕನ್ನಡ ಗದ್ಯದಲ್ಲಿ ಅವುಗಳನ್ನು ಕೃಷ್ಣಲೋಹಿತ ಎಂದು ಸೇರಿಸಿ ಮುದ್ರಿಸಲಾಗಿದೆ.",,66,29,38,,,pending,pending,,
558,V4C05-S03,ವರುಣಸಭೆಯ ನಾಗರು: ಎರಡನೆಯ ನಾಮಸಾಲು,MAHABHARATA-4-AADIPARVA_djvu.txt lines 23136–23147,"ನಾಗರ ಮುಂದಿನ ನಾಮಸಾಲು ಹೀಗಿದೆ: ಅಭೀಕ, ಶಭಿಕ, ಶ್ವೇತ, ಭದ್ರ, ಭದ್ರೇಶ್ವರ, ಮಣಿಮಾನ್, ಪಿಂಡಕ, ಸಾರ, ಕಾರ್ಕೋಟಕ, ಧನಂಜಯ, ಪ್ರಹ್ಲಾದ, ಮೂಷಿಕಾದ, ಜನಮೇಜಯ. ಈ ನಾಗರು ಪತಾಕೆ, ಮಂಡಲ ಮತ್ತು ಹೆಡೆಗಳ ವೈಶಿಷ್ಟ್ಯಗಳೊಂದಿಗೆ ಸಭೆಯಲ್ಲಿ ನೆರೆದಿದ್ದಾರೆ ಎಂದು ಪಾಠ ಹೇಳುತ್ತದೆ. ಧನಂಜಯ ಮತ್ತು ಜನಮೇಜಯ ಎಂಬ ನಾಗನಾಮಗಳು ಅರ್ಜುನನನ್ನಾಗಲೀ ಕಥೆ ಕೇಳುತ್ತಿರುವ ರಾಜನನ್ನಾಗಲೀ ಈ ಜಲಸಭೆಗೆ ಕರೆದೊಯ್ಯುವುದಿಲ್ಲ.",,41,18,23,,,pending,pending,,
559,V4C05-S04,ಶೇಷನಿಗೆ ಗೌರವ ಮತ್ತು ಗರುಡನ ಉಪಸ್ಥಿತಿ,MAHABHARATA-4-AADIPARVA_djvu.txt lines 23150–23178,"ಮಹಾನಾಗನಾದ ಅನಂತನನ್ನು, ಅಂದರೆ ಶೇಷನನ್ನು ಕಂಡಾಗ ವರುಣನು ಆಸನ ಮತ್ತು ಸತ್ಕಾರಗಳಿಂದ ಗೌರವಿಸುತ್ತಾನೆ. ವಾಸುಕಿ ಮೊದಲಾದ ನಾಗರು ಮೊದಲು ಶೇಷನ ಅನುಮತಿ ಪಡೆದು ತಮಗೆ ಯೋಗ್ಯವಾದ ಆಸನಗಳಲ್ಲಿ ಕುಳಿತು ಅವನಿಗೆ ಕೈಮುಗಿಯುತ್ತಾರೆ. ಈ ಸಭೆಯಲ್ಲಿ ವಿನತೆಯ ಪುತ್ರ ಗರುಡನ ಉಪಸ್ಥಿತಿಯನ್ನೂ ಪಾಠ ಸ್ಪಷ್ಟವಾಗಿ ಹೇಳುತ್ತದೆ. ಅವನ ಜೊತೆಗೆ ವರುಣನ ಪರಿಚಾರಕರು ಎಚ್ಚರಿಕೆಯಿಂದ ಸೇವೆ ಮಾಡುತ್ತಾರೆ. ಹಿಂದೆ ನಾಗರು ಮತ್ತು ಗರುಡನ ನಡುವೆ ಕೇಳಿದ ವೈರಕಥೆ ಇದ್ದರೂ, ಈ ಪ್ರಸಂಗದಲ್ಲಿ ನಾರದರು ಯುದ್ಧವನ್ನು ವರ್ಣಿಸುತ್ತಿಲ್ಲ; ಸಭೆಯಲ್ಲಿರುವ ವಿವಿಧ ಜೀವಸಮೂಹಗಳ ಉಪಸ್ಥಿತಿಯನ್ನೇ ಹೇಳುತ್ತಿದ್ದಾರೆ.",,57,25,33,,,pending,pending,,
560,V4C05-S05,ದೈತ್ಯದಾನವರ ಹೆಸರುಗಳು,MAHABHARATA-4-AADIPARVA_djvu.txt lines 23181–23226,"ವರುಣಸಭೆಯಲ್ಲಿ ಇರುವ ದೈತ್ಯದಾನವರ ಮತ್ತು ಇತರ ಬಳಗಗಳ ನಾಮಪಟ್ಟಿಯಲ್ಲಿ ಇವು ಬರುತ್ತವೆ: ವಿರೋಚನನ ಪುತ್ರ ಬಲಿ, ನರಕ, ಪ್ರಹ್ಲಾದ, ವಿಪ್ರಚಿತ್ತಿ, ಕಾಲಕೇಯರು, ಸುಮುಖ, ದುರ್ಮುಖ, ಶಂಖ, ಸುಮನಾ, ಸುಮತಿ, ಸ್ವನ, ಘಟೋದರ, ಮಹಾಪಾರ್ಶ್ವ, ಕ್ರಥ, ಪಿತೃಗಳು, ವಿಶ್ವರೂಪ, ಸ್ವರೂಪ, ವಿರೂಪ, ಮಹಾಶಿರಾ, ದಶಗ್ರೀವ, ವಾಲಿ, ಮೇಘವಾಸ, ದೋದಂಭ, ವಿಗದಂಭ, ಪ್ರಭವ, ಇಂದ್ರತಾಪನ. ಅವರು ಸುಂದರ ಕುಂಡಲ, ಕಿರೀಟ ಮತ್ತು ಮಾಲೆಗಳನ್ನು ಧರಿಸಿದ್ದಾರೆ. ತಪಸ್ಸು, ವ್ರತ ಮತ್ತು ವರಗಳಿಂದ ಬಲ ಪಡೆದ ಶೂರರೆಂದು ಪಾಠ ವರ್ಣಿಸುತ್ತದೆ. ಧರ್ಮಪಾಶಕ್ಕೆ ಒಳಗಾಗಿ ವರುಣನ ಉಪಾಸನೆಯಲ್ಲಿ ನೆರೆದಿದ್ದಾರೆ ಎಂದು ಹೇಳುತ್ತದೆ. ಮೊದಲಿನ ನಾಗಪಟ್ಟಿಯ ಪ್ರಹ್ಲಾದ ಮತ್ತು ಈ ದೈತ್ಯಪಟ್ಟಿಯ ಪ್ರಹ್ಲಾದ ಎಂಬ ನಾಮಸ್ಥಾನಗಳನ್ನು ವರ್ಗಪರಿಚಯದೊಂದಿಗೆ ಪ್ರತ್ಯೇಕವಾಗಿ ಉಳಿಸಿಕೊಳ್ಳುತ್ತೇವೆ.",,72,32,41,,,pending,pending,,
561,V4C05-S06,ನದಿಗಳು ಮತ್ತು ಸಮುದ್ರಗಳ ಪೂರ್ಣ ಪಟ್ಟಿ,MAHABHARATA-4-AADIPARVA_djvu.txt lines 23228–23358,"ಇಲ್ಲಿ ಜಲದ ಮೂಲಗಳು ವ್ಯಕ್ತಿರೂಪದಲ್ಲಿ ಬರುತ್ತವೆ. ಪಾಠವು ಹೆಸರಿಸುವ ಸಮುದ್ರ–ನದಿಗಳ ಪಟ್ಟಿ ಹೀಗಿದೆ: ನಾಲ್ಕು ಸಮುದ್ರಗಳು, ಭಾಗೀರಥೀ, ಕಾಳಿಂದೀ, ವಿದಿಶಾ, ವೇಣ್ಣಾ, ನರ್ಮದಾ, ವೇಗವಾಹಿನೀ, ವಿಪಾಶಾ, ಶತದ್ರು, ಚಂದ್ರಭಾಗಾ, ಸರಸ್ವತೀ, ಇರಾವತೀ, ವಿತಸ್ತಾ, ಸಿಂಧು, ದೇವನದ, ಗೋದಾವರೀ, ಕೃಷ್ಣವೇಣೀ, ಕಾವೇರೀ, ಕಂಬುದಾ, ವಿಶಲ್ಯಾ, ಕೌಶಿಕೀ, ಗೋಮತೀ, ದೇವಿಕಾ, ವಿಪಾಕಾ, ವೈತರಣೀ, ಜ್ಯೇಷ್ಠಿಲಾ, ಶೋಣ, ಚರ್ಮಣ್ವತೀ, ಶ್ವೇತನದೀ, ಫಲ್ಗುನೀ, ಮಹಾನದೀ, ಸರಯೂ, ಚೀರವಲ್ಲಾ ಮತ್ತು ಕುಲಿ. ಇವುಗಳ ಜೊತೆಗೆ ಇನ್ನೂ ಅನೇಕ ನದಿಗಳು, ತೀರ್ಥಗಳು, ಸರೋವರಗಳು ಮತ್ತು ಮಡುಗಳ ಅಧಿಷ್ಠಾನಶಕ್ತಿಗಳು ವರುಣನನ್ನು ಉಪಾಸಿಸುತ್ತವೆ. ಭೂಮಿಯ ಜಲಮೂಲಗಳ ವೈವಿಧ್ಯ ಒಂದೇ ಪೌರಾಣಿಕ ಸಭೆಯಲ್ಲಿ ಸೇರುವ ಚಿತ್ರ ಇದು. ಈ ನದಿಪಟ್ಟಿಯ ಶ್ಲೋಕದಲ್ಲಿ ಜ್ಯೇಷ್ಠಿಲಾ ಎಂಬುದಕ್ಕೆ ಮೊದಲು ತೃತೀಯಾ ಎಂಬ ಪದ ಬರುತ್ತದೆ; ಕನ್ನಡ ವಿವರಣೆ ಅದನ್ನು ಪ್ರತ್ಯೇಕ ನದಿನಾಮವಾಗಿ ನೀಡಿಲ್ಲ. ಅದಕ್ಕೆ ಇಲ್ಲಿಯೇ ಹೊಸ ನದಿಯ ಗುರುತನ್ನು ಕಟ್ಟುವುದಿಲ್ಲ. ಶ್ಲೋಕದ ಚೀರವಲ್ಲೇಲಾ ಎಂಬ ಸೇರಿರುವ ಪಾಠಕ್ಕೆ ಕನ್ನಡ ವಿವರಣೆಯಲ್ಲಿ ಚೀರವಲ್ಲಾ ಎಂಬ ರೂಪವಿದೆ. ಪಾಠದಲ್ಲಿರುವ ಈ ವ್ಯತ್ಯಾಸವನ್ನೂ ಉಳಿಸಿಕೊಳ್ಳೋಣ.",,103,46,59,,,pending,pending,,
562,V4C05-S07,"ಜಲಮೂಲಗಳು, ದಿಕ್ಕುಗಳು ಮತ್ತು ಸುನಾಭನ ಸೇವೆ",MAHABHARATA-4-AADIPARVA_djvu.txt lines 23361–23410,"ನದಿಗಳಷ್ಟೇ ಅಲ್ಲ, ಬಾವಿಗಳು, ಒರತೆಗಳು, ಜೌಗುಪ್ರದೇಶಗಳು ಮತ್ತು ತಟಾಕಗಳ ಅಭಿಮಾನಿಗಳೂ ದೇಹಧಾರಿಗಳಾಗಿ ವರುಣಸಭೆಯಲ್ಲಿ ಇರುತ್ತಾರೆ. ದಿಕ್ಕು, ವಿದಿಕ್ಕು, ಭೂಮಿ, ಪರ್ವತ ಮತ್ತು ಎಲ್ಲ ಜಲಚರಗಳೂ ಅಲ್ಲಿ ನೆರೆದಿವೆ. ಗಂಧರ್ವರು ಮತ್ತು ಅಪ್ಸರೆಯರು ಗೀತೆ, ವಾದ್ಯ ಮತ್ತು ನೃತ್ಯದಿಂದ ಸ್ತುತಿಸುತ್ತಾರೆ. ರತ್ನಗಳನ್ನು ಹೊಂದಿರುವ ಪರ್ವತಗಳು ಮತ್ತು ವಿವಿಧ ರಸಗಳ ವ್ಯಕ್ತಿರೂಪಗಳು ಮಧುರ ಕಥೆಗಳನ್ನು ಹೇಳುತ್ತವೆ. ವರುಣನ ಮಹಾಮಂತ್ರಿಯಾದ ಸುನಾಭನು ತನ್ನ ಮಕ್ಕಳು ಮತ್ತು ಮೊಮ್ಮಕ್ಕಳೊಡನೆ ಬರುತ್ತಾನೆ. ಗೋ ಎಂಬ ಹೆಸರಿನಿಂದಲೂ ಪರಿಚಿತವಾದ ಪುಷ್ಕರನ ಉಪಸ್ಥಿತಿಯನ್ನೂ ಪಾಠ ತಿಳಿಸುತ್ತದೆ. ಈ ಜಲಸಭೆಯ ವಿವರಣೆ ಮುಗಿದಾಗ ನಾರದರು ಧನಾಧಿಪತಿ ಕುಬೇರನ ಸಭೆಯತ್ತ ಹೊರಳುತ್ತಾರೆ.",,63,28,36,,,pending,pending,,
563,G41-S05,ಕುಬೇರನ ಸಭೆಯ ಐಶ್ವರ್ಯ,MAHABHARATA-4-AADIPARVA_djvu.txt lines 23425–23731,"ನಾರದರು ಮುಂದೆ ಧನಾಧಿಪತಿಯಾದ ಕುಬೇರನ ಸಭೆಯನ್ನು ವರ್ಣಿಸಿದರು. ಕಾಂತಿಯುತವಾದ ಆ ಸಭೆಯಲ್ಲಿ ಯಕ್ಷರು, ಗುಹ್ಯಕರು, ಗಂಧರ್ವರು ಮತ್ತು ಅಪ್ಸರೆಯರು ನೆರೆದಿದ್ದರು. ಸಂಗೀತ ಮತ್ತು ನೃತ್ಯವು ಅದರ ವೈಭವಕ್ಕೆ ಜೀವತುಂಬುತ್ತಿದ್ದವು. ರುದ್ರನ ಉಪಸ್ಥಿತಿಯನ್ನೂ ಋಷಿಯು ತಿಳಿಸಿದರು. ಸಂಪತ್ತನ್ನು ಚಿನ್ನದ ರಾಶಿಯೊಂದರಂತೆ ಮಾತ್ರ ಚಿತ್ರಿಸದ ಈ ವರ್ಣನೆಯಲ್ಲಿ, ಕಲೆ, ಸ್ನೇಹ ಮತ್ತು ದಿವ್ಯಸಮಾಗಮವೂ ಸೇರಿವೆ. ಇಂದ್ರಪ್ರಸ್ಥದ ಸಭೆಯಲ್ಲಿ ಕುಳಿತು ಕೇಳುತ್ತಿದ್ದ ಧರ್ಮರಾಜನಿಗೆ, ಲೋಕಗಳ ವೈಭವದ ಹಲವು ರೂಪಗಳು ಒಂದರ ನಂತರ ಒಂದಾಗಿ ತೆರೆದುಕೊಳ್ಳುತ್ತಿದ್ದವು. ಆದರೂ ನಾರದರು ಹೇಳಬೇಕಾದ ಅತ್ಯಂತ ವರ್ಣನಾತೀತ ಸಭೆ ಇನ್ನೂ ಉಳಿದಿತ್ತು.",,58,26,33,,,pending,pending,,
564,BS02-S04,ಕುಬೇರನ ಸಭೆಯ ಕಲಾಸಮೂಹ,MAHABHARATA-4-AADIPARVA_djvu.txt lines 23425–23731,"ಕುಬೇರನ ಸಭೆಯಲ್ಲಿ ಗಂಧರ್ವರು ಹಾಡುತ್ತಾರೆ, ಅಪ್ಸರೆಯರು ನೃತ್ಯಮಾಡುತ್ತಾರೆ. ರಂಭಾ, ಮೇನಕಾ, ಊರ್ವಶಿ, ಘೃತಾಚಿ, ಪುಂಜಿಕಸ್ಥಲಾ, ವಿಶ್ವಾಚಿ ಮೊದಲಾದ ಹೆಸರುಗಳು ಬರುತ್ತವೆ. ಎಲ್ಲರಿಗೂ ಈ ಸ್ಥಳದಲ್ಲಿ ಬೇರೆ ಬೇರೆ ಪ್ರೇಮಕಥೆ ಅಥವಾ ಹೊಸ ಘಟನೆಯಿಲ್ಲ. ಅವರು ಸಂಗೀತ–ನೃತ್ಯದ ಸಮೂಹದ ಸದಸ್ಯರಾಗಿ ಉಲ್ಲೇಖಿತರಾಗಿದ್ದಾರೆ. ಯಕ್ಷರು, ಗುಹ್ಯಕರು ಮತ್ತು ರುದ್ರನ ಉಪಸ್ಥಿತಿಯೂ ಸಭೆಯ ಸ್ವರೂಪವನ್ನು ವಿವರಿಸುತ್ತದೆ. ಮೂಲದಲ್ಲಿರುವ ಗಾಳಿ, ಹೂವು, ಚಂದನ ಮತ್ತು ಕಮಲದ ಸುಗಂಧದ ವರ್ಣನೆ ದೃಶ್ಯಕ್ಕೆ ಮಾತ್ರವಲ್ಲ, ಧ್ವನಿ ಮತ್ತು ವಾತಾವರಣಕ್ಕೂ ಮಾರ್ಗದರ್ಶನ ನೀಡುತ್ತದೆ. ಐಶ್ವರ್ಯದೊಳಗೆ ಕಲೆ ಮತ್ತು ಸೌಂದರ್ಯದ ಸ್ಥಾನವನ್ನು ಇದು ತೋರಿಸುತ್ತದೆ.",,59,26,34,,,pending,pending,,
565,V4C06-S01,ಚಂದ್ರಕಾಂತಿಯ ಸಭೆ ಮತ್ತು ಋದ್ಧಿ,MAHABHARATA-4-AADIPARVA_djvu.txt lines 23430–23509,"ಕುಬೇರನ ಸಭೆ ನೂರು ಯೋಜನ ಉದ್ದ ಮತ್ತು ಎಪ್ಪತ್ತು ಯೋಜನ ಅಗಲವೆಂದು ನಾರದರು ಹೇಳುತ್ತಾರೆ. ಕುಬೇರನು ತನ್ನ ತಪಸ್ಸಿನಿಂದ ನಿರ್ಮಿಸಿದ ಅದು ಚಂದ್ರನಂತೆ ಬೆಳಗುತ್ತದೆ; ಆಕಾಶದಲ್ಲಿ ಸಾಗುವವರಿಗೆ ಕೈಲಾಸದ ಶಿಖರದಂತೆ ಕಾಣುತ್ತದೆ. ಗುಹ್ಯಕರು ಅದನ್ನು ಹೊತ್ತೊಯ್ಯುವಾಗ ಬಿಳಿ ಮೋಡಗಳ ಸಮೂಹ ತೇಲಿದಂತೆ ತೋರುತ್ತದೆ. ಸುವರ್ಣಮಯ ವೃಕ್ಷಗಳು ಮತ್ತು ದಿವ್ಯ ಸುಗಂಧದಿಂದ ಅದು ತುಂಬಿರುತ್ತದೆ. ಕುಬೇರನು ತನ್ನ ಪತ್ನಿ ಋದ್ಧಿಯೊಡನೆ ದಿವ್ಯ ಆಸನದಲ್ಲಿ ಕುಳಿತುಕೊಳ್ಳುತ್ತಾನೆ. ಆಸನಕ್ಕೆ ಮೃದುವಾದ ಆಸ್ತರಣ ಮತ್ತು ಪಾದಗಳಿಗೆ ದಿಂಬಿದೆ. ಮಂದಾರ, ಸೌಗಂಧಿಕ, ಕಮಲಸರೋವರ ಮತ್ತು ಚಂದನವನಗಳ ಸೌರಭವನ್ನು ಹೊತ್ತ ಗಾಳಿ ಅವನನ್ನು ಸಂತೋಷಪಡಿಸುತ್ತದೆ. ಗಂಧರ್ವರು ಅಪ್ಸರೆಯರ ಬಳಗದೊಂದಿಗೆ ದಿವ್ಯ ತಾನಗಳಲ್ಲಿ ಹಾಡುತ್ತಾರೆ.",,67,30,38,,,pending,pending,,
566,V4C06-S02,ಅಪ್ಸರೆಯರ ಸಂಪೂರ್ಣ ನಾಮಸಾಲು,MAHABHARATA-4-AADIPARVA_djvu.txt lines 23512–23541,"ಕುಬೇರನ ಸಭೆಯಲ್ಲಿ ಗಾನ–ನೃತ್ಯದಲ್ಲಿ ನಿಪುಣರಾದ ಅಪ್ಸರೆಯರ ಈ ಹೆಸರುಗಳು ಬರುತ್ತವೆ: ಮಿಶ್ರಕೇಶೀ, ರಂಭಾ, ಚಿತ್ರಸೇನಾ, ಶುಚಿಸ್ಥಿತಾ, ಚಾರುದೇಷ್ಣಾ, ಘೃತಾಚೀ, ಮೇನಕಾ, ಪುಂಜಿಕಸ್ಥಲಾ, ವಿಶ್ವಾಚೀ, ಸಹಜನ್ಯಾ, ಪ್ರಂಲೋಚಂತೀ, ಊರ್ವಶೀ, ದಿವ್ಯಾ, ಸೌರಭೇಯೀ, ರಂಭಾ, ಗೋಪಾಲೀ, ಪಂಚಚೂಡಾ, ವಿದ್ಯುದರ್ಣಾ, ಸುಲೋಚನಾ, ಚಿತ್ರದೇವೀ, ನೀಲಾ, ಕಾಮ್ಯಾ, ಲಲಿತಾ. ರಂಭಾ ಎಂಬ ಹೆಸರು ಮೂಲ ಪಟ್ಟಿಯಲ್ಲೇ ಎರಡು ಬಾರಿ ಬರುತ್ತದೆ; ಆ ಎರಡು ನಾಮಸ್ಥಾನಗಳನ್ನು ಇಲ್ಲಿ ಅಳಿಸಿಲ್ಲ. ಇವರು ಮತ್ತು ಇನ್ನೂ ಸಾವಿರಾರು ಕಲಾವಿದರು ಸ್ತುತಿ ಮತ್ತು ನೃತ್ಯಗಾನಗಳಿಂದ ಸಭೆಯನ್ನು ಚಟುವಟಿಕೆಯಿಂದ ತುಂಬಿಸಿದ್ದಾರೆ.",,55,24,31,,,pending,pending,,
567,V4C06-S03,"ಗಂಧರ್ವರು, ವಿದ್ಯಾಧರರು ಮತ್ತು ನಿಧಿಗಳು",MAHABHARATA-4-AADIPARVA_djvu.txt lines 23544–23587,"ಈ ಸಭೆಯ ಗಂಧರ್ವರು ಮತ್ತು ಇತರ ಮುಖ್ಯ ಉಪಸ್ಥಿತಿಗಳ ಹೆಸರುಗಳು ಇವು: ವಿಶ್ವಾವಸು, ಹಹಾ, ಹುಹೂ, ತುಂಬುರು, ಪರ್ವತ, ಶೈಲೂಷ, ನಾರದ, ಚಿತ್ರಸೇನ, ಚಿತ್ರರಥ, ಚಂದ್ರಾಪೀಡ, ಭಗದತ್ತ, ದ್ರುಮ, ವಿಭೀಷಣ, ಶಂಖನಿಧಿ, ಪದ್ಮನಿಧಿ. ವಿದ್ಯಾಧರರ ಅಧಿಪತಿ ಚಂದ್ರಾಪೀಡನು ಸಹೋದರರೊಡನೆ ಬರುತ್ತಾನೆ. ಭಗದತ್ತನ ನೇತೃತ್ವದ ನೂರಾರು ಕಿನ್ನರರು ಮತ್ತು ಕಿಂಪುರುಷಾಧಿಪತಿ ದ್ರುಮನೂ ನೆರೆದಿದ್ದಾರೆ. ಧರ್ಮಿಷ್ಠ ವಿಭೀಷಣನು ರಾಕ್ಷಸರೊಡನೆ ತನ್ನ ಸಹೋದರ ಕುಬೇರನಿಗೆ ಸೇವೆ ಸಲ್ಲಿಸುತ್ತಾನೆ. ಶಂಖ ಮತ್ತು ಪದ್ಮನಿಧಿಗಳು ಉಳಿದ ನಿಧಿಗಳೊಡನೆ ವ್ಯಕ್ತಿರೂಪದಲ್ಲಿ ಬರುತ್ತವೆ. ಇಲ್ಲಿ ಭಗದತ್ತನು ಕಿನ್ನರರ ಪರಿಚಯದಲ್ಲಿ ಬಂದಿರುವುದನ್ನು ಮರೆಯುವುದಿಲ್ಲ.",,58,26,33,,,pending,pending,,
568,V4C06-S04,ಯಕ್ಷರ ಪೂರ್ಣ ನಾಮಸಾಲು,MAHABHARATA-4-AADIPARVA_djvu.txt lines 23589–23622,"ಯಕ್ಷರು ಮತ್ತು ಇತರ ಸೇವಕರ ಮುಂದಿನ ನಾಮಪಟ್ಟಿ ಹೀಗಿದೆ: ಕಿನ್ನರನಾಮಕ ಗಂಧರ್ವರು, ನರನಾಮಕ ಗಂಧರ್ವರು, ಮಾಣಿಭದ್ರ, ಶ್ವೇತಭದ್ರ ಗುಹ್ಯಕ, ಸ್ಥೂಣ, ಸೂರ್ಯಭಾನು, ಶೋಣಿಕ, ತಿಂದುಕ, ಕುಶೇರಲ, ಗಂಧಪಣ, ವೃಷೋದ, ಕಿಂಪುರುಷ ದ್ರುಮ, ಗಜಕರ್ಣ, ವಿಶಾಲಕ, ವರಾಹಕರ್ಣ, ಸಂಕೃಷ್ಣ, ಫಲಭಕ್ಷ, ಫಲೋದಕ, ಅಂಗಚೂಡ, ಶಿಲಾಪುಷ್ಪ, ಹೇಮನೇತ್ರ, ವಿಭೂಷಣ, ಪುಷ್ಪಾನನ, ಪಿಂಗಲಕ, ಶೋಣಿತೋದ, ಪ್ರಪಾಲಿತ, ವೃಕ್ಷಪಾರ್ಶ್ವ, ನಿಕೇತ, ಚೀರವಾಸ, ಸಭೆಯ ಅಭಿಮಾನಿ ಲಕ್ಷ್ಮೀ, ನಲಕೂಬರ. ಇವರ ಜೊತೆಗೆ ಲಕ್ಷಾಂತರ ಯಕ್ಷರು ಕುಬೇರನನ್ನು ಉಪಾಸಿಸುತ್ತಾರೆಂದು ಪಾಠ ಹೇಳುತ್ತದೆ. ಇಲ್ಲಿ ಕಿನ್ನರ ಮತ್ತು ನರ ಎಂಬ ಪದಗಳು ಕೆಲವು ಗಂಧರ್ವರ ವಿಶೇಷ ಹೆಸರುಗಳಾಗಿಯೂ ಬಳಕೆಯಾಗಿವೆ; ಪ್ರತಿ ಪದವನ್ನೂ ಒಂದೇ ವರ್ಗದ ಸಾಮಾನ್ಯ ಹೆಸರಾಗಿ ಓದಿದರೆ ಈ ಪಟ್ಟಿಯ ವ್ಯತ್ಯಾಸ ಕಳೆದುಹೋಗುತ್ತದೆ. ಇಲ್ಲಿ ಕನ್ನಡ ವಿವರಣೆಯ ಶಿಲಾಪುಷ್ಪ ಎಂಬ ಹೆಸರಿಗೆ ಶ್ಲೋಕದಲ್ಲಿ ಶಿಲಾಪುಷ್ಟ ಎಂಬ ಭಿನ್ನರೂಪವಿದೆ. ಒಂದನ್ನು ಅಳಿಸಿ ಇನ್ನೊಂದೇ ಪುಸ್ತಕದ ಏಕೈಕ ಪಾಠ ಎಂದು ನಿರ್ಧರಿಸುವುದಿಲ್ಲ.",,92,41,53,,,pending,pending,,
569,V4C06-S05,ಪರ್ವತಗಳು ಮತ್ತು ರುದ್ರನ ಪರಿವಾರ,MAHABHARATA-4-AADIPARVA_djvu.txt lines 23625–23678,"ಈ ಸಭೆಯಲ್ಲಿ ಪರ್ವತಗಳ ವ್ಯಕ್ತಿರೂಪಗಳು ಮತ್ತು ರುದ್ರನ ಪರಿವಾರದ ಈ ಹೆಸರುಗಳು ಬರುತ್ತವೆ: ಮೇರು, ಹಿಮಾಲಯ, ಪಾರಿಯಾತ್ರ, ವಿಂಧ್ಯ, ಕೈಲಾಸ, ಮಂದರ, ಮಲಯ, ದರ್ದುರ, ಮಹೇಂದ್ರ, ಗಂಧಮಾದನ, ಇಂದ್ರನೀಲ, ಸುನಾಭ, ಉದಯಪರ್ವತ, ಅಸ್ತಪರ್ವತ, ನಂದೀಶ್ವರ, ಮಹಾಕಾಲ, ಶಂಕುಕರ್ಣ, ಕಾಷ್ಠಕೂಟ, ಸೋಮನಂದಿ, ವಿಜಯ. ನಾರದರು ತಾವೂ ಅನೇಕ ದೇವರ್ಷಿಗಳೂ ಇಲ್ಲಿ ಆಗಾಗ ಇರುತ್ತೇವೆ ಎನ್ನುತ್ತಾರೆ. ಉಮಾಪತಿ, ಪಶುಪತಿ, ಶೂಲಧಾರಿ, ತ್ರ್ಯಂಬಕ ಮತ್ತು ವಿಶ್ವರೂಪ ಎಂಬ ವಿಶೇಷಣಗಳಿಂದ ರುದ್ರನನ್ನು ಪರಿಚಯಿಸಿ ಪಾರ್ವತಿಯೊಡನೆ ಅವನ ಉಪಸ್ಥಿತಿಯನ್ನು ಹೇಳುತ್ತಾರೆ. ಭಗನ ನೇತ್ರವನ್ನು ನಾಶಮಾಡಿದವನೆಂಬ ಪೂರ್ವಕಥೆಯ ಸೂಚನೆಯೂ ಅದರಲ್ಲಿ ಇದೆ. ರುದ್ರನ ಬಿಳಿ ವೃಷಭವು ಗರ್ಜಿಸುತ್ತಿದೆ; ಗಂಧರ್ವರು, ರಾಕ್ಷಸರು ಮತ್ತು ನೈಋತರೂ ಅಲ್ಲಿ ನೆರೆದಿದ್ದಾರೆ.",,69,31,39,,,pending,pending,,
570,V4C06-S06,ಮಿತ್ರನಿಗೆ ಕುಬೇರನ ಗೌರವ,MAHABHARATA-4-AADIPARVA_djvu.txt lines 23680–23719,"ರುದ್ರನ ಪರಿವಾರವನ್ನು ಪಾಠವು ನಾನಾ ರೂಪಗಳ ಬಳಗವಾಗಿ ವರ್ಣಿಸುತ್ತದೆ. ಕುಬ್ಜರೂ, ಚಿಕ್ಕ ರೂಪದವರೂ, ಕೆಂಪುಕಣ್ಣಿನವರೂ, ಭಯಂಕರ ಧ್ವನಿಯವರೂ, ವಿವಿಧ ಆಯುಧಗಳನ್ನು ಹೊಂದಿದವರೂ ಇರುತ್ತಾರೆ. ಅವರ ಆಹಾರದ ಕುರಿತು ಮಾಂಸ, ಮೇದಸ್ಸು ಮತ್ತು ಕೊಬ್ಬಿನ ಉಲ್ಲೇಖವೂ ಇದೆ. ಬಿರುಗಾಳಿಯ ವೇಗದಂತಿರುವ ಆ ಪರಿವಾರದೊಂದಿಗೆ ಮಹೇಶ್ವರನು ಬಂದಾಗ ಕುಬೇರನು ಎದ್ದು ಶಿರಸಾ ಪ್ರಣಾಮ ಮಾಡುತ್ತಾನೆ. ರುದ್ರನ ಅನುಮತಿ ಪಡೆದ ನಂತರವೇ ತನ್ನ ಆಸನದಲ್ಲಿ ಕುಳಿತುಕೊಳ್ಳುತ್ತಾನೆ. ಈ ಗೌರವದ ಸಂಬಂಧದೊಳಗೆ ಇಬ್ಬರ ಸ್ನೇಹವನ್ನೂ ಪಾಠ ಒತ್ತಿಹೇಳುತ್ತದೆ. ಅಂತರಿಕ್ಷದಲ್ಲಿ ತಾನು ಕಂಡ ಕುಬೇರಸಭೆಯ ವರ್ಣನೆಯನ್ನು ಮುಗಿಸಿದ ನಾರದರು ಕೊನೆಗೆ ಬ್ರಹ್ಮಸಭೆಯ ವಿಷಯಕ್ಕೆ ಬರುತ್ತಾರೆ.",,62,28,35,,,pending,pending,,
571,G41-S06,ವರ್ಣನೆಗೆ ಸಿಗದ ಬ್ರಹ್ಮಸಭೆ,MAHABHARATA-4-AADIPARVA_djvu.txt lines 23732–24411,"ಬ್ರಹ್ಮನ ಸಭೆಯನ್ನು ಹೇಳುವಾಗ ನಾರದರು ತಮ್ಮ ವರ್ಣನೆಯ ಮಿತಿಯನ್ನೇ ಮೊದಲು ತಿಳಿಸಿದರು. ಅದನ್ನು ಹೀಗೆಯೇ ಇದೆ ಎಂದು ಒಂದೇ ರೂಪದಲ್ಲಿ ನಿರ್ಧರಿಸಿ ಹೇಳುವುದು ಕಷ್ಟವೆಂದರು. ಸೂರ್ಯನ ಮೂಲಕ ಆ ಸಭೆಯ ಪರಿಚಯವನ್ನು ಪಡೆದ ಹಿನ್ನೆಲೆಯನ್ನೂ ವಿವರಿಸಿದರು. ಮಹರ್ಷಿಗಳು, ದೇವತೆಗಳ ಸಮೂಹಗಳು ಮತ್ತು ಜ್ಞಾನದ ಹಲವು ರೂಪಗಳು ಅಲ್ಲಿ ಸೇರಿವೆ ಎಂದು ಹೇಳಿದರು. ನಮ್ಮ ದೃಶ್ಯವೂ ಈ ಮಾತಿನ ಮಿತಿಯನ್ನು ಗೌರವಿಸುತ್ತದೆ. ಅದು ಅಳತೆಯ ಕಟ್ಟಡದ ನಿಖರ ಚಿತ್ರವಲ್ಲ; ಋಷಿಯ ಮಾತಿನಲ್ಲಿ ಮೂಡುವ ಅಪಾರ ಜ್ಞಾನದ ದೃಶ್ಯಕಲ್ಪನೆ. ವರ್ಣನೆ ಮುಗಿದಾಗ ನಾವು ಮತ್ತೆ ಧರ್ಮರಾಜನ ಪ್ರಶ್ನೆಯ ಕಡೆಗೆ ಮರಳುತ್ತೇವೆ.",,62,28,35,,,pending,pending,,
572,BS02-S05,ಬ್ರಹ್ಮಸಭೆಯಲ್ಲಿ ಜ್ಞಾನಕ್ಕೂ ವ್ಯಕ್ತಿರೂಪ,MAHABHARATA-4-AADIPARVA_djvu.txt lines 23732–24247,"ಬ್ರಹ್ಮನ ಸಭೆಯಲ್ಲಿ ಋಷಿಗಳಷ್ಟೇ ಅಲ್ಲ, ಜ್ಞಾನದ ಹಲವು ರೂಪಗಳೂ ದೇಹವನ್ನು ಧರಿಸಿ ನಿಂತಿವೆ ಎಂದು ವರ್ಣನೆ ಹೇಳುತ್ತದೆ. ಋಗ್ವೇದ, ಯಜುರ್ವೇದ, ಸಾಮವೇದ, ಅಥರ್ವವೇದ, ವೇದಾಂಗಗಳು, ಇತಿಹಾಸ, ಆಯುರ್ವೇದ, ಯಜ್ಞಗಳು, ಸಂಕಲ್ಪ ಮತ್ತು ಪ್ರಾಣದವರೆಗೂ ಪಟ್ಟಿಯ ವ್ಯಾಪ್ತಿ ಸಾಗುತ್ತದೆ. ಚಂದ್ರ, ಸೂರ್ಯ ಮತ್ತು ಗ್ರಹಗಳ ಉಲ್ಲೇಖವೂ ಬರುತ್ತದೆ. ಅಗಸ್ತ್ಯ, ಮಾರ್ಕಂಡೇಯ, ಜಮದಗ್ನಿ, ಭರದ್ವಾಜ, ಚ್ಯವನ, ದುರ್ವಾಸ ಮತ್ತು ಸನತ್ಕುಮಾರರಂತಹ ಋಷಿಗಳೂ ಇದ್ದಾರೆ. ಜ್ಞಾನ ಮತ್ತು ಪ್ರಕೃತಿಯ ಅನೇಕ ರೂಪಗಳು ಒಂದೇ ಸಭೆಯಲ್ಲಿ ಸೇರಿವೆ ಎಂಬ ಪೌರಾಣಿಕ ಕಲ್ಪನೆ ಇದು. ಅದನ್ನು ನಿಜವಾದ ವಿಜ್ಞಾನಸಮ್ಮೇಳನದ ದಾಖಲೆಯಂತೆ ಅರ್ಥಮಾಡಿಕೊಳ್ಳಬೇಕಾಗಿಲ್ಲ.",,60,27,34,,,pending,pending,,
573,BS02-S06,ಪಟ್ಟಿ ಮತ್ತು ಕಥೆಯ ನಡುವಿನ ವ್ಯತ್ಯಾಸ,MAHABHARATA-4-AADIPARVA_djvu.txt lines 22431–24411,"ಈ ದೇವಸಭೆಗಳಲ್ಲಿನ ದೊಡ್ಡ ಹೆಸರುಪಟ್ಟಿಗಳನ್ನು ಕೇಳುವಾಗ ಮೂರು ಪ್ರಶ್ನೆಗಳನ್ನು ಮನಸ್ಸಿನಲ್ಲಿ ಇಟ್ಟುಕೊಳ್ಳಬಹುದು. ಈ ಹೆಸರು ಯಾರನ್ನು ಸೂಚಿಸುತ್ತದೆ? ಈಗ ಯಾವುದಾದರೂ ಘಟನೆ ನಡೆಯುತ್ತಿದೆಯೇ, ಅಥವಾ ಸಭೆಯ ಸದಸ್ಯರನ್ನು ಹೇಳಲಾಗುತ್ತಿದೆಯೇ? ಆ ಹೆಸರು ನಮ್ಮ ಮುಖ್ಯಕಥೆಯ ವ್ಯಕ್ತಿಯೊಂದಿಗೆ ನಿಜವಾಗಿಯೂ ಸಂಬಂಧಿತವೇ? ಉತ್ತರ ಸ್ಪಷ್ಟವಾಗದಿದ್ದರೆ ಹೊಸ ಸಂಬಂಧವನ್ನು ಊಹಿಸಬಾರದು.",,33,15,19,,,pending,pending,,
574,V4C07-S01,ಸೂರ್ಯನು ತೋರಿಸಿದ ದಾರಿ,MAHABHARATA-4-AADIPARVA_djvu.txt lines 23737–23821,"ಬ್ರಹ್ಮಸಭೆಯನ್ನು ಒಂದೇ ಸ್ಥಿರರೂಪದಲ್ಲಿ ವರ್ಣಿಸುವುದು ಸಾಧ್ಯವಿಲ್ಲವೆಂದು ನಾರದರು ಮೊದಲು ಹೇಳುತ್ತಾರೆ. ಹಿಂದೆ ದೇವಯುಗದಲ್ಲಿ ವಿವಸ್ವಂತ ಸೂರ್ಯನು ಮನುಷ್ಯಲೋಕವನ್ನು ಕಾಣಲು ಮನುಷ್ಯರೂಪದಲ್ಲಿ ಬಂದಿದ್ದನು. ಅವನು ತಾನು ಕಂಡ ಬ್ರಹ್ಮಸಭೆಯ ಅಳತೆಯಿಲ್ಲದ ಕಾಂತಿ ಮತ್ತು ಸಾಮರ್ಥ್ಯವನ್ನು ನಾರದರಿಗೆ ತಿಳಿಸಿದನು. ನಾರದರಿಗೂ ಅದನ್ನು ನೋಡುವ ಆಸೆ ಮೂಡಿತು. ಯಾವ ತಪಸ್ಸು, ಕರ್ಮ, ಔಷಧಿಶಕ್ತಿ, ಯೋಗ ಅಥವಾ ಮಾಯಾಶಕ್ತಿಯಿಂದ ಅದನ್ನು ಕಾಣಲು ಸಾಧ್ಯವೆಂದು ಸೂರ್ಯನನ್ನು ಕೇಳಿದರು. ಸೂರ್ಯನು ಅವರಿಗೆ ಸಾವಿರ ವರ್ಷದ ಬ್ರಹ್ಮವ್ರತವನ್ನು ಸೂಚಿಸಿದನು. ಮನಸ್ಸನ್ನು ನಿಯಮದಲ್ಲಿಟ್ಟು ಹಿಮಾಲಯದ ಬಳಿ ಆ ವ್ರತವನ್ನು ಆಚರಿಸಿದ ನಂತರ ಸೂರ್ಯನೇ ಅವರನ್ನು ಬ್ರಹ್ಮಸಭೆಗೆ ಕರೆದೊಯ್ದನು.",,61,27,35,,,pending,pending,,
575,V4C07-S02,"ರೂಪ ಬದಲಿಸುವ, ಕಂಬವಿಲ್ಲದ ಸಭೆ",MAHABHARATA-4-AADIPARVA_djvu.txt lines 23824–23882,"ಅಲ್ಲಿ ನಾರದರು ಕಂಡ ಸಭೆ ಕ್ಷಣಕ್ಷಣಕ್ಕೂ ಇನ್ನೊಂದು ರೂಪ ತಾಳುತ್ತಿತ್ತು. ಅದರ ಉದ್ದ, ಅಗಲ, ಆಕಾರ ಅಥವಾ ರೂಪವನ್ನು ತಾನು ನಿರ್ಧರಿಸಲಿಲ್ಲವೆಂದರು. ಹಿಂದೆ ಅದಕ್ಕೆ ಸಮನಾದುದನ್ನು ಕಂಡಿರಲಿಲ್ಲ. ಅಲ್ಲಿ ಚಳಿ, ಬಿಸಿ, ಹಸಿವು, ಬಾಯಾರಿಕೆ ಮತ್ತು ಆಯಾಸಗಳಿಲ್ಲ. ಅಮಿತ ಕಾಂತಿಯ ದಿವ್ಯವಸ್ತುಗಳಿಂದ ಕೂಡಿದ ಅದು ಕಂಬಗಳ ಮೇಲೆ ನಿಂತಿಲ್ಲ; ನಿತ್ಯವಾದುದು, ನಾಶರಹಿತವಾದುದು ಎಂದು ಪಾಠ ವರ್ಣಿಸುತ್ತದೆ. ತನ್ನದೇ ಪ್ರಭೆಯಿಂದ ಸೂರ್ಯ, ಚಂದ್ರ ಮತ್ತು ಅಗ್ನಿಯನ್ನು ಮೀರಿಸುವಂತೆ ಬೆಳಗುತ್ತದೆ. ಆ ಸಭೆಯಲ್ಲಿ ಲೋಕಪಿತಾಮಹ ಬ್ರಹ್ಮನು ತನ್ನ ದಿವ್ಯಶಕ್ತಿಯಿಂದ ಜೀವರ ಸೃಷ್ಟಿಕಾರ್ಯದಲ್ಲಿ ನಿರತನಾಗಿದ್ದಾನೆ.",,57,25,33,,,pending,pending,,
576,V4C07-S03,ಪ್ರಜಾಪತಿಗಳು ಮತ್ತು ಋಷಿಗಳ ಹೆಸರುಗಳು,MAHABHARATA-4-AADIPARVA_djvu.txt lines 23885–23953,"ಬ್ರಹ್ಮನ ಸಭೆಯಲ್ಲಿರುವ ಪ್ರಜಾಪತಿ ಮತ್ತು ಋಷಿವರ್ಗಗಳನ್ನು ಈ ಹೆಸರುಗಳಿಂದ ತಿಳಿಸಲಾಗಿದೆ: ದಕ್ಷ, ಪ್ರಚೇತ, ಪುಲಹ, ಮರೀಚಿ, ಕಶ್ಯಪ, ಆದಿತ್ಯರು, ರುದ್ರರು, ವಸುಗಳು, ಅಶ್ವಿನಿಗಳು, ಭೃಗು, ಅತ್ರಿ, ವಸಿಷ್ಠ, ಗೌತಮ, ಅಂಗಿರಸ, ಪುಲಸ್ತ್ಯ, ಕ್ರತು, ಪ್ರಹ್ಲಾದ, ಕರ್ದಮ, ಅಥರ್ವಾ, ಅಂಗಿರಸರು, ವಾಲಖಿಲ್ಯರು, ಮರೀಚಿಪರು, ಅಗಸ್ತ್ಯ, ಮಾರ್ಕಂಡೇಯ, ಜಮದಗ್ನಿ, ಭರದ್ವಾಜ, ಸಂವರ್ತ, ಚ್ಯವನ, ದುರ್ವಾಸ, ಋಷ್ಯಶೃಂಗ, ಸನತ್ಕುಮಾರ, ಅಸಿತ, ದೇವಲ, ಜೈಗೀಷವ್ಯ, ಋಷಭ, ಆರುಣಿ. ಇವರಲ್ಲಿ ಸನತ್ಕುಮಾರರನ್ನು ಯೋಗಾಚಾರ್ಯರೆಂದು, ಜೈಗೀಷವ್ಯರನ್ನು ತತ್ತ್ವಜ್ಞಾನಿಯೆಂದು, ಋಷಭರನ್ನು ಶತ್ರುಜಯಿಯೆಂದು ಪಾಠ ವಿಶೇಷವಾಗಿ ಪರಿಚಯಿಸುತ್ತದೆ. ಈ ನಾಮಪಟ್ಟಿಯ ಜೊತೆ ಜಗತ್ತಿನ ಮೂಲತತ್ತ್ವಗಳೂ ಜ್ಞಾನದ ರೂಪಗಳೂ ಅಲ್ಲಿ ವ್ಯಕ್ತಿರೂಪ ಪಡೆದಿವೆ.",,64,28,37,,,pending,pending,,
577,V4C07-S04,ಮನಸ್ಸಿನಿಂದ ಪಂಚಭೂತಗಳವರೆಗೆ,MAHABHARATA-4-AADIPARVA_djvu.txt lines 23894–23989,"ಮನಸ್ಸು, ವಿದ್ಯೆ, ಅಂತರಿಕ್ಷ, ವಾಯು, ತೇಜಸ್ಸು, ಜಲ ಮತ್ತು ಭೂಮಿ ಬ್ರಹ್ಮಸಭೆಯಲ್ಲಿ ವ್ಯಕ್ತಿರೂಪ ಪಡೆದಿವೆ. ಶಬ್ದ, ಸ್ಪರ್ಶ, ರೂಪ, ರಸ ಮತ್ತು ಗಂಧ ಎಂಬ ಅನುಭವವಿಷಯಗಳು, ಪ್ರಕೃತಿ ಮತ್ತು ಅದರ ವಿಕಾರಗಳು, ಜಗತ್ತಿಗೆ ಕಾರಣವಾಗುವ ಇತರ ತತ್ತ್ವಗಳೂ ಇವೆ. ಅಷ್ಟಾಂಗ ಆಯುರ್ವೇದವೂ ದೇಹಧಾರಿಯಾಗಿ ಕಾಣುತ್ತದೆ. ನಕ್ಷತ್ರಸಮೇತ ಚಂದ್ರ, ಕಿರಣಸಮೇತ ಸೂರ್ಯ, ವಾಯುಗಳು, ಕ್ರತುಗಳು, ಸಂಕಲ್ಪ ಮತ್ತು ಪ್ರಾಣದ ಉಪಸ್ಥಿತಿಯೂ ಬರುತ್ತದೆ. ಅರ್ಥ, ಧರ್ಮ, ಕಾಮ, ಹರ್ಷ, ದ್ವೇಷ, ತಪಸ್ಸು ಮತ್ತು ದಮಗಳನ್ನು ಪಾಠ ಪ್ರತ್ಯೇಕಿಸುತ್ತದೆ. ಇಪ್ಪತ್ತೇಳು ಗಂಧರ್ವ–ಅಪ್ಸರೆಯರ ಉಲ್ಲೇಖ ಮತ್ತು ಲೋಕಪಾಲರ ಉಪಸ್ಥಿತಿ ಬರುತ್ತದೆ. ಶುಕ್ರ, ಬೃಹಸ್ಪತಿ, ಬುಧ, ಅಂಗಾರಕ, ಶನಿ ಮತ್ತು ರಾಹು ಎಂಬ ಗ್ರಹಗಳನ್ನೂ ಹೆಸರಿಸುತ್ತದೆ. ಮಂತ್ರಗಳು, ರಥಂತರ ಮೊದಲಾದ ಸಾಮಗಳು, ಆದಿತ್ಯರು, ಮರುತ್ತುಗಳು, ವಿಶ್ವಕರ್ಮ ಮತ್ತು ವಿಜ್ಞಾನಕರ್ಮಗಳೂ ಅಲ್ಲಿ ಇವೆಂದು ಹೇಳುತ್ತದೆ.",,82,36,47,,,pending,pending,,
578,V4C07-S05,"ವೇದಗಳು, ಭಾಷ್ಯಗಳು ಮತ್ತು ಕಾಲದ ಅಳತೆಗಳು",MAHABHARATA-4-AADIPARVA_djvu.txt lines 23992–24036,"ಋಗ್ವೇದ, ಸಾಮವೇದ, ಯಜುರ್ವೇದ ಮತ್ತು ಅಥರ್ವವೇದಗಳ ಜೊತೆಗೆ ವಿವಿಧ ಶಾಸ್ತ್ರಗಳು ಬ್ರಹ್ಮಸಭೆಯಲ್ಲಿ ಇವೆ. ಇತಿಹಾಸ, ಉಪವೇದ, ವೇದಾಂಗ, ಗ್ರಹ, ಯಜ್ಞ, ಸೋಮ ಮತ್ತು ದೇವತಾಗಣಗಳನ್ನೂ ಪಾಠ ಸೇರಿಸುತ್ತದೆ. ಸಾವಿತ್ರೀ, ದುರ್ಗಾ ಮತ್ತು ವಾಣಿಯ ಉಪಸ್ಥಿತಿಯ ನಂತರ ಮೇಧಾ, ಧೃತಿ, ಶ್ರುತಿ, ಪ್ರಜ್ಞಾ, ಕ್ಷಾಂತಿ, ಸ್ಮೃತಿ ಮತ್ತು ಯಶಸ್ಸಿನ ರೂಪಗಳನ್ನು ಹೇಳುತ್ತದೆ. ಸಾಮಗಳು, ಸ್ತೋತ್ರಗಳು, ಗೀತೆಗಳು, ಗಾಥೆಗಳು ಮತ್ತು ತರ್ಕಸಹಿತ ಭಾಷ್ಯಗಳೂ ದೇಹಧಾರಿಗಳಾಗಿ ಇರುತ್ತವೆ. ಕಾಲವೂ ಅಲ್ಲಿ ವಿವಿಧ ಅಳತೆಗಳಲ್ಲಿ ಬರುತ್ತದೆ: ಕ್ಷಣ, ಲವ, ಮುಹೂರ್ತ, ಹಗಲು, ರಾತ್ರಿ, ಪಕ್ಷ, ಮಾಸ, ಆರು ಋತುಗಳು, ಸಂವತ್ಸರ, ಚತುರ್ಯುಗ ಮತ್ತು ನಾಲ್ಕು ವಿಧದ ರಾತ್ರಿಗಳು. ಇವೆಲ್ಲವನ್ನೂ ಒಳಗೊಂಡ ದಿವ್ಯ ಕಾಲಚಕ್ರ ನಿರಂತರವಾಗಿ ಚಲಿಸುತ್ತದೆ ಎಂದು ವರ್ಣನೆ ಹೇಳುತ್ತದೆ.",,74,33,42,,,pending,pending,,
579,V4C07-S06,ದೇವಮಾತೆಯರು ಮತ್ತು ದೇವಿಯರ ಪೂರ್ಣ ನಾಮಪಟ್ಟಿ,MAHABHARATA-4-AADIPARVA_djvu.txt lines 24042–24064,"ಬ್ರಹ್ಮಸಭೆಯಲ್ಲಿ ದೇವಮಾತೆಯರು ಮತ್ತು ದೇವಿಯರನ್ನು ಪ್ರತ್ಯೇಕವಾಗಿ ಹೆಸರಿಸಲಾಗಿದೆ: ಅದಿತಿ, ದಿತಿ, ದನು, ವಿನತಾ, ಸುರಸಾ, ಕಾಳಿಕಾ, ಸುರಭೀ, ಸರಮಾ, ಗೌತಮೀ, ಪೃಥಾ, ಕದ್ರೂ, ಪಾರ್ವತಿ, ಶ್ರೀದೇವಿ, ಲಕ್ಷ್ಮೀದೇವಿ, ಭದ್ರಾ, ಷಷ್ಠೀ, ಜರಾ, ಭೂಮಿ, ಗಂಗಾ, ಹ್ರೀದೇವಿ, ಸ್ವಾಹಾ, ಕೀರ್ತಿ, ಸುರಾ, ಶಚೀ, ಪುಷ್ಟಿ, ಅರುಂಧತೀ, ಸಂಪತ್ತಿ, ಆಶಾ, ನಿಯತಿ, ವೃಷ್ಟಿ, ರತಿ. ಇವರ ಜೊತೆಗೆ ಇನ್ನೂ ಅನೇಕ ದಿವ್ಯಸ್ತ್ರೀಯರು ಪ್ರಜಾಪತಿಯಾದ ಬ್ರಹ್ಮನನ್ನು ಉಪಾಸಿಸುತ್ತಾರೆ ಎಂದು ಪಾಠ ಹೇಳುತ್ತದೆ. ಶ್ರೀ ಮತ್ತು ಲಕ್ಷ್ಮಿ, ಪೃಥಾ ಮತ್ತು ಭೂಮಿ ಮೊದಲಾದ ಸಮೀಪಾರ್ಥದ ಹೆಸರುಗಳೂ ಮೂಲದಲ್ಲಿ ಪ್ರತ್ಯೇಕವಾಗಿ ಬಂದಿವೆ; ಅವುಗಳನ್ನು ಮೌನವಾಗಿ ಒಂದೇ ನಾಮಸ್ಥಾನಕ್ಕೆ ಕುಗ್ಗಿಸಿಲ್ಲ.",,65,29,37,,,pending,pending,,
580,V4C07-S07,ಏಳು ಪಿತೃಗಣಗಳು ಮತ್ತು ಸಕಲ ಜೀವವರ್ಗಗಳು,MAHABHARATA-4-AADIPARVA_djvu.txt lines 24067–24155,"ಆದಿತ್ಯರು, ವಸುಗಳು, ರುದ್ರರು, ಮರುತ್ತುಗಳು, ವಿಶ್ವೇದೇವರು ಮತ್ತು ಸಾಧ್ಯರ ಜೊತೆಗೆ ಮನೋವೇಗದ ಪಿತೃಗಳು ಬರುತ್ತಾರೆ. ಪಿತೃಗಣಗಳು ಏಳು; ನಾಲ್ಕು ರೂಪವುಳ್ಳವು, ಮೂರು ರೂಪರಹಿತವು ಎಂದು ನಾರದರು ಹೇಳುತ್ತಾರೆ. ವೈರಾಜ, ಅಗ್ನಿಷ್ವಾತ್ತ, ಗಾರ್ಹಪತ್ಯ, ಸೋಮಪ, ಏಕಶೃಂಗ, ಅನ್ವಾಹಾರ್ಯ ಮತ್ತು ಕಲ ಎಂಬ ಗಣನಾಮಗಳನ್ನು ಪಾಠ ನೀಡುತ್ತದೆ. ಪಿತೃಗಳಿಂದ ಪೋಷಿಸಲ್ಪಟ್ಟ ಸೋಮವು ಜಗತ್ತನ್ನು ಪೋಷಿಸುತ್ತದೆ ಎಂಬ ಸಂಬಂಧವನ್ನೂ ತಿಳಿಸುತ್ತದೆ. ರಾಕ್ಷಸ, ಪಿಶಾಚ, ದಾನವ, ಗುಹ್ಯಕ, ನಾಗಪತಿ, ಸುಪರ್ಣ ಮತ್ತು ಸ್ಥಾವರಜಂಗಮ ಜೀವವರ್ಗಗಳೆಲ್ಲ ಅಲ್ಲಿ ಇವೆ. ಇಂದ್ರ, ವರುಣ, ಕುಬೇರ, ಯಮ ಮತ್ತು ರುದ್ರರ ಆಗಮನವಿದೆ; ಷಣ್ಮುಖನು ನಿತ್ಯ ಇದ್ದಾನೆ. ನಾರಾಯಣನ ಸನ್ನಿಧಾನ, ದೇವರ್ಷಿಗಳು, ವಾಲಖಿಲ್ಯರು, ಯೋನಿಜ ಮತ್ತು ಅಯೋನಿಜ ಋಷಿಗಳೂ ಬರುತ್ತಾರೆ. ಮೂರುಲೋಕಗಳಲ್ಲಿ ಕಂಡ ಎಲ್ಲ ವೈವಿಧ್ಯವನ್ನೂ ತಾನು ಆ ಸಭೆಯಲ್ಲಿ ಕಂಡೆನೆಂದು ನಾರದರು ಹೇಳುತ್ತಾರೆ.",,80,36,46,,,pending,pending,,
581,V4C07-S08,ಬರುವ ಅತಿಥಿಗಳಿಗೆ ಬ್ರಹ್ಮನ ಸತ್ಕಾರ,MAHABHARATA-4-AADIPARVA_djvu.txt lines 24158–24238,"ಎಂಬತ್ತೆಂಟು ಸಾವಿರ ಊರ್ಧ್ವರೇತಸ್ಕ ಯತಿಗಳು ಮತ್ತು ಐವತ್ತು ಪ್ರಜ್ಞಾಶಾಲಿ ಋಷಿಗಳು ತಮಗೆ ಇಷ್ಟವಾದಾಗ ಸಭೆಗೆ ಬಂದು ಬ್ರಹ್ಮನಿಗೂ ದೇವತೆಗಳಿಗೂ ನಮಸ್ಕರಿಸಿ ಹಿಂದಿರುಗುತ್ತಾರೆ ಎಂಬ ಸಂಖ್ಯೆಯನ್ನು ಪಾಠ ಹೇಳುತ್ತದೆ. ಅತಿಥಿಗಳಾಗಿ ಬರುವ ನಾಗರು, ದೇವತೆಗಳು, ದೈತ್ಯರು, ಋಷಿಗಳು, ಯಕ್ಷರು, ಸುಪರ್ಣರು, ಕಾಳೀಯರು, ಗಂಧರ್ವರು ಮತ್ತು ಅಪ್ಸರೆಯರನ್ನು ಬ್ರಹ್ಮನು ಯೋಗ್ಯವಾಗಿ ಸತ್ಕರಿಸುತ್ತಾನೆ. ಅವರ ಪೂಜೆಯನ್ನು ಸ್ವೀಕರಿಸಿ ಸಮಾಧಾನದ ಮಾತು, ಗೌರವ, ಬಯಸಿದ ಸಂಪತ್ತು ಮತ್ತು ಗೋವುಗಳನ್ನು ನೀಡಿ ಸಂತೋಷಪಡಿಸುತ್ತಾನೆ. ಬರುತ್ತಿರುವವರೂ ಹೊರಟುಹೋಗುವವರೂ ನಿರಂತರವಾಗಿದ್ದರೂ ಸಭೆ ಸುಖಪ್ರದವಾಗಿದೆ. ಕೊನೆಗೆ ನಾರದರು ಧರ್ಮರಾಜನಿಗೆ, ದೇವಲೋಕದಲ್ಲಿ ಈ ಸಭೆಗಳು ಅಪೂರ್ವವಾದಂತೆ ಮನುಷ್ಯಲೋಕದಲ್ಲಿ ನಿನ್ನ ಸಭೆಯೂ ಶ್ರೇಷ್ಠವಾದುದು ಎಂದು ಹೇಳುತ್ತಾರೆ.",,65,29,37,,,pending,pending,,
582,V4C08-S01,ಮಾಧ್ವ ವ್ಯಾಖ್ಯಾನದ ಲೋಕಕ್ರಮ ಮತ್ತು ಅಳತೆ,MAHABHARATA-4-AADIPARVA_djvu.txt lines 24248–24319,"ಈ ಭಾಗದ ನಂತರ ಸೇರಿರುವ ಮಹಾಭಾರತತಾತ್ಪರ್ಯನಿರ್ಣಯದ ವಿವರಣೆ ಲೋಕಗಳ ಅಳತೆ ಮತ್ತು ಕ್ರಮವನ್ನು ಚರ್ಚಿಸುತ್ತದೆ. ಅಂತರಿಕ್ಷವು ಭೂಮಿಯಿಂದ ಒಂದು ಲಕ್ಷ ಯೋಜನ ಎತ್ತರ; ವಿಮಾನಗಳಿಂದ ತುಂಬಿದ ಸ್ವರ್ಗವು ಅರ್ಧಕೋಟಿ ಯೋಜನ ಎತ್ತರ ಎಂದು ಹೇಳುತ್ತದೆ. ಭುವರ್ಲೋಕ ಮತ್ತು ಸ್ವರ್ಗಲೋಕದ ವಿಸ್ತಾರಕ್ಕೆ ಕೋಟಿ ಯೋಜನಗಳ ಸಂಖ್ಯೆಯನ್ನು ನೀಡುತ್ತದೆ. ಮಹ, ಜನ ಮತ್ತು ತಪ ಲೋಕಗಳು ಒಂದಕ್ಕಿಂತ ಇನ್ನೊಂದು ಒಂದೂವರೆ ಪಟ್ಟು ಎತ್ತರದಲ್ಲಿವೆ ಎಂದು ವಿವರಿಸುತ್ತದೆ. ಅವುಗಳ ಒಟ್ಟು ವಿಸ್ತಾರಕ್ಕೆ ಐವತ್ತು ಕೋಟಿ ಯೋಜನಗಳ ಉಲ್ಲೇಖ ಬರುತ್ತದೆ. ಸತ್ಯಲೋಕದ ಎತ್ತರವನ್ನು ಕೆಳಗಿನ ಲೋಕಗಳ ಒಟ್ಟು ಅಳತೆಯೊಂದಿಗೆ ಸಂಬಂಧಿಸಿ, ಅದಕ್ಕಿಂತ ಇಮ್ಮಡಿ ಎತ್ತರದಲ್ಲಿ ಸನಾತನ ವಿಷ್ಣುಲೋಕವಿದೆ ಎಂದು ಹೇಳುತ್ತದೆ. ಮೇಲಿನ ಲೋಕಗಳಲ್ಲಿ ಸುಖ ನೂರುಪಟ್ಟು ಹೆಚ್ಚುತ್ತ ಹೋಗುತ್ತದೆ; ಹರಿಯ ಇಚ್ಛೆಯಿಂದ ಅಸಂಖ್ಯ ಜನರಿದ್ದರೂ ಸ್ಥಳದ ಕೊರತೆ ಬರುವುದಿಲ್ಲವೆಂದು ವ್ಯಾಖ್ಯಾನ ತಿಳಿಸುತ್ತದೆ. ರತ್ನಮಯ ಏಳು ಪಾತಾಳಗಳನ್ನೂ ಶೇಷನು ಧರಿಸಿದ್ದಾನೆ; ಅಲ್ಲಿನ ಜೀವಿಗಳು ಅನೇಕ ಸಾವಿರ ವರ್ಷ ಸುಖದಿಂದ ಬಾಳುತ್ತಾರೆ ಎಂಬ ವಿವರಣೆಯೂ ಇದೆ.",,97,43,55,,,pending,pending,,
583,V4C08-S02,ಯಾವ ಸಭೆಯಲ್ಲಿ ಹರಿಯ ಯಾವ ರೂಪ?,MAHABHARATA-4-AADIPARVA_djvu.txt lines 24322–24406,"ಮಾಧ್ವ ವ್ಯಾಖ್ಯಾನವು ಎಲ್ಲ ಲೋಕಗಳ ರಕ್ಷಕ ಸರ್ವೋತ್ತಮ ನಾರಾಯಣನೆಂದು ತನ್ನ ತಾತ್ತ್ವಿಕ ನೆಲೆಯನ್ನು ಹೇಳುತ್ತದೆ. ವಿಷ್ಣುಲೋಕದಲ್ಲಿ ಅವನು ಮುಕ್ತರಿಂದ ಆರಾಧಿಸಲ್ಪಡುತ್ತಾನೆ. ವೇದಾಭಿಮಾನಿಗಳು ಬ್ರಹ್ಮನ ಪರಿವಾರ; ಮುನಿಗಳು ಮತ್ತು ಹರಿಶ್ಚಂದ್ರ ಇಂದ್ರನ ಪರಿವಾರ; ರಾಜರು ಮತ್ತು ಪಾಂಡು ಯಮನ ಪರಿವಾರ ಎಂದು ಸಂಬಂಧಗಳನ್ನು ವಿವರಿಸುತ್ತದೆ. ಯಮಸಭೆಯಲ್ಲಿ ಯಮ ಮತ್ತು ರಾಜರು ಶ್ರೀರಾಮನನ್ನು ಆರಾಧಿಸುತ್ತಾರೆ; ಪರಶುರಾಮನ ಉಪಸ್ಥಿತಿಯನ್ನೂ ಮುಂದಕ್ಕೆ ಹೇಳುತ್ತದೆ. ಇಂದ್ರನು ವಾಮನರೂಪವನ್ನು, ವರುಣಸಭೆಯಲ್ಲಿ ಮತ್ಸ್ಯರೂಪವನ್ನು, ಕುಬೇರಸಭೆಯಲ್ಲಿ ಕಲ್ಕಿರೂಪವನ್ನು ಮತ್ತು ರುದ್ರನು ನರಸಿಂಹರೂಪವನ್ನು ಆರಾಧಿಸುತ್ತಾರೆ ಎಂಬ ವಿಶಿಷ್ಟ ವಿವರಣೆ ಇದೆ. ಬ್ರಹ್ಮನು ಹರಿಯ ಎಲ್ಲ ಅವತಾರಗಳನ್ನು ಉಪಾಸಿಸುತ್ತಾನೆ ಎನ್ನುತ್ತದೆ. ಈ ಲೋಕಕ್ರಮದ ಹಿನ್ನೆಲೆಯಲ್ಲಿ ಹರಿಶ್ಚಂದ್ರನಿಗೆ ಇಂದ್ರಸಭೆ ದೊರೆತು ಪಾಂಡುವಿಗೆ ಯಮಸಭೆ ಏಕೆ ಎಂಬ ಪ್ರಶ್ನೆ ಬರುತ್ತದೆ. ಉತ್ತರದಲ್ಲಿ ಹರಿಶ್ಚಂದ್ರನ ರಾಜಸೂಯದ ಫಲ ಮತ್ತು ತನ್ನ ಹಿರಿಯ ಮಗನೂ ರಾಜಸೂಯ ಮಾಡಬೇಕೆಂಬ ಪಾಂಡುವಿನ ಸಂದೇಶವನ್ನು ವ್ಯಾಖ್ಯಾನ ಮುಂದಿಡುತ್ತದೆ.",,87,39,50,,,pending,pending,,
584,G41-S07,ಹರಿಶ್ಚಂದ್ರನ ಸ್ಥಾನ ಏಕೆ ವಿಶೇಷ?,MAHABHARATA-4-AADIPARVA_djvu.txt lines 24412–24676,"ನಾರದರ ವರ್ಣನೆಯನ್ನು ಕೇಳಿದ ಧರ್ಮರಾಜನು ಒಂದು ವ್ಯತ್ಯಾಸವನ್ನು ಗುರುತಿಸಿದನು. ಅನೇಕ ರಾಜರ ಹೆಸರುಗಳು ಯಮನ ಸಭೆಯಲ್ಲಿ ಬಂದಿದ್ದವು. ಆದರೆ ಇಂದ್ರನ ಸಭೆಯಲ್ಲಿ ಹರಿಶ್ಚಂದ್ರನ ಹೆಸರು ವಿಶೇಷವಾಗಿ ಕೇಳಿಸಿತು. ಅವನಿಗೆ ಆ ಸ್ಥಾನ ಹೇಗೆ ದೊರಕಿತು ಎಂದು ಕೇಳಿದನು. ನಾರದರು ಹರಿಶ್ಚಂದ್ರನ ಪರಾಕ್ರಮ, ರಾಜಸೂಯಯಾಗ ಮತ್ತು ಅದರ ದಾನದ ಫಲವನ್ನು ವಿವರಿಸಿದರು. ದೇವಸಭೆಗಳ ದೃಶ್ಯಗಳು ಈಗ ಕೇವಲ ಆಶ್ಚರ್ಯಕ್ಕೆ ಸೀಮಿತವಾಗಿರಲಿಲ್ಲ. ಭೂಮಿಯ ಮೇಲೆ ರಾಜನು ಮಾಡುವ ಕಾರ್ಯ ಮತ್ತು ಕಥೆ ಹೇಳುವ ಪರಲೋಕಫಲಗಳ ನಡುವಿನ ಸಂಬಂಧವನ್ನು ಧರ್ಮರಾಜನು ಅರಿಯಲು ಪ್ರಯತ್ನಿಸುತ್ತಿದ್ದನು.","ಧರ್ಮರಾಜ: ಮಹರ್ಷಿಗಳೇ, ಇಂದ್ರನ ಸಭೆಯಲ್ಲಿ ಹರಿಶ್ಚಂದ್ರನ ಸ್ಥಾನವನ್ನು ವಿಶೇಷವಾಗಿ ಹೇಳಿದಿರಿ. ಆ ಸ್ಥಾನಕ್ಕೆ ಕಾರಣವಾದ ಅವನ ಕಾರ್ಯವೇನು?",68,30,39,,,pending,pending,,
585,G41-S08,ಪಾಂಡುವಿನ ಸಂದೇಶ,MAHABHARATA-4-AADIPARVA_djvu.txt lines 24677–24801,"ಆಗ ನಾರದರು ಧರ್ಮರಾಜನ ತಂದೆಯಾದ ಪಾಂಡುವಿನ ಸಂದೇಶವನ್ನು ತಿಳಿಸಿದರು. ಹರಿಶ್ಚಂದ್ರನ ವೈಭವವನ್ನು ಕಂಡ ಪಾಂಡುವು, ತನ್ನ ಮಗನು ಸಹೋದರರ ಸಹಕಾರದಿಂದ ರಾಜಸೂಯವನ್ನು ನೆರವೇರಿಸಬಲ್ಲನೆಂದು ಹೇಳಿದ್ದನು. ಆ ಯಾಗ ನಡೆದರೆ ತಾನೂ ಇಂದ್ರಸಭೆಯ ಸುಖವನ್ನು ಪಡೆಯಬಹುದೆಂಬ ಆಶೆಯನ್ನು ವ್ಯಕ್ತಪಡಿಸಿದ್ದನು. ಭೂಲೋಕಕ್ಕೆ ಬಂದಾಗ ಈ ಮಾತನ್ನು ಮಗನಿಗೆ ತಿಳಿಸುವುದಾಗಿ ನಾರದರು ಒಪ್ಪಿದ್ದರು. ಸಂದೇಶವನ್ನು ಕೇಳಿದ ಧರ್ಮರಾಜನ ಮನಸ್ಸು ಗಂಭೀರವಾಯಿತು. ತಂದೆಯ ಆಶೆ ಅವನಿಗೆ ಪ್ರಿಯವಾಗಿತ್ತು. ಆದರೆ ದೊಡ್ಡ ಯಾಗವೆಂದರೆ ದೊಡ್ಡ ಹೊಣೆಗಾರಿಕೆ; ಆಸೆಯ ಜೊತೆಗೆ ವಿಚಾರವೂ ಅಗತ್ಯವೆಂದು ಅವನು ಅರಿತಿದ್ದನು.",,55,24,31,,,pending,pending,,
586,G42-S01,ಒಳ್ಳೆಯ ರಾಜ್ಯದಿಂದ ದೊಡ್ಡ ಸಂಕಲ್ಪದವರೆಗೆ,MAHABHARATA-4-AADIPARVA_djvu.txt lines 24802–25084,"ನಾರದರು ಹೊರಟ ನಂತರ ಧರ್ಮರಾಜನು ರಾಜಸೂಯದ ವಿಚಾರವನ್ನು ಮನಸ್ಸಿನಲ್ಲಿ ಇಟ್ಟುಕೊಂಡನು. ಪ್ರಜೆಗಳಿಗೆ ನ್ಯಾಯ ಮತ್ತು ನೆಮ್ಮದಿಯನ್ನು ಕೊಡುವ ರಾಜ್ಯವನ್ನು ನಡೆಸುವುದು ಅವನ ಮೊದಲ ಕರ್ತವ್ಯವಾಗಿತ್ತು. ಅದಕ್ಕಿಂತ ದೊಡ್ಡ ರಾಜಮರ್ಯಾದೆಯನ್ನು ಬಯಸುವುದಾದರೆ, ಅದಕ್ಕೆ ತಕ್ಕ ಸಾಮರ್ಥ್ಯವೂ ಬೇಕಾಗಿತ್ತು. ಅವನು ಮಂತ್ರಿಗಳನ್ನು ಮತ್ತು ಸಹೋದರರನ್ನು ಕರೆದು ಸಮಾಲೋಚಿಸಿದನು. ಅವರು ಅವನ ಗುಣ ಮತ್ತು ರಾಜ್ಯದ ಸ್ಥಿತಿಯನ್ನು ಪರಿಗಣಿಸಿ ಯಾಗಕ್ಕೆ ಪ್ರೋತ್ಸಾಹ ನೀಡಿದರು. ಆದರೆ ಒಳ್ಳೆಯ ಮಾತು ಕೇಳಿಬಂದಷ್ಟಕ್ಕೆ ವಿಷಯ ಮುಗಿದಿರಲಿಲ್ಲ. ಯಾವ ಕಾರ್ಯಕ್ಕೆ ಎಷ್ಟು ಬಲ, ಸಂಪತ್ತು ಮತ್ತು ಸಹಕಾರ ಬೇಕು ಎಂಬುದನ್ನು ವಿಚಾರಿಸುವ ಹಂತ ಇನ್ನೂ ಉಳಿದಿತ್ತು.",,61,27,35,,,pending,pending,,
587,G42-S02,ಪ್ರಿಯವಾದ ಮಾತೇ ಹಿತವಾದ ಮಾತೇ?,MAHABHARATA-4-AADIPARVA_djvu.txt lines 24802–25147,"ಸಮಾಲೋಚನೆಯ ಮಧ್ಯೆ ಧರ್ಮರಾಜನು ಸಲಹೆಯ ಸ್ವಭಾವವನ್ನೂ ಯೋಚಿಸಿದನು. ಪ್ರೀತಿಯಿಂದ ಒಬ್ಬನು ತಪ್ಪನ್ನೂ ಒಳ್ಳೆಯದೆಂದು ಹೇಳಬಹುದು. ಮತ್ತೊಬ್ಬನು ತನ್ನ ಸ್ವಾರ್ಥಕ್ಕಾಗಿ ರಾಜನಿಗೆ ಇಷ್ಟವಾದ ಮಾತನ್ನೇ ಹೇಳಬಹುದು. ಕೆಲವರಿಗೆ ಕಾರ್ಯದ ಕಷ್ಟವೇ ಸಂಪೂರ್ಣವಾಗಿ ತಿಳಿಯದೆ ಇರಬಹುದು. ಆದ್ದರಿಂದ ಅವನಿಗೆ ಪ್ರಾಮಾಣಿಕವಾದ, ದೂರದ ಪರಿಣಾಮವನ್ನು ನೋಡುವ ಸಲಹೆ ಬೇಕಿತ್ತು. ಕೃಷ್ಣನು ತನ್ನ ಹಿತವನ್ನು ನೇರವಾಗಿ ಹೇಳಬಲ್ಲನೆಂಬ ವಿಶ್ವಾಸವಿತ್ತು. ಯಾಗವನ್ನು ಆರಂಭಿಸಬೇಕೇ ಎಂಬ ಪ್ರಶ್ನೆ, ಈಗ ಕೃಷ್ಣನೊಂದಿಗೆ ನಡೆಸಬೇಕಾದ ಪ್ರಮುಖ ವಿಚಾರಣೆಯಾಯಿತು. ಆತ್ಮೀಯತೆ ಮತ್ತು ವಿವೇಕ ಎರಡೂ ಸೇರಿದ ಸಲಹೆಯನ್ನು ಧರ್ಮರಾಜನು ಹುಡುಕುತ್ತಿದ್ದನು.",,55,24,31,,,pending,pending,,
588,G42-S03,ಇಂದ್ರಪ್ರಸ್ಥಕ್ಕೆ ಕೃಷ್ಣನ ಆಗಮನ,MAHABHARATA-4-AADIPARVA_djvu.txt lines 25148–25564,"ಧರ್ಮರಾಜನ ಮನದ ವಿಚಾರವನ್ನು ತಿಳಿಸಲು ಕೃಷ್ಣನ ಬಳಿಗೆ ಸಂದೇಶ ಕಳುಹಿಸಲಾಯಿತು. ಕೃಷ್ಣನು ಇಂದ್ರಪ್ರಸ್ಥಕ್ಕೆ ಬಂದಾಗ ಪಾಂಡವರು ಅವನನ್ನು ಆತ್ಮೀಯವಾಗಿ ಸ್ವಾಗತಿಸಿದರು. ಯೋಗ್ಯವಾದ ಸತ್ಕಾರದ ನಂತರ ಧರ್ಮರಾಜನು ರಾಜಸೂಯದ ಆಸೆಯನ್ನು ವಿವರಿಸಿದನು. ಅದನ್ನು ನೆರವೇರಿಸುವುದು ತನಗೆ ಸಾಧ್ಯವೇ, ಯಾವ ಅಡ್ಡಿಗಳು ಎದುರಾಗುತ್ತವೆ ಎಂಬುದನ್ನು ಮುಚ್ಚಿಡದೆ ಕೇಳಿದನು. ಕೃಷ್ಣನ ಉತ್ತರವನ್ನು ಅವನು ಕೀರ್ತಿಗಾಗಿ ಕಾಯಲಿಲ್ಲ; ಸರಿಯಾದ ನಿರ್ಧಾರಕ್ಕೆ ಬೇಕಾದ ನೆಲೆಯಾಗಿ ನಿರೀಕ್ಷಿಸಿದನು. ಹಿಂದೊಮ್ಮೆ ಸಭೆಯನ್ನು ನಿರ್ಮಿಸಲು ಮಾರ್ಗದರ್ಶನ ನೀಡಿದ ಕೃಷ್ಣನು, ಈಗ ಆ ಸಭೆಯಲ್ಲಿ ತೆಗೆದುಕೊಳ್ಳಬೇಕಾದ ದೊಡ್ಡ ರಾಜಕೀಯ ನಿರ್ಧಾರಕ್ಕೆ ಸಾಕ್ಷಿಯಾಗಿದ್ದನು.","ಧರ್ಮರಾಜ: ಕೃಷ್ಣ, ರಾಜಸೂಯವನ್ನು ಮಾಡಲು ಬಯಸುತ್ತೇನೆ. ನನ್ನ ಸಾಮರ್ಥ್ಯವನ್ನೂ ಎದುರಾಗುವ ಅಡ್ಡಿಗಳನ್ನೂ ನೀನು ಸ್ಪಷ್ಟವಾಗಿ ಹೇಳು.",67,30,38,,,pending,pending,,
589,G42-S04,ಒಬ್ಬ ರಾಜನ ಹಿಂದೆ ನಿಂತಿರುವ ಅನೇಕ ರಾಜ್ಯಗಳು,MAHABHARATA-4-AADIPARVA_djvu.txt lines 25565–26182,"ಕೃಷ್ಣನು ಧರ್ಮರಾಜನ ಗುಣಗಳನ್ನು ಒಪ್ಪಿಕೊಂಡರೂ, ಭೂಮಿಯ ರಾಜಕೀಯ ಸ್ಥಿತಿಯನ್ನು ಮೊದಲು ವಿವರಿಸಿದನು. ಅನೇಕ ರಾಜವಂಶಗಳು ತಮ್ಮ ಬಲ ಮತ್ತು ಸಂಬಂಧಗಳಿಂದ ಒಂದಕ್ಕೊಂದು ಕಟ್ಟಿಕೊಂಡಿದ್ದವು. ಮಗಧದ ಜರಾಸಂಧನು ಅವುಗಳಲ್ಲಿ ಮಹಾಶಕ್ತಿಯಾಗಿ ನಿಂತಿದ್ದನು. ಅವನನ್ನು ಬೆಂಬಲಿಸುವ ರಾಜರು ಮತ್ತು ಅವನ ಪ್ರಭಾವದಿಂದ ಹೆದರುವ ರಾಜರು ಇದ್ದರು. ಈ ರಾಜಕೀಯ ಸಂಬಂಧಗಳ ವ್ಯಾಪ್ತಿಯಲ್ಲಿ ಶಿಶುಪಾಲನಂತಹ ಬಲಿಷ್ಠರೂ ಇದ್ದರು. ಆದ್ದರಿಂದ ರಾಜಸೂಯದ ಪ್ರಶ್ನೆ ಕೇವಲ ಯಾಗಸಾಮಗ್ರಿಗಳನ್ನು ಒಟ್ಟುಗೂಡಿಸುವ ಪ್ರಶ್ನೆಯಲ್ಲ. ಉಳಿದ ರಾಜರು ಒಪ್ಪಿಕೊಳ್ಳಬೇಕಾದ ಸಮ್ರಾಟನ ಸ್ಥಾನವನ್ನು ಧರ್ಮರಾಜನು ಪಡೆಯಬಲ್ಲನೇ ಎಂಬ ಪ್ರಶ್ನೆಯೂ ಆಗಿತ್ತು. ಎದುರಾಳಿಯ ಬಲವನ್ನು ಕಡಿಮೆ ಅಂದಾಜು ಮಾಡಬಾರದೆಂದು ಕೃಷ್ಣನು ತೋರಿಸಿದನು.",,62,28,35,,,pending,pending,,
590,G42-S05,ಮಥುರೆಯಿಂದ ದ್ವಾರಕೆಗೆ: ಹಳೆಯ ವೈರವಿನ ನೆರಳು,MAHABHARATA-4-AADIPARVA_djvu.txt lines 25565–26182,"ಕೃಷ್ಣನು ಯಾದವರ ಹಿಂದಿನ ಅನುಭವವನ್ನೂ ತಿಳಿಸಿದನು. ಕಂಸನ ಕಾರಣದಿಂದ ಜರಾಸಂಧನೊಂದಿಗೆ ವೈರವಿತ್ತು. ಹಂಸ ಮತ್ತು ಡಿಬಕರಂತಹ ಬಲಿಷ್ಠ ಸಹಾಯಕರಿಂದ ಜರಾಸಂಧನ ಶಕ್ತಿ ಹೆಚ್ಚಿತ್ತು. ನಿರಂತರ ಒತ್ತಡದ ನಡುವೆ ಯಾದವರು ಮಥುರೆಯನ್ನು ಬಿಟ್ಟು ದ್ವಾರಕೆಯಲ್ಲಿ ನೆಲೆಸಿದ ಹಿನ್ನೆಲೆಯನ್ನು ಕೃಷ್ಣನು ವಿವರಿಸಿದನು. ಈ ಆವೃತ್ತಿಯ ವ್ಯಾಖ್ಯಾನವು ಕೃಷ್ಣನ ಹಿಂಜರಿತವನ್ನು ಅಸಮರ್ಥತೆಯಾಗಿ ಕಾಣದೆ, ಉದ್ದೇಶಪೂರ್ವಕವಾದ ನಡೆ ಎಂದು ಅರ್ಥೈಸುತ್ತದೆ. ಕಥೆಯ ರಾಜಕೀಯ ಸ್ಥಿತಿ ಮತ್ತು ವ್ಯಾಖ್ಯಾನದ ಧಾರ್ಮಿಕ ಅರ್ಥವನ್ನು ಬೇರೆ ಬೇರೆ ಎಂದು ಗುರುತಿಸೋಣ. ಜರಾಸಂಧನು ಪರಿಚಯವಿಲ್ಲದ ದೂರದ ಶತ್ರುವಲ್ಲ; ಈ ಕುಟುಂಬಗಳ ಬದುಕನ್ನು ಈಗಾಗಲೇ ಬದಲಿಸಿದ ಶಕ್ತಿಯಾಗಿದ್ದನು.",,60,27,34,,,pending,pending,,
591,BS03-S01,ಹಂಸ ಎಂಬ ಹೆಸರಿನ ಇಬ್ಬರು,MAHABHARATA-4-AADIPARVA_djvu.txt lines 25916–26003,"ಕೃಷ್ಣನ ವಿವರಣೆಯಲ್ಲಿ ಹಂಸ ಮತ್ತು ಡಿಬಕರ ಕಥೆ ಬರುತ್ತದೆ. ಜರಾಸಂಧನಿಗೆ ಬೆಂಬಲವಾಗಿದ್ದ ಈ ಸಹೋದರರ ಹೊರತಾಗಿ, ಹಂಸ ಎಂಬ ಹೆಸರಿನ ಇನ್ನೊಬ್ಬ ರಾಜನೂ ಇದ್ದನೆಂದು ಈ ಆವೃತ್ತಿ ಸ್ಪಷ್ಟಪಡಿಸುತ್ತದೆ. ಆ ಬೇರೆ ಹಂಸನು ಯುದ್ಧದಲ್ಲಿ ಹತನಾದಾಗ, ಹಂಸ ಸತ್ತನು ಎಂಬ ಸುದ್ದಿ ಹರಡಿತು. ಡಿಬಕನು ತನ್ನ ಅಣ್ಣನೇ ಮರಣಹೊಂದಿದನೆಂದು ತಪ್ಪಾಗಿ ತಿಳಿದುಕೊಂಡನು. ಅತೀವ ದುಃಖದಲ್ಲಿ ಅವನು ತನ್ನ ಜೀವವನ್ನು ಕೊನೆಗೊಳಿಸಿದನು. ತಮ್ಮನ ಸಾವಿನ ಸುದ್ದಿ ಕೇಳಿದ ಹಂಸನೂ ಅದೇ ದುರಂತವನ್ನು ಎದುರಿಸಿದನು. ಇಬ್ಬರು ಬೆಂಬಲಿಗರನ್ನು ಕಳೆದುಕೊಂಡ ಜರಾಸಂಧನು ಮಗಧಕ್ಕೆ ಹಿಂದಿರುಗಿದನು. ಒಂದು ಹೆಸರಿನ ಗೊಂದಲವು ಇಲ್ಲಿ ಕಥೆಯ ನಿರ್ಣಾಯಕ ಕಾರಣವಾಗುತ್ತದೆ.",,64,28,37,,,pending,pending,,
592,BS03-S02,ತಪ್ಪು ಸುದ್ದಿಯ ಪರಿಣಾಮ,MAHABHARATA-4-AADIPARVA_djvu.txt lines 25950–26003,ಹಂಸ ಎಂಬ ಒಂದೇ ಹೆಸರು ಈ ಉಪಕಥೆಯಲ್ಲಿ ಇಬ್ಬರು ವ್ಯಕ್ತಿಗಳನ್ನು ಸೂಚಿಸುತ್ತದೆ. ಯುದ್ಧದಲ್ಲಿ ಹತನಾದ ರಾಜನಿಗೂ ಡಿಬಕನ ಅಣ್ಣನಿಗೂ ಒಂದೇ ಹೆಸರಿತ್ತು. ಸುದ್ದಿ ಕೇಳಿದ ಡಿಬಕನು ಆ ವ್ಯತ್ಯಾಸವನ್ನು ಅರಿಯಲಿಲ್ಲ. ಅದರ ಪರಿಣಾಮ ಅವನ ಕುಟುಂಬಕ್ಕೂ ಜರಾಸಂಧನ ಶಕ್ತಿಗೂ ಬಿತ್ತು. ಈ ಆವೃತ್ತಿಯ ಟಿಪ್ಪಣಿಯು ಬೇರೆ ವ್ಯಾಖ್ಯಾನದಲ್ಲಿ ಹೆಚ್ಚುವರಿ ಹಂಸನ ಉಲ್ಲೇಖವಿಲ್ಲವೆಂದೂ ಹೇಳುತ್ತದೆ. ಆದ್ದರಿಂದ ಈ ವಿವರಣೆ ನೀಡಲಾದ ಪಾಠದ ವೈಶಿಷ್ಟ್ಯವಾಗಿದೆ. ಈ ದುರಂತವನ್ನು ಅಣ್ಣತಮ್ಮಂದಿರ ಪ್ರೀತಿಯ ಹೆಸರಿನಲ್ಲಿ ಆದರ್ಶವೆಂದು ಹೊಗಳುವ ಅಗತ್ಯವಿಲ್ಲ. ಪರಿಶೀಲಿಸದ ಸುದ್ದಿಯು ದುಃಖವನ್ನು ಮತ್ತಷ್ಟು ಹೆಚ್ಚಿಸಿದ ಘಟನೆಯಾಗಿ ಅದರ ಸಂಬಂಧವನ್ನು ಅರ್ಥಮಾಡಿಕೊಳ್ಳಬಹುದು.,,61,27,35,,,pending,pending,,
593,G42-S06,ಜರಾಸಂಧನ ಬಂಧನದಲ್ಲಿರುವ ರಾಜರು,MAHABHARATA-4-AADIPARVA_djvu.txt lines 26183–26329,"ಕೃಷ್ಣನು ಅಡ್ಡಿಯನ್ನು ಇನ್ನಷ್ಟು ಸ್ಪಷ್ಟಪಡಿಸಿದನು. ಜರಾಸಂಧನು ಅನೇಕ ರಾಜರನ್ನು ಸೋಲಿಸಿ ತನ್ನ ನಗರದಲ್ಲಿ ಬಂಧಿಸಿದ್ದನು. ಅವರ ಜೀವಗಳು ಅಪಾಯದಲ್ಲಿದ್ದವು. ರಾಜಸೂಯವನ್ನು ಬಯಸುವುದಾದರೆ ಆ ರಾಜರ ಬಿಡುಗಡೆಯನ್ನೂ ಜರಾಸಂಧನ ಅಂತ್ಯವನ್ನೂ ಕುರಿತು ವಿಚಾರಿಸಬೇಕೆಂದು ಕೃಷ್ಣನು ಹೇಳಿದನು. ಅವನ ಬಲ ಉಳಿದಿರುವವರೆಗೆ ಯಾಗಕ್ಕೆ ಬೇಕಾದ ರಾಜಕೀಯ ಒಪ್ಪಿಗೆ ದೊರಕುವುದು ಸುಲಭವಲ್ಲ. ಉಳಿದ ಯೋಧರ ವಿರೋಧವೂ ಪರಿಗಣಿಸಬೇಕಾಗಿತ್ತು. ಈ ಮಾತಿನಿಂದ ಸಭೆಯ ವಾತಾವರಣ ಗಂಭೀರವಾಯಿತು. ಧರ್ಮರಾಜನ ಆಸೆ ಒಂದು ಮಹಾಯಾಗದ ಕಡೆಗಿದ್ದರೆ, ಅದಕ್ಕೆ ಮುಂಚೆ ನೆರವೇರಬೇಕಾದ ಕಾರ್ಯ ಬಂಧಿತರನ್ನು ರಕ್ಷಿಸುವ ಅಪಾಯಕಾರಿ ಪ್ರಯತ್ನವಾಗಿತ್ತು.",,56,25,32,,,pending,pending,,
594,G42-S07,ಧರ್ಮರಾಜನ ಹಿಂಜರಿಕೆ,MAHABHARATA-4-AADIPARVA_djvu.txt lines 26575–26813,ಜರಾಸಂಧನ ಬಲವನ್ನು ಕೇಳಿದ ಧರ್ಮರಾಜನು ತನ್ನ ಸಂಕಲ್ಪವನ್ನೇ ಮತ್ತೆ ಪರಿಶೀಲಿಸಿದನು. ಸಮ್ರಾಟನ ಸ್ಥಾನಕ್ಕಾಗಿ ಆತ್ಮೀಯರನ್ನು ದೊಡ್ಡ ಅಪಾಯಕ್ಕೆ ಕಳುಹಿಸುವುದು ನ್ಯಾಯವೇ? ತನ್ನಿಗಿಂತ ಬಲಿಷ್ಠರಾದ ರಾಜರು ಲೋಕದಲ್ಲಿದ್ದಾರೆ; ತಾನಿರುವ ರಾಜ್ಯವನ್ನು ಧರ್ಮದಿಂದ ನಡೆಸುವುದೇ ಸಾಕಲ್ಲವೇ ಎಂಬ ಚಿಂತನೆ ಅವನಲ್ಲಿ ಮೂಡಿತು. ದೊಡ್ಡ ಆಸೆಯನ್ನು ತೊರೆಯಲು ಸಿದ್ಧನಾದ ಈ ಕ್ಷಣವನ್ನು ದೌರ್ಬಲ್ಯವೆಂದು ಮಾತ್ರ ಕಾಣಬಾರದು. ತನ್ನ ನಿರ್ಧಾರದಿಂದ ಇನ್ನೊಬ್ಬರ ಜೀವಕ್ಕೆ ಬರುವ ಅಪಾಯವನ್ನು ಅವನು ಲೆಕ್ಕಕ್ಕೆ ತೆಗೆದುಕೊಳ್ಳುತ್ತಿದ್ದನು. ಆದರೆ ಭೀಮನು ಈ ಹಿಂಜರಿಕೆಗೆ ಮತ್ತೊಂದು ಉತ್ತರವನ್ನು ನೀಡಲು ಮುಂದಾದನು.,,54,24,31,,,pending,pending,,
595,G42-S08,ಭೀಮನ ಉತ್ತರ: ಬಲಕ್ಕೆ ನೀತಿಯ ಜೊತೆಯಾಗಬೇಕು,MAHABHARATA-4-AADIPARVA_djvu.txt lines 26575–26813,"ಭೀಮನ ದೃಷ್ಟಿಯಲ್ಲಿ ಪ್ರಯತ್ನವಿಲ್ಲದೆ ಹಿಂದೆ ಸರಿಯುವುದು ಪರಿಹಾರವಾಗಿರಲಿಲ್ಲ. ಸರಿಯಾದ ನೀತಿಯನ್ನು ಅನುಸರಿಸಿದರೆ ದುರ್ಬಲರೂ ಬಲಿಷ್ಠನನ್ನು ಎದುರಿಸಬಹುದು ಎಂದು ಅವನು ವಾದಿಸಿದನು. ಕೃಷ್ಣನ ನೀತಿ, ತನ್ನ ಬಲ ಮತ್ತು ಅರ್ಜುನನ ಸಾಮರ್ಥ್ಯ ಒಂದಾಗಿ ಕೆಲಸ ಮಾಡಿದರೆ ಜರಾಸಂಧನನ್ನು ಜಯಿಸಲು ಸಾಧ್ಯವೆಂಬ ವಿಶ್ವಾಸವಿತ್ತು. ಭೀಮನು ಕೇವಲ ಕೋಪದಿಂದ ಹೋರಾಟಕ್ಕೆ ಧಾವಿಸಲಿಲ್ಲ; ಸಹಕಾರದ ಬಲವನ್ನು ಸೂಚಿಸಿದನು. ಕೃಷ್ಣನೂ ಫಲಿತಾಂಶದವರೆಗೆ ಯೋಚಿಸಿ ನಡೆಯಬೇಕೆಂದು ತಿಳಿಸಿದನು. ಸಭೆಯಲ್ಲಿ ಈಗ ಎರಡು ಪ್ರಶ್ನೆಗಳು ಒಂದಾಗಿದ್ದವು: ಅಪಾಯ ನಿಜ, ಆದರೆ ವಿವೇಕದಿಂದ ಅದನ್ನು ಎದುರಿಸುವ ಅವಕಾಶವೂ ನಿಜವೇ?","ಭೀಮ: ಕೃಷ್ಣನ ನೀತಿ, ನನ್ನ ಬಲ, ಅರ್ಜುನನ ಸಾಮರ್ಥ್ಯ ಒಟ್ಟಾದರೆ ಕಾರ್ಯವನ್ನು ಸಾಧಿಸಬಹುದು. ವಿಚಾರವಿಲ್ಲದ ಸಾಹಸ ಬೇಡ; ಪ್ರಯತ್ನವನ್ನೇ ಬಿಟ್ಟುಬಿಡುವುದೂ ಬೇಡ.",70,31,40,,,pending,pending,,
596,G42-S09,ಕಣ್ಣುಗಳು ಮತ್ತು ಮನಸ್ಸು,MAHABHARATA-4-AADIPARVA_djvu.txt lines 26814–27057,"ಧರ್ಮರಾಜನು ತನ್ನ ಆತಂಕವನ್ನು ಇನ್ನೂ ಸ್ಪಷ್ಟವಾಗಿ ಹೇಳಿದನು. ಭೀಮ ಮತ್ತು ಅರ್ಜುನರು ತನ್ನ ಎರಡು ಕಣ್ಣುಗಳಂತಿದ್ದಾರೆ; ಕೃಷ್ಣನು ಮನಸ್ಸಿನಂತಿದ್ದಾನೆ. ಇವರಿಲ್ಲದ ಬದುಕಿನ ಬೆಲೆ ಏನು? ತನ್ನ ಗೌರವಕ್ಕಾಗಿ ಅವರನ್ನು ಅಪಾಯಕ್ಕೆ ಒಡ್ಡಲು ಅವನ ಮನಸ್ಸು ಒಪ್ಪುತ್ತಿರಲಿಲ್ಲ. ಅರ್ಜುನನು ಉತ್ತರಿಸಿದನು. ಬಲ, ವಿದ್ಯೆ ಮತ್ತು ಸಹಾಯ ದೊರಕಿರುವಾಗ ಅವುಗಳನ್ನು ಯೋಗ್ಯ ಕಾರ್ಯಕ್ಕೆ ಬಳಸಬೇಕು. ಪ್ರಯತ್ನವನ್ನು ಬಿಟ್ಟವನಿಗೆ ಸಾಧನೆ ಹೇಗೆ ಸಾಧ್ಯ? ಬದುಕಿನ ಅನಿಶ್ಚಿತತೆಯನ್ನು ನೆಪವಾಗಿ ಹಿಡಿದು ಕರ್ತವ್ಯದಿಂದ ಹಿಂದೆ ಸರಿಯಬಾರದೆಂದು ಅವನು ವಾದಿಸಿದನು. ಆತ್ಮೀಯತೆ ಮತ್ತು ಸಾಹಸದ ನಡುವಿನ ಈ ಮಾತುಕತೆ ಯೋಜನೆಗೆ ಹೊಸ ದೃಢತೆಯನ್ನು ನೀಡಿತು.",ಧರ್ಮರಾಜ: ಭೀಮಾರ್ಜುನರು ನನ್ನ ಎರಡು ಕಣ್ಣುಗಳಂತಿದ್ದಾರೆ. ಕೃಷ್ಣನು ನನ್ನ ಮನಸ್ಸು. ನಿಮ್ಮನ್ನು ಅಪಾಯಕ್ಕೆ ಕಳುಹಿಸಿ ನಾನು ಯಾವ ಸಂತೋಷವನ್ನು ಪಡೆಯಲಿ?,75,33,43,,,pending,pending,,
597,G43-S01,ಬೃಹದ್ರಥನ ಸಂತಾನದುಃಖ,MAHABHARATA-4-AADIPARVA_djvu.txt lines 27058–27357,ಕೃಷ್ಣನು ಧರ್ಮರಾಜನ ಪ್ರಶ್ನೆಗೆ ಉತ್ತರವಾಗಿ ಹಿಂದಿನ ಕಾಲದ ಮಗಧವನ್ನು ಪರಿಚಯಿಸಿದನು. ಬೃಹದ್ರಥನು ಬಲಿಷ್ಠನೂ ಸಮೃದ್ಧನೂ ಆದ ರಾಜ. ಅವನು ಕಾಶಿರಾಜನ ಅವಳಿ ಪುತ್ರಿಯರನ್ನು ವಿವಾಹವಾಗಿದ್ದನು ಮತ್ತು ಇಬ್ಬರನ್ನೂ ಸಮಾನವಾಗಿ ಕಾಣುವುದಾಗಿ ಮಾತುಕೊಟ್ಟಿದ್ದನು. ಆದರೆ ಅವನಿಗೆ ಸಂತಾನವಿರಲಿಲ್ಲ. ರಾಜವೈಭವದ ಮಧ್ಯೆಯೂ ಆ ಕೊರತೆ ಅವನನ್ನು ಕಾಡುತ್ತಿತ್ತು. ಕೊನೆಗೆ ಅವನು ಪತ್ನಿಯರೊಂದಿಗೆ ಅರಣ್ಯದ ಕಡೆಗೆ ಹೋದನು. ಅಲ್ಲಿ ಚಂಡಕೌಶಿಕ ಮುನಿಯ ಸನ್ನಿಧಿಯನ್ನು ಪಡೆದನು. ರಾಜನಿಗೆ ಬೇಕಾಗಿದ್ದದ್ದು ಮತ್ತೊಂದು ಯುದ್ಧದ ಜಯವಲ್ಲ; ತನ್ನ ನಂತರ ವಂಶವನ್ನು ಮುಂದುವರಿಸುವ ಮಗುವಿನ ಆಶೀರ್ವಾದ.,,54,24,31,,,pending,pending,,
598,G43-S02,"ಒಂದು ಹಣ್ಣು, ಎರಡು ಪಾಲು",MAHABHARATA-4-AADIPARVA_djvu.txt lines 27358–27495,ರಾಜನ ದುಃಖವನ್ನು ತಿಳಿದ ಚಂಡಕೌಶಿಕ ಮುನಿಯ ಮಡಿಲಿಗೆ ಒಂದು ಮಾವಿನ ಹಣ್ಣು ಬಿದ್ದಿತು. ಮುನಿಯು ಅದನ್ನು ಸಂತಾನಪ್ರಾಪ್ತಿಯ ವರದೊಂದಿಗೆ ಬೃಹದ್ರಥನಿಗೆ ಕೊಟ್ಟನು. ತನ್ನಿಬ್ಬರು ಪತ್ನಿಯರನ್ನು ಸಮಾನವಾಗಿ ಕಾಣುವ ವಾಗ್ದಾನವನ್ನು ನೆನಪಿಸಿಕೊಂಡ ರಾಜನು ಹಣ್ಣನ್ನು ಎರಡು ಪಾಲುಮಾಡಿ ಅವರಿಗೆ ನೀಡಿದನು. ನಂತರ ಇಬ್ಬರೂ ಗರ್ಭಿಣಿಯರಾದರು. ಆದರೆ ಜನನದ ಸಂದರ್ಭದಲ್ಲಿ ಸಂತೋಷದ ಬದಲು ಆಘಾತ ಎದುರಾಯಿತು. ಪ್ರತಿಯೊಬ್ಬರಲ್ಲೂ ಅಪೂರ್ಣವಾದ ಅರ್ಧದೇಹವುಳ್ಳ ಮಗು ಜನಿಸಿತು ಎಂದು ಈ ಪೌರಾಣಿಕ ಕಥೆ ಹೇಳುತ್ತದೆ. ಭಯಗೊಂಡ ಅರಮನೆಯವರು ಅವುಗಳನ್ನು ಗುಪ್ತವಾಗಿ ಹೊರಗೆ ಕಳುಹಿಸಿದರು.,,54,24,31,,,pending,pending,,
599,G43-S03,ಜರೆಯ ಕೈಯಲ್ಲಿ ಪೂರ್ಣವಾದ ಮಗು,MAHABHARATA-4-AADIPARVA_djvu.txt lines 27496–27646,"ಹೊರಗೆ ಬಿಡಲ್ಪಟ್ಟ ಆ ಎರಡು ಭಾಗಗಳನ್ನು ಜರೆ ಎಂಬ ರಾಕ್ಷಸಿ ಕಂಡಳು. ಅವನ್ನು ಒಟ್ಟಿಗೆ ಹಿಡಿದಾಗ ಅವು ಸೇರಿ ಸಂಪೂರ್ಣವಾದ ಜೀವಂತ ಶಿಶುವಾಯಿತು. ಮಗು ಬಲವಾಗಿ ಅಳತೊಡಗಿತು. ಜರೆ ಅದನ್ನು ತನ್ನೊಡನೆ ತೆಗೆದುಕೊಂಡು ಹೋಗದೆ ರಾಜನಿಗೆ ಹಿಂತಿರುಗಿಸಲು ನಿರ್ಧರಿಸಿದಳು. ಮನುಷ್ಯರೂಪದಲ್ಲಿ ಬೃಹದ್ರಥನ ಎದುರು ಬಂದು, ಈ ಮಗು ಅವನದೇ ಎಂದು ತಿಳಿಸಿದಳು. ಆತಂಕದಿಂದ ಕಳೆದುಹೋಗಿದ್ದ ಆಶೆ ಮತ್ತೆ ರಾಜನ ಕೈ ಸೇರಿತು. ಇಲ್ಲಿ ಜರೆ ನಾಶಮಾಡುವ ಪಾತ್ರವಾಗಿ ಅಲ್ಲ, ಜೀವವನ್ನು ಉಳಿಸಿ ಕುಟುಂಬಕ್ಕೆ ಮರಳಿಸುವ ಪಾತ್ರವಾಗಿ ಕಾಣಿಸುತ್ತಾಳೆ. ಅವಳ ಹೆಸರೇ ಮಗುವಿನ ಹೆಸರಿನಲ್ಲಿ ಉಳಿಯಲಿತ್ತು.",,60,27,34,,,pending,pending,,
600,SFSF02-S01,ಮನೆಯ ಪೂಜೆಗೆ ಮರಳಿದ ಉಪಕಾರ,MAHABHARATA-4-AADIPARVA_djvu.txt lines 27569–27722,"ಬೃಹದ್ರಥನು ಮಗುವನ್ನು ಮರಳಿಸಿದ ಜರೆಗೆ ನೀನು ಯಾರು ಎಂದು ಕೇಳಿದನು. ಜರೆ ತಾನು ಇಚ್ಛೆಯಂತೆ ರೂಪ ಬದಲಿಸಬಲ್ಲ ರಾಕ್ಷಸಿಯೆಂದೂ, ರಾಜನ ಮನೆಯಲ್ಲಿ ಆಹಾರ ಮತ್ತು ಭೋಜ್ಯಗಳಿಂದ ಪೂಜಿಸಲ್ಪಡುತ್ತಿದ್ದೆನೆಂದೂ ತಿಳಿಸಿದಳು. ಆ ಗೌರವಕ್ಕೆ ಪ್ರತಿಯಾಗಿ ಏನಾದರೂ ಒಳಿತು ಮಾಡಬೇಕೆಂದು ಚಿಂತಿಸುತ್ತಿದ್ದಾಗ ಮಗುವಿನ ಎರಡು ಭಾಗಗಳನ್ನು ಕಂಡೆ ಎಂದಳು. ಅವನ್ನು ಸೇರಿಸಿದಾಗ ಮಗುವು ಪೂರ್ಣವಾದುದು ರಾಜನ ಭಾಗ್ಯ ಮತ್ತು ದೈವೇಚ್ಛೆಯಿಂದ; ತಾನು ಕಾರಣಮಾತ್ರ ಎಂದು ಹೇಳಿದಳು. ಸಂತಾನವನ್ನು ಬಯಸಿದ ರಾಜನ ಮಗುವನ್ನು ತಾನು ಕೊಂಡೊಯ್ಯುವುದು ಯೋಗ್ಯವಲ್ಲವೆಂಬ ನಿರ್ಧಾರವನ್ನು ಅವಳು ಮಾಡಿಕೊಂಡಿದ್ದಳು. ಕುಮಾರನಿಗೆ ಅಗತ್ಯ ಸಂಸ್ಕಾರಗಳನ್ನು ಮಾಡಬೇಕೆಂದೂ ತನ್ನ ಹೆಸರಿನಿಂದ ಅವನು ಪ್ರಸಿದ್ಧನಾಗುವನೆಂದೂ ತಿಳಿಸಿದಳು. ನಂತರ ಜರೆ ಅಂತರಧಾನವಾದಳು. ಬೃಹದ್ರಥನು ಅವಳ ಸ್ಮರಣೆಗೆ ಮಗಧದಲ್ಲಿ ಉತ್ಸವ ಮಾಡಲು ಆಜ್ಞಾಪಿಸಿದನು.",,74,33,42,,,pending,pending,,
601,G43-S04,ಜರಾಸಂಧ ಎಂಬ ಹೆಸರಿನ ಅರ್ಥ,MAHABHARATA-4-AADIPARVA_djvu.txt lines 27647–27784,"ಜರೆಯು ತಾನು ಯಾರು ಎಂಬುದನ್ನು ರಾಜನಿಗೆ ತಿಳಿಸಿದಳು. ಮನೆಯ ಕಲ್ಯಾಣದೊಂದಿಗೆ ಸಂಬಂಧಿಸಿದ ತನ್ನ ಸ್ವರೂಪವನ್ನು ಹೇಳಿ, ಮಗುವಿಗೆ ಯೋಗ್ಯವಾದ ಸಂಸ್ಕಾರಗಳನ್ನು ಮಾಡಬೇಕೆಂದಳು. ನಂತರ ಅವಳು ಅಂತರಧಾನವಾಯಿತು. ಬೃಹದ್ರಥನು ಮಗುವನ್ನು ಅರಮನೆಗೆ ಕರೆದುಕೊಂಡು ಹೋಗಿ ಸಂಭ್ರಮಾಚರಣೆಗೆ ವ್ಯವಸ್ಥೆಮಾಡಿದನು. ಜರೆಯಿಂದ ಸೇರಿಸಲ್ಪಟ್ಟವನು ಎಂಬ ಅರ್ಥದಲ್ಲಿ ಅವನಿಗೆ ಜರಾಸಂಧನೆಂದು ಹೆಸರಿಟ್ಟನು. ಮಗು ದಿನೇದಿನೇ ಅಸಾಧಾರಣ ಬಲದಿಂದ ಬೆಳೆದಿತು. ಹೆಸರೊಂದು ಕೇವಲ ಗುರುತಾಗಿ ಉಳಿಯಲಿಲ್ಲ; ಅವನ ಜನ್ಮದ ಅದ್ಭುತ ಘಟನೆಗೆ ನೆನಪಾಯಿತು. ಆ ಮಗುವಿನ ಮುಂದಿನ ಶಕ್ತಿಯ ಬಗ್ಗೆ ಚಂಡಕೌಶಿಕ ಮುನಿಯು ಮತ್ತೆ ಬಂದಾಗ ವಿವರಿಸಲಿದ್ದನು.",,57,25,33,,,pending,pending,,
602,SFSF03-S01,ಮುನಿಯ ಮರಳಿಕೆ ಮತ್ತು ಶಸ್ತ್ರದ ಮಿತಿ,MAHABHARATA-4-AADIPARVA_djvu.txt lines 27745–27842,"ಕಾಲ ಕಳೆದಂತೆ ಜರಾಸಂಧನು ಯೌವನಕ್ಕೆ ಬಂದನು. ಆಗ ಚಂಡಕೌಶಿಕ ಮುನಿ ಮಗಧಕ್ಕೆ ಮರಳಿ ಬಂದರು. ಬೃಹದ್ರಥನು ತನ್ನ ಇಬ್ಬರು ಪತ್ನಿಯರು, ಮಗ, ಮಂತ್ರಿಗಳು ಮತ್ತು ಪುರೋಹಿತರೊಡನೆ ಪಟ್ಟಣದ ಹೊರಗೆ ಹೋಗಿ ಅವರನ್ನು ಸ್ವಾಗತಿಸಿದನು. ಪಾದ್ಯ, ಅರ್ಘ್ಯ ಮತ್ತು ಆಚಮನೀಯಗಳಿಂದ ಸತ್ಕರಿಸಿ ಮಗನನ್ನು ಅವರ ಮುಂದೆ ತಂದನು. ಮುನಿಯು ಮಗುವಿನ ಪೂರ್ವವೃತ್ತಾಂತವನ್ನು ತನ್ನ ಜ್ಞಾನದೃಷ್ಟಿಯಿಂದ ತಿಳಿದಿದ್ದೇನೆ ಎಂದನು. ಇವನ ಪರಾಕ್ರಮವನ್ನು ಇತರ ರಾಜರು ಅನುಸರಿಸಲಾರರು; ಗರುಡನ ಗತಿಯನ್ನು ಬೇರೆ ಪಕ್ಷಿಗಳು ಸರಿಗಟ್ಟಲಾರದಂತಾಗುತ್ತದೆ ಎಂದು ಭವಿಷ್ಯ ನುಡಿದನು. ದೇವತೆಗಳ ಶಸ್ತ್ರಗಳೂ ಅವನಿಗೆ ಪೀಡೆ ಉಂಟುಮಾಡಲಾರವೆಂದು ಹೇಳಿದನು. ಇದು ಮುಂದೆ ಕೃಷ್ಣನು ಬಾಹುಯುದ್ಧವನ್ನು ಆಯ್ಕೆಮಾಡುವ ಸಲಹೆಗೆ ಹಿನ್ನೆಲೆಯಾಗಿ ನಿಲ್ಲುತ್ತದೆ.",,67,30,38,,,pending,pending,,
603,SFSF03-S02,"ಸಂಪತ್ತು, ಆಡಳಿತ ಮತ್ತು ರುದ್ರನ ದರ್ಶನ",MAHABHARATA-4-AADIPARVA_djvu.txt lines 27829–27927,"ಚಂಡಕೌಶಿಕರ ಭವಿಷ್ಯವಾಣಿಯಲ್ಲಿ ಯುದ್ಧಬಲ ಮಾತ್ರ ಇರಲಿಲ್ಲ. ಜರಾಸಂಧನು ಸೂರ್ಯನು ಇತರ ತೇಜಸ್ಸುಗಳನ್ನು ಮಂಕುಗೊಳಿಸುವಂತೆ ರಾಜರ ಮೇಲೆ ಪ್ರಭಾವ ಬೀರುವನೆಂದರು. ಮಳೆಯ ಕಾಲದ ನದಿಗಳು ಸಮುದ್ರ ಸೇರುವಂತೆ ರಾಜರ ಸಂಪತ್ತು ಅವನ ಕೈ ಸೇರುವುದೆಂಬ ಉಪಮೆ ನೀಡಿದರು. ಅವನು ಚಾತುರ್ವರ್ಣ್ಯ ವ್ಯವಸ್ಥೆಯನ್ನು ಪೋಷಿಸಿ ಕೃಷಿಯ ಆಶ್ರಯವಾದ ಭೂಮಿಯನ್ನು ಧರಿಸುವನೆಂದೂ, ರಾಜರು ಅವನ ಆಜ್ಞೆಗೆ ಒಳಪಡುವರೆಂದೂ ಪಾಠದಲ್ಲಿ ಮುನಿ ಹೇಳುತ್ತಾರೆ. ರುದ್ರದೇವರನ್ನು ಸ್ವತಃ ನೋಡುವನೆಂಬ ಭವಿಷ್ಯವಾಣಿಯೂ ಬರುತ್ತದೆ. ನಂತರ ಬೃಹದ್ರಥನು ಬಂಧುಗಳ ಸಮ್ಮುಖದಲ್ಲಿ ಮಗನಿಗೆ ಪಟ್ಟಾಭಿಷೇಕ ಮಾಡಿದನು. ತನ್ನ ಇಬ್ಬರು ಪತ್ನಿಯರೊಂದಿಗೆ ತಪೋವನಕ್ಕೆ ಹೊರಟು ದೀರ್ಘ ತಪಸ್ಸಿನ ನಂತರ ಅವರೊಡನೆ ಸ್ವರ್ಗ ಸೇರಿದನೆಂದು ಕಥೆ ಮುಕ್ತಾಯಗೊಳಿಸುತ್ತದೆ.",,66,29,38,,,pending,pending,,
604,G43-S05,ಬೆಳೆದ ಶಕ್ತಿ ಮತ್ತು ಕಂಸನ ಸಂಬಂಧ,MAHABHARATA-4-AADIPARVA_djvu.txt lines 27785–28030,"ಚಂಡಕೌಶಿಕ ಮುನಿಯು ಜರಾಸಂಧನ ಬಲ ಮತ್ತು ಮುಂದಿನ ಪ್ರಭಾವವನ್ನು ಕುರಿತು ಹೇಳಿದನು. ಕಾಲಕ್ರಮದಲ್ಲಿ ಬೃಹದ್ರಥನು ರಾಜ್ಯವನ್ನು ಮಗನಿಗೆ ಒಪ್ಪಿಸಿ ಅರಣ್ಯಕ್ಕೆ ಹೊರಟನು. ಜರಾಸಂಧನು ಮಗಧದ ಅಧಿಪತಿಯಾಗಿ ಬೆಳೆದನು. ಹಂಸ ಮತ್ತು ಡಿಬಕರೆಂಬ ಸಮರ್ಥ ಮಂತ್ರಿಗಳು ಅವನಿಗೆ ಬೆಂಬಲವಾಗಿದ್ದರು. ಅವನ ಮಗಳ ವಿವಾಹ ಕಂಸನೊಂದಿಗೆ ನಡೆದಿದ್ದರಿಂದ ಮಥುರೆಯ ರಾಜಕೀಯವೂ ಅವನ ಕುಟುಂಬದೊಂದಿಗೆ ಬೆಸೆದುಕೊಂಡಿತು. ಕೃಷ್ಣನು ಕಂಸನನ್ನು ಸಂಹರಿಸಿದ ನಂತರ, ಮಗಳ ದುಃಖವು ಜರಾಸಂಧನ ವೈರವನ್ನು ಹೆಚ್ಚಿಸಿತು. ಜನ್ಮಕಥೆಯನ್ನು ಕೇಳಿದ ಧರ್ಮರಾಜನಿಗೆ ಈಗ ಎದುರಾಳಿಯ ಬಲದ ಜೊತೆಗೆ ಅವನ ಸಂಬಂಧಗಳ ಮೂಲವೂ ತಿಳಿಯಿತು.",,57,25,33,,,pending,pending,,
605,SFSF04-S01,ಗದಾವಸಾನ ಎಂಬ ಸ್ಥಳದ ಹೆಸರು,MAHABHARATA-4-AADIPARVA_djvu.txt lines 27946–28014,ಕೃಷ್ಣನು ಜರಾಸಂಧನ ವೈರದ ಒಂದು ವಿಚಿತ್ರ ಘಟನೆಯನ್ನು ವಿವರಿಸಿದನು. ತಾನು ಮಥುರೆಯಲ್ಲಿದ್ದಾಗ ಜರಾಸಂಧನು ಗಿರಿವ್ರಜದಲ್ಲೇ ನಿಂತು ಗದೆಯನ್ನು ನೂರು ಬಾರಿ ತಿರುಗಿಸಿ ತಮ್ಮ ಕಡೆಗೆ ಎಸೆದನೆಂದನು. ಆ ಗದೆ ತೊಂಬತ್ತೊಂಬತ್ತು ಯೋಜನ ದೂರ ಹಾರಿ ಮಥುರೆಗೆ ಒಂದು ಯೋಜನ ಮುಂಚೆಯೇ ಬಿದ್ದಿತೆಂದು ಪೌರಾಣಿಕ ಪಾಠ ಹೇಳುತ್ತದೆ. ಯೋಧರು ಎರಡು ನಗರಗಳ ನಡುವಿನ ದೂರವನ್ನು ಅವನಿಗೆ ಸರಿಯಾಗಿ ತಿಳಿಸಿರಲಿಲ್ಲ ಎಂಬುದು ಇಲ್ಲಿನ ಮುಖ್ಯ ವಿವರಣೆ. ಗದೆ ಬಿದ್ದುದನ್ನು ಕಂಡ ನಾಗರಿಕರು ಕೃಷ್ಣನಿಗೆ ಸುದ್ದಿ ಮುಟ್ಟಿಸಿದರು. ಮಥುರೆಯ ಸಮೀಪದ ಆ ಸ್ಥಳಕ್ಕೆ ಗದಾವಸಾನ ಎಂಬ ಹೆಸರು ಬಂದಿತೆಂದನು. ಈ ಕಥೆ ಜರಾಸಂಧನ ಅಸಾಧಾರಣ ಬಲದ ಜೊತೆಗೆ ದೂರದಿಂದಲೇ ಬಂದ ಅವನ ವೈರವನ್ನು ತಿಳಿಸುತ್ತದೆ.,,71,32,41,,,pending,pending,,
606,SFSF04-S02,"ನೀತಿ, ಬಲ ಮತ್ತು ರಕ್ಷಣೆಯ ಮೂರು ಪಾತ್ರಗಳು",MAHABHARATA-4-AADIPARVA_djvu.txt lines 28031–28217,"ಯಾತ್ರೆಗೆ ಹೊರಡುವ ಮೊದಲು ಕೃಷ್ಣನು ತನ್ನ ಯೋಜನೆಯನ್ನು ಇನ್ನಷ್ಟು ಸ್ಪಷ್ಟಪಡಿಸಿದನು. ಹಂಸ ಮತ್ತು ಡಿಬಕರ ಬೆಂಬಲ ಈಗ ಜರಾಸಂಧನಿಗಿಲ್ಲ; ಅವನನ್ನು ಎದುರಿಸಲು ಇದು ಸೂಕ್ತ ಸಮಯವೆಂದನು. ಶಸ್ತ್ರಯುದ್ಧದಲ್ಲಿ ಅವನನ್ನು ಗೆಲ್ಲುವುದು ಸಾಧ್ಯವಲ್ಲವೆಂಬ ಕಾರಣದಿಂದ ಬಾಹುಯುದ್ಧವನ್ನು ಆಯ್ಕೆಮಾಡಿದನು. ತನ್ನಲ್ಲಿ ನೀತಿ, ಭೀಮನಲ್ಲಿ ಬಲ, ಇಬ್ಬರ ರಕ್ಷಣೆಗೆ ಅರ್ಜುನನ ಸಾಮರ್ಥ್ಯವಿದೆ ಎಂದನು. ಮೂವರು ನೇರವಾಗಿ ಎದುರಾದರೆ ಜರಾಸಂಧನು ಅವರಲ್ಲಿ ಒಬ್ಬನೊಡನೆ ದ್ವಂದ್ವಯುದ್ಧವನ್ನು ಒಪ್ಪಿಕೊಳ್ಳುವನೆಂಬ ನಿರೀಕ್ಷೆ ಅವನಿಗಿತ್ತು. ಭೀಮನನ್ನು ಆರಿಸುವುದೇ ತನ್ನ ಔನ್ನತ್ಯಕ್ಕೆ ಯೋಗ್ಯವೆಂದು ಅವನು ಭಾವಿಸುವನೆಂದೂ ಕೃಷ್ಣನು ಹೇಳಿದನು. ಧರ್ಮರಾಜನು ಒಪ್ಪಿಗೆ ನೀಡಿ, ಬಲವನ್ನು ವಿವೇಕದಿಂದ ಸರಿಯಾದ ಕಡೆ ನಿಯೋಜಿಸಿದಾಗಲೇ ಕಾರ್ಯಸಿದ್ಧಿಯಾಗುತ್ತದೆ ಎಂಬುದನ್ನು ಒತ್ತಿಹೇಳಿದನು.",,65,29,37,,,pending,pending,,
607,G43-S06,"ಮೂರು ಮಂದಿ, ದೊಡ್ಡ ಕಾರ್ಯ",MAHABHARATA-4-AADIPARVA_djvu.txt lines 28031–28479,"ಕೃಷ್ಣನು ಭೀಮಾರ್ಜುನರೊಂದಿಗೆ ಜರಾಸಂಧನನ್ನು ಎದುರಿಸಲು ಹೊರಡುವ ಯೋಜನೆಯನ್ನು ಮುಂದಿಟ್ಟನು. ದೊಡ್ಡ ಸೇನೆಯನ್ನು ಒಟ್ಟಿಗೆ ಕಳುಹಿಸದೆ, ಮೂವರು ನೇರವಾಗಿ ಮಗಧಕ್ಕೆ ಹೋಗಲಿದ್ದರು. ಧರ್ಮರಾಜನ ಅನುಮತಿಯ ನಂತರ ಅವರು ಸ್ನಾತಕವ್ರತಧಾರಿಗಳ ವೇಷವನ್ನು ಧರಿಸಿ ಪ್ರಯಾಣ ಆರಂಭಿಸಿದರು. ನದಿಗಳು, ಕಾಡುಗಳು ಮತ್ತು ಬೇರೆ ಬೇರೆ ಪ್ರದೇಶಗಳನ್ನು ದಾಟಿ ಮಗಧದ ಕಡೆಗೆ ಸಾಗಿದರು. ಯುದ್ಧಕ್ಕಾಗಿ ಹೊರಟಿದ್ದರೂ ಅವರ ಹೊರರೂಪ ಶಾಂತವಾದ ಯಾತ್ರಿಕರಂತಿತ್ತು. ಈ ವೇಷವು ನಂತರ ಜರಾಸಂಧನ ಪ್ರಶ್ನೆಗೆ ಕಾರಣವಾಗಲಿದೆ. ಕೃಷ್ಣನ ಬುದ್ಧಿ, ಭೀಮನ ಬಲ ಮತ್ತು ಅರ್ಜುನನ ಸಹಕಾರ ಈಗ ಸಭೆಯ ಮಾತಿನಿಂದ ನಿಜವಾದ ಪ್ರಯಾಣಕ್ಕೆ ಬಂದಿತ್ತು.",,59,26,34,,,pending,pending,,
608,SFSF05-S01,ಕುರುಜಾಂಗಲದಿಂದ ಮಿಥಿಲೆಯವರೆಗೆ,MAHABHARATA-4-AADIPARVA_djvu.txt lines 28223–28294,"ಸ್ನಾತಕವ್ರತಧಾರಿಗಳ ವೇಷದಲ್ಲಿದ್ದ ಕೃಷ್ಣ, ಭೀಮ ಮತ್ತು ಅರ್ಜುನರಿಗೆ ಹೊರಡುವಾಗ ಜನರು ಪ್ರೀತಿಯ ಆಶೀರ್ವಚನಗಳನ್ನು ಹೇಳಿದರು. ಕುರುದೇಶದಿಂದ ಹೊರಟ ಅವರು ಕುರುಜಾಂಗಲದ ಮಧ್ಯದ ದಾರಿಯನ್ನು ಹಿಡಿದರು. ಮನೋಹರವಾದ ಪದ್ಮಸರೋವರವನ್ನು ತಲುಪಿ ಕಾಲಕೂಟ ಪರ್ವತವನ್ನು ದಾಟಿದರು. ನಂತರ ಸರಯೂ ನದಿಯನ್ನು ದಾಟಿ ಪೂರ್ವಕೋಸಲದ ಮೂಲಕ ಸಾಗಿದರು. ಪಾಠವು ಮುಂದಕ್ಕೆ ಗಂಡಕೀ, ಅನುರಾಗ ಮತ್ತು ಸದಾನೀರಾ ಎಂಬ ನದಿಗಳನ್ನು ಹೆಸರಿಸುತ್ತದೆ. ಅನೇಕ ಜಲಧಾರೆಗಳನ್ನು ದಾಟುತ್ತಾ ಅವರು ಮಿಥಿಲೆಯನ್ನು ಮೀರಿದರು. ಈ ಪ್ರಯಾಣವು ಒಂದೇ ರಾತ್ರಿಯಲ್ಲಿ ಅರಮನೆಯಿಂದ ಮತ್ತೊಂದು ಅರಮನೆಗೆ ತಲುಪಿದ ಘಟನೆಯಲ್ಲ; ಬೇರೆ ಬೇರೆ ಪ್ರದೇಶಗಳ ಮೂಲಕ ನಡೆದ ದೀರ್ಘ ದಾರಿಯಾಗಿತ್ತು.",,62,28,35,,,pending,pending,,
609,SFSF05-S02,"ಗಂಗಾ, ಶೋಣ ಮತ್ತು ಗೋರಥದ ನೋಟ",MAHABHARATA-4-AADIPARVA_djvu.txt lines 28297–28312,"ಮಿಥಿಲೆಯನ್ನು ದಾಟಿದ ನಂತರ ಮೂವರು ಗಂಗೆಯನ್ನೂ ಶೋಣಾನದಿಯನ್ನೂ ದಾಟಿ ಪೂರ್ವದತ್ತ ಮುಂದುವರಿದರು. ಕೊನೆಗೆ ಸಮೃದ್ಧವಾದ ಮಗಧದೇಶವನ್ನು ತಲುಪಿದರು. ಪಾಠವು ಆ ದೇಶವನ್ನು ಗೋಸಂಪತ್ತು, ಉತ್ತಮ ವೃಕ್ಷಗಳು ಮತ್ತು ಸುಖಸಮೃದ್ಧಿಯಿಂದ ಕೂಡಿದ ಪ್ರದೇಶವೆಂದು ಪರಿಚಯಿಸುತ್ತದೆ. ಅಲ್ಲಿನ ಗೋರಥ ಎಂಬ ಪರ್ವತವನ್ನು ಹತ್ತಿದಾಗ ಅವರಿಗೆ ರಾಜಧಾನಿ ಗಿರಿವ್ರಜ ಕಾಣಿಸಿತು. ಈಗ ಎದುರಾಳಿ ರಾಜನ ಹೆಸರು ಒಂದು ದೂರದ ಸುದ್ದಿಯಾಗಿ ಉಳಿದಿರಲಿಲ್ಲ. ಅವನು ಆಳುವ ಭೂಮಿ, ಅದರ ಜನಜೀವನ ಮತ್ತು ಅದರ ರಕ್ಷಣೆಯನ್ನು ಮೂವರು ತಮ್ಮ ಕಣ್ಣಾರೆ ಕಾಣುತ್ತಿದ್ದರು. ಇಲ್ಲಿಂದ ಕೃಷ್ಣನು ಅರ್ಜುನನಿಗೆ ಆ ಪ್ರದೇಶದ ವೈಶಿಷ್ಟ್ಯಗಳನ್ನು ವಿವರಿಸಲು ಆರಂಭಿಸಿದನು.",,61,27,35,,,pending,pending,,
610,SFSF05-S03,ಐದು ಬೆಟ್ಟಗಳ ರಕ್ಷಣೆ,MAHABHARATA-4-AADIPARVA_djvu.txt lines 28487–28521,"ಕೃಷ್ಣನು ಅರ್ಜುನನಿಗೆ ಗಿರಿವ್ರಜದ ಸಮೃದ್ಧಿಯನ್ನು ತೋರಿಸಿದನು. ನೀರು ಯಾವಾಗಲೂ ದೊರೆಯುವ, ಗೋಸಂಪತ್ತು ಮತ್ತು ಉತ್ತಮ ಮನೆಗಳಿರುವ ಪಟ್ಟಣವೆಂದು ಪರಿಚಯಿಸಿದನು. ಈ ವರ್ಣನೆಯಲ್ಲಿ ವೈಹಾರ, ವರಾಹ, ವಿಪುಲ, ವರ್ಷಗಿರಿ ಮತ್ತು ಚೈತ್ಯಕ ಎಂಬ ಐದು ಪರ್ವತಗಳ ಹೆಸರುಗಳು ಬರುತ್ತವೆ. ಎತ್ತರದ ಶಿಖರಗಳು ಮತ್ತು ತಂಪಾದ ವೃಕ್ಷಗಳಿಂದ ತುಂಬಿದ ಬೆಟ್ಟಗಳು ಒಂದಕ್ಕೊಂದು ಸೇರಿ ನಗರವನ್ನು ರಕ್ಷಿಸುತ್ತಿದ್ದವು. ಸುತ್ತಲಿನ ಲೋಧ್ರವನಗಳ ಕೊಂಬೆಗಳು ಹೂಗಳಿಂದ ತುಂಬಿ ಸುಗಂಧ ಹರಡುತ್ತಿದ್ದವು. ಈ ಸಹಜ ರಕ್ಷಣೆಯೊಳಗೆ ಬದುಕುತ್ತಿದ್ದ ಜರಾಸಂಧನಿಗೆ ತನ್ನ ಸಮೃದ್ಧಿ ಶಾಶ್ವತವೆಂಬ ಭಾವನೆ ಬಂದಿತ್ತು. ಮೂವರು ಎದುರಿಸಲಿರುವುದು ಒಬ್ಬ ಬಲಿಷ್ಠ ಯೋಧನಷ್ಟೇ ಅಲ್ಲ, ಈ ರಕ್ಷಿತ ರಾಜಧಾನಿಯ ಆತ್ಮವಿಶ್ವಾಸವೂ ಆಗಿತ್ತು.",,66,29,38,,,pending,pending,,
611,SFSF05-S04,ಗೌತಮರ ವಾಸಸ್ಥಾನ ಮತ್ತು ಕಕ್ಷೀವಂತರ ತಪಸ್ಸು,MAHABHARATA-4-AADIPARVA_djvu.txt lines 28524–28614,"ಕೃಷ್ಣನು ಅಲ್ಲಿನ ಒಂದು ಹಳೆಯ ಋಷಿಸ್ಥಾನವನ್ನೂ ಪರಿಚಯಿಸಿದನು. ಗೌತಮವಂಶದ ದೀರ್ಘತಮ ಋಷಿಯು ಇಲ್ಲಿ ವಾಸಿಸಿ ಉಶೀನರಿಯಿಂದ ಕಕ್ಷೀವಂತ ಮೊದಲಾದ ಮಕ್ಕಳನ್ನು ಪಡೆದನೆಂದು ಈ ಪಾಠದ ವಿವರಣೆ ಹೇಳುತ್ತದೆ. ಮಗಧದ ರಾಜರಿಗೆ ಅನುಗ್ರಹವಾಗಲೆಂದು ಅವನು ಅಲ್ಲಿಯೇ ವಾಸಿಸಿದನೆಂದೂ ಹೇಳುತ್ತದೆ. ಅಂಗ ಮತ್ತು ವಂಗ ಮೊದಲಾದ ದೇಶಗಳ ರಾಜರು ಆ ಗೌತಮಕ್ಷೇತ್ರಕ್ಕೆ ಬಂದು ವಿಹರಿಸುತ್ತಿದ್ದರೆಂಬ ನೆನಪು ಬರುತ್ತದೆ. ಆಶ್ರಮದ ಬಳಿಯಲ್ಲಿ ಪ್ರಿಯಾಲ, ಲೋಧ್ರ ಮತ್ತು ಪುನ್ನಾಗ ಮರಗಳ ಸಾಲುಗಳಿದ್ದವು. ಕಕ್ಷೀವಂತರ ತಪಸ್ಸಿನಿಂದ ತಪೋದ ಎಂಬ ಖ್ಯಾತಿಯನ್ನು ಪಡೆದ ತೀರ್ಥಗಳನ್ನೂ ಪಾಠ ಉಲ್ಲೇಖಿಸುತ್ತದೆ. ನಗರವನ್ನು ಸುತ್ತುವರಿದ ನೆಲದಲ್ಲಿ ರಾಜರ ಇತಿಹಾಸದ ಜೊತೆಗೆ ಋಷಿಗಳ ವಾಸ ಮತ್ತು ತಪಸ್ಸಿನ ನೆನಪೂ ಉಳಿದಿತ್ತು.",,68,30,39,,,pending,pending,,
612,SFSF05-S05,ನಾಗಸ್ಥಾನಗಳು ಮತ್ತು ಪರ್ವತಗಳ ಮತ್ತೊಂದು ಪರಿಚಯ,MAHABHARATA-4-AADIPARVA_djvu.txt lines 28568–28623,"ಗಿರಿವ್ರಜದ ಕ್ಷೇತ್ರವರ್ಣನೆಯಲ್ಲಿ ಅರ್ಬುದ ಮತ್ತು ಶಕ್ರವಾಪಿ ಎಂಬ ನಾಗರ ಹೆಸರುಗಳು ಬರುತ್ತವೆ. ಸ್ವಸ್ತಿಕ ಮತ್ತು ಮಣಿನಾಗರ ವಾಸಸ್ಥಾನಗಳನ್ನೂ ಕೃಷ್ಣನು ಹೇಳುತ್ತಾನೆ. ಶೇಷನ ಪುತ್ರ ಮತ್ತು ಚಿಂತಾಮಣಿಯ ಅನುಗ್ರಹದಿಂದ ಈ ಪ್ರದೇಶ ಪೂಜ್ಯವಾದುದೆಂಬ ಪೌರಾಣಿಕ ವಿವರಣೆ ಇದೆ. ಮುಂದಿನ ಪಟ್ಟಿಯಲ್ಲಿ ಪಾಂಡರ, ವಿಪುಲ, ವರಾಹ, ಚೈತ್ಯಕ ಮತ್ತು ಮಾತಂಗ ಪರ್ವತಗಳ ಹೆಸರುಗಳು ಕೇಳಿಬರುತ್ತವೆ. ಆ ಬೆಟ್ಟಗಳಲ್ಲಿ ಯತಿಗಳ ಆಶ್ರಮಗಳು ಮತ್ತು ಋಷಿಗಳ ನೆಲೆಗಳಿವೆ; ಅಪ್ಸರೆಯರು ವಿಹರಿಸುತ್ತಾರೆ; ಗಂಧರ್ವರು, ರಾಕ್ಷಸರು ಮತ್ತು ನಾಗರ ಆಲಯಗಳಿವೆ ಎಂದು ವರ್ಣನೆ ವಿಸ್ತರಿಸುತ್ತದೆ. ಈ ಕ್ಷೇತ್ರದ ವೈಭವವನ್ನು ಹೇಳಿದ ಕೃಷ್ಣನು ಕೊನೆಗೆ ಜರಾಸಂಧನು ತನ್ನ ಸಂಪತ್ತು ಎಂದೂ ಕಳೆದುಹೋಗುವುದಿಲ್ಲವೆಂದು ನಂಬಿದ್ದಾನೆ; ಈಗ ಅವನ ದರ್ಪವನ್ನು ಎದುರಿಸುವ ಸಮಯ ಬಂದಿದೆ ಎಂದನು.",,73,32,42,,,pending,pending,,
613,G43-S07,ಗಿರಿವ್ರಜದ ಬೆಟ್ಟಗಳು ಮತ್ತು ಭೇರಿಗಳು,MAHABHARATA-4-AADIPARVA_djvu.txt lines 28480–28761,"ಮಗಧದ ರಾಜಧಾನಿಯ ಸಮೀಪಕ್ಕೆ ಬಂದಾಗ ಕೃಷ್ಣನು ಅದರ ಬೆಟ್ಟಗಳು, ನೀರಿನ ಸಮೃದ್ಧಿ ಮತ್ತು ರಕ್ಷಣೆಯ ವೈಶಿಷ್ಟ್ಯವನ್ನು ವಿವರಿಸಿದನು. ಗಿರಿವ್ರಜವನ್ನು ಐದು ಪರ್ವತಗಳು ಆವರಿಸಿದ್ದವು. ಮೂವರು ಸಾಮಾನ್ಯ ಬಾಗಿಲಿನ ಮೂಲಕ ಪ್ರವೇಶಿಸಲಿಲ್ಲ. ನಗರದ ಹೆಮ್ಮೆಯ ಸಂಕೇತಗಳಾದ ಭೇರಿಗಳನ್ನು ಒಡೆದು ತಮ್ಮ ಆಗಮನವನ್ನು ಸವಾಲಾಗಿ ಸೂಚಿಸಿದರು. ನಂತರ ರಾಜಮಾರ್ಗದಲ್ಲಿ ಸಾಗುತ್ತಾ ಹೂಮಾಲೆಗಳನ್ನು ತೆಗೆದುಕೊಂಡು ಧರಿಸಿದರು. ಈ ನಡೆ ಸಾಮಾನ್ಯ ವಿನಮ್ರ ಅತಿಥಿಗಳ ನಡೆ ಆಗಿರಲಿಲ್ಲ. ಅವರ ಬಾಹುಬಲ, ಪ್ರವೇಶದ ವಿಧಾನ ಮತ್ತು ಅಲಂಕಾರಗಳು ಅವರ ನಿಜವಾದ ಉದ್ದೇಶದ ಸುಳಿವುಗಳನ್ನು ಬಿಟ್ಟಿದ್ದವು. ಆ ಸುಳಿವುಗಳನ್ನು ಜರಾಸಂಧನು ಗಮನಿಸದೆ ಇರಲಿಲ್ಲ.",,60,27,34,,,pending,pending,,
614,BS03-S03,ಭೇರಿಗಳ ಹಿಂದಿನ ಬೃಹದ್ರಥನ ಕಥೆ,MAHABHARATA-4-AADIPARVA_djvu.txt lines 28649–28711,"ಗಿರಿವ್ರಜದ ಭೇರಿಗಳು ಸಾಮಾನ್ಯ ಸಂಗೀತವಾದ್ಯಗಳಲ್ಲವೆಂದು ಮೂಲವು ತಿಳಿಸುತ್ತದೆ. ಹಿಂದೆ ಬೃಹದ್ರಥನು ವೃಷಭರೂಪದ ರಾಕ್ಷಸನನ್ನು ಸಂಹರಿಸಿ, ಅವನ ದೇಹದ ಭಾಗಗಳನ್ನು ಬಳಸಿ ಮೂರು ಭೇರಿಗಳನ್ನು ಮಾಡಿಸಿದ್ದನೆಂದು ಪೌರಾಣಿಕ ಹಿನ್ನೆಲೆ ಬರುತ್ತದೆ. ಅವುಗಳನ್ನು ಹೂವಿನಿಂದ ಪೂಜಿಸಲಾಗುತ್ತಿತ್ತು; ಅವುಗಳ ನಾದ ನಗರದ ವೈಭವದ ಸಂಕೇತವಾಗಿತ್ತು. ಕೃಷ್ಣಭೀಮಾರ್ಜುನರು ಅವನ್ನು ಒಡೆಯುವುದು ಆ ಅಧಿಕಾರದ ಸಂಕೇತಕ್ಕೆ ನೀಡಿದ ಸವಾಲಾಯಿತು. ವೃಕ್ಷ ಮತ್ತು ಪರ್ವತಶಿಖರವನ್ನು ಕೆಡವಿದ ವರ್ಣನೆಯೂ ಅದರ ಜೊತೆಯಲ್ಲಿದೆ. ಈ ಕ್ರಿಯೆಗಳು ಅಪಶಕುನವೆಂದು ಕಂಡ ಪುರೋಹಿತರು ಜರಾಸಂಧನಿಗಾಗಿ ಶಾಂತಿಕಾರ್ಯಗಳನ್ನು ಮಾಡಿದರು.",,52,23,30,,,pending,pending,,
615,SFSF06-S01,ಅಪಶಕುನ ಮತ್ತು ಬಲಾತ್ಕಾರವಾಗಿ ಪಡೆದ ಅಲಂಕಾರ,MAHABHARATA-4-AADIPARVA_djvu.txt lines 28647–28795,"ಭೇರಿಗಳನ್ನು ಒಡೆಯುವುದರ ಜೊತೆಗೆ ಜರಾಸಂಧನ ವಂಶಸ್ಥರು ಗೌರವಿಸುತ್ತಿದ್ದ ಮಹಾವೃಕ್ಷ ಮತ್ತು ಪೂಜಿತ ಪರ್ವತಶಿಖರದ ಭಂಗವನ್ನೂ ಈ ಪಾಠ ಹೇಳುತ್ತದೆ. ಅದನ್ನು ಅಪಶಕುನವೆಂದು ಕಂಡ ಪುರೋಹಿತರು ಜರಾಸಂಧನಿಗೆ ಶಾಂತಿಕಾರ್ಯ ಮಾಡಿ, ಅವನನ್ನು ಆನೆಯ ಮೇಲೆ ಕೂರಿಸಿ ಮಂಗಳಾರತಿ ಮಾಡಿದರು. ಇದೇ ವೇಳೆಯಲ್ಲಿ ಮೂವರು ನಿರಾಯುಧರಾಗಿ ತಮ್ಮ ಬಾಹುಗಳನ್ನೇ ಬಲವಾಗಿ ಹೊಂದಿ ರಾಜಮಾರ್ಗದಲ್ಲಿ ಮುಂದುವರಿದರು. ಹೂಮಾಲೆಗಳನ್ನು ಅವರು ಅಂಗಡಿಯವರಿಂದ ಬಲಾತ್ಕಾರವಾಗಿ ತೆಗೆದುಕೊಂಡರೆಂದು ಪಾಠ ಸ್ಪಷ್ಟವಾಗಿ ಹೇಳುತ್ತದೆ. ಸುಗಂಧದ್ರವ್ಯಗಳು ಮತ್ತು ಫಲಗಳನ್ನೂ ಹಾಗೆಯೇ ಪಡೆದರು. ಬಿಳಿ ವಸ್ತ್ರ, ಮಾಲೆ, ಕುಂಡಲ ಮತ್ತು ಸುಗಂಧಲೇಪಿತ ಬಾಹುಗಳೊಂದಿಗೆ ಅವರು ಜನನಿಬಿಡವಾದ ಮೂರು ಪ್ರಾಕಾರಗಳನ್ನು ದಾಟಿ, ಸಾಮಾನ್ಯ ಬಾಗಿಲನ್ನು ಬಿಟ್ಟು ರಾಜನ ಬಳಿಗೆ ಬಂದರು. ಅವರ ನಡೆಯೇ ಶಾಂತ ಅತಿಥಿವೇಷದೊಳಗಿನ ಸವಾಲನ್ನು ಹೊರಹಾಕುತ್ತಿತ್ತು.",,74,33,42,,,pending,pending,,
616,G43-S08,ಮಧ್ಯರಾತ್ರಿಯ ಅತಿಥಿಗಳು,MAHABHARATA-4-AADIPARVA_djvu.txt lines 28762–29060,"ಸ್ನಾತಕವೇಷದ ಅತಿಥಿಗಳು ಬಂದಿದ್ದಾರೆಂದು ತಿಳಿದ ಜರಾಸಂಧನು ಅವರಿಗೆ ಸತ್ಕಾರಮಾಡಲು ಮುಂದಾದನು. ಆದರೆ ಅವರ ಮೌನ, ಬಾಹುಗಳ ಗುರುತುಗಳು, ಹೂಮಾಲೆಗಳು ಮತ್ತು ಪ್ರವೇಶದ ವಿಧಾನ ಅವನಲ್ಲಿ ಅನುಮಾನ ಮೂಡಿಸಿದವು. ಮಧ್ಯರಾತ್ರಿಯಲ್ಲಿ ಮಾತುಕತೆ ನಡೆಯಿತು. ನೀವು ಯಾರು, ಏಕೆ ಸಾಮಾನ್ಯ ಬಾಗಿಲಿನಿಂದ ಬಂದಿಲ್ಲ, ಈ ವೇಷಕ್ಕೆ ನಿಮ್ಮ ನಡೆ ಏಕೆ ಹೊಂದುವುದಿಲ್ಲ ಎಂದು ಅವನು ಕೇಳಿದನು. ಕೃಷ್ಣನು ಉತ್ತರದಲ್ಲಿ ಸ್ನಾತಕವೇಷಕ್ಕೆ ಯೋಗ್ಯರಾದವರು ಒಂದೇ ವರ್ಗದವರಲ್ಲವೆಂದು ತಿಳಿಸಿದನು. ಅತಿಥಿಸತ್ಕಾರದ ಹೊರಪದರ ನಿಧಾನವಾಗಿ ಸರಿದು, ಎದುರು ನಿಂತವರ ನಿಜವಾದ ಉದ್ದೇಶ ಹೊರಬರುವ ಕ್ಷಣ ಸಮೀಪಿಸಿತು.",,56,25,32,,,pending,pending,,
617,BS03-S04,ಹೂಮಾಲೆ ಮತ್ತು ಬಾಹುಗಳ ಗುರುತುಗಳು,MAHABHARATA-4-AADIPARVA_djvu.txt lines 28712–29060,"ಕೃಷ್ಣಭೀಮಾರ್ಜುನರು ಸ್ನಾತಕವೇಷದಲ್ಲಿದ್ದರೂ ಅವರ ನಡೆ ಅಡಗಿದ ಯೋಧರ ಬಲವನ್ನು ತೋರಿಸುತ್ತಿತ್ತು. ಹೂಮಾಲೆಗಳನ್ನು ಬಲದಿಂದ ತೆಗೆದುಕೊಂಡುದು, ಸಾಮಾನ್ಯ ಬಾಗಿಲಿನಿಂದ ಬರದಿರುವುದು ಮತ್ತು ಬಾಹುಗಳ ಮೇಲೆ ಅಸ್ತ್ರಾಭ್ಯಾಸದ ಗುರುತುಗಳು ಜರಾಸಂಧನಿಗೆ ಅನುಮಾನ ತಂದವು. ಆದ್ದರಿಂದ ಅವನ ಪ್ರಶ್ನೆ ಆಕಸ್ಮಿಕವಲ್ಲ. ಅವನು ಎದುರು ನಿಂತವರ ರೂಪ ಮತ್ತು ವರ್ತನೆಯ ಅಸಂಗತಿಯನ್ನು ಗಮನಿಸುತ್ತಿದ್ದನು. ಕೃಷ್ಣನ ಉತ್ತರವು ಸ್ನಾತಕವೇಷವನ್ನು ಒಂದೇ ವರ್ಗಕ್ಕೆ ಸೀಮಿತಗೊಳಿಸಬಾರದೆಂಬ ಮಾತಿನಿಂದ ಆರಂಭವಾಗುತ್ತದೆ. ನಂತರ ಪರಿಚಯ ಮತ್ತು ಉದ್ದೇಶ ಬಹಿರಂಗವಾಗುತ್ತದೆ. ಹೀಗೆ ಸೂಚನೆ, ಅನುಮಾನ, ಪ್ರಶ್ನೆ ಮತ್ತು ಉತ್ತರಗಳ ಕ್ರಮದಲ್ಲಿ ದೃಶ್ಯವನ್ನು ಕಟ್ಟಿದರೆ ಸವಾಲಿನ ಅರ್ಥ ಸ್ಪಷ್ಟವಾಗುತ್ತದೆ.",,59,26,34,,,pending,pending,,
618,G43-S09,ಹೆಸರುಗಳೂ ಉದ್ದೇಶವೂ ಬಹಿರಂಗ,MAHABHARATA-4-AADIPARVA_djvu.txt lines 29061–29497,"ಕೃಷ್ಣನು ಅವರ ಉದ್ದೇಶವನ್ನು ಮುಚ್ಚಿಡಲಿಲ್ಲ. ಬಂಧಿತ ರಾಜರನ್ನು ಬಿಡಿಸುವುದಕ್ಕಾಗಿ ಬಂದಿದ್ದೇವೆಂದು ತಿಳಿಸಿ, ತಾನು ಕೃಷ್ಣ, ಇವರು ಭೀಮ ಮತ್ತು ಅರ್ಜುನ ಎಂದು ಪರಿಚಯಿಸಿದನು. ಜರಾಸಂಧನು ತನ್ನ ಬಲದಿಂದ ರಾಜರನ್ನು ಗೆದ್ದಿರುವುದನ್ನು ಸಮರ್ಥಿಸಿಕೊಂಡನು. ಕೃಷ್ಣನು ಅವರ ಬಂಧನ ಮತ್ತು ಉದ್ದೇಶಿತ ಹಿಂಸೆಯನ್ನು ಪ್ರಶ್ನಿಸಿದನು. ಅತಿಥಿಗಳ ಸತ್ಕಾರದ ಮಾತು ಈಗ ನೇರವಾದ ಸವಾಲಾಗಿ ಬದಲಾಗಿತ್ತು. ಜರಾಸಂಧನ ಮುಂದೆ ಎರಡು ದಾರಿಗಳಿದ್ದವು: ರಾಜರನ್ನು ಬಿಡುಗಡೆಮಾಡುವುದು ಅಥವಾ ಎದುರಿಸಿ ಹೋರಾಡುವುದು. ಅವನು ಹೋರಾಟಕ್ಕೆ ಸಿದ್ಧನಾದನು. ಯಾರೊಂದಿಗಾದರೂ ಯುದ್ಧವನ್ನು ಆಯ್ಕೆಮಾಡುವ ಅವಕಾಶ ಅವನಿಗೆ ನೀಡಲಾಯಿತು; ಅವನ ದೃಷ್ಟಿ ಭೀಮನ ಕಡೆಗೆ ತಿರುಗಿತು.",ಕೃಷ್ಣ: ನಾನು ಕೃಷ್ಣ. ಇವರು ಭೀಮ ಮತ್ತು ಅರ್ಜುನ. ನಿನ್ನ ಬಂಧನದಲ್ಲಿರುವ ರಾಜರನ್ನು ಬಿಡುಗಡೆಮಾಡು; ಇಲ್ಲದಿದ್ದರೆ ನಮ್ಮಲ್ಲಿ ನೀನು ಆರಿಸಿಕೊಂಡವನೊಂದಿಗೆ ಹೋರಾಡು.,75,33,43,,,pending,pending,,
619,BS03-S05,ಬಂಧನದ ಧರ್ಮವಿವಾದ,MAHABHARATA-4-AADIPARVA_djvu.txt lines 29061–29497,"ಜರಾಸಂಧನು ತನ್ನ ರಾಜರನ್ನು ಯುದ್ಧದಲ್ಲಿ ಗೆದ್ದು ಬಂಧಿಸಿರುವುದನ್ನು ತನ್ನ ಬಲದ ಹಕ್ಕಿನಂತೆ ಸಮರ್ಥಿಸಿಕೊಳ್ಳುತ್ತಾನೆ. ಕೃಷ್ಣನು ಆ ಸಮರ್ಥನೆಯನ್ನು ಒಪ್ಪುವುದಿಲ್ಲ. ಬಂಧಿತರನ್ನು ಉದ್ದೇಶಿತ ಹಿಂಸೆಗೆ ಒಳಪಡಿಸುವ ವಿಚಾರವನ್ನು ಪ್ರಶ್ನಿಸಿ, ಅವರನ್ನು ಬಿಡಿಸಬೇಕೆಂದು ಹೇಳುತ್ತಾನೆ. ಈ ವಾದದಲ್ಲಿ ಎದುರಾಳಿಗಳು ಒಂದೇ ಧರ್ಮವನ್ನು ಹೇಳಿಕೊಂಡರೂ ಅದರ ಅರ್ಥದಲ್ಲಿ ಭಿನ್ನವಾಗಿದ್ದಾರೆ. ಆದ್ದರಿಂದ ಸಂಭಾಷಣೆಯನ್ನು ಕೇವಲ ಯುದ್ಧಕ್ಕೂ ಮುಂಚಿನ ಬೆದರಿಕೆಗಳಾಗಿ ಕಡಿಮೆಮಾಡಬಾರದು. ರಾಜಬಲದಿಂದ ಮಾಡಿದ ಎಲ್ಲ ಕಾರ್ಯವೂ ಧರ್ಮವಾಗುವುದಿಲ್ಲವೆಂಬ ಪ್ರಶ್ನೆ ಇಲ್ಲಿ ಎದ್ದಿದೆ. ನಂತರ ಯುದ್ಧದ ಆಯ್ಕೆ ಬರುವುದು ಈ ಮಾತುಕತೆಯ ಪರಿಣಾಮವಾಗಿ; ಅದು ಕಾರಣವಿಲ್ಲದ ಸಾಹಸದ ಪ್ರದರ್ಶನವಲ್ಲ.",,58,26,33,,,pending,pending,,
620,G44-S01,ಜನಮೇಜಯನ ಪ್ರಶ್ನೆ: ಕಂಸನ ಸಂಬಂಧವೇನು?,MAHABHARATA-4-AADIPARVA_djvu.txt lines 29746–29831,"ಭೀಮ ಮತ್ತು ಜರಾಸಂಧರ ಹೋರಾಟವನ್ನು ಕೇಳುವ ಮೊದಲು ಜನಮೇಜಯನು ವೈಶಂಪಾಯನರನ್ನು ಪ್ರಶ್ನಿಸಿದನು. ಕೃಷ್ಣ ಮತ್ತು ಜರಾಸಂಧರ ನಡುವೆ ವೈರವೇಕೆ ಉಂಟಾಯಿತು? ಕಂಸನು ಜರಾಸಂಧನಿಗೆ ಯಾವ ಸಂಬಂಧಿ? ಋಷಿಯು ಮಥುರೆಯ ಹಿಂದಿನ ಘಟನೆಯನ್ನು ವಿವರಿಸಿದರು. ಜರಾಸಂಧನ ಮಗಳು ಕಂಸನ ಪತ್ನಿಯಾಗಿದ್ದಳು. ಅಧಿಕಾರದಿಂದ ಮದಿಸಿದ ಕಂಸನು ತಂದೆಯಾದ ಉಗ್ರಸೇನನನ್ನು ಬಂಧಿಸಿ ರಾಜ್ಯವನ್ನು ತನ್ನ ಕೈಗೆ ತೆಗೆದುಕೊಂಡನು. ಅವನ ಕುಟುಂಬದ ಸಂಬಂಧ ಮತ್ತು ಅಧಿಕಾರದ ನಡೆ, ನಂತರ ಕೃಷ್ಣನೊಂದಿಗೆ ಜರಾಸಂಧನಿಗೆ ಉಂಟಾಗುವ ಸಂಘರ್ಷದ ನೆಲೆಯಾಯಿತು. ಹೀಗಾಗಿ ಈ ಮರುಕಥನವು ಮುಖ್ಯಕಥೆಯನ್ನು ಬಿಟ್ಟುಹೋದ ದಾರಿಯಲ್ಲ; ಅದರ ಕಾರಣವನ್ನು ತಿಳಿಸುವ ವಿರಾಮವಾಗಿತ್ತು.",,60,27,34,,,pending,pending,,
621,G44-S02,ದೇವಕಿಯ ವಿವಾಹದಲ್ಲಿ ಕೇಳಿದ ಭವಿಷ್ಯವಾಣಿ,MAHABHARATA-4-AADIPARVA_djvu.txt lines 29832–29914,"ದೇವಕಿಯ ವಿವಾಹದ ಸಂದರ್ಭದಲ್ಲಿ ಅವಳನ್ನು ರಥದಲ್ಲಿ ಕರೆದೊಯ್ಯುವಾಗ ಕಂಸನಿಗೆ ಆಕಾಶವಾಣಿ ಕೇಳಿಸಿತು. ದೇವಕಿಯ ಎಂಟನೆಯ ಸಂತಾನವೇ ಅವನ ಸಾವಿಗೆ ಕಾರಣವಾಗುತ್ತದೆ ಎಂಬ ಮಾತು ಅವನನ್ನು ಬೆಚ್ಚಿಬೀಳಿಸಿತು. ಭಯವು ಕ್ರೋಧವಾಗಿ ಬದಲಾಗಿ, ಅವನು ದೇವಕಿಯನ್ನು ಕೊಲ್ಲಲು ಮುಂದಾದನು. ವಸುದೇವನು ಮಧ್ಯಪ್ರವೇಶಿಸಿ ನಿರಪರಾಧಿಯಾದ ಅವಳ ಜೀವವನ್ನು ಉಳಿಸಲು ಪ್ರಯತ್ನಿಸಿದನು. ಆ ಕ್ಷಣದ ಸಮಾಧಾನದಿಂದ ದೇವಕಿ ಬದುಕುಳಿದಳು. ಆದರೆ ಕಂಸನ ಮನದ ಭಯ ಹೋಗಲಿಲ್ಲ. ಮುಂದಿನ ಮಕ್ಕಳ ಜನನದ ಮೇಲೆ ಅವನು ಕಠಿಣ ನಿಗಾ ಇಟ್ಟನು. ಸ್ವಂತ ಭವಿಷ್ಯವನ್ನು ಕಾಪಾಡಿಕೊಳ್ಳುವ ಅವನ ಪ್ರಯತ್ನ ಇತರರ ಬದುಕಿಗೆ ಅನ್ಯಾಯವನ್ನು ತಂದಿತು.",,60,27,34,,,pending,pending,,
622,G44-S03,ಬಲರಾಮ ಮತ್ತು ಕೃಷ್ಣರ ರಕ್ಷಣೆ,MAHABHARATA-4-AADIPARVA_djvu.txt lines 29915–30000,"ದೇವಕಿಯ ಮಕ್ಕಳು ಜನಿಸಿದಂತೆ ಕಂಸನು ಅವರನ್ನು ಸಂಹರಿಸಿದನೆಂದು ಋಷಿಯು ಹೇಳಿದನು. ಏಳನೆಯ ಗರ್ಭದ ಬಲರಾಮನು ದೈವಸಹಾಯದಿಂದ ರೋಹಿಣಿಯ ಉದರಕ್ಕೆ ಸ್ಥಳಾಂತರಗೊಂಡ ಹಿನ್ನೆಲೆಯನ್ನು ಈ ಆವೃತ್ತಿ ವಿವರಿಸುತ್ತದೆ. ಅದರಿಂದ ಸಂಕರ್ಷಣ ಎಂಬ ಹೆಸರನ್ನೂ ತಿಳಿಸುತ್ತದೆ. ನಂತರ ಕೃಷ್ಣನು ಜನಿಸಿದಾಗ ವಸುದೇವನು ಅವನನ್ನು ಸುರಕ್ಷಿತ ಸ್ಥಳಕ್ಕೆ ಕರೆದೊಯ್ದು, ಗೋಪನ ಹೆಣ್ಣುಮಗುವನ್ನು ದೇವಕಿಯ ಬಳಿ ತಂದನು. ಕಂಸನು ಆ ಮಗುವಿಗೆ ಅಪಾಯಮಾಡಲು ಯತ್ನಿಸಿದಾಗ, ಅವಳು ಅವನ ಕೈಗೆ ಸಿಗದೆ ದಿವ್ಯವಾಗಿ ಹೊರಟಳು. ಈ ಪ್ರಸಂಗದಲ್ಲಿ ಅವಳಿಗೆ ಆರ್ಯೆ ಎಂಬ ಹೆಸರಿನ ವಿವರಣೆಯೂ ಬರುತ್ತದೆ.",,56,25,32,,,pending,pending,,
623,G44-S04,"ಕಂಸನ ಅಂತ್ಯ, ಜರಾಸಂಧನ ಪ್ರತೀಕಾರ",MAHABHARATA-4-AADIPARVA_djvu.txt lines 30001–30085,ಕೃಷ್ಣನು ಗೋವಿನ ವಾಸಸ್ಥಳಗಳಲ್ಲಿ ಕಂಸನಿಗೆ ತಿಳಿಯದಂತೆ ಬೆಳೆದನು. ಅವನನ್ನು ಆಶ್ರಯಿಸುವ ಜನರು ಹೆಚ್ಚಿದರು; ಅವನ ವಿರೋಧಿಗಳ ಬಲ ಕುಂದಿತು. ನಂತರ ಕೃಷ್ಣನು ಕಂಸನನ್ನು ಸಂಹರಿಸಿ ಉಗ್ರಸೇನನನ್ನು ಮತ್ತೆ ರಾಜ್ಯದಲ್ಲಿ ಸ್ಥಾಪಿಸಿದನು. ತನ್ನ ಅಳಿಯನ ಸಾವನ್ನು ಕೇಳಿದ ಜರಾಸಂಧನು ಸೇನೆಯೊಂದಿಗೆ ಮಥುರೆಯ ಮೇಲೆ ದಾಳಿ ಮಾಡಿದನು. ಇದೇ ಕೃಷ್ಣನೊಂದಿಗೆ ಅವನ ವೈರವಿನ ಕಾರಣವೆಂದು ವೈಶಂಪಾಯನರು ಜನಮೇಜಯನಿಗೆ ತಿಳಿಸಿದರು. ಕೃಷ್ಣನ ಸಾಮರ್ಥ್ಯ ಮತ್ತು ಅವನ ಉದ್ದೇಶಪೂರ್ವಕ ನಡೆಗೆ ಈ ಆವೃತ್ತಿಯು ನೀಡುವ ಧಾರ್ಮಿಕ ಅರ್ಥವನ್ನೂ ನೆನಪಿಡಬೇಕು. ಕಾರಣಕಥೆ ಮುಗಿದಿದೆ; ಈಗ ನಾವು ಮತ್ತೆ ಮಗಧದ ಹೋರಾಟದ ಕ್ಷಣಕ್ಕೆ ಮರಳುತ್ತೇವೆ.,,61,27,35,,,pending,pending,,
624,G44-S05,ಭೀಮನನ್ನು ಆರಿಸಿಕೊಂಡ ಜರಾಸಂಧ,MAHABHARATA-4-AADIPARVA_djvu.txt lines 30086–30203,ಕೃಷ್ಣನು ಹೋರಾಟಕ್ಕೆ ಯೋಗ್ಯನನ್ನು ಆರಿಸಿಕೊಳ್ಳುವಂತೆ ಜರಾಸಂಧನಿಗೆ ಹೇಳಿದನು. ಜರಾಸಂಧನು ಭೀಮನನ್ನು ತನ್ನ ಬಲಕ್ಕೆ ಸಮನಾದ ಎದುರಾಳಿಯೆಂದು ಕಂಡು ಅವನನ್ನೇ ಆಯ್ಕೆಮಾಡಿದನು. ಯುದ್ಧಕ್ಕೆ ಮುಂಚೆ ಪುರೋಹಿತರ ಮಂಗಳಕಾರ್ಯ ನಡೆಯಿತು. ರಾಜನು ಕಿರೀಟವನ್ನು ತೆಗೆದು ಕೂದಲನ್ನು ಕಟ್ಟಿಕೊಂಡು ಸಿದ್ಧನಾದನು. ಭೀಮನು ಕೃಷ್ಣನೊಂದಿಗೆ ಸಂಕ್ಷಿಪ್ತವಾಗಿ ಮಾತುಕತೆ ನಡೆಸಿ ಎದುರಿಗೆ ಬಂದನು. ಇದು ಸೇನೆಗಳ ಮಧ್ಯೆ ನಡೆಯುವ ಯುದ್ಧವಲ್ಲ; ಇಬ್ಬರು ಬಲಿಷ್ಠರು ಮುಖಾಮುಖಿಯಾಗಿ ನಿಂತ ಹೋರಾಟ. ಕೃಷ್ಣ ಮತ್ತು ಅರ್ಜುನರು ಸಾಕ್ಷಿಗಳಾಗಿ ನಿಂತಿದ್ದರು. ನಗರದ ಜನರ ಗಮನವೂ ಈ ಅಪೂರ್ವ ಮುಖಾಮುಖಿಯ ಕಡೆಗೆ ಸೆಳೆಯಿತು.,,56,25,32,,,pending,pending,,
625,G44-S06,ಗದೆಯಿಂದ ಮುಷ್ಟಿಯುದ್ಧಕ್ಕೆ: ವ್ಯಾಖ್ಯಾನದ ಹೆಚ್ಚುವರಿ ವಿವರ,MAHABHARATA-4-AADIPARVA_djvu.txt lines 29498–29745,"ಈ ಸ್ಥಳದಲ್ಲಿ ಸೇರಿಸಿರುವ ತಾತ್ಪರ್ಯನಿರ್ಣಯದ ವಿವರಣೆ ಹೋರಾಟಕ್ಕೆ ಇನ್ನಷ್ಟು ವಿವರಗಳನ್ನು ನೀಡುತ್ತದೆ. ಜರಾಸಂಧನು ತನ್ನ ಗದಾಭ್ಯಾಸದಲ್ಲಿ ವಿಶ್ವಾಸವಿಟ್ಟು ಭೀಮನಿಗೆ ಗದೆಯನ್ನು ಕೊಟ್ಟನೆಂದು ಅದು ಹೇಳುತ್ತದೆ. ಇಬ್ಬರೂ ಗದೆಗಳಿಂದ ಹೋರಾಡಿ, ಅವು ಪುಡಿಯಾದ ನಂತರ ಮುಷ್ಟಿಯುದ್ಧಕ್ಕೆ ಇಳಿದರೆಂದು ವಿವರಿಸುತ್ತದೆ. ಭೀಮ ಮತ್ತು ಜರಾಸಂಧರ ನಡುವೆ ಧಾರ್ಮಿಕ ವಾದವೂ ನಡೆದಿತ್ತೆಂದು ಈ ವ್ಯಾಖ್ಯಾನ ಹೇಳುತ್ತದೆ. ಇದು ವ್ಯಾಖ್ಯಾನದ ಧ್ವನಿ ಎಂದು ಸ್ಪಷ್ಟವಾಗಿ ಗುರುತಿಸೋಣ. ಮೂಲಕಥೆಯ ಮುಂದಿನ ಭಾಗವು ಅವರ ಮಲ್ಲಯುದ್ಧವನ್ನು ವಿವರವಾಗಿ ವರ್ಣಿಸುತ್ತದೆ.",,50,22,29,,,pending,pending,,
626,G44-S07,ದೀರ್ಘವಾದ ಮಲ್ಲಯುದ್ಧ,MAHABHARATA-4-AADIPARVA_djvu.txt lines 30204–30466,"ಭೀಮ ಮತ್ತು ಜರಾಸಂಧರು ಪರಸ್ಪರ ಹಿಡಿತ, ಎಸೆತ ಮತ್ತು ಬಾಹುಬಲವನ್ನು ಪ್ರಯೋಗಿಸಿದರು. ಇಬ್ಬರೂ ಎದುರಾಳಿಯ ನಿಲುವನ್ನು ಮುರಿಯಲು ಪ್ರಯತ್ನಿಸಿದರು. ಜನರು ನೆರೆದರು; ಹೋರಾಟವು ದಿನರಾತ್ರಿಗಳವರೆಗೆ ಮುಂದುವರಿಯಿತು ಎಂದು ಕಥೆ ಹೇಳುತ್ತದೆ. ಮುಖ್ಯಕಥೆಯಲ್ಲಿ ಹದಿನಾಲ್ಕನೆಯ ದಿನದ ರಾತ್ರಿ ಜರಾಸಂಧನಿಗೆ ಆಯಾಸ ಉಂಟಾದುದಾಗಿ ಬರುತ್ತದೆ. ಅದನ್ನು ಗಮನಿಸಿದ ಕೃಷ್ಣನು ಭೀಮನನ್ನು ಎಚ್ಚರಿಸಿದನು. ಭೀಮನು ಎದುರಾಳಿಯ ಆಯಾಸವೇ ಈಗ ಅವಕಾಶವಾಗಿರುವುದನ್ನು ಅರಿತನು. ದೀರ್ಘಕಾಲ ಸಮಬಲದಂತೆ ಕಂಡ ಮುಖಾಮುಖಿ ನಿರ್ಣಾಯಕ ಹಂತಕ್ಕೆ ಬಂದಿದೆ.",,48,21,27,,,pending,pending,,
627,BS03-S06,ಹದಿನೈದು ದಿನಗಳ ಕಾಲಮಾನ,MAHABHARATA-4-AADIPARVA_djvu.txt lines 29735–30466,ಹೋರಾಟದ ಅವಧಿಯನ್ನು ಸ್ಪಷ್ಟವಾಗಿ ಹಿಡಿಯೋಣ. ಮುಖ್ಯಕಥೆ ಕಾರ್ತಿಕಮಾಸದ ಮೊದಲ ದಿನದಿಂದ ಹದಿನೈದು ದಿನಗಳವರೆಗೆ ಹೋರಾಟ ನಡೆದಿತ್ತೆಂದು ಹೇಳುತ್ತದೆ. ಅದರೊಳಗೆ ಹದಿನಾಲ್ಕನೆಯ ರಾತ್ರಿ ಜರಾಸಂಧನಿಗೆ ಆಯಾಸ ಉಂಟಾದುದನ್ನೂ ತಿಳಿಸುತ್ತದೆ. ತಾತ್ಪರ್ಯನಿರ್ಣಯದ ವಿವರಣೆಯಲ್ಲಿಯೂ ಹದಿನೈದು ದಿನಗಳ ಉಲ್ಲೇಖವಿದೆ. ಇವುಗಳನ್ನು ತಕ್ಷಣ ವಿರೋಧವೆಂದು ಘೋಷಿಸಬೇಕಾಗಿಲ್ಲ; ಕೊನೆಯ ರಾತ್ರಿಯ ಆಯಾಸ ಮತ್ತು ಮುಂದಿನ ನಿರ್ಣಾಯಕ ಹಂತ ಒಂದೇ ಅವಧಿಯ ಭಾಗಗಳಾಗಬಹುದು. ಆಧಾರವಿಲ್ಲದೆ ಇಂದಿನ ಕ್ಯಾಲೆಂಡರಿನ ನಿಖರ ದಿನಾಂಕವನ್ನು ಈ ಪೌರಾಣಿಕ ಕಾಲಮಾನಕ್ಕೆ ಜೋಡಿಸುವುದಿಲ್ಲ.,,48,21,27,,,pending,pending,,
628,G44-S08,ವಾಯುಬಲವನ್ನು ನೆನಪಿಸಿದ ಕೃಷ್ಣ,MAHABHARATA-4-AADIPARVA_djvu.txt lines 30656–30760,"ಭೀಮನು ಕೃಷ್ಣನ ಕಡೆಗೆ ತಿರುಗಿ ಹೋರಾಟವನ್ನು ಅಂತ್ಯಗೊಳಿಸುವ ತನ್ನ ನಿರ್ಧಾರವನ್ನು ತಿಳಿಸಿದನು. ಕೃಷ್ಣನು ವಾಯುದೇವನಿಂದ ಬಂದ ಅವನ ಬಲವನ್ನು ಸ್ಮರಿಸಬೇಕೆಂದು ಹೇಳಿದನು. ಭೀಮನು ಮನಸ್ಸಿನಲ್ಲಿ ವಾಯುವನ್ನು ನೆನೆದು ಕೃಷ್ಣನಿಗೆ ನಮಸ್ಕರಿಸಿ ಅರ್ಜುನನನ್ನು ಆಲಿಂಗಿಸಿದನು. ನಂತರ ಜರಾಸಂಧನನ್ನು ಎತ್ತಿ ತಿರುಗಿಸಿ ನೆಲಕ್ಕೆ ಅಪ್ಪಳಿಸಿದನು. ಅವನ ದೇಹವನ್ನು ಮುರಿದು ಸೀಳಿದನೆಂದು ಮೂಲವು ಹೇಳುತ್ತದೆ. ಭೀಮನ ಅಂತಿಮ ಚಲನೆ, ಸಿಡಿಲಿನಂತಹ ಶಬ್ದ ಮತ್ತು ಸಾಕ್ಷಿಗಳ ಪ್ರತಿಕ್ರಿಯೆಯಿಂದ ಫಲವನ್ನು ಸೂಚಿಸುತ್ತೇವೆ. ದೀರ್ಘ ಹೋರಾಟ ಅಂತ್ಯಗೊಂಡಿತು; ಜರಾಸಂಧನು ಹತನಾದನು.","ಕೃಷ್ಣ: ಭೀಮ, ನಿನ್ನ ತಂದೆಯಾದ ವಾಯುದೇವನ ಬಲವನ್ನು ಸ್ಮರಿಸು. ಈ ಕಾರ್ಯವನ್ನು ನೆರವೇರಿಸು.",60,27,34,,,pending,pending,,
629,G44-S09,ಮುಚ್ಚಿದ್ದ ಬಾಗಿಲು ತೆರೆಯಿತು,MAHABHARATA-4-AADIPARVA_djvu.txt lines 30761–31149,ಜರಾಸಂಧನ ಅಂತ್ಯದ ನಂತರ ಕೃಷ್ಣನು ಬಂಧಿತ ರಾಜರನ್ನು ಬಿಡುಗಡೆಮಾಡಿದನು. ಬಹುಕಾಲ ಅಪಾಯದಲ್ಲಿದ್ದವರು ಈಗ ಹೊರಬಂದು ತಮ್ಮ ರಕ್ಷಕರಿಗೆ ಕೃತಜ್ಞತೆ ಸಲ್ಲಿಸಿದರು. ವಿಜಯದ ಅರ್ಥ ಕೇವಲ ಒಬ್ಬ ಬಲಿಷ್ಠನನ್ನು ಸೋಲಿಸುವುದಲ್ಲ; ಅನೇಕ ಜನರ ಬಂಧನ ಮುಗಿಯುವುದೂ ಆಗಿತ್ತು. ಜರಾಸಂಧನ ರಥದ ಹಿಂದಿನ ವಂಶಪರಂಪರೆಯನ್ನೂ ಈ ಪ್ರಸಂಗ ವಿವರಿಸುತ್ತದೆ. ಕೃಷ್ಣನು ಗರುಡನನ್ನು ಸ್ಮರಿಸಿದಾಗ ಅವನ ದಿವ್ಯ ಉಪಸ್ಥಿತಿಯ ಉಲ್ಲೇಖವೂ ಬರುತ್ತದೆ. ಹೊರಡುವ ಮೊದಲು ಮಗಧದಲ್ಲಿ ಮುಂದಿನ ಆಡಳಿತವನ್ನು ಸರಿಯಾಗಿ ಸ್ಥಾಪಿಸಬೇಕಾಗಿತ್ತು. ರಾಜನ ಸಾವಿನ ನಂತರ ರಾಜ್ಯವನ್ನು ಅರಾಜಕತೆಯಲ್ಲಿ ಬಿಟ್ಟುಹೋಗುವುದು ಅವರ ಕಾರ್ಯದ ಅಂತ್ಯವಾಗಿರಲಿಲ್ಲ.,,57,25,33,,,pending,pending,,
630,G44-S10,ಮಗಧದ ಸಹದೇವ ಮತ್ತು ಹೊಸ ಆಡಳಿತ,MAHABHARATA-4-AADIPARVA_djvu.txt lines 31150–31213,"ಜರಾಸಂಧನ ಮಗನಾದ ಸಹದೇವನು ಕೃಷ್ಣನ ಮೊರೆಬಂದನು. ಕೃಷ್ಣನು ಅವನಿಗೆ ಅಭಯ ನೀಡಿ ಮಗಧದ ರಾಜನಾಗಿ ಸ್ಥಾಪಿಸಿದನು. ಇಲ್ಲಿ ಒಂದು ಮುಖ್ಯ ವ್ಯತ್ಯಾಸವನ್ನು ನೆನಪಿಡಬೇಕು: ಈ ಸಹದೇವನು ಜರಾಸಂಧನ ಮಗ; ಪಾಂಡವರಲ್ಲಿ ಕಿರಿಯನಾದ ಸಹದೇವ ಬೇರೆ ವ್ಯಕ್ತಿ. ಒಂದೇ ಹೆಸರು ಇರುವುದರಿಂದ ಅವರ ಸಂಬಂಧಗಳನ್ನು ಬೆರೆಸಬಾರದು. ಹೊಸ ರಾಜನಿಗೆ ಗೌರವ ನೀಡಿ, ರಾಜ್ಯದಲ್ಲಿ ಮುಂದಿನ ವ್ಯವಸ್ಥೆಗೆ ದಾರಿ ಮಾಡಲಾಯಿತು. ತಂದೆಯೊಂದಿಗೆ ನಡೆದ ಸಂಘರ್ಷವನ್ನು ಮಗನ ಮೇಲಿನ ಪ್ರತೀಕಾರವಾಗಿ ಮುಂದುವರಿಸಲಿಲ್ಲ. ಬಿಡುಗಡೆಗೊಂಡ ರಾಜರಿಗೂ ತಮ್ಮ ದೇಶಗಳಿಗೆ ಮರಳುವ ಅವಕಾಶ ದೊರೆಯಿತು. ಹೋರಾಟದ ನಂತರದ ಸಮಾಧಾನಕ್ಕೂ ಕಥೆ ಇಲ್ಲಿ ಸ್ಥಳಕೊಡುತ್ತದೆ.",,61,27,35,,,pending,pending,,
631,G44-S11,ವ್ಯಾಖ್ಯಾನದಲ್ಲಿ ಬರುವ ವಿವಾಹಸಂಬಂಧ,MAHABHARATA-4-AADIPARVA_djvu.txt lines 30467–30655,"ಈ ವಿಜಯದೊಂದಿಗೆ ತಾತ್ಪರ್ಯನಿರ್ಣಯದ ವಿವರಣೆ ಒಂದು ಕುಟುಂಬಸಂಬಂಧವನ್ನೂ ಸೇರಿಸುತ್ತದೆ. ಜರಾಸಂಧನ ಮಗ ಸಹದೇವನು ತನ್ನ ತಂಗಿಯನ್ನೂ ರಥವನ್ನೂ ಭೀಮನಿಗೆ ನೀಡಿದನೆಂದು ಅದು ಹೇಳುತ್ತದೆ. ಭೀಮನು ಆ ಕನ್ಯೆಯನ್ನು ತನ್ನ ತಮ್ಮನಾದ ಪಾಂಡವ ಸಹದೇವನಿಗಾಗಿ ಸ್ವೀಕರಿಸಿದನೆಂದು ಮುಂದುವರಿಸುತ್ತದೆ. ಆದ್ದರಿಂದ ಇಲ್ಲಿ ಉಲ್ಲೇಖಿತ ಸಹದೇವರಲ್ಲಿ ಒಬ್ಬನು ವಧುವಿನ ಅಣ್ಣ; ಮತ್ತೊಬ್ಬನು ಅವಳ ವಿವಾಹಸಂಬಂಧಕ್ಕೆ ಬಂದ ಪಾಂಡವ. ವ್ಯಾಖ್ಯಾನವು ಅವರ ದೈವಾಂಶ ಮತ್ತು ಹಿಂದಿನ ಸಂಬಂಧಗಳ ಕುರಿತು ಇನ್ನಷ್ಟು ಅರ್ಥವನ್ನೂ ನೀಡುತ್ತದೆ. ಈ ಅಂಶಗಳನ್ನು ಮೂಲಕಥೆಯ ಸರಳ ರಾಜಕೀಯ ಘಟನೆಯೊಂದಿಗೆ ಬೆರೆಸದೆ, ಈ ಆವೃತ್ತಿಯ ವ್ಯಾಖ್ಯಾನದ ಭಾಗವೆಂದು ತಿಳಿಸುತ್ತೇವೆ.",,60,27,34,,,pending,pending,,
632,BS03-S07,ನಕುಲ–ಸಹದೇವ ಮತ್ತು ಉಷೆಯ ವ್ಯಾಖ್ಯಾನ,MAHABHARATA-4-AADIPARVA_djvu.txt lines 30574–30617,"ವ್ಯಾಖ್ಯಾನವು ಪಾಂಡವ ಸಹದೇವನ ವಿವಾಹಸಂಬಂಧವನ್ನು ಹೇಳಿದ ನಂತರ ನಕುಲನ ಹಿಂದಿನ ವಿವಾಹವನ್ನೂ ಉಲ್ಲೇಖಿಸುತ್ತದೆ. ಮದ್ರರಾಜನ ಮಗಳು ನಕುಲನ ಪತ್ನಿಯಾಗಿದ್ದಳೆಂದು ಹೇಳಿ, ಇಬ್ಬರು ಪತ್ನಿಯರ ಹಿಂದಿನ ದೈವಸಂಬಂಧವನ್ನು ಅಶ್ವಿನೀದೇವತೆಗಳ ಪತ್ನಿಯಾದ ಉಷೆಯೊಂದಿಗೆ ಸೇರಿಸುತ್ತದೆ. ಇಲ್ಲಿ ಹೇಳುವ ಉಷೆ ಅನಿರುದ್ಧನ ಪತ್ನಿಯಾದ ಉಷೆಯಿಂದ ಬೇರೆ ಎಂದು ಟಿಪ್ಪಣಿ ಸ್ಪಷ್ಟಪಡಿಸುತ್ತದೆ. ನಂತರ ನಕುಲಸಹದೇವರು ದ್ರೌಪದಿಯನ್ನು ಅತ್ತಿಗೆಯ ಗೌರವದಿಂದ ಕಾಣತೊಡಗಿದರು ಎಂಬ ಈ ಆವೃತ್ತಿಯ ವಿವರಣೆಯೂ ಬರುತ್ತದೆ. ಇದು ಎಲ್ಲ ಆವೃತ್ತಿಗಳಿಗೂ ಒಂದೇ ರೂಪದಲ್ಲಿ ಅನ್ವಯಿಸುವ ಹೇಳಿಕೆ ಎಂದು ಘೋಷಿಸುವುದಿಲ್ಲ; ನೀಡಲಾದ ವ್ಯಾಖ್ಯಾನದ ವೈಶಿಷ್ಟ್ಯವಾಗಿ ಗುರುತಿಸುತ್ತೇವೆ.",,57,25,33,,,pending,pending,,
633,G44-S12,ರಥದ ಹಿಂದಿನ ವಂಶಪರಂಪರೆ,MAHABHARATA-4-AADIPARVA_djvu.txt lines 30871–31149,"ಕೃಷ್ಣಭೀಮಾರ್ಜುನರು ಪಡೆದ ರಥಕ್ಕೆ ಈ ಕಥೆ ಹಳೆಯ ಪರಂಪರೆಯನ್ನು ನೀಡುತ್ತದೆ. ಅದು ಇಂದ್ರನಿಂದ ವಸುವಿಗೆ, ವಸುವಿನಿಂದ ಬೃಹದ್ರಥನಿಗೆ, ನಂತರ ಕ್ರಮವಾಗಿ ಜರಾಸಂಧನಿಗೆ ಬಂದಿತ್ತೆಂದು ಹೇಳುತ್ತದೆ. ಗರುಡನ ದಿವ್ಯ ಉಪಸ್ಥಿತಿಯಿಂದ ಆ ರಥದ ವೈಭವ ಹೆಚ್ಚಿದುದನ್ನೂ ವರ್ಣಿಸುತ್ತದೆ. ಈ ಉಲ್ಲೇಖದ ಮೂಲಕ ಹಿಂದೆ ಕೇಳಿದ ರಾಜವಂಶಗಳ ಕಥೆ ಹೊಸ ಘಟನೆಯೊಂದಿಗೆ ಮತ್ತೆ ಸಂಪರ್ಕಿಸುತ್ತದೆ. ಪ್ರಸ್ತುತ ವಿಜಯವು ಹಿಂದಿನ ಪರಂಪರೆಗಳನ್ನು ಸಂಪೂರ್ಣವಾಗಿ ಅಳಿಸಿಹಾಕುವುದಿಲ್ಲ; ಅವುಗಳಿಗೆ ಮುಂದಿನ ಸಂಬಂಧವನ್ನು ಕೊಡುತ್ತದೆ.",,47,21,27,,,pending,pending,,
634,BS03-S08,ಜಯದ ಧಾರ್ಮಿಕ ಅರ್ಥ ಮತ್ತು ರಾಜಕೀಯ ಫಲ,MAHABHARATA-4-AADIPARVA_djvu.txt lines 30467–30655,"ಈ ಆವೃತ್ತಿಯ ತಾತ್ಪರ್ಯನಿರ್ಣಯವು ಭೀಮನ ಜಯವನ್ನು ಕೃಷ್ಣನಿಗೆ ಅರ್ಪಿಸಿದ ಆರಾಧನೆಯಂತೆ ಅರ್ಥೈಸುತ್ತದೆ. ಭೀಮನ ಬಲ, ವಾಯುವಿನ ಸಂಬಂಧ ಮತ್ತು ಕೃಷ್ಣನ ಮಾರ್ಗದರ್ಶನಕ್ಕೆ ಅದರ ಧಾರ್ಮಿಕ ವಿವರಣೆಯಲ್ಲಿ ವಿಶೇಷ ಸ್ಥಾನವಿದೆ. ಈ ದೃಷ್ಟಿಯನ್ನು ಹೇಳುವಾಗ ಅದು ವ್ಯಾಖ್ಯಾನದ ಅರ್ಥವೆಂದು ಸ್ಪಷ್ಟಪಡಿಸುತ್ತೇವೆ. ಜೊತೆಯಲ್ಲೇ ಕಥೆಯಲ್ಲಿ ಕಾಣುವ ಕಾರ್ಯಫಲಗಳನ್ನು ಮರೆತಬಾರದು: ಬಂಧಿತ ರಾಜರು ಬಿಡುಗಡೆಯಾದರು, ಮಗಧದ ಸಹದೇವನಿಗೆ ರಾಜ್ಯ ನೀಡಲಾಯಿತು, ಮೃತನಿಗೆ ಸಂಬಂಧಿಸಿದ ಮುಂದಿನ ಕರ್ತವ್ಯಗಳಿಗೆ ಸೂಚನೆ ದೊರೆಯಿತು. ಧಾರ್ಮಿಕ ವಿವರಣೆ ಮತ್ತು ರಾಜಕೀಯ ಪರಿಣಾಮ ಒಂದೇ ಪುಸ್ತಕದಲ್ಲಿ ಜೊತೆಯಾಗಿ ಬರುತ್ತವೆ; ಅವುಗಳ ಪಾತ್ರವನ್ನು ಗುರುತಿಸಿದಾಗ ಕಥೆ ಇನ್ನಷ್ಟು ಅರ್ಥವಾಗುತ್ತದೆ.",,61,27,35,,,pending,pending,,
635,G44-S13,ಇಂದ್ರಪ್ರಸ್ಥಕ್ಕೆ ಮರಳಿದ ಶುಭಸುದ್ದಿ,MAHABHARATA-4-AADIPARVA_djvu.txt lines 31214–31396,"ಕೃಷ್ಣನು ಬಿಡುಗಡೆಗೊಂಡ ರಾಜರನ್ನು ಧರ್ಮರಾಜನ ಮುಂದಿನ ರಾಜಸೂಯಕ್ಕೆ ಬರಬೇಕೆಂದು ಆಹ್ವಾನಿಸಿದನು. ಅವರು ಸಂತೋಷದಿಂದ ಒಪ್ಪಿ ತಮ್ಮ ದೇಶಗಳಿಗೆ ಹೊರಟರು. ನಂತರ ಕೃಷ್ಣ, ಭೀಮ ಮತ್ತು ಅರ್ಜುನರು ಇಂದ್ರಪ್ರಸ್ಥಕ್ಕೆ ಮರಳಿದರು. ಜರಾಸಂಧನು ಹತನಾದನು, ರಾಜರು ಬಿಡುಗಡೆಯಾದರು, ಭೀಮಾರ್ಜುನರು ಕ್ಷೇಮವಾಗಿ ಮರಳಿದ್ದಾರೆ ಎಂಬ ಸುದ್ದಿಯಿಂದ ಧರ್ಮರಾಜನು ಸಂತೋಷಗೊಂಡನು. ಕುಟುಂಬವು ಮತ್ತೆ ಒಂದಾಗಿ ನೆಮ್ಮದಿಯನ್ನು ಕಂಡಿತು. ಇಲ್ಲಿಗೆ ಈ ನಾಲ್ಕು ಮೂಲಪುಸ್ತಕಗಳಲ್ಲಿ ದೊರೆಯುವ ಕಥಾಭಾಗ ಮುಗಿಯುತ್ತದೆ. ಈಗಿನ ವಿಜಯವು ಆ ಮುಂದಿನ ದಾರಿಗೆ ಬಾಗಿಲು ತೆರೆದಿದೆ.",,51,23,29,,,pending,pending,,
