chapter_id,volume,chapter,source_file,line_start,line_end,source_heading,linked_scene_ids,status,boundary_status,remaining_review,notes
Adi001,1,1,MAHABHARATA-1-AADIPARVA-_djvu (1).txt,3716,6501,,G01-S01 | G01-S02 | G01-S03 | G01-S04 | G01-S05 | G01-S06 | G01-S07 | G01-S08,source-linked narrative draft; passage completeness NOT certified,heading_observed_not_scan_verified,"Compare every verse, explanation, named entry and commentary point with source. A citation range overlap is not proof that all content is spoken.",
Adi002,1,2,MAHABHARATA-1-AADIPARVA-_djvu (1).txt,6502,8942,"(ಭಾರತಯುದ್ಧ ಸ್ಥಳದ ಕಥನ ಸಂದರ್ಭದಲ್ಲಿ ಪರಶುರಾಮನ ಚರಿತ್ರೆ. ಸಮಂತಪಂಚಕ ನಿರ್ಮಾಣ. ಸೇನಾಪರಿಮಾಣ, ಪರ್ವಾನುಕ್ರಮಣಿಕೆ ಮತ್ತು ಉಪಪರ್ವಗಳ ವಿಷಯಾನುಕ್ರಮಣಿಕೆ)",G02-S01 | G02-S02 | G02-S03 | G02-S04 | G02-S05 | G02-S06 | G02-S07 | G02-S08,source-linked narrative draft; passage completeness NOT certified,heading_observed_not_scan_verified,"Compare every verse, explanation, named entry and commentary point with source. A citation range overlap is not proof that all content is spoken.",
Adi003,1,3,MAHABHARATA-1-AADIPARVA-_djvu (1).txt,8943,11157,"(ಜನಮೇಜಯನಿಗೆ ದೇವಶುನಿಯಾದ ಸರಮೆಯಿಂದ ಶಾಪ, ಶಾಪಫಲನಿವಾರಣೆಗಾಗಿ ಅವನಿಂದ ಸೋಮಶ್ರವ ಎಂಬ ಪುರೋಹಿತನ ವರಣ, ಸರ್ಪಯಾಗಕ್ಕೆ ಕಾರಣವನ್ನು ಹೇಳುತ್ತಾ ಪ್ರಸಂಗದಿಂದ ಧೌಮ್ಯಶಿಷ್ಯರಾದ ಆರುಣಿ, ಉಪಮನ್ಯು ಮತ್ತು ಬೈದರ ಚರಿತ್ರೆ, ಬೈದರ ಶಿಷ್ಯರಾದ ಉದಂಕರ ಚರಿತ್ರೆ, ಉದಂಕರಿಗೆ ಸರ್ಪಗಳ ಮೇಲೆ ದ್ವೇಷ ಮತ್ತು ಅವರಿಂದ ಸರ್ಪಯಾಗವನ್ನು ಮಾಡುವಂತೆ ಜನಮೇಜಯನಿಗೆ ಒತ್ತಾಯ)",G03-S01 | G03-S02 | G03-S03 | G03-S04 | G03-S05 | G03-S06 | G03-S07 | G03-S08 | G04-S01 | G04-S02 | G04-S03 | G04-S04 | G04-S05 | G04-S06 | G04-S07 | G04-S08 | G04-S09 | G04-S10 | G04-S11 | G04-S12,source-linked narrative draft; passage completeness NOT certified,heading_observed_not_scan_verified,"Compare every verse, explanation, named entry and commentary point with source. A citation range overlap is not proof that all content is spoken.",
Adi004,1,4,MAHABHARATA-1-AADIPARVA-_djvu (1).txt,11158,11287,(ಸತ್ರಯಾಗದಲ್ಲಿದ್ದ ಯಷಿಗಳಿಂದ ಶೌನಾಕಾಗಮನದನಂತರ ಕಥೆಯನ್ನು ಹೇಳುವಂತೆ ಸೂತರಿಗೆ ಪ್ರಾರ್ಥನೆ ಮತ್ತು ಶೌನಕರ ಆಗಮನ),G05-S01,source-linked narrative draft; passage completeness NOT certified,heading_observed_not_scan_verified,"Compare every verse, explanation, named entry and commentary point with source. A citation range overlap is not proof that all content is spoken.",
Adi005,1,5,MAHABHARATA-1-AADIPARVA-_djvu (1).txt,11288,11542,"(ಭಾರತ ವಕ್ಪಗಳಾದ ಉಗ್ರಶ್ರವರ ಪಿತೃಗಳ ಕಥನ ಮತ್ತು ಶೌನಕರ ವಂಶವೃತ್ತಾಂತಕಥನ, ಭೃಗುಭಾರ್ಯೆಯನ್ನು ಅಪಹರಿಸಲು ಪುಲೋಮ ರಾಕ್ಷಸನಿಂದ ಅಗ್ನಿಯನ್ನು ಕುರಿತು ಪ್ರಶ್ನೆ ಮತ್ತು ಅಗ್ನಿಯ ಉತ್ತರ)",G05-S02 | G05-S03,source-linked narrative draft; passage completeness NOT certified,heading_observed_not_scan_verified,"Compare every verse, explanation, named entry and commentary point with source. A citation range overlap is not proof that all content is spoken.",
Adi006,1,6,MAHABHARATA-1-AADIPARVA-_djvu (1).txt,11543,11690,"(ರಾಕ್ಸಸನಾದ ಪುಲೋಮನಿಂದ ಭೃಗುಭಾರ್ಯೆಯಾದ ಪುಲೋಮೆಯ ಅಪಹರಣ. ಗರ್ಭಿಣಿಯಾದ ಅವಳ ಉದರದಿಂದ ಪುತ್ರನ ನಿಷ್ಠಮಣ. ರಾಕ್ಷಸನ ಮರಣ, ವಧೂಸರನದಿಯ ಉತ್ಪತ್ತಿ, ಭೃಗುವಿನಿಂದ ಅಗ್ನಿಗೆ ಶಾಪದಾನ)",G05-S04 | G05-S05,source-linked narrative draft; passage completeness NOT certified,heading_observed_not_scan_verified,"Compare every verse, explanation, named entry and commentary point with source. A citation range overlap is not proof that all content is spoken.",
Adi007,1,7,MAHABHARATA-1-AADIPARVA-_djvu (1).txt,11691,11979,(ಶಾಪಗ್ರಸ್ತನಾದ ಅಗ್ನಿಯಿಂದ ತನ್ನ ಮಹಿಮಾ ಕಥನಪೂರ್ವಕವಾಗಿ ಅಗ್ಗಿಕುಂಡಗಳಿಂದ ತಿರೋಧಾನ. ಖುಷಿಗಳಿಂದ ಪ್ರಾರ್ಥಿಸಲ್ಪಟ್ಟ ಬ್ರಹ್ಮದೇವರಿಂದ ಶಾಪ ವಿಮುಕ್ತನಾಗಿ ಪುನಃ ಸ್ವಾತ್ಪಪ್ರಕಾಶ),G05-S06 | G05-S07 | G05-S08,source-linked narrative draft; passage completeness NOT certified,heading_observed_not_scan_verified,"Compare every verse, explanation, named entry and commentary point with source. A citation range overlap is not proof that all content is spoken.",
Adi008,1,8,MAHABHARATA-1-AADIPARVA-_djvu (1).txt,11980,12197,"(ಭೃಗುಪುತ್ರರಾದ ಚ್ಯವನರಿಂದ ಪ್ರಮತಿಯ ಪಿತಾಮಹನ ಪಿತನಾದ ಶೌನಕರ ಜನನ, ಪ್ರಮತಿಯ ಸುತನಾದ ರುರು ಮತ್ತು ಪ್ರಮದ್ದರೆಯ ಎವಾಹ ನಿಶ್ಚಯ, ಪ್ರಮದ್ವರೆಯ ಮರಣ)",G05-S08 | G06-S01 | G06-S02,source-linked narrative draft; passage completeness NOT certified,heading_observed_not_scan_verified,"Compare every verse, explanation, named entry and commentary point with source. A citation range overlap is not proof that all content is spoken.",
Adi009,1,9,MAHABHARATA-1-AADIPARVA-_djvu (1).txt,12198,12439,"(ರುರು ಶೋಕ, ದೇವದೂತನ ಪ್ರೇರಣೆಯಂತೆ ಪ್ರಮದ್ದರೆಗೆ ತನ್ನ ಅರ್ಧಾಯುಷ್ಯದಬಾನ, ವಿವಾಹ, ರುರುವಿನ ಸರ್ಪದ್ವೇಷ ಮತ್ತು ಡುಂಡುಭ ವಧ   ಪ್ರಯತ್ನ)",G06-S03 | G06-S04 | G06-S05,source-linked narrative draft; passage completeness NOT certified,heading_observed_not_scan_verified,"Compare every verse, explanation, named entry and commentary point with source. A citation range overlap is not proof that all content is spoken.",
Adi010,1,10,MAHABHARATA-1-AADIPARVA-_djvu (1).txt,12440,12538,(ಸಹಸ್ರಪಾತ್‌ ಖುಷಿಗೆ ಶಾಪದಿಂದ ಸರ್ಪಶರೀರಪ್ರಾಪ್ತಿ),G06-S05,source-linked narrative draft; passage completeness NOT certified,heading_observed_not_scan_verified,"Compare every verse, explanation, named entry and commentary point with source. A citation range overlap is not proof that all content is spoken.",
Adi011,1,11,MAHABHARATA-1-AADIPARVA-_djvu (1).txt,12539,12707,(ಡುಂಡುಭನಿಂದ ತನಗೆ ಬಂದ ಶಾಪದ ಕಥನ. ರುರುವಿಗೆ ಶಾಂತಿಯಿಂದಿರಲು ಉಪದೇಶ. ಪ್ರಸಂಗದಿಂದ ಜನಮೇಜಯನ ಸರ್ಪಯಾಗದ ಉಲ್ಲೇಖ.),G06-S06 | G06-S07,source-linked narrative draft; passage completeness NOT certified,heading_observed_not_scan_verified,"Compare every verse, explanation, named entry and commentary point with source. A citation range overlap is not proof that all content is spoken.",
Adi012,1,12,MAHABHARATA-1-AADIPARVA-_djvu (1).txt,12708,12811,(ರುರುವಿಗೆ ವಿಸ್ತಾರವಾಗಿ ಸರ್ಪಯಾಗವನ್ನುಕೇಳುವ ಇಚ್ಛೆ. ಮುಂದೆ ಕೇಳುವಿ ಎಂದು ಹೇಳಿ ಸಹಸ್ರಪದನ ಅಂತರ್ಧಾನ. ತಂದೆಯಲ್ಲಿಪುನಃ ಸರ್ಪಯಾಗದ ಪ್ರಶ್ನೆ.),G06-S08,source-linked narrative draft; passage completeness NOT certified,heading_observed_not_scan_verified,"Compare every verse, explanation, named entry and commentary point with source. A citation range overlap is not proof that all content is spoken.",
Adi013,1,13,MAHABHARATA-1-AADIPARVA-_djvu (1).txt,12812,13333,(ಆಸ್ತೀಕನು ಸರ್ಪಗಳನ್ನು ರಕ್ಷಿಸಿದ ಬಗ್ಗೆ ತಿಳಿಯಲು ಶೌನಕನ ಪ್ರಶ್ನೆ. ಜರತ್ಕಾರುಎನ ವಿವಾಹ ಪ್ರಯತ್ನ. ವಾಸುಕಿಯ ತಂಗಿಯ ಜೊತೆಯಲ್ಲಿವಿವಾಹ. ಕದ್ರುವಿನಿಂದ ತನ್ನ ಮಕ್ಕಳಾದ ಸರ್ಪಗಳಿಗೆ ಶಾಪ. ಶಾಪವಿಮೋಚನೆಗಾಗಿ ಆಸ್ತೀಕನ ಜನನ.),G07-S01,source-linked narrative draft; passage completeness NOT certified,heading_observed_not_scan_verified,"Compare every verse, explanation, named entry and commentary point with source. A citation range overlap is not proof that all content is spoken.","Repeated chapter-opening headers in raw OCR: 12812,12881. Do not narrate duplicate as a second event."
Adi014,1,14,MAHABHARATA-1-AADIPARVA-_djvu (1).txt,13334,13583,(ಇನ್ನೂವಿಸ್ತಾರವಾಗಿ ಆಸ್ತೀಕಚರಿತ್ರೆಯ ಕಥನದ ಉಪಕ್ರಮ. ಕದ್ರುವಿನತೆಯರ ಸ್ಪರ್ಧೆ. ಕದ್ರುವಿನಿಂದ ಸರ್ಪಗಳ ಜನನ. ವಿನತೆಗೆ ಮಗನಾದ ಅರುಣನಿಂದ ಶಾಪಪ್ರಾಪ್ತಿ. ಅರುಣನ ಸೂರ್ಯಸಾರಥ್ಯ ಮತ್ತು ಗರುಡನ ಜನ್ಮ.),G07-S02 | G07-S03,source-linked narrative draft; passage completeness NOT certified,heading_observed_not_scan_verified,"Compare every verse, explanation, named entry and commentary point with source. A citation range overlap is not proof that all content is spoken.",
Adi015,1,15,MAHABHARATA-1-AADIPARVA-_djvu (1).txt,13584,14103,(ಕದ್ರುವಿನತೆಯರ ಪಣ. ಅಮೃತವನ್ನು ಪಡೆಯಲು ಕ್ಷೀರಸಮುದ್ರವನ್ನು ಮಥಿಸಲು ದೇವಾಸುರರ ನಿರ್ಧಾರ.),G07-S04 | G07-S05 | G07-S08,source-linked narrative draft; passage completeness NOT certified,heading_observed_not_scan_verified,"Compare every verse, explanation, named entry and commentary point with source. A citation range overlap is not proof that all content is spoken.",
Adi016,1,16,MAHABHARATA-1-AADIPARVA-_djvu (1).txt,14104,14655,"(ಮಂದರವನ್ನು ಕಡೆಗೋಲನ್ನಾಗಿ ಮಾಡಿ, ವಾಸುಕಿಯನ್ನು ಹಗ್ಗವನ್ನುಮಾಡಿ, ಸರ್ವೌಷಧಿಗಳನ್ನು ಹಾಕಿ ಸಮುದ್ರಮಥನ, ಪಾರಿಜಾತಾದಿ ಉತ್ಪತ್ತಿ, ಧನ್ನಂತರಿಯ ಪ್ರಾದುರ್ಭಾವ, ದೈತ್ಯರಿಗೆ ವಂಚನೆ.) |",G07-S06 | G07-S07 | G07-S09 | G07-S10,source-linked narrative draft; passage completeness NOT certified,heading_observed_not_scan_verified,"Compare every verse, explanation, named entry and commentary point with source. A citation range overlap is not proof that all content is spoken.",
Adi017,1,17,MAHABHARATA-1-AADIPARVA-_djvu (1).txt,14656,14991,"(ದೇವತೆಗಳಿಂದ ಅಮೃತಪಾನ, ದೇವಾಸುರ ಸಂಗ್ರಾಮ, ಅಸುರರ ಪರಾಭವ, ಮಂದರಪರ್ವತದ ಯಥಾಸ್ಥಾನಗಮನ ಮತ್ತು ಅಮೃತದ ರಕ್ಷಣೆ.)",G07-S11,source-linked narrative draft; passage completeness NOT certified,heading_observed_not_scan_verified,"Compare every verse, explanation, named entry and commentary point with source. A citation range overlap is not proof that all content is spoken.",
Adi018,1,18,MAHABHARATA-1-AADIPARVA-_djvu (1).txt,14992,15166,"(ಉಚ್ಚೆ:ಶ್ರವಸ್ಸಿನ ಬಾಲದ ಬಣ್ಣದ ವಿಷಯದಲ್ಲಿ ಕದ್ರುವಿನತೆಯರ ಪಣ, ಕದ್ರುವಿನಿಂದ ತನ್ನ ಮಕ್ಕಳಿಗೆ ಶಾಪ, ಬ್ರಹ್ಮದೇವರ ಅನುಮೋದನೆ. ಕಾಶ್ಯಪರಿಗೆ ಬ್ರಹ್ಮದೇವರ ಸಮಾಧಾನವಚನ, ಕಾರ್ಕೋಟಕನಿಂದ ತಾಯಿಗೆ ಆಶ್ವಾಸನೆ)",G07-S12,source-linked narrative draft; passage completeness NOT certified,heading_observed_not_scan_verified,"Compare every verse, explanation, named entry and commentary point with source. A citation range overlap is not proof that all content is spoken.",
Adi019,1,19,MAHABHARATA-1-AADIPARVA-_djvu (1).txt,15167,15304,(ಕದ್ರುವಿನತೆಯರಿಂದ ಸಮುದ್ರಗಮನ ಮತ್ತು ಸಮುದ್ರದ ವರ್ಣನೆ.),G08-S01,source-linked narrative draft; passage completeness NOT certified,heading_observed_not_scan_verified,"Compare every verse, explanation, named entry and commentary point with source. A citation range overlap is not proof that all content is spoken.",
Adi020,1,20,MAHABHARATA-1-AADIPARVA-_djvu (1).txt,15305,15736,"(ಪಣದಲ್ಲಿಕುಟಿಲೋಪಾಯದಿಂದ ಕದ್ರುವಿನ ಜಯ, ವಿನತೆಯ ದಾಸ್ಯ, ಗರುಡನ ಉತ್ಪತ್ತಿ. ಗರುಡನಿಗೆ ಹೆದರಿ ದೇವತೆಗಳಿಂದ ಅವನಸ್ತುತಿ. ಗರುಡನಿಂದ ತನ್ನದೇಹದ ಮತ್ತು ತೇಜಸ್ಸಿನ ಉಪಸಂಹಾರ.)",G08-S01 | G08-S02,source-linked narrative draft; passage completeness NOT certified,heading_observed_not_scan_verified,"Compare every verse, explanation, named entry and commentary point with source. A citation range overlap is not proof that all content is spoken.",
Adi021,1,21,MAHABHARATA-1-AADIPARVA-_djvu (1).txt,15737,15952,(ಎನತೆಯಿಂದ ಕದ್ರುವಿನ ವಹನ ಮತ್ತು ಗರುಡನಿಂದ ಸರ್ಪಗಳ ವಹನ. ಸೂರ್ಯತಾಪಕ್ಕೆಒಳಗಾದ ಸರ್ಪಗಳ ಶಾಂತಿಗಾಗಿ ಕದ್ರುವಿನಿಂದ ಇಂದ್ರಸ್ತುತಿ),G08-S03,source-linked narrative draft; passage completeness NOT certified,heading_observed_not_scan_verified,"Compare every verse, explanation, named entry and commentary point with source. A citation range overlap is not proof that all content is spoken.",
Adi022,1,22,MAHABHARATA-1-AADIPARVA-_djvu (1).txt,15953,16007,(ಇಂದ್ರನು ಸುರಿಸಿದ ಮಳೆಯಿಂದ ಸರ್ಪಗಳ ತಾಪ ಪರಿಹಾರ.),G08-S03,source-linked narrative draft; passage completeness NOT certified,heading_observed_not_scan_verified,"Compare every verse, explanation, named entry and commentary point with source. A citation range overlap is not proof that all content is spoken.",
Adi023,1,23,MAHABHARATA-1-AADIPARVA-_djvu (1).txt,16008,16323,(ಸರ್ಪಗಳ ಮಾತಿನಂತೆ ತಾಯಿಯನ್ನುದಾಸ್ಯದಿಂದ ಬಿಡಿಸಲು ಅಮೃತವನ್ನುತರಲು ಗರುಡನ ಪ್ರಯತ್ನ. ತಾಯಿಯನ್ನುಕುರಿತು ಆಹಾರ ಪ್ರಾರ್ಥನೆ. ತಾಯಿಯ ಮಾತಿನಂತೆ ಸಮುದ್ರಮಧ್ಯದಲ್ಲಿದ್ದನಿಷಾದರ ಭಕ್ಷಣ),G08-S04 | G08-S05,source-linked narrative draft; passage completeness NOT certified,heading_observed_not_scan_verified,"Compare every verse, explanation, named entry and commentary point with source. A citation range overlap is not proof that all content is spoken.",
Adi024,1,24,MAHABHARATA-1-AADIPARVA-_djvu (1).txt,16324,16678,(ನಿಷಾದರ ಮಧ್ಯದಲ್ಲಿದ್ದಬ್ರಾಹ್ಮಣನೊಬ್ಬನನ್ನುಬಿಟ್ಟುಗರುಡನಿಂದ ಎಲ್ಲಾನಿಷಾದರ ಭಕ್ಷಣ. ಆಹಾರಕ್ಕಾಗಿ ಪುನಃ ತಂದೆಯನ್ನುಕುರಿತು ಪ್ರಾರ್ಥನೆ. ತಂದೆಯ ಆಜ್ಞೆಯಂತೆ ಗಜ ಮತ್ತು ಕೂರ್ಮಗಳ ಭಕ್ಷಣ. ವಟವೃಕ್ಚದ ಆಹ್ನಾನದಂತೆ ವಟವೃಕ್ಷದ ಮೇಲೆ ಉಪವೇಶನ. ವೃಕ್ಷದ ಶಾಖಾಭಂಗ.),G08-S05 | G08-S06 | G08-S07,source-linked narrative draft; passage completeness NOT certified,heading_observed_not_scan_verified,"Compare every verse, explanation, named entry and commentary point with source. A citation range overlap is not proof that all content is spoken.",
Adi025,1,25,MAHABHARATA-1-AADIPARVA-_djvu (1).txt,16679,17147,(ಕಾಶ್ಯಪರಿಂದ ವಾಲಖಿಲ್ಯರ ಸಾಂತ್ಸನ. ಕಾಶ್ಯಪರ ವಚನದಂತೆ ಹಿಮಾಲಯದಲ್ಲಿ ಗರುಡನಿಂದ ಶಾಖೆಯ ಮೋಚನ. ವಾಲಖಿಲೃರಿಗೆ ಇಂದ್ರನು ಮಾಡಿದ ಅಪರಾಧ. ಅಮೃತ ರಕ್ಷಣೆಗಾಗಿ ದೇವತೆಗಳ ಪ್ರಯತ್ನ),G08-S08 | G08-S09,source-linked narrative draft; passage completeness NOT certified,heading_observed_not_scan_verified,"Compare every verse, explanation, named entry and commentary point with source. A citation range overlap is not proof that all content is spoken.",
Adi026,1,26,MAHABHARATA-1-AADIPARVA-_djvu (1).txt,17148,17457,(ಗರುಡನ ಉತ್ಪತ್ತಿಗೆ ಕಾರಣವನ್ನುಕುರಿತು ಶೌನಕರ ಪ್ರಶ್ನೆ ಮತ್ತು ಸೂತರ ಉತ್ತರ.),G09-S01 | G09-S02,source-linked narrative draft; passage completeness NOT certified,heading_observed_not_scan_verified,"Compare every verse, explanation, named entry and commentary point with source. A citation range overlap is not proof that all content is spoken.",
Adi027,1,27,MAHABHARATA-1-AADIPARVA-_djvu (1).txt,17458,17698,(ಗರುಡನ ಜೊತೆಯಲ್ಲಿ ಯುದ್ಧಮಾಡಿದ ದೇವತೆಗಳ ಮತ್ತು ಅಮೃತರಕ್ಷಕರ  ಪರಾಭವ.),G09-S03,source-linked narrative draft; passage completeness NOT certified,heading_observed_not_scan_verified,"Compare every verse, explanation, named entry and commentary point with source. A citation range overlap is not proof that all content is spoken.",
Adi028,1,28,MAHABHARATA-1-AADIPARVA-_djvu (1).txt,17699,17942,"(ಯಂತ್ರವನ್ನು ಭೇದಿಸಿ ಗರುಡನಿಂದ ಅಮೃತಹರಣ. ವಿಷ್ಣುಗರುಡರ ಸಂವಾದ, ಗರುಡನಲ್ಲಿವಜ್ರದ ವೈಫಲ್ಯ.)",G09-S04 | G09-S05 | G09-S06,source-linked narrative draft; passage completeness NOT certified,heading_observed_not_scan_verified,"Compare every verse, explanation, named entry and commentary point with source. A citation range overlap is not proof that all content is spoken.",
Adi029,1,29,MAHABHARATA-1-AADIPARVA-_djvu (1).txt,17943,18182,"(ಇಂದ್ರಗರುಡಸಂವಾದ, ಅವರ ಸ್ನೇಹ, ಇಂದ್ರನಿಗೆ ವರದಾನ, ಗರುಡಕಥಾ ಸಮಾಪ್ತಿ.)",G09-S06 | G09-S07,source-linked narrative draft; passage completeness NOT certified,heading_observed_not_scan_verified,"Compare every verse, explanation, named entry and commentary point with source. A citation range overlap is not proof that all content is spoken.",
Adi030,1,30,MAHABHARATA-1-AADIPARVA-_djvu (1).txt,18183,18349,(ಸರ್ಪಗಳ ವಂಶವಿಸ್ತಾರ) ದ,G09-S08,source-linked narrative draft; passage completeness NOT certified,heading_observed_not_scan_verified,"Compare every verse, explanation, named entry and commentary point with source. A citation range overlap is not proof that all content is spoken.",
Adi031,1,31,MAHABHARATA-1-AADIPARVA-_djvu (1).txt,18350,18631,(ಸರ್ಪಗಳ ದುರ್ನಡತೆಯಿಂದ ತಪ್ಪರಾದ ಶೇಷದೇವರ ತಪಸ್ಸು. ಬ್ರಹ್ಮದೇವರ ವರದಿಂದ ಗರುಡನ ಜೊತೆಯಲ್ಲಿಸಖ್ಯ. ಭೂಮಿಯ ವಿವರದಲ್ಲಿಳಿದು ಭೂಮಿಯ   ಧಾರಣೆ.),G09-S09,source-linked narrative draft; passage completeness NOT certified,heading_observed_not_scan_verified,"Compare every verse, explanation, named entry and commentary point with source. A citation range overlap is not proof that all content is spoken.",
Adi032,1,32,MAHABHARATA-1-AADIPARVA-_djvu (1).txt,18632,19021,(ತಾಯಿಯ ಶಾಪದ ಪರಿಹಾರಕ್ಕಾಗಿ ಸರ್ಪಗಳ ಜೊತೆಯಲ್ಲಿ ವಾಸುಕಿಯ ಮಂತ್ರಾಲೋಚನೆ. ಸರ್ಪಯಾಗವನ್ನು ನಿವಾರಿಸಲು ಸರ್ಪಗಳಿಂದ ಬೇರೆಬೇರೆ ಉಪಾಯಗಳ ಸೂಚನೆ.),G09-S10,source-linked narrative draft; passage completeness NOT certified,heading_observed_not_scan_verified,"Compare every verse, explanation, named entry and commentary point with source. A citation range overlap is not proof that all content is spoken.",
Adi033,1,33,MAHABHARATA-1-AADIPARVA-_djvu (1).txt,19022,19871,(ಏಲಾಪತ್ರನೆಂಬ ನಾಗನಿಂದ ಶಾಪಮೋಕ್ಟೋಪಾಯ ಸೂಚನೆ.),G09-S11 | G10-S01 | G10-S02 | G10-S03,source-linked narrative draft; passage completeness NOT certified,uncertain_interleaved_shared_envelope,"Compare every verse, explanation, named entry and commentary point with source. A citation range overlap is not proof that all content is spoken.","Source OCR interleaves/reorders printed pages336–355, affecting chapters33–36. Envelope is conservative; ordered_candidate_spans reconstruct chapter flow from printed page headers and colophons, not from page scans. Use candidates for reading, verify against scans before claiming clean full transcription."
Adi034,1,34,MAHABHARATA-1-AADIPARVA-_djvu (1).txt,19022,19871,(ಏಲಾಪತ್ರನ ವಚನದಂತೆ ವಾಸುಕಿಯಿಂದ ತಂಗಿಯ ರಕ್ಷಣೆ. ದೇವತೆಗಳಿಗೆ  ಬ್ರಹ್ಮದೇವರ ಹಿತವಚನ.),G09-S11 | G10-S01 | G10-S02 | G10-S03,source-linked narrative draft; passage completeness NOT certified,uncertain_interleaved_shared_envelope,"Compare every verse, explanation, named entry and commentary point with source. A citation range overlap is not proof that all content is spoken.","Source OCR interleaves/reorders printed pages336–355, affecting chapters33–36. Envelope is conservative; ordered_candidate_spans reconstruct chapter flow from printed page headers and colophons, not from page scans. Use candidates for reading, verify against scans before claiming clean full transcription."
Adi035,1,35,MAHABHARATA-1-AADIPARVA-_djvu (1).txt,19022,19871,(ಪರೀಕ್ಷಿತನ ಕಥೆ. ಶಮೀಕರ ಕುತ್ತಿಗೆಯಲ್ಲಿ ಮೃತಸರ್ಪದ ಪ್ರಕ್ಷೇಪ.),G09-S11 | G10-S01 | G10-S02 | G10-S03,source-linked narrative draft; passage completeness NOT certified,uncertain_interleaved_shared_envelope,"Compare every verse, explanation, named entry and commentary point with source. A citation range overlap is not proof that all content is spoken.","Source OCR interleaves/reorders printed pages336–355, affecting chapters33–36. Envelope is conservative; ordered_candidate_spans reconstruct chapter flow from printed page headers and colophons, not from page scans. Use candidates for reading, verify against scans before claiming clean full transcription."
Adi036,1,36,MAHABHARATA-1-AADIPARVA-_djvu (1).txt,19022,19871,(ಪುತ್ರನ ಶಾಪಪ್ರದಾನವನ್ನು ಕೇಳಿದ ತಂದೆಯಾದ ಶಮೀಕರ ಅಸಂತೋಷ ಮತ್ತು ಶೃಂಗಿಯನ್ನು ಕುರಿತು ಉಪದೇಶ.),G09-S11 | G10-S01 | G10-S02 | G10-S03,source-linked narrative draft; passage completeness NOT certified,uncertain_interleaved_shared_envelope,"Compare every verse, explanation, named entry and commentary point with source. A citation range overlap is not proof that all content is spoken.","Source OCR interleaves/reorders printed pages336–355, affecting chapters33–36. Envelope is conservative; ordered_candidate_spans reconstruct chapter flow from printed page headers and colophons, not from page scans. Use candidates for reading, verify against scans before claiming clean full transcription."
Adi037,1,37,MAHABHARATA-1-AADIPARVA-_djvu (1).txt,19872,20275,(ತಂದೆಯಿಂದ ಶೃಂಗಿಗೆ ಮುಂದುವರೆದ ಉಪದೇಶ. ಶಿಷ್ಯನಿಂದ ರಾಜನಿಗೆ ವಾರ್ತಾಹರಣ. ತಕ್ಷಕ ಮತ್ತು ಕಾಶ್ಯಪಬ್ರಾಹ್ಮಣರ ಸಂವಾದ.),G10-S03 | G10-S04 | G10-S05 | G10-S06,source-linked narrative draft; passage completeness NOT certified,heading_observed_not_scan_verified,"Compare every verse, explanation, named entry and commentary point with source. A citation range overlap is not proof that all content is spoken.",
Adi038,1,38,MAHABHARATA-1-AADIPARVA-_djvu (1).txt,20276,20582,(ತಕ್ಷಕನಿಂದ ಕಾಶ್ಯಪ ಪರೀಕ್ಷೆ. ಧನವನ್ನು ಕೊಟ್ಟು ಅವನ ನಿವರ್ತನೆ. ಫಲದಲ್ಲಿ ಕ್ರಿಮಿರೂಪದಿಂದ ಪ್ರವೇಶಿಸಿ ರಾಜನ ಕಂಠವೇಷ್ಟನೆ.),G10-S06 | G10-S07,source-linked narrative draft; passage completeness NOT certified,heading_observed_not_scan_verified,"Compare every verse, explanation, named entry and commentary point with source. A citation range overlap is not proof that all content is spoken.",
Adi039,1,39,MAHABHARATA-1-AADIPARVA-_djvu (1).txt,20583,20720,(ಪರೀಕ್ಬಿತನ ಮರಣ. ಜನಮೇಜಯನ ರಾಜ್ಯಾಭಿಷೇಕ. ವಪುಷ್ಪಮಯ ಜೊತೆಯಲ್ಲಿವಿವಾಹ.),G10-S08,source-linked narrative draft; passage completeness NOT certified,heading_observed_not_scan_verified,"Compare every verse, explanation, named entry and commentary point with source. A citation range overlap is not proof that all content is spoken.",
Adi040,1,40,MAHABHARATA-1-AADIPARVA-_djvu (1).txt,20721,21038,( ಕ ಲ “ ),G10-S09,source-linked narrative draft; passage completeness NOT certified,heading_observed_not_scan_verified,"Compare every verse, explanation, named entry and commentary point with source. A citation range overlap is not proof that all content is spoken.",
Adi041,1,41,MAHABHARATA-1-AADIPARVA-_djvu (1).txt,21039,21260,(ಪಿತೃಗಳ ಮಾತಿನಂತೆ ಜರತ್ಕಾರುವಿನ ಕನ್ಯಾನ್ಹೇಷಣೆ. ವಿವಾಹದಲ್ಲಿ ಸಮಯಬಂಧ.),G10-S10,source-linked narrative draft; passage completeness NOT certified,heading_observed_not_scan_verified,"Compare every verse, explanation, named entry and commentary point with source. A citation range overlap is not proof that all content is spoken.",
Adi042,1,42,MAHABHARATA-1-AADIPARVA-_djvu (1).txt,21261,21772,"(ಜರತ್ಕಾರುವಿನ ವಿವಾಹ, ಪತ್ನಿಯ ಗರ್ಭೋತ್ಪತ್ತಿ ಮತ್ತು ವ್ಯಾಜದಿಂದ ಪತ್ನಿಯ ಪರಿತ್ಯಾಗ.)",G10-S10 | G10-S11 | G10-S12,source-linked narrative draft; passage completeness NOT certified,heading_observed_not_scan_verified,"Compare every verse, explanation, named entry and commentary point with source. A citation range overlap is not proof that all content is spoken.",
Adi043,1,43,MAHABHARATA-1-AADIPARVA-_djvu (1).txt,21773,21996,(ತಂಗಿಯಿಂದ್ದ ವಾಸುಕಿಗೆ ವೃತ್ತಾಂತ ಕಥನ. ಗರ್ಭೋತ್ಪತ್ತಿ ಶ್ರವಣದಿಂದ  ವಾಸುಕಿಯ ಹರ್ಷ. ಆಸ್ಟೀಕನ ಉತ್ಪತ್ತಿ .),G11-S01,source-linked narrative draft; passage completeness NOT certified,heading_observed_not_scan_verified,"Compare every verse, explanation, named entry and commentary point with source. A citation range overlap is not proof that all content is spoken.",
Adi044,1,44,MAHABHARATA-1-AADIPARVA-_djvu (1).txt,21997,22296,(ಪರೀಕ್ಷಿದ್ರಾಜನ ಮರಣವಿಸಯದಲ್ಲಿವಮಂತ್ರಿಗಳನ್ನು ಕುರಿತು ಜನಮೇಜಯನ ಪ್ರಶ್ನೆ. ಮಂತ್ರಿಗಳ ಉತ್ತರ.),G11-S02,source-linked narrative draft; passage completeness NOT certified,heading_observed_not_scan_verified,"Compare every verse, explanation, named entry and commentary point with source. A citation range overlap is not proof that all content is spoken.",
Adi045,1,45,MAHABHARATA-1-AADIPARVA-_djvu (1).txt,22297,22676,(ಮಂತ್ರಿಗಳ ವಚನವನ್ನು ಕೇಳಿ ತಕ್ಷಕನ ಮೇಲೆ ರಾಜನ ಕೋಪ ಮತ್ತು ಸರ್ಪಯಾಗ ಸಂಕಲ್ಪ .),G11-S02 | G11-S03 | G11-S04,source-linked narrative draft; passage completeness NOT certified,heading_observed_not_scan_verified,"Compare every verse, explanation, named entry and commentary point with source. A citation range overlap is not proof that all content is spoken.",
Adi046,1,46,MAHABHARATA-1-AADIPARVA-_djvu (1).txt,22677,22946,(ಜನಮೇಜಯನಿಂದ ಯತ್ತಿಜರ ಮೂಲಕ ಸರ್ಪಯಾಗ ಪ್ರಾರಂಭ. ಅನೇಕ ಸರ್ಪಗಳ ಹೋಮ.),G11-S04 | G11-S05 | G11-S06,source-linked narrative draft; passage completeness NOT certified,heading_observed_not_scan_verified,"Compare every verse, explanation, named entry and commentary point with source. A citation range overlap is not proof that all content is spoken.",
Adi047,1,47,MAHABHARATA-1-AADIPARVA-_djvu (1).txt,22947,23184,(ಸರ್ಪಸತ್ರದಲ್ಲಿ ಭಾಗವಹಿಸಿದ ಖುತ್ತಿಜರ ನಾಮಕೀರ್ತನೆ. ವಾಸುಕಿಯಿಂದ ತನ್ನ ತಂಗಿಯನ್ನು ಕುರಿತು ಆಸ್ತೀಕನನ್ನು ಕಳುಹಿಸಿ ಸರ್ಪಯಾಗವನ್ನು ನಿಲ್ಲಿಸುವಂತೆ ಸೂಚನೆ.),G11-S06 | G11-S07,source-linked narrative draft; passage completeness NOT certified,heading_observed_not_scan_verified,"Compare every verse, explanation, named entry and commentary point with source. A citation range overlap is not proof that all content is spoken.",
Adi048,1,48,MAHABHARATA-1-AADIPARVA-_djvu (1).txt,23185,23567,"(ಸರ್ಪಗಳನ್ನು ರಕ್ಷಿಸಲು ತಾಯಿಯಿಂದ ಆಸ್ತೀಕನಿಗೆ ಚೋದನೆ. ಆಸ್ತೀಕನಿಂದ ೯   ಸೂತಃ   ತತ ಆಹೂಯ ಪುತ್ರಂ ಸ್ಟಂ ಜರತ್ಕಾರುರ್ಭುಜಂಗಮಾ । ವಾಸುಕೇರ್ನಾಗರಾಜಸ್ಯ ವಚನಾದಿದಮಬ್ರವೀತ್‌ Hon   -&28- ಮಹಾಭಾರತ ಆದಿಪರ್ವ   ಅನಂತರ ಸರ್ಪಿಣಿಯಾದ ಜರತ್ಕಾರುವು ಮಗನನ್ನು ಕರೆದು ನಾಗರಾಜನಾದ ವಾಸುಕಿಯ ಮಾತಿನಂತೆ ಹೀಗೆ ಮಾತನಾಡಿದಳು. ಅಹಂ ತವ ಪಿತುಃ ಪುತ್ರ ಭ್ರಾತ್ರಾ ದತ್ತಾ ನಿಮಿತ್ತತಃ । ಕಾಲಃ ಸ ಏಷ ಸಂಪ್ರಾಪ್ತಃ ತತ್‌ ಕುರುಷ್ಠ ಯಥಾತಥಮ್‌  ॥೨॥ ಪುತ್ರನೇ, ನಾನು ನನ್ನ ಅಣ್ಣನಿಂದ ಒಂದು ಪ್ರಯೋಜನವನ್ನು ಉದ್ದೇಶಿಸಿ ನಿನ್ನ ತಂದೆಗೆ ಕೊಡಲ್ಲಟ್ಟೆ. ಆ ಪ್ರಯೋಜನದ ಕಾಲವು ಈಗ ಒದಗಿಬಂದಿದೆ. ಅದನ್ನು ಸರಿಯಾಗಿ ನೆರವೇರಿಸು. ಆಸ್ತೀಕಃ",G11-S07,source-linked narrative draft; passage completeness NOT certified,heading_observed_not_scan_verified,"Compare every verse, explanation, named entry and commentary point with source. A citation range overlap is not proof that all content is spoken.",
Adi049,1,49,MAHABHARATA-1-AADIPARVA-_djvu (1).txt,23568,23814,(ಆಸ್ತೀಕನಿಂದ ಜನಮೇಜಯನ ಯಾಗದ ಪ್ರಶಂಸೆ.),G11-S08,source-linked narrative draft; passage completeness NOT certified,heading_observed_not_scan_verified,"Compare every verse, explanation, named entry and commentary point with source. A citation range overlap is not proof that all content is spoken.",
Adi050,1,50,MAHABHARATA-1-AADIPARVA-_djvu (1).txt,23815,24155,(ಜನಮೇಜಯನ ಹರ್ಷ. ಬ್ರಾಹ್ಮಣವಚನದೆಂತೆ ಆಸ್ತೀಕನಿಗೆ ಸರ್ಪಯಾಗವಿರಾಮ ವರದಾನ. ),G11-S09 | G11-S10,source-linked narrative draft; passage completeness NOT certified,heading_observed_not_scan_verified,"Compare every verse, explanation, named entry and commentary point with source. A citation range overlap is not proof that all content is spoken.",
Adi051,1,51,MAHABHARATA-1-AADIPARVA-_djvu (1).txt,24156,24341,(ಸರ್ಪಸತ್ರದಲ್ಲಿದಗ್ಗರಾದ ಸರ್ಪಗಳ ನಾಮಕೀರ್ತನೆ),G11-S12,source-linked narrative draft; passage completeness NOT certified,heading_observed_not_scan_verified,"Compare every verse, explanation, named entry and commentary point with source. A citation range overlap is not proof that all content is spoken.",
Adi052,1,52,MAHABHARATA-1-AADIPARVA-_djvu (1).txt,24342,24646,(ಸರ್ಪಸತ್ರ ಸಮಾಪ್ತಿ. ಆಸ್ಟೀಕನಿಂದ ಸರ್ಪಗಳಿಗೆ ವರದಾನ.),G11-S11 | G11-S13,source-linked narrative draft; passage completeness NOT certified,heading_observed_not_scan_verified,"Compare every verse, explanation, named entry and commentary point with source. A citation range overlap is not proof that all content is spoken.",
Adi053,1,53,MAHABHARATA-1-AADIPARVA-_djvu (1).txt,24647,24964,(ಭಾರತ ಕಥೆಯನ್ನು ಹೇಳಲು ಸೂತರ ಪ್ರತಿಜ್ಞೆ ವ್ಯಾಸರಿಂದ ವೈಶಂಪಾಯನರಿಗೆ ಭಾರತಕಥೆಯನ್ನು ಹೇಳಲು ಪ್ರೇರಣೆ),G12-S01,source-linked narrative draft; passage completeness NOT certified,heading_observed_not_scan_verified,"Compare every verse, explanation, named entry and commentary point with source. A citation range overlap is not proof that all content is spoken.",
Adi054,1,54,MAHABHARATA-1-AADIPARVA-_djvu (1).txt,24965,25535,(ವೈಶಂಪಾಯನರಿಂದ ಸಂಕ್ಷೇಪವಾಗಿ ಭಾರತಕಥಾ ನಿರೂಪಣೆ),G12-S02,source-linked narrative draft; passage completeness NOT certified,heading_observed_not_scan_verified,"Compare every verse, explanation, named entry and commentary point with source. A citation range overlap is not proof that all content is spoken.",
Adi055,1,55,MAHABHARATA-1-AADIPARVA-_djvu (1).txt,25536,26184,(ಭಾರತಪ್ರಶಂಸೆ ಮತ್ತು ಭಾರತಶ್ರವಣದ ಫಲನಿರೂಪಣೆ),G12-S03,source-linked narrative draft; passage completeness NOT certified,heading_observed_not_scan_verified,"Compare every verse, explanation, named entry and commentary point with source. A citation range overlap is not proof that all content is spoken.",
Adi056,1,56,MAHABHARATA-1-AADIPARVA-_djvu (1).txt,26185,27499,(ಪುರುವಂಶ ನಿರೂಪಣೆ),G12-S04 | G12-S05,source-linked narrative draft; passage completeness NOT certified,heading_observed_not_scan_verified,"Compare every verse, explanation, named entry and commentary point with source. A citation range overlap is not proof that all content is spoken.",
Adi057,1,57,MAHABHARATA-1-AADIPARVA-_djvu (1).txt,27500,29479,(ಉಪರಿಚರೋಪಾಖ್ಯಾನ ಮತ್ತು ವೇದವ್ಯಾಸದೇವರ ಪ್ರಾದುರ್ಭಾವ.),G12-S06 | G12-S07 | G12-S08 | G12-S09 | G12-S10 | G12-S11 | G12-S12 | G12-S13 | G12-S14 | G12-S15 | G12-S16 | G12-S17 | G12-S18,source-linked narrative draft; passage completeness NOT certified,heading_observed_not_scan_verified,"Compare every verse, explanation, named entry and commentary point with source. A citation range overlap is not proof that all content is spoken.",
Adi058,1,58,MAHABHARATA-1-AADIPARVA-_djvu (1).txt,29480,29810,(ಸಂಕ್ಷೇಪವಾಗಿ ಭೀಷ್ಮರ ಮತ್ತು ಪಾಂಡವರ ಜನ್ಮಕಥನ.),G12-S19,source-linked narrative draft; passage completeness NOT certified,heading_observed_not_scan_verified,"Compare every verse, explanation, named entry and commentary point with source. A citation range overlap is not proof that all content is spoken.",
Adi059,1,59,MAHABHARATA-1-AADIPARVA-_djvu (1).txt,29811,30310,(ಭೂಭಾರ ಹರಣವನ್ನು ಮಾಡಲು ಅವತಾರ ಮಾಡುವಂತೆ ನಾರಾಯಣನಲ್ಲಿ ಇಂದ್ರನ ಪ್ರಾರ್ಥನೆ.),G12-S20,source-linked narrative draft; passage completeness NOT certified,heading_observed_not_scan_verified,"Compare every verse, explanation, named entry and commentary point with source. A citation range overlap is not proof that all content is spoken.",
Adi060,1,60,MAHABHARATA-1-AADIPARVA-_djvu (1).txt,30311,30763,(ಅದಿತಿ ಮೊದಲಾದ ದಕ್ಷಕನ್ಯೆಯರ ವಂಶದ ಕಥನ.),G12-S21,source-linked narrative draft; passage completeness NOT certified,heading_observed_not_scan_verified,"Compare every verse, explanation, named entry and commentary point with source. A citation range overlap is not proof that all content is spoken.",
Adi061,1,61,MAHABHARATA-1-AADIPARVA-_djvu (1).txt,30764,31562,(ಬುಷ್ಯಾದಿ ವಂಶಕಥನ.),G12-S22,source-linked narrative draft; passage completeness NOT certified,heading_observed_not_scan_verified,"Compare every verse, explanation, named entry and commentary point with source. A citation range overlap is not proof that all content is spoken.",
Adi062,1,62,MAHABHARATA-1-AADIPARVA-_djvu (1).txt,31563,32584,(ಭೂಮಿಯಲ್ಲಿದೇವತೆಗಳ ಮತ್ತು ದಾನವರ ಅಂಶಾವತರಣ ಕಥನ.),G12-S23 | G12-S24,source-linked narrative draft; passage completeness NOT certified,heading_observed_not_scan_verified,"Compare every verse, explanation, named entry and commentary point with source. A citation range overlap is not proof that all content is spoken.",
Adi063,1,63,MAHABHARATA-1-AADIPARVA-_djvu (1).txt,32585,32736,(ಸಿಂಹಾವಲೋಕನ ನ್ಯಾಯದಿಂದ ಪುನಃ ಪೂರುವಂಶ ಕಥನ.),G12-S25,source-linked narrative draft; passage completeness NOT certified,heading_observed_not_scan_verified,"Compare every verse, explanation, named entry and commentary point with source. A citation range overlap is not proof that all content is spoken.",
Adi064,2,64,MAHABHARATA-2-AADIPARVA_djvu.txt,491,1006,(ಕುರುವಂಶ ಕಥನ ಪ್ರಾರಂಭ. ಸಂಕ್ಷೇಪವಾಗಿ ಯಾಯಾತಿಯ ಚರಿತೆಯ ನಿರೂಪಣೆ.),G13-S01 | C64-S01 | C64-S02 | C64-S03 | C64-S04,source-linked narrative draft; passage completeness NOT certified,heading_observed_not_scan_verified,"Compare every verse, explanation, named entry and commentary point with source. A citation range overlap is not proof that all content is spoken.",
Adi065,2,65,MAHABHARATA-2-AADIPARVA_djvu.txt,1007,1886,"(ಯಯಾತಿಯ ಚರಿತ್ರೆಯನ್ನು ವಿಸ್ತಾರವಾಗಿ ಹೇಳಲು ಪ್ರಾರಂಭ. ಕಚನು ಶುಕ್ರಾಚಾರ್ಯರಲ್ಲಿ ಶಿಷ್ಯವೃತ್ತಿಯನ್ನು ಮಾಡಿ, ಮೃತಸಂಜೀವನೀವಿದ್ಯೆಯನ್ನು ಸಂಪಾದಿಸುವುದು.)",G13-S02 | G13-S03 | G13-S04 | G13-S05 | G13-S06,source-linked narrative draft; passage completeness NOT certified,heading_observed_not_scan_verified,"Compare every verse, explanation, named entry and commentary point with source. A citation range overlap is not proof that all content is spoken.",
Adi066,2,66,MAHABHARATA-2-AADIPARVA_djvu.txt,1887,2125,(ಕಚನಲ್ಲಿದೇವಯಾನಿಯ ಪ್ರೀತಿ ಮತ್ತು ಪರಸ್ಪರ ಶಾಪದಾನ.),G13-S07 | G13-S08,source-linked narrative draft; passage completeness NOT certified,heading_observed_not_scan_verified,"Compare every verse, explanation, named entry and commentary point with source. A citation range overlap is not proof that all content is spoken.",
Adi067,2,67,MAHABHARATA-2-AADIPARVA_djvu.txt,2126,2736,"(ಶರ್ಮಿಷ್ಠೆ ದೇವಯಾನಿಯರ ಕಲಹ, ಯಯಾತಿಯಿಂದ ದೇವಯಾನಿಯ ಉದ್ಧರಣ)",G14-S01 | G14-S02 | G14-S03,source-linked narrative draft; passage completeness NOT certified,heading_observed_not_scan_verified,"Compare every verse, explanation, named entry and commentary point with source. A citation range overlap is not proof that all content is spoken.",
Adi068,2,68,MAHABHARATA-2-AADIPARVA_djvu.txt,2737,3000,(ಶುಕ್ರದೇವಯಾನಿಯರ ಸಂವಾದ),G14-S03,source-linked narrative draft; passage completeness NOT certified,heading_observed_not_scan_verified,"Compare every verse, explanation, named entry and commentary point with source. A citation range overlap is not proof that all content is spoken.",
Adi069,2,69,MAHABHARATA-2-AADIPARVA_djvu.txt,3001,3353,"(ಶುಕ್ರರಕೋಪವಚನ, ವೃಷಪರ್ವನ ಕ್ಹಮಾಯಾಚನೆ ಮತ್ತು ಶರ್ಮಿಷ್ಮೆಯ ದಾಸ್ಯಭಾವ)",G14-S04,source-linked narrative draft; passage completeness NOT certified,heading_observed_not_scan_verified,"Compare every verse, explanation, named entry and commentary point with source. A citation range overlap is not proof that all content is spoken.",
Adi070,2,70,MAHABHARATA-2-AADIPARVA_djvu.txt,3354,3867,"(ಯಯಾತಿ ದೇವಯಾನಿಯರ ವಿವಾಹ, ಯಯಾತಿಯನ್ನುಕುರಿತು ಶುಕ್ರಾಚಾರ್ಯರ ಆದೇಶ)",G14-S05,source-linked narrative draft; passage completeness NOT certified,heading_observed_not_scan_verified,"Compare every verse, explanation, named entry and commentary point with source. A citation range overlap is not proof that all content is spoken.",
Adi071,2,71,MAHABHARATA-2-AADIPARVA_djvu.txt,3868,4306,(ದೇವಯಾನಿಗೆ ಪುತ್ರೋತ್ತತ್ತಿ. ದೇವಯಾನಿಗೆ ತಿಳಿಯದಂತೆ ಶರ್ಮಿಷ್ಠೆಗೂ ಪುತ್ರೋತ್ಪತ್ತಿ.),G14-S06,source-linked narrative draft; passage completeness NOT certified,heading_observed_not_scan_verified,"Compare every verse, explanation, named entry and commentary point with source. A citation range overlap is not proof that all content is spoken.",
Adi072,2,72,MAHABHARATA-2-AADIPARVA_djvu.txt,4307,4997,"(ಯಯಾತಿ ಶರ್ಮಿಷ್ಠೆಯರ ಪ್ರಣಯ ಪ್ರಸಂಗ. ದೇವಯಾನಿಯು ದೂರು, ಶುಕ್ರಾಚಾರ್ಯರ ಶಾಪ ಮತ್ತು ಪಾಕ್ಷಿಕ ಪರಿಹಾರ.)",G14-S06 | G14-S07 | G14-S08,source-linked narrative draft; passage completeness NOT certified,heading_observed_not_scan_verified,"Compare every verse, explanation, named entry and commentary point with source. A citation range overlap is not proof that all content is spoken.",
Adi073,2,73,MAHABHARATA-2-AADIPARVA_djvu.txt,4998,5350,"(ಶಾಪದಿಂದ ಯಯಾತಿಯ ವಿಹ್ನಲತೆ, ಉಳಿದ ಮಕ್ಕಳಿಂದ ನಿರಾಕರಣೆ, ಪೂರುವಿನ ಪಿತೃಭಕ್ತಿ, ಅವನಿಗೆ ಯಯಾತಿಯ ವರಪ್ರದಾನ.)",G14-S08 | G15-S01,source-linked narrative draft; passage completeness NOT certified,heading_observed_not_scan_verified,"Compare every verse, explanation, named entry and commentary point with source. A citation range overlap is not proof that all content is spoken.",
Adi074,2,74,MAHABHARATA-2-AADIPARVA_djvu.txt,5351,5684,"(ಯಯಾತಿಯ ವೈರಾಗ್ಯ, ಪೂರುವಿಗೆ ರಾಜ್ಯಾಭಿಷೇಕ ಮತ್ತು ಯಯಾತಿಯ ವನಪ್ರಾಪ್ತಿ.)",G15-S01 | G15-S02 | G15-S03,source-linked narrative draft; passage completeness NOT certified,heading_observed_not_scan_verified,"Compare every verse, explanation, named entry and commentary point with source. A citation range overlap is not proof that all content is spoken.",
Adi075,2,75,MAHABHARATA-2-AADIPARVA_djvu.txt,5685,5866,"(ತಪಸ್ಸನ್ನು ಆಚರಿಸಿ, ಯಯಾತಿಯ ಸ್ವರ್ಗಗಮನ, ಇಂದ್ರನಿಂದ ಪತನ ಮತ್ತು ಪುನಃ ಸ್ವರ್ಗ ಪ್ರಾಪ್ತಿ.)",G15-S04,source-linked narrative draft; passage completeness NOT certified,heading_observed_not_scan_verified,"Compare every verse, explanation, named entry and commentary point with source. A citation range overlap is not proof that all content is spoken.",
Adi076,2,76,MAHABHARATA-2-AADIPARVA_djvu.txt,5867,6117,"(ಸ್ವರ್ಗದಲ್ಲಿ ಇಂದ್ರ ಯಯಾತಿಯ ಸಂವಾದ, ಪೂರುವಿಗೆ ರಾಜ್ಯವನ್ನು ಕೊಡುವಾಗ ಯಯಾತಿಯ ಉಪದೇಶದ ಕಥನ.)",G15-S04 | V2202-S01 | V2202-S02 | V2202-S03,source-linked narrative draft; passage completeness NOT certified,heading_observed_not_scan_verified,"Compare every verse, explanation, named entry and commentary point with source. A citation range overlap is not proof that all content is spoken.",
Adi077,2,77,MAHABHARATA-2-AADIPARVA_djvu.txt,6118,6299,"(ಸಂವಾದದ ಮಧ್ಯದಲ್ಲಿಯಯಾತಿಯ ಅಹಂಕಾರವಚನ, ಸರ್ಗದಿಂದ ಸಜ್ಜನರ ಮಧ್ಯೆ ಪತನ, ಅಷ್ಟಶಪ್ರಶ್ನ.)",G15-S05 | V2203-S01,source-linked narrative draft; passage completeness NOT certified,heading_observed_not_scan_verified,"Compare every verse, explanation, named entry and commentary point with source. A citation range overlap is not proof that all content is spoken.",
Adi078,2,78,MAHABHARATA-2-AADIPARVA_djvu.txt,6300,6633,"(ಯಯಾತಿಯಿಂದ ತನ್ನಪರಿಚಯ ಕಥನ, ಅಷ್ಟಕನೊಂದಿಗೆ ಸಂವಾದ.)",G15-S06 | V2204-S01 | V2204-S02 | V2204-S03,source-linked narrative draft; passage completeness NOT certified,heading_observed_not_scan_verified,"Compare every verse, explanation, named entry and commentary point with source. A citation range overlap is not proof that all content is spoken.",
Adi079,2,79,MAHABHARATA-2-AADIPARVA_djvu.txt,6634,7066,(ಮೃತನಾದವನಿಗೆ ಸರ್ಗಾದಿಭೋಗಾನಂತರದಲ್ಲಿಶರೀರಾಂತರಪ್ರಾಪ್ತಿ ಮತ್ತು ಪುನರ್ಜನ್ಮ ಪ್ರಕಾರದ ಕಥನ),G15-S06 | V2205-S01 | V2205-S02 | V2205-S03 | V2205-S04,source-linked narrative draft; passage completeness NOT certified,heading_observed_not_scan_verified,"Compare every verse, explanation, named entry and commentary point with source. A citation range overlap is not proof that all content is spoken.",
Adi080,2,80,MAHABHARATA-2-AADIPARVA_djvu.txt,7067,7308,"(ಅಷ್ಟಕಯಯಾತಿಸಂವಾದ, ಬ್ರಹ್ಮಚರ್ಯಾದಿ ಆಶ್ರಮಧರ್ಮಕಥನ.)",G15-S07 | V2206-S01 | V2206-S02 | V2206-S03,source-linked narrative draft; passage completeness NOT certified,heading_observed_not_scan_verified,"Compare every verse, explanation, named entry and commentary point with source. A citation range overlap is not proof that all content is spoken.",
Adi081,2,81,MAHABHARATA-2-AADIPARVA_djvu.txt,7309,7692,"(ಅಷ್ಟಕ ಮತ್ತು ಪ್ರತರ್ದನರ ಜೊತೆಯಲ್ಲಿ ಯಯಾತಿಯ ಸಂವಾದ, ಅವರು ಕೊಡಲಿಚ್ಛಿಸಿದ ಪುಣ್ಯಲೋಕಗಳ ನಿರಾಕರಣೆ.)",G15-S07 | V2207-S01 | V2207-S02 | V2207-S03,source-linked narrative draft; passage completeness NOT certified,heading_observed_not_scan_verified,"Compare every verse, explanation, named entry and commentary point with source. A citation range overlap is not proof that all content is spoken.",
Adi082,2,82,MAHABHARATA-2-AADIPARVA_djvu.txt,7693,8294,"(ವಸುಮನಾ ಮತ್ತು ಶಿಬಿಯೊಡನೆ ಯಯಾತಿಯ ಸಂವಾದ, ಅವರ ಪುಣ್ಯಲೋಕಗಳ ನಿರಾಕರಣೆ, ಪುನಃ ಅಷ್ಟಕನೊಡನೆ ಸಂವಾದ.)",G15-S07 | G15-S08 | V2208-S01 | V2208-S02 | V2208-S03 | V2208-S04 | V2208-S05 | V2209-S01 | V2209-S02,source-linked narrative draft; passage completeness NOT certified,heading_observed_not_scan_verified,"Compare every verse, explanation, named entry and commentary point with source. A citation range overlap is not proof that all content is spoken.",
Adi083,2,83,MAHABHARATA-2-AADIPARVA_djvu.txt,8295,8461,(ಸಿಂಹಾವಲೋಕನ ನ್ಯಾಯದಿಂದ ಪುನಃ ಪೂರುವಂಶ ಕಥನ.),G16-S01 | C83-S01 | C83-S02 | C83-S03 | C83-S04,source-linked narrative draft; passage completeness NOT certified,heading_observed_not_scan_verified,"Compare every verse, explanation, named entry and commentary point with source. A citation range overlap is not proof that all content is spoken.",
Adi084,2,84,MAHABHARATA-2-AADIPARVA_djvu.txt,8462,8593,"( poy ಆ ಇ ಜನಮೇಜಯಃ   ಭಗವನ್‌ ವಿಸ್ತರೇಣೇಹ ಭರತಸ್ಯ ಮಹಾತ್ಮನಃ I ಜನ್ಮ ಕರ್ಮ ಚ ಶುಶ್ರೂಷೋಸ್ತನ್ನೇ ಶಂಸಿತುಮರ್ಹಸಿ Holl   ಪೂಜ್ಯರೇ, ಭರತವಂಶದಲ್ಲಿ ಹುಟ್ಟಿದ ಮಹಾತ್ಮನಾದ ದುಷ್ನಂತನ ಜನ್ಮ ಕರ್ಮಗಳನ್ನುವಿಸ್ತಾರವಾಗಿ ಕೇಳಬಯಸುವ ನನಗೆ ಅದನ್ನುತಿಳಿಸಬೇಕು.   ವೈಶಂಪಾಯನಃ   ಪೌರವಾಣಾಂ ವಂಶಕರೋ ದುಪ್ಪಂತೋ ನಾಮ ವೀರ್ಯವಾನ್‌ । ಪೃಥಿವ್ಯಾಶ್ಚತುರಂತಾಯಾ ಗೋಪ್ತಾ ಭರತಸತ್ತಮ Wl   ಎಲೈ ಭರತಸತ್ತಮನೇಮ ಪೌರವ ವಂಶಧರನಾದ ದುಷ್ಟಂತನೆಂಬ ಪರಾಕ್ರಮಶಾಲಿಯು ನಾಲ್ಕುತುದಿಗಳವರೆಗೂ ಇದ್ದ ಭೂಮಿಗೆ ರಕ್ಷಕನಾಗಿದ್ದನು.  ",G16-S01,source-linked narrative draft; passage completeness NOT certified,heading_observed_not_scan_verified,"Compare every verse, explanation, named entry and commentary point with source. A citation range overlap is not proof that all content is spoken.",
Adi085,2,85,MAHABHARATA-2-AADIPARVA_djvu.txt,8594,8840,"(ದುಷ್ನಂತನ ಬೇಟೆ, ಅರಣ್ಯ ಪ್ರವೇಶ ಮತ್ತು ಮೃಗಗಳ ವಧೆ.)",G16-S02,source-linked narrative draft; passage completeness NOT certified,heading_observed_not_scan_verified,"Compare every verse, explanation, named entry and commentary point with source. A citation range overlap is not proof that all content is spoken.",
Adi086,2,86,MAHABHARATA-2-AADIPARVA_djvu.txt,8841,9328,(ಬೇಟೆಯಾಡುವ ಪ್ರಸಂಗದಿಂದ ದುಷ್ಪಂತನ ಕಣ್ಣಾಶ್ರಮ ಪ್ರಾಪ್ತಿ ಮತ್ತು ಆ ಆಶ್ರಮದ ವರ್ಣನೆ.),G16-S03,source-linked narrative draft; passage completeness NOT certified,heading_observed_not_scan_verified,"Compare every verse, explanation, named entry and commentary point with source. A citation range overlap is not proof that all content is spoken.",
Adi087,2,87,MAHABHARATA-2-AADIPARVA_djvu.txt,9329,9864,"(ಆಶ್ರಮದಲ್ಲಿದುಷ್ಟಂತ ಶಕುಂತಲೆಯರ ಸಮಾಗಮ, ಪರಸ್ಪರ ಸಂಭಾಷಣೆ.)",G16-S04,source-linked narrative draft; passage completeness NOT certified,heading_observed_not_scan_verified,"Compare every verse, explanation, named entry and commentary point with source. A citation range overlap is not proof that all content is spoken.",
Adi088,2,88,MAHABHARATA-2-AADIPARVA_djvu.txt,9865,10145,(ವಿಶ್ವಾಮಿತ್ರರಿಂದ ಮೇನಕೆಯಲ್ಲಿಶಕುಂತಲೆಯ ಜನ್ಮಕಥನ),G16-S05,source-linked narrative draft; passage completeness NOT certified,heading_observed_not_scan_verified,"Compare every verse, explanation, named entry and commentary point with source. A citation range overlap is not proof that all content is spoken.",
Adi089,2,89,MAHABHARATA-2-AADIPARVA_djvu.txt,10146,10797,"(ದುಷ್ಟ್ಪಂತ ಶಕುಂತಲೆಯರ ವಿವಾಹ, ಶಕುಂತಲೆಯ ಷರತ್ತು, ಕಣ್ಣರಿಂದ ವಿವಾಹದ ಅನುಮೋದನೆ.)",G16-S06 | G16-S07,source-linked narrative draft; passage completeness NOT certified,heading_observed_not_scan_verified,"Compare every verse, explanation, named entry and commentary point with source. A citation range overlap is not proof that all content is spoken.",
Adi090,2,90,MAHABHARATA-2-AADIPARVA_djvu.txt,10798,11838,"(ಶಕುಂತಲೆಯ ಗರ್ಭವೃದ್ದಿ , ಮೂರು ವರ್ಷಗಳ ನಂತರ ಪುತ್ರೋತ್ಪತ್ತಿ, ಶಿಶುವಿನ ನಾಮಕರಣ ಮತ್ತು ಬಾಲಲೀಲೆಗಳು.)",G16-S08,source-linked narrative draft; passage completeness NOT certified,heading_observed_not_scan_verified,"Compare every verse, explanation, named entry and commentary point with source. A citation range overlap is not proof that all content is spoken.",
Adi091,2,91,MAHABHARATA-2-AADIPARVA_djvu.txt,11839,13005,(ದುಷ್ನಂತ ಶಕುಂತಲೆಯರ ಸಂವಾದ. ಶಕುಂತಲೆಯಿಂದ ಪತ್ನಿ ಮತ್ತು ಪುತ್ರರ ಮಹತ್ತದ ವರ್ಣನೆ.),G16-S09 | G17-S01 | G17-S02,source-linked narrative draft; passage completeness NOT certified,heading_observed_not_scan_verified,"Compare every verse, explanation, named entry and commentary point with source. A citation range overlap is not proof that all content is spoken.",
Adi092,2,92,MAHABHARATA-2-AADIPARVA_djvu.txt,13006,13475,"(ಶಕುಂತಲೆಯ ವಾದ, ದುಷ್ಪಂತನ ನಿರಾಕರಣೆ, ಶಕುಂತಲೆಯ ಆಶ್ರಮಕ್ಕೆ ಹಿಂದಿರುಗುವ ಪ್ರಯತ್ನ.)",G17-S03,source-linked narrative draft; passage completeness NOT certified,heading_observed_not_scan_verified,"Compare every verse, explanation, named entry and commentary point with source. A citation range overlap is not proof that all content is spoken.",
Adi093,2,93,MAHABHARATA-2-AADIPARVA_djvu.txt,13476,14534,"(ಅಶರೀರವಾಣಿ. ದುಷ್ಟಂತನಿಂದ ಪತ್ನೀಪುತ್ರರ ಸ್ವೀಕಾರ, ಭರತನ ರಾಜ್ಯಾಭಿಷೇಕ ಮತ್ತು ಅವನ ಚರಿತೆ.)",G17-S04 | G17-S05 | G17-S06 | G17-S07 | C93-S01 | C93-S02 | C93-S03 | C93-S04 | C93-S05,source-linked narrative draft; passage completeness NOT certified,heading_observed_not_scan_verified,"Compare every verse, explanation, named entry and commentary point with source. A citation range overlap is not proof that all content is spoken.",
Adi094,2,94,MAHABHARATA-2-AADIPARVA_djvu.txt,14535,14763,"(ಭರತವಂಶದಲ್ಲಿಮಹಾಭಿಷಜನ ಜನನ. ಅವನಿಗೆ, ಗಂಗೆಗೆ ಬ್ರಹ್ಮಶಾಪ, ಗಂಗೆ ಮತ್ತು ಅಷ್ಟವಸುಗಳ ಸಂವಾದ.)",G17-S08,source-linked narrative draft; passage completeness NOT certified,heading_observed_not_scan_verified,"Compare every verse, explanation, named entry and commentary point with source. A citation range overlap is not proof that all content is spoken.",
Adi095,2,95,MAHABHARATA-2-AADIPARVA_djvu.txt,14764,15510,"(ಪ್ರತೀಪ-ಗಂಗೆಯರ ಪ್ರಸಂಗ, ಶಂತನುವಿನ ಜನ್ಮ. ಅವನಿಗೆ ರಾಜ್ಯಾಭಿಷೇಕ, ಮತ್ತು ಗಂಗೆಯ ಜೊತೆಯಲ್ಲಿಸಂವಾದ.)",G17-S09,source-linked narrative draft; passage completeness NOT certified,heading_observed_not_scan_verified,"Compare every verse, explanation, named entry and commentary point with source. A citation range overlap is not proof that all content is spoken.",
Adi096,2,96,MAHABHARATA-2-AADIPARVA_djvu.txt,15511,15965,"(ಗಂಗೆಯಿಂದ ಸಪ್ತಶಿಶುಗಳ ಹನನ, ಅಷ್ಟಮಶಿಶುವನ್ನು ಉಳಿಸಿ, ಶಂತನುವಿಗೆ ರಹಸ್ಯವನ್ನು ತಿಳಿಸಿ, ಸರ್ಗಲೋಕ ಗಮನ.)",G17-S10,source-linked narrative draft; passage completeness NOT certified,heading_observed_not_scan_verified,"Compare every verse, explanation, named entry and commentary point with source. A citation range overlap is not proof that all content is spoken.",
Adi097,2,97,MAHABHARATA-2-AADIPARVA_djvu.txt,15966,16556,(ವಸುಗಳಿಗೆ ವಸಿಷ್ಠರಿಂದ ಶಾಪ ಬಂದ ಪ್ರಕಾರ),G17-S11,source-linked narrative draft; passage completeness NOT certified,heading_observed_not_scan_verified,"Compare every verse, explanation, named entry and commentary point with source. A citation range overlap is not proof that all content is spoken.",
Adi098,2,98,MAHABHARATA-2-AADIPARVA_djvu.txt,16557,16976,"(ಶಂತನುವಿನ ರಾಜ್ಯಭಾರ ಕ್ರಮ, ಗಂಗೆಯಿಂದ ದೇವವ್ರತನ ಸಮರ್ಪಣೆ, ದೇವವ್ರತನಿಗೆ ಯುವರಾಜ್ಯದಲ್ಲಿಅಭಿಷೇಕ.)",G18-S01,source-linked narrative draft; passage completeness NOT certified,heading_observed_not_scan_verified,"Compare every verse, explanation, named entry and commentary point with source. A citation range overlap is not proof that all content is spoken.",
Adi099,2,99,MAHABHARATA-2-AADIPARVA_djvu.txt,16977,17819,"(ಶಂತನು ದಾಶಕನ್ಯಾಪ್ರಸಂಗ, ಭೀಷ್ಮರ ಪಾತ್ರ, ""ಭೀಷ್ಠ' ಎಂಬ ನಾಮಕರಣ.)",G18-S02 | G18-S03 | G18-S04 | G18-S05,source-linked narrative draft; passage completeness NOT certified,heading_observed_not_scan_verified,"Compare every verse, explanation, named entry and commentary point with source. A citation range overlap is not proof that all content is spoken.",
Adi100,2,100,MAHABHARATA-2-AADIPARVA_djvu.txt,17820,18125,"(ಶಂತನು-ಸತ್ಯವತಿಯರ ವಿವಾಹ, ಚಿತ್ರಾಂಗದನ ಉತ್ಪತ್ತಿ ಮತ್ತು ಮರಣ. ವಿಚಿತ್ರವೀರ್ಯ ರಾಜ್ಯಾಭಿಷೇಕ.)",G18-S05,source-linked narrative draft; passage completeness NOT certified,heading_observed_not_scan_verified,"Compare every verse, explanation, named entry and commentary point with source. A citation range overlap is not proof that all content is spoken.",
Adi101,2,101,MAHABHARATA-2-AADIPARVA_djvu.txt,18126,19279,"(ಭೀಷ್ಮರ ದಿಗ್ವಿಜಯ, ಕಾಶೀರಾಜನ ಕನ್ಯೆಯರ ಆಹರಣ, ಅಂಬೆಯ ಪ್ರಕರಣ.) '",G18-S06 | G18-S07 | G18-S10,source-linked narrative draft; passage completeness NOT certified,heading_observed_not_scan_verified,"Compare every verse, explanation, named entry and commentary point with source. A citation range overlap is not proof that all content is spoken.",
Adi102,2,102,MAHABHARATA-2-AADIPARVA_djvu.txt,19280,19578,"(ಅಂಬೆಯ ಅಲೆದಾಟ, ದ್ರುಪದನ ಗೃಹದ್ದಾರದಲ್ಲಿ ಮಾಲೆಯ ನಿಕ್ಷೇಪ. ಶಿಖಂಡಿಯಿಂದ ಅದರ ಧಾರಣೆ ಮತ್ತು ಶಿಖಂಡಿಗೆ ಪುರುಷಭಾವ.)",G18-S08 | G18-S09,source-linked narrative draft; passage completeness NOT certified,heading_observed_not_scan_verified,"Compare every verse, explanation, named entry and commentary point with source. A citation range overlap is not proof that all content is spoken.",
Adi103,2,103,MAHABHARATA-2-AADIPARVA_djvu.txt,19579,19893,"(ವಿಚಿತ್ರವೀರ್ಯನಿಗೆ ಅಂಬಿಕೆ, ಅಂಬಾಲಿಕೆಯರ ಜೊತೆಯಲ್ಲಿ ವಿವಾಹ, ವಿಚಿತ್ರವೀರ್ಯನ ಮರಣ. ಅವನ ಪತ್ನಿಯರಲ್ಲಿ ಮಕ್ಕಳನ್ನು ಪಡೆಯಲು ಭೀಷ್ಠರ ನಿರಾಕರಣೆ.)",G18-S11,source-linked narrative draft; passage completeness NOT certified,heading_observed_not_scan_verified,"Compare every verse, explanation, named entry and commentary point with source. A citation range overlap is not proof that all content is spoken.",
Adi104,2,104,MAHABHARATA-2-AADIPARVA_djvu.txt,19894,20453,(ಭೀಷ್ಠರಿಂದ ಸತ್ಯವತಿಯನ್ನು ಕುರಿತು ದಿರ್ಧತಮಸರ ಚರಿತ್ರಕಥನ),G18-S12 | V2201-S01 | V2201-S02 | V2201-S03 | V2201-S04 | V2201-S05 | V2201-S06 | V2201-S07 | V2201-S08 | V2201-S09,source-linked narrative draft; passage completeness NOT certified,heading_observed_not_scan_verified,"Compare every verse, explanation, named entry and commentary point with source. A citation range overlap is not proof that all content is spoken.",
Adi105,2,105,MAHABHARATA-2-AADIPARVA_djvu.txt,20454,20653,(ಕುಲವೃದ್ಧಿಗಾಗಿ ಭೀಷ್ಮ ಮತ್ತು ಸತ್ಯವತಿಯರ ಸಂವಾದ.),G19-S01,source-linked narrative draft; passage completeness NOT certified,heading_observed_not_scan_verified,"Compare every verse, explanation, named entry and commentary point with source. A citation range overlap is not proof that all content is spoken.",
Adi106,2,106,MAHABHARATA-2-AADIPARVA_djvu.txt,20654,21512,(ಸತ್ಯವತಿಯಿಂದ ಭೀಷ್ಠರನ್ನು ಕುರಿತು ವ್ಯಾಸರ ಜನ್ಮಕಥನ. ತಾಯಿಯಿಂದ ಸ್ಫೃತರಾಗಿ ವ್ಯಾಸರ ಆಗಮನ.),G19-S01 | G19-S02,source-linked narrative draft; passage completeness NOT certified,heading_observed_not_scan_verified,"Compare every verse, explanation, named entry and commentary point with source. A citation range overlap is not proof that all content is spoken.","Repeated chapter-opening headers in raw OCR: 20654,20744. Do not narrate duplicate as a second event."
Adi107,2,107,MAHABHARATA-2-AADIPARVA_djvu.txt,21513,21975,"(ವ್ಯಾಸರಿಂದ ಧೃತರಾಷ್ಟ್ರ, ಪಾಂಡು ಮತ್ತು ವಿದುರರ ಜನನ.)",G19-S03 | G19-S04,source-linked narrative draft; passage completeness NOT certified,heading_observed_not_scan_verified,"Compare every verse, explanation, named entry and commentary point with source. A citation range overlap is not proof that all content is spoken.",
Adi108,2,108,MAHABHARATA-2-AADIPARVA_djvu.txt,21976,22411,(ಯಮನಿಗೆ ಮಾಂಡವ್ಯರ ಶಾಪ ಮತ್ತು ವಿದುರನಾಗಿ ಅವತಾರ.),G19-S05 | G19-S06,source-linked narrative draft; passage completeness NOT certified,heading_observed_not_scan_verified,"Compare every verse, explanation, named entry and commentary point with source. A citation range overlap is not proof that all content is spoken.",
Adi109,2,109,MAHABHARATA-2-AADIPARVA_djvu.txt,22412,23246,"(ಧೃತರಾಷ್ಟ್ರ ಮೊದಲಾದವರ ವಿದ್ಯಾಭ್ಯಾಸ, ವಿವಾಹ ಮತ್ತು ಪಾಂಡುವಿನ ರಾಜ್ಯಾಭಿಷೇಕ.)",G19-S07,source-linked narrative draft; passage completeness NOT certified,heading_observed_not_scan_verified,"Compare every verse, explanation, named entry and commentary point with source. A citation range overlap is not proof that all content is spoken.",
Adi110,2,110,MAHABHARATA-2-AADIPARVA_djvu.txt,23247,23921,"(ಕುಂತಿಯ ಪೂರ್ವವೃತ್ತಾಂತ, ದುರ್ವಾಸರ ಮಂತ್ರೋಪದೇಶ, ಕರ್ಣನ ಉತ್ತತ್ತಿ ಮತ್ತು ಪರಿತ್ಯಾಗ. ದಾಶರಾಜನಿಂದ ಕರ್ಣನ ಸ್ವೀಕಾರ ಮತ್ತು ಸಂಕ್ಷೇಪವಾಗಿ ಕರ್ಣನ ಚರಿತ್ರೆ.)",G19-S08 | G19-S09 | G19-S10 | G19-S11,source-linked narrative draft; passage completeness NOT certified,heading_observed_not_scan_verified,"Compare every verse, explanation, named entry and commentary point with source. A citation range overlap is not proof that all content is spoken.",
Adi111,2,111,MAHABHARATA-2-AADIPARVA_djvu.txt,23922,24530,"(ಪಾಂಡುವಿನ ವಿವಾಹ, ದಿಗಿಜಯ, ಅರಣ್ಯಗಮನ ಮತ್ತು ಕಿಂದಮಶಾಪ.)",G19-S12 | G19-S13,source-linked narrative draft; passage completeness NOT certified,heading_observed_not_scan_verified,"Compare every verse, explanation, named entry and commentary point with source. A citation range overlap is not proof that all content is spoken.",
Adi112,2,112,MAHABHARATA-2-AADIPARVA_djvu.txt,24531,25379,"(ಪಾಂಡುವಿನ ಶೋಕ, ಕುಂತಿ ಮಾದ್ರಿಯರ ಜೊತೆಯಲ್ಲಿ ಸಂವಾದ, ಸಂನ್ಯಾಸವನ್ನು ಸ್ವೀಕರಿಸದೆ, ವಾನಪ್ರಸ್ನ್ಥಧರ್ಮಾಚರಣೆ, ವಿದುರನ ವಿವಾಹ ಮತ್ತು ಪೆತ್ರೋತತಿ.  ವೈಶಂಪಾಯನಃ   ತಮತೀತಮುಪಕ್ರಮ್ಯ ರಾಜಾ ಸಮಿವ ಬಾಂಧವಮ್‌ ಟ ಸಭಾರ್ಯಃ ಶೋಕಮೋಹಾರ್ತಃ ಪರ್ಯದೇವಯದಾತುರಃ 11೧॥!   -518- ಮಹಾಭಾರತ ಆದಿಪರ್ವ   ರಾಜನಾದ ಪಾಂಡುವು ಮೃತನಾದ ಯಷಿಪುತ್ರನಾದ ಕಿಂದಮನನ್ನು ತನ್ನ ಬಂಧುವಿನಂತೆ ಭಾವಿಸಿ ಪತ್ನಿಯರೊಡಗೂಡಿ ಶೋಕಮೋಹಗಳಿಂದ ಕೂಡಿದವನಾಗಿ ವಿಹಲನಾಗಿ ಗೋಳಾಡಿದನು.   ಪಾಂಡುಃ  ",G20-S01,source-linked narrative draft; passage completeness NOT certified,heading_observed_not_scan_verified,"Compare every verse, explanation, named entry and commentary point with source. A citation range overlap is not proof that all content is spoken.",
Adi113,2,113,MAHABHARATA-2-AADIPARVA_djvu.txt,25380,26087,"(ಗಾಂಧಾರಿಯ ಗರ್ಭಧಾರಣೆ, ಪಾಂಡುವಿಗೆ ಪುತ್ರಚಿಂತೆ, ಕುಂತಿಯಿಂದ ಪಾಂಡುವನ್ನು ಕುರಿತು ವ್ಯಷಿತಾಶಚರಿತ ನಿರೂಪಣೆ.)",G20-S02 | G20-S03,source-linked narrative draft; passage completeness NOT certified,heading_observed_not_scan_verified,"Compare every verse, explanation, named entry and commentary point with source. A citation range overlap is not proof that all content is spoken.",
Adi114,2,114,MAHABHARATA-2-AADIPARVA_djvu.txt,26088,26958,"(ಪಾಂಡುವಿನ ಉತ್ತರ, ಉದ್ದಾಲಕರ ಕಥೆ, ಕುಂತಿಯಿಂದ ದುರ್ವಾಸರಿಂದ ಮಂತ್ರಪ್ರಾಪ್ತಿಯ ಕಥನ.)",G20-S04 | G20-S05,source-linked narrative draft; passage completeness NOT certified,heading_observed_not_scan_verified,"Compare every verse, explanation, named entry and commentary point with source. A citation range overlap is not proof that all content is spoken.",
Adi115,2,115,MAHABHARATA-2-AADIPARVA_djvu.txt,26959,27778,"(ಪಾಂಡುವಿನ ಹರ್ಷ, ಯಮ ವಾಯುಗಳಿಂದ ಕುಂತಿಯಲ್ಲಿ ಯುಧಿಷ್ಠಿರ ಭೀಮಸೇನರ ಉತ್ಪತ್ತಿ. ಅಶರೀರವಾಣಿ.)",G20-S05 | G20-S06 | G20-S07 | G20-S08,source-linked narrative draft; passage completeness NOT certified,heading_observed_not_scan_verified,"Compare every verse, explanation, named entry and commentary point with source. A citation range overlap is not proof that all content is spoken.",
Adi116,2,116,MAHABHARATA-2-AADIPARVA_djvu.txt,27779,27933,(ಗಾಂಧಾರಿಯಲ್ಲಿದುಶ್ಶಲೆಯ ಜನನ.),G20-S09,source-linked narrative draft; passage completeness NOT certified,heading_observed_not_scan_verified,"Compare every verse, explanation, named entry and commentary point with source. A citation range overlap is not proof that all content is spoken.",
Adi117,2,117,MAHABHARATA-2-AADIPARVA_djvu.txt,27934,28179,"(ದುರ್ಯೋಧನಾದಿ ನೂರು ಪುತ್ರರ ನಾಮ ಕಥನ, ಜಯದ್ರಥ ದುಶ್ಕಲೆಯರ   ವಿವಾಹ. )",G20-S09 | C117-S01 | C117-S02 | C117-S03 | C117-S04 | C117-S05 | C117-S06 | C117-S07 | C117-S08 | C117-S09 | C117-S10 | C117-S11 | C117-S12 | C117-S13,source-linked narrative draft; passage completeness NOT certified,heading_observed_not_scan_verified,"Compare every verse, explanation, named entry and commentary point with source. A citation range overlap is not proof that all content is spoken.",
Adi118,2,118,MAHABHARATA-2-AADIPARVA_djvu.txt,28180,29028,(ಕುಂತಿಯಲ್ಲಿಇಂದ್ರನಿಂದ ಅರ್ಜುನನ ಉತ್ಪತ್ತಿ ಮತ್ತು ಅಶರೀರವಾಣಿ.),G20-S10,source-linked narrative draft; passage completeness NOT certified,heading_observed_not_scan_verified,"Compare every verse, explanation, named entry and commentary point with source. A citation range overlap is not proof that all content is spoken.",
Adi119,2,119,MAHABHARATA-2-AADIPARVA_djvu.txt,29029,29566,"(ಅಶ್ವಿನೀದೇವತೆಗಳಿಂದ ಮಾದ್ರಿಯಲ್ಲಿನಕುಲ ಸಹದೇವರ ಜನನ, ಪಾಂಡವರ ನಾಮಕರಣ, ಉಪನಯನ ಸಂಸ್ಕಾರ, ಮತ್ತು ಶರ್ಯಾತಿಯ ಪುತ್ರನಾದ ಶುಕನಿಂದ ಶಸ್ತ್ರಾಭ್ಯಾಸ.)",G20-S11 | G20-S12,source-linked narrative draft; passage completeness NOT certified,heading_observed_not_scan_verified,"Compare every verse, explanation, named entry and commentary point with source. A citation range overlap is not proof that all content is spoken.",
Adi120,2,120,MAHABHARATA-2-AADIPARVA_djvu.txt,29567,29813,(ಯುಧಿಷ್ಠಿರ ಮೊದಲಾದವರ ಆಯುರ್ಭಾವ ಕಥನ.),G21-S01,source-linked narrative draft; passage completeness NOT certified,heading_observed_not_scan_verified,"Compare every verse, explanation, named entry and commentary point with source. A citation range overlap is not proof that all content is spoken.",
Adi121,2,121,MAHABHARATA-2-AADIPARVA_djvu.txt,29814,30816,"(ಪಾಂಡುವಿನ ಮರಣ, ಮಾದ್ರಿಯ ಸಹಗಮನ, ಉತ್ತರಕ್ರಿಯೆ.)",G21-S02 | G21-S03 | G21-S04 | G21-S06,source-linked narrative draft; passage completeness NOT certified,heading_observed_not_scan_verified,"Compare every verse, explanation, named entry and commentary point with source. A citation range overlap is not proof that all content is spoken.",
Adi122,2,122,MAHABHARATA-2-AADIPARVA_djvu.txt,30817,31434,,G21-S05 | G21-S06,source-linked narrative draft; passage completeness NOT certified,heading_observed_not_scan_verified,"Compare every verse, explanation, named entry and commentary point with source. A citation range overlap is not proof that all content is spoken.","Repeated chapter-opening headers in raw OCR: 30817,30900. Do not narrate duplicate as a second event."
Adi123,2,123,MAHABHARATA-2-AADIPARVA_djvu.txt,31435,31783,(ಪಾಂಡು ಮತ್ತು ಮಾದ್ರಿಯರಿಗೆ ರಾಜೋಚಿತ ಉತ್ತರಕ್ರಿಯಾವಿಧಿ.),G21-S07,source-linked narrative draft; passage completeness NOT certified,heading_observed_not_scan_verified,"Compare every verse, explanation, named entry and commentary point with source. A citation range overlap is not proof that all content is spoken.",Heading at31435 ends in stray vertical bar; observed and manually included.
Adi124,2,124,MAHABHARATA-2-AADIPARVA_djvu.txt,31784,32108,"(ಪಾಂಡುವಿಗೆ ಶ್ರಾದ್ದದಾನ, ವ್ಯಾಸರ ಮಾತಿನಂತೆ, ಸತ್ಯವತಿ, ಅಂಬಿಕೆ  ಅಂಬಾಲಿಕೆಯರ ತಪೋವನಗಮನ.)",G21-S07,source-linked narrative draft; passage completeness NOT certified,heading_observed_not_scan_verified,"Compare every verse, explanation, named entry and commentary point with source. A citation range overlap is not proof that all content is spoken.",
Adi125,2,125,MAHABHARATA-2-AADIPARVA_djvu.txt,32109,32546,"(ಕುಮಾರರ ವಿಹಾರ, ಭೀಮನ ಪ್ರಾಬಲ್ಯ, ದುರ್ಯೋಧನನ ಶರ್ಷ್ಯೆ, ಭೀಮನನ್ನು ಕೊಲ್ಲಲು ಪ್ರಯತ್ನ.)",G21-S08 | G21-S09 | G21-S10,source-linked narrative draft; passage completeness NOT certified,heading_observed_not_scan_verified,"Compare every verse, explanation, named entry and commentary point with source. A citation range overlap is not proof that all content is spoken.",
Adi126,2,126,MAHABHARATA-2-AADIPARVA_djvu.txt,32547,33268,"(ದುರ್ಯೋಧನನಿಂದ ಪುನಃ ಭೀಮನಿಗೆ ವಿಷದಾನ, ಭೀಮನ ನಾಗಲೋಕ ಪ್ರಾಪ್ತಿ ಮತ್ತು ಅಲ್ಲಿಸನ್ನಾನ.)",G21-S11 | G21-S12 | G21-S13 | G21-S14,source-linked narrative draft; passage completeness NOT certified,heading_observed_not_scan_verified,"Compare every verse, explanation, named entry and commentary point with source. A citation range overlap is not proof that all content is spoken.",
Adi127,2,127,MAHABHARATA-2-AADIPARVA_djvu.txt,33269,33794,(ಗೌತಮರಿಂದ ಶರಸ್ತಂಬದಲ್ಲಿಕೃಪ ಮತ್ತು ಕೃಪಿಯರ ಜನನ. ಶಂತನುವಿನಿಂದ ಆ ಶಿಶುಗಳ ಸೀಕಾರ -),G21-S15,source-linked narrative draft; passage completeness NOT certified,heading_observed_not_scan_verified,"Compare every verse, explanation, named entry and commentary point with source. A citation range overlap is not proof that all content is spoken.",
Adi128,2,128,MAHABHARATA-2-AADIPARVA_djvu.txt,33795,34212,"(ದ್ರೋಣರ ಉತ್ಪತ್ತಿ, ಪರಶುರಾಮರಿಂದ ಅಸ್ವಪ್ರಾಪ್ತಿ. ಅಶ್ಚತ್ಥಾಮರ ಜನನ.)",G22-S01 | G22-S02 | G22-S03 | G22-S05,source-linked narrative draft; passage completeness NOT certified,heading_observed_not_scan_verified,"Compare every verse, explanation, named entry and commentary point with source. A citation range overlap is not proof that all content is spoken.",
Adi129,2,129,MAHABHARATA-2-AADIPARVA_djvu.txt,34213,34495,"(ದ್ರುಪದನಿಂದ ದ್ರೋಣರಿಗೆ ಅವಮಾನ, ದ್ರೋಣರ ಹಸ್ತಿನಪುರಗಮನ.)",G22-S06,source-linked narrative draft; passage completeness NOT certified,heading_observed_not_scan_verified,"Compare every verse, explanation, named entry and commentary point with source. A citation range overlap is not proof that all content is spoken.",
Adi130,2,130,MAHABHARATA-2-AADIPARVA_djvu.txt,34496,35231,"(ದ್ರೋಣ ಮತ್ತು ರಾಜಕುಮಾರರ ಸಮಾಗಮ, ದ್ರೋಣರ ಕೌಶಲ, ಭೀಷ್ಮರ ಆದೇಶದಂತೆ ಎಲ್ಲಾಕುಮಾರರಿಗೆ ದ್ರೋಣರಲ್ಲಿ ಶಿಷ್ಯವೃತ್ತಿ.)",G22-S02 | G22-S04 | G22-S07 | G22-S08 | G22-S09,source-linked narrative draft; passage completeness NOT certified,heading_observed_not_scan_verified,"Compare every verse, explanation, named entry and commentary point with source. A citation range overlap is not proof that all content is spoken.",
Adi131,2,131,MAHABHARATA-2-AADIPARVA_djvu.txt,35232,35620,"(ಏಕಲವ್ಯಕಥಾ, ಅವನ ಗುರುಭಕ್ತಿ ಮತ್ತು ಗುರುದಕ್ಷಿಣಾದಾನ)",G22-S10 | G22-S11 | G22-S12 | G22-S13,source-linked narrative draft; passage completeness NOT certified,heading_observed_not_scan_verified,"Compare every verse, explanation, named entry and commentary point with source. A citation range overlap is not proof that all content is spoken.",
Adi132,3,132,MAHABHARATA-3-AADIPARVA_djvu.txt,812,1279,"(ದ್ರೋಣರಿಂದ ಅರ್ಜುನನ ಪರೀಕ್ಷೆ, . ಅರ್ಜುನನ ಅತಿಶಯ. ಅರ್ಜುನನಿಂದ ಲಕ್ಷ $ವೇಧ. ಬ್ರಹ್ಮಶಿರಸ್‌ ಅಸ್ಪದ ಪ್ರಾಪ್ತಿ.)",G23-S01 | G23-S02,source-linked narrative draft; passage completeness NOT certified,heading_observed_not_scan_verified,"Compare every verse, explanation, named entry and commentary point with source. A citation range overlap is not proof that all content is spoken.",
Adi133,3,133,MAHABHARATA-3-AADIPARVA_djvu.txt,1280,1742,"(ಕುಮಾರರಿಂದ ಅಸ್ಪಕೌಶಲ ಪ್ರದರ್ಶನ, ಯುಧಿಷ್ಠಿರ ಪರೀಕ್ಷೆ, ಭೀಮ ದುರ್ಯೋಧನರ ರಂಗ ಪ್ರವೇಶ)",G23-S03,source-linked narrative draft; passage completeness NOT certified,heading_observed_not_scan_verified,"Compare every verse, explanation, named entry and commentary point with source. A citation range overlap is not proof that all content is spoken.",
Adi134,3,134,MAHABHARATA-3-AADIPARVA_djvu.txt,1743,2131,"(ಭೀಮದುರ್ಯೋಧನರ ಸಲುವಾಗಿ ಪ್ರೇಕ್ಷಕದೆ ಶೈಧೀಭಾವ, ಅಶಶ್ನಾಮರಿಂದ  ಸಮಾಧಾನ, ಅರ್ಜುನನ ರಂಗಪ್ರವೇಶ ಮತ್ತು ಕೌಶಲ ಪ್ರದರ್ಶನ)",G23-S04,source-linked narrative draft; passage completeness NOT certified,heading_observed_not_scan_verified,"Compare every verse, explanation, named entry and commentary point with source. A citation range overlap is not proof that all content is spoken.",
Adi135,3,135,MAHABHARATA-3-AADIPARVA_djvu.txt,2132,2600,"(ಕರ್ಣನ ರಂಗಪ್ರವೇಶ, ಅರ್ಜುನನನ್ನು ಮೀರಿಸಿ ಕೌಶಲ ಪ್ರದರ್ಶನ,   ಕರ್ಣಾರ್ಜುನರ ವಿರೋಧ, ದುರ್ಯೋಧನನಿಂದ ಅಂಗರಾಜ್ಯದಲ್ಲಿ ಕರ್ಣನ ಅಭಿಷೇಕ)",G23-S05 | G23-S06,source-linked narrative draft; passage completeness NOT certified,heading_observed_not_scan_verified,"Compare every verse, explanation, named entry and commentary point with source. A citation range overlap is not proof that all content is spoken.",
Adi136,3,136,MAHABHARATA-3-AADIPARVA_djvu.txt,2601,3177,"(ಕರ್ಣನ ತಂದೆಯಾದ ಅಧಿರಥನ ರಂಗಪ್ರವೇಶ, ಅವನಿಗೆ ಕರ್ಣನ ನಮಸ್ಕಾರ, ಭೀಮಸೇನನ ಮೂದಲಿಕೆಯ ಮಾತುಗಳು, ರಂಗದಿಂದ ಎಲ್ಲರ ನಿರ್ಗಮನ.)",G23-S07 | G23-S08,source-linked narrative draft; passage completeness NOT certified,heading_observed_not_scan_verified,"Compare every verse, explanation, named entry and commentary point with source. A citation range overlap is not proof that all content is spoken.",
Adi137,3,137,MAHABHARATA-3-AADIPARVA_djvu.txt,3178,4650,"(ದ್ರೋಣರಿಗೆ ಗುರುದಕ್ಷಿಣದಾನ ಪ್ರಸಂಗ, ದುರ್ಯೋಧನಾದಿಗಳ ಪರಾಜಯ, ಭೀಮಾರ್ಜುನರ ಜಯ, ದ್ರೋಣದ್ರುಪದ ಸಂವಾದ, ದ್ರೋಣರಿಂದ ದ್ರುಪದನ ಅರ್ಧರಾಜ್ಯ ಸ್ವೀಕಾರ.)",G24-S01 | G24-S02 | G24-S03,source-linked narrative draft; passage completeness NOT certified,heading_observed_not_scan_verified,"Compare every verse, explanation, named entry and commentary point with source. A citation range overlap is not proof that all content is spoken.",
Adi138,3,138,MAHABHARATA-3-AADIPARVA_djvu.txt,4651,5384,"(ದ್ರುಪದನಿಂದ ಯಾಜಾನುಯಾಜರ ವರಣ, ಧೃಷ್ಟದ್ಯುಮ್ನ ಮತ್ತು ದ್ರೌಪದಿಯರ ಉತ್ಪತ್ತಿ)",G24-S04,source-linked narrative draft; passage completeness NOT certified,heading_observed_not_scan_verified,"Compare every verse, explanation, named entry and commentary point with source. A citation range overlap is not proof that all content is spoken.",
Adi139,3,139,MAHABHARATA-3-AADIPARVA_djvu.txt,5385,5682,(ತಪಸ್ಸು ಮಾಡುತ್ತಿದ್ದ ಪಾಂಚಾಲರಾಜನಾದ ಪೃಷತನಿಗೆ ಮೇನಕೆಯ ದರ್ಶನದಿಂದ ದ್ರುಪದನ ಉತ್ಪತ್ತಿ.),G24-S04 | A101-S01 | A101-S02 | A101-S03,source-linked narrative draft; passage completeness NOT certified,heading_observed_not_scan_verified,"Compare every verse, explanation, named entry and commentary point with source. A citation range overlap is not proof that all content is spoken.",
Adi140,3,140,MAHABHARATA-3-AADIPARVA_djvu.txt,5683,6194,"(ಯುಧಿಷ್ಠಿರನಿಗೆ ಯೌವರಾಜ್ಯಾಭಿಷೇಕ, ಬಲರಾಮನಲ್ಲಿ ಭೀಮಸೇನನ ಗದಾಭ್ಯಾಸ, ದ್ರೋಣರಿಂದ ಅರ್ಜುನನಿಗೆ ಬ್ರಹ್ಮಶಿರ ಅಸ್ಪಪ್ರಾಪ್ತಿ. ಭೀಮಾರ್ಜುನ ವಿಜಯ, ದುರ್ಯೋಧನನ ಅಸೂಯೆ, ಧೃತರಾಷ್ಟ್ರನ ಬುದ್ಧಿಭೇದ)",G24-S05,source-linked narrative draft; passage completeness NOT certified,heading_observed_not_scan_verified,"Compare every verse, explanation, named entry and commentary point with source. A citation range overlap is not proof that all content is spoken.",
Adi141,3,141,MAHABHARATA-3-AADIPARVA_djvu.txt,6195,6567,"(ಯುಧಿಷ್ಠಿರನ ಅಭಿಷೇಕವನ್ನು ನೋಡಿ ದುರ್ಯೋಧನನ ಅಸೂಯೆ, ಧೃತರಾಷ್ಟ್ರನ ಜೊತೆಯಲ್ಲಿಸಂವಾದ, ಧೃತರಾಷ್ಟ್ರನ ಚಂಚಲಮನಸ್ಥಿತಿಃ)",G24-S06,source-linked narrative draft; passage completeness NOT certified,heading_observed_not_scan_verified,"Compare every verse, explanation, named entry and commentary point with source. A citation range overlap is not proof that all content is spoken.",
Adi142,3,142,MAHABHARATA-3-AADIPARVA_djvu.txt,6568,7657,(ಕಣಿಕ ನೀತಿ),G24-S07 | G24-S08 | G24-S09 | G24-S10 | G24-S11,source-linked narrative draft; passage completeness NOT certified,heading_observed_not_scan_verified,"Compare every verse, explanation, named entry and commentary point with source. A citation range overlap is not proof that all content is spoken.",
Adi143,3,143,MAHABHARATA-3-AADIPARVA_djvu.txt,7658,8157,"(ಕಣಿಂಕನ ನೀತಿಯ ಪ್ರಭಾವದಿಂದ ಪಾಂಡವರನ್ನು ವಾರಣಾವತಕ್ಕೆ ಕಳುಹಿಸುವಂತೆ ದುರ್ಯೋಧನನ ಆಗ್ರಹ, ಧೃತರಾಷ್ಟ್ರನ ಲೋಕಾಪವಾದ ಭೀತಿ, ಕೊನೆಗೆ ಪಾಂಡವರಿಗೆ ವಾರಣಾವತಕ್ಕೆ ಹೋಗಲು ಆದೇಶ )",G25-S01,source-linked narrative draft; passage completeness NOT certified,heading_observed_not_scan_verified,"Compare every verse, explanation, named entry and commentary point with source. A citation range overlap is not proof that all content is spoken.",
Adi144,3,144,MAHABHARATA-3-AADIPARVA_djvu.txt,8158,8358,"(ದುರ್ಯೋಧನನ ಹರ್ಷ, ವಾರಣಾವತದಲ್ಲಿಅರಗಿನ ಮನೆಯನ್ನು ಕಟ್ಟಲು ಪುರೋಚನನಿಗೆ ಆದೇಶ)",G25-S01,source-linked narrative draft; passage completeness NOT certified,heading_observed_not_scan_verified,"Compare every verse, explanation, named entry and commentary point with source. A citation range overlap is not proof that all content is spoken.",
Adi145,3,145,MAHABHARATA-3-AADIPARVA_djvu.txt,8359,8695,"(ವಾರಣಾವತಕ್ಕೆ ಯುಧಿಷ್ಠಿರಾದಿಗಳ ಪ್ರಯಾಣ, ಪೌರರ ಅನುಗಮನ ಮತ್ತು  ಪ್ರತಿನಿವೃತ್ತಿ, ಮ್ಲೇಚ್ಛಭಾಷೆಯಿಂದ ವಿದುರನ ಉಪದೇಶ)",G25-S02,source-linked narrative draft; passage completeness NOT certified,heading_observed_not_scan_verified,"Compare every verse, explanation, named entry and commentary point with source. A citation range overlap is not proof that all content is spoken.",
Adi146,3,146,MAHABHARATA-3-AADIPARVA_djvu.txt,8696,9056,"(ವಾರಣಾವತನಿವಾಸಿಗಳಿಂದ ಪಾಂಡವರ ಸತ್ಕಾರ ಮತ್ತು ಸ್ವೀಕಾರ, ಹತ್ತು ದಿನಗಳು ಕಳೆದ ಮೇಲೆ ಜತುಗೃಹಪ್ರವೇಶ, ಭೀಮ ಯುಧಿಷ್ಠಿರರಿಗೆ ಗೃಹದ ಸತ್ಯತೆಯ ಜ್ಞಾನ, ಧರ್ಮರಾಜನ ಉಪದೇಶ)",G25-S03,source-linked narrative draft; passage completeness NOT certified,heading_observed_not_scan_verified,"Compare every verse, explanation, named entry and commentary point with source. A citation range overlap is not proof that all content is spoken.",
Adi147,3,147,MAHABHARATA-3-AADIPARVA_djvu.txt,9057,9456,(ವಿದುರನ ಆಪ್ತನಾದ ಖನಕನಿಂದ ಸುರಂಗ ನಿರ್ಮಾಣ),G25-S04,source-linked narrative draft; passage completeness NOT certified,heading_observed_not_scan_verified,"Compare every verse, explanation, named entry and commentary point with source. A citation range overlap is not proof that all content is spoken.",
Adi148,3,148,MAHABHARATA-3-AADIPARVA_djvu.txt,9457,9695,(ಜತುಗೃಹಕ್ಕೆ ಅಗ್ನಿಸ್ಪರ್ಶ ಮಾಡಿ ಪಾಂಡವರ ಪಲಾಯನ),G25-S05 | G25-S06,source-linked narrative draft; passage completeness NOT certified,heading_observed_not_scan_verified,"Compare every verse, explanation, named entry and commentary point with source. A citation range overlap is not proof that all content is spoken.",
Adi149,3,149,MAHABHARATA-3-AADIPARVA_djvu.txt,9696,9883,(ವಿದುರನು ಕಳುಹಿಸಿದ ನಾವಿಕನಿಂದ ಪಾಂಡವರ ಗಂಗಾತರಣ ಮತ್ತು ವನಪ್ರವೇಶ),G25-S06,source-linked narrative draft; passage completeness NOT certified,heading_observed_not_scan_verified,"Compare every verse, explanation, named entry and commentary point with source. A citation range overlap is not proof that all content is spoken.",
Adi150,3,150,MAHABHARATA-3-AADIPARVA_djvu.txt,9884,10414,"(ಪ್ರಾತಃಕಾಲದಲ್ಲಿ ಧೃತರಾಷ್ಟ್ರನಿಗೆ ಪಾಂಡವರ ಮರಣದ ವಾರ್ತೆಯ ಹರಣ. ಬಂಧುಗಳಿಂದ ಪಾಂಡವರಿಗೆ ಉದಕ ಕ್ರಿಯ, ಭೀಷ್ಠರ ರೋದನ, ವಿದುರನಿಂದ ಸಾಂತ್ವನ.)",G25-S07,source-linked narrative draft; passage completeness NOT certified,heading_observed_not_scan_verified,"Compare every verse, explanation, named entry and commentary point with source. A citation range overlap is not proof that all content is spoken.",
Adi151,3,151,MAHABHARATA-3-AADIPARVA_djvu.txt,10415,10558,"(ದಾಹವನ್ನು ತಿಳಿದು ದುರ್ಯೋಧನಾದಿಗಳ ಹರ್ಷ, ಭೀಷ್ಠ ವಿದುರರಿಗೆ ಸತ್ಯವನ್ನುತಿಳಿದು ಹರ್ಷ, ಕಾಡಿನಲ್ಲಿಭೀಮಸೇನನ ಧಾವನ)",G25-S07,source-linked narrative draft; passage completeness NOT certified,heading_observed_not_scan_verified,"Compare every verse, explanation, named entry and commentary point with source. A citation range overlap is not proof that all content is spoken.",
Adi152,3,152,MAHABHARATA-3-AADIPARVA_djvu.txt,10559,10975,"(ತೃಷಾರ್ತರಾದ ತಾಯಿಯನ್ನೂ ಸಹೋದರರನ್ನೂ ಒಂದೆಡೆ ಕೂಡಿಸಿ ಜಲವನ್ನು ತರಲು ಭೀಮನ ಗಮನ, ಭೀಮನು ಜಲವನ್ನು ತರುವ ವೇಳೆಗೆ ಅವರ ನಿದ್ರೆ ಮತ್ತು ಭೀಮನ ವಿಲಾಪ )",G25-S08,source-linked narrative draft; passage completeness NOT certified,heading_observed_not_scan_verified,"Compare every verse, explanation, named entry and commentary point with source. A citation range overlap is not proof that all content is spoken.",
Adi153,3,153,MAHABHARATA-3-AADIPARVA_djvu.txt,10976,11416,"(ಪಾಂಡವರು ಮಲಗಿದ್ದಕಡೆಗೆ ಹಿಡಿಂಬೆಯ ಪ್ರವೇಶ, ಭೀಮ ಹಿಡಿಂಬೆಯರ ಸಂವಾದ)",G26-S01,source-linked narrative draft; passage completeness NOT certified,heading_observed_not_scan_verified,"Compare every verse, explanation, named entry and commentary point with source. A citation range overlap is not proof that all content is spoken.",
Adi154,3,154,MAHABHARATA-3-AADIPARVA_djvu.txt,11417,11717,(ಹಿಡಂಬಿಯು ವಿಳಂಬ ಮಾಡುತ್ತಿರಲು ಅಲ್ಲಿಗೆ ಹಿಡಿಂಬನ ಆಗಮನ),G26-S02,source-linked narrative draft; passage completeness NOT certified,heading_observed_not_scan_verified,"Compare every verse, explanation, named entry and commentary point with source. A citation range overlap is not proof that all content is spoken.",
Adi155,3,155,MAHABHARATA-3-AADIPARVA_djvu.txt,11718,12020,"(ಭೀಮ ಹಿಡಿಂಬರ ವಿವಾದ, ಅವರ ಯುದ್ಧದ ಪ್ರಾರಂಭ, ಪಾಂಡವರ ಎಚ್ಚರಿಕೆ)",G26-S03,source-linked narrative draft; passage completeness NOT certified,heading_observed_not_scan_verified,"Compare every verse, explanation, named entry and commentary point with source. A citation range overlap is not proof that all content is spoken.",
Adi156,3,156,MAHABHARATA-3-AADIPARVA_djvu.txt,12021,12504,"(ಕುಂತಿ ಹಿಡಿಂಬಾ ಸಂವಾದ, ಹಿಡಿಂಬ ಭೀಮ ಯುದ್ದ, ಅರ್ಜುನನನ್ನು  ನಿರಾಕರಿಸಿ ಭೀಮಸೇನನಿಂದ ಹಿಡಿಂಬನ ವಧೆ)",G26-S03 | G26-S04,source-linked narrative draft; passage completeness NOT certified,heading_observed_not_scan_verified,"Compare every verse, explanation, named entry and commentary point with source. A citation range overlap is not proof that all content is spoken.",
Adi157,3,157,MAHABHARATA-3-AADIPARVA_djvu.txt,12505,12910,"(ಹಿಡಿಂಬೆಯಿಂದ ತನ್ನ ದಿವ್ಯಜ್ಞಾನದ ಆವಿಷ್ಕಾರ, ಭೀಮನು ಅವಳನ್ನು ಸ್ವೀಕರಿಸಲು  ಕುಂತಿಯ ಸಮೃತಿ ಮತ್ತು ಧರ್ಮರಾಜನ ಸಮಯಬಂಧ)",G26-S04,source-linked narrative draft; passage completeness NOT certified,heading_observed_not_scan_verified,"Compare every verse, explanation, named entry and commentary point with source. A citation range overlap is not proof that all content is spoken.",
Adi158,3,158,MAHABHARATA-3-AADIPARVA_djvu.txt,12911,13529,"(ಪಾಂಡವರಿಂದ ಶಾಲಿಹೋತ್ತಸರೋವರಪ್ರಾಪ್ತಿ, ಭೀಮಹಿಡಿಂಬಿಯರ ವಿಹಾರ, ವ್ಯಾಸರ ಆಗಮನ ಮತ್ತು ಆಶ್ವಾಸನ)",G26-S05 | G26-S06,source-linked narrative draft; passage completeness NOT certified,heading_observed_not_scan_verified,"Compare every verse, explanation, named entry and commentary point with source. A citation range overlap is not proof that all content is spoken.",
Adi159,3,159,MAHABHARATA-3-AADIPARVA_djvu.txt,13530,13733,"(ವ್ಯಾಸರ ನಿರ್ಗಮನ, ಶಾಲಿಹೋತ್ರಾಶ್ರಮದಲ್ಲಿ ಪಾಂಡವರ ವಾಸ, ಘಟೋತ್ಸಚನ ಜನನ)",G26-S06 | G26-S07 | G26-S08,source-linked narrative draft; passage completeness NOT certified,heading_observed_not_scan_verified,"Compare every verse, explanation, named entry and commentary point with source. A citation range overlap is not proof that all content is spoken.",
Adi160,3,160,MAHABHARATA-3-AADIPARVA_djvu.txt,13734,14066,"(ಘಟೋತ್ಸಚ ಮತ್ತು ಹಿಡಿಂಬಿಯರ ಗಮನ, ಬ್ರಾಹ್ಮಣ ವೇಷದಿಂದ ಪಾಂಡವರ ಏಕಚಕ್ರನಗರ ಗಮನ, ಮಾರ್ಗದಲ್ಲಿವ್ಯಾಸರ ದರ್ಶನ, ಏಕಚಕ್ರನಗರದಲ್ಲಿ ಬ್ರಾಹ್ಮಣನ ಮನೆಯಲ್ಲಿಅವರನ್ನಿಟ್ಟುವ್ಯಾಸರ ಗಮನ)",G27-S01,source-linked narrative draft; passage completeness NOT certified,heading_observed_not_scan_verified,"Compare every verse, explanation, named entry and commentary point with source. A citation range overlap is not proof that all content is spoken.",
Adi161,3,161,MAHABHARATA-3-AADIPARVA_djvu.txt,14067,14615,"(ಪಾಂಡವರ ಭೈಕ್ಷಚರ್ಯೆ, ಪುರವಾಸಿಗಳ ಪ್ರೀತಿ, ಬ್ರಾಹ್ಮಣ ಗೃಹದಲ್ಲಿ ಆರ್ತನಾದ, ಕಾರಣವನ್ನು ತಿಳಿಯಲು ಕುಂತಿಯ ಪ್ರವೇಶ)",G27-S02,source-linked narrative draft; passage completeness NOT certified,heading_observed_not_scan_verified,"Compare every verse, explanation, named entry and commentary point with source. A citation range overlap is not proof that all content is spoken.",
Adi162,3,162,MAHABHARATA-3-AADIPARVA_djvu.txt,14616,15042,"(ತನ್ನನ್ನು ಕಳುಹಿಸಿಕೊಡುವಂತೆ ಪತ್ನಿಯ ಒತ್ತಾಯ, ಬ್ರಾಹ್ಮಣನಿಂದ ನಿರಾಕರಣೆ)",G27-S02,source-linked narrative draft; passage completeness NOT certified,heading_observed_not_scan_verified,"Compare every verse, explanation, named entry and commentary point with source. A citation range overlap is not proof that all content is spoken.",
Adi163,3,163,MAHABHARATA-3-AADIPARVA_djvu.txt,15043,15604,"(ಕನ್ಯೆಯ ವಚನ, ಬಾಲಕನ ವಚನ, ಕುಂತಿಯ ಪ್ರವೇಶ, ಬ್ರಾಹ್ಮಣನಿಂದ ಬಕವೃತ್ತಾಂತ ಕಥನ)",G27-S03,source-linked narrative draft; passage completeness NOT certified,heading_observed_not_scan_verified,"Compare every verse, explanation, named entry and commentary point with source. A citation range overlap is not proof that all content is spoken.",
Adi164,3,164,MAHABHARATA-3-AADIPARVA_djvu.txt,15605,15920,(ತನ್ನ ಒಬ್ಬಪುತ್ರನನ್ನುಕಳುಹಿಸುವುದಾಗಿ ಹೇಳಿ ಬ್ರಾಹ್ಮಣನಿಗೆ ಕುಂತಿಯ ಆಶ್ವಾಸನೆ),G27-S04,source-linked narrative draft; passage completeness NOT certified,heading_observed_not_scan_verified,"Compare every verse, explanation, named entry and commentary point with source. A citation range overlap is not proof that all content is spoken.",
Adi165,3,165,MAHABHARATA-3-AADIPARVA_djvu.txt,15921,16749,"(ಭೀಮನ ಮುಖ ಅರಳಿರುವುದನ್ನುನೋಡಿ ಧರ್ಮರಾಜನ ಶಂಕೆ, ಕುಂತಿಯಿಂದ ಸಮಾಧಾನ, ಬಂಡಿ ಅನ್ನವನ್ನುತೆಗೆದುಕೊಂಡು ಬಕನ ಸಮೀಪಕ್ಕೆ ಹೋಗಿ ಭೀಮನಿಂದ ಭಕ್ಷಣ)",G27-S05 | G27-S06,source-linked narrative draft; passage completeness NOT certified,heading_observed_not_scan_verified,"Compare every verse, explanation, named entry and commentary point with source. A citation range overlap is not proof that all content is spoken.",
Adi166,3,166,MAHABHARATA-3-AADIPARVA_djvu.txt,16750,17038,(ಭೀಮ ಬಕರ ಯುದ್ಧಮತ್ತು ಬಕವಧೆ ),G27-S07,source-linked narrative draft; passage completeness NOT certified,heading_observed_not_scan_verified,"Compare every verse, explanation, named entry and commentary point with source. A citation range overlap is not proof that all content is spoken.",
Adi167,3,167,MAHABHARATA-3-AADIPARVA_djvu.txt,17039,17322,"(ಶರಣಾಗತರಾದ ಬಕಪರಿವಾರಕ್ಕೆ ಭೀಮನಿಂದ ಅಭಯದಾನ ಮತ್ತು ನಿಯಮ ಬಂಧನ, ಪುನಃ ಕೆಲವು ಕಾಲ ಏಕಚಕ್ರನಗರದಲ್ಲಿವಾಸ )",G27-S08,source-linked narrative draft; passage completeness NOT certified,heading_observed_not_scan_verified,"Compare every verse, explanation, named entry and commentary point with source. A citation range overlap is not proof that all content is spoken.",
Adi168,3,168,MAHABHARATA-3-AADIPARVA_djvu.txt,17323,18262,"(ಪಾಂಡವರು ವಾಸವಾಗಿದ್ದಮನೆಗೆ ಒಬ್ಬಬ್ರಾಹ್ಮಣನ ಪ್ರವೇಶ, ದ್ರೌಪದಿಯ ಸ್ವಯಂವರವನ್ನುಪ್ರಸ್ತಾಪಿಸಿ ಅವನಿಂದ ಧೃಷ್ಟದ್ಯುಮ್ನ ದ್ರೌಪದಿಯರ ಜನನ ಕಥನ.)",G28-S01,source-linked narrative draft; passage completeness NOT certified,heading_observed_not_scan_verified,"Compare every verse, explanation, named entry and commentary point with source. A citation range overlap is not proof that all content is spoken.",
Adi169,3,169,MAHABHARATA-3-AADIPARVA_djvu.txt,18263,18478,(ಜತುಗೃಹದಲ್ಲಿ ಪಾಂಡವರ ದಾಹವನ್ನು ಕೇಳಿ ದ್ರುಪದನ ವಿಷಾದ ಮತ್ತು ಅರ್ಜುನನ ಬಗ್ಗೆ ಚಿಂತೆ),G28-S02,source-linked narrative draft; passage completeness NOT certified,heading_observed_not_scan_verified,"Compare every verse, explanation, named entry and commentary point with source. A citation range overlap is not proof that all content is spoken.",
Adi170,3,170,MAHABHARATA-3-AADIPARVA_djvu.txt,18479,18657,(ಬ್ರಾಹ್ಮಣನಿಂದ ಪಾಂಡವರಿಗೆ ದ್ರುಪದನ ಪುರೋಹಿತರ ಸಮಾಧಾನ ವಚನಗಳ ಕಥನ. ಮತ್ತು ಸಯಂವರ ಘೋಷಣೆಯ ಸೂಚನೆಯ ಕಥನ.),G28-S02,source-linked narrative draft; passage completeness NOT certified,heading_observed_not_scan_verified,"Compare every verse, explanation, named entry and commentary point with source. A citation range overlap is not proof that all content is spoken.",
Adi171,3,171,MAHABHARATA-3-AADIPARVA_djvu.txt,18658,19300,(ಬ್ರಾಹ್ಮಣರ ಜೊತೆಯಲ್ಲಿಪಾಂಚಾಲನಗರವನ್ನುಕುರಿತು ಪಾಂಡವರ ಗಮನ. ವ್ಯಾಸರ ಆಶ್ವಾಸನ ಮತ್ತು ಬ್ರಾಹ್ಮಣರ ಸಂವಾದ),G28-S03,source-linked narrative draft; passage completeness NOT certified,heading_observed_not_scan_verified,"Compare every verse, explanation, named entry and commentary point with source. A citation range overlap is not proof that all content is spoken.",
Adi172,3,172,MAHABHARATA-3-AADIPARVA_djvu.txt,19301,19848,"(ಅರ್ಧರಾತ್ರಿಯಲ್ಲಿ ಪಾಂಡವರ ಗಂಗಾಪ್ರಾಪ್ತಿ. ಚಿತ್ರರಥಗಂಧರ್ವನ ಜೊತೆಯಲ್ಲಿಅರ್ಜುನನ ಯುದ್ಧ, ಚಿತ್ರರಥನ ಪರಾಜಯ. ಆಗ್ನೇಯಾಸ್ವವನ್ನು ಕೊಟ್ಟು ಗಂಧರ್ವನಿಂದ ಅರ್ಜುನನ ಗಾಂಧರ್ವಾಸ್ತಗ್ರಹಣ)",G28-S04 | G28-S05,source-linked narrative draft; passage completeness NOT certified,heading_observed_not_scan_verified,"Compare every verse, explanation, named entry and commentary point with source. A citation range overlap is not proof that all content is spoken.",
Adi173,3,173,MAHABHARATA-3-AADIPARVA_djvu.txt,19849,20103,(ಬ್ರಾಹ್ಮಣ ಪುರಸ್ಕಾರವಿಲ್ಲದಿರುವುದು ಧರ್ಷಣಕ್ಕೆ ಕಾರಣ ಎಂದು ಹೇಳಿ ಪುರೋಹಿತರನ್ನುಸಂಪಾದಿಸಲು ಗಂಧರ್ವನಿಂದ ಸೂಚನೆ.),G28-S06,source-linked narrative draft; passage completeness NOT certified,heading_observed_not_scan_verified,"Compare every verse, explanation, named entry and commentary point with source. A citation range overlap is not proof that all content is spoken.",
Adi174,3,174,MAHABHARATA-3-AADIPARVA_djvu.txt,20104,20545,"(ತಾಪತ್ಯೋಪಾಖ್ಯಾನ, ತಪತೀ ಮತ್ತು ಸಂವರಣರ ಸಮಾಗಮ. ಸಂವರಣನ ವಚನಗಳು, ತಪತಿಯ ಅಂತರ್ಧಾನ.)",G28-S07,source-linked narrative draft; passage completeness NOT certified,heading_observed_not_scan_verified,"Compare every verse, explanation, named entry and commentary point with source. A citation range overlap is not proof that all content is spoken.","Repeated chapter-opening headers in raw OCR: 20104,20191. Do not narrate duplicate as a second event."
Adi175,3,175,MAHABHARATA-3-AADIPARVA_djvu.txt,20546,20735,(ಭೂಮಿಯ ಮೇಲೆ ಬಿದ್ದ ಸಂವರಣನ ಬಳಿಗೆ ತಪತಿಯ ಆಗಮನ ಮತ್ತು ಅವರ ಸಂವಾದ),G28-S08,source-linked narrative draft; passage completeness NOT certified,heading_observed_not_scan_verified,"Compare every verse, explanation, named entry and commentary point with source. A citation range overlap is not proof that all content is spoken.",
Adi176,3,176,MAHABHARATA-3-AADIPARVA_djvu.txt,20736,20914,"(ತಪತಿಯ ಅಂತರ್ಧಾನ, ಸಂವರಣನ ವಿಲಾಪ ಮತ್ತು ಮೂರ್ಛೆ, ಮಂತ್ರಿಯಿಂದ ಸಮಾಧಾನ, ಸಂವರಣನ ತಪಸ್ಸು, ವಸಿಷ್ಠರ ಆಗಮನ)",G29-S01,source-linked narrative draft; passage completeness NOT certified,heading_observed_not_scan_verified,"Compare every verse, explanation, named entry and commentary point with source. A citation range overlap is not proof that all content is spoken.",
Adi177,3,177,MAHABHARATA-3-AADIPARVA_djvu.txt,20915,21205,"(ಸೂರ್ಯನಿಂದ ತಪತಿಯನ್ನು ತಂದು ಸಂವರಣನ ಜೊತೆಯಲ್ಲಿ ವಿವಾಹ. ರಾಜನು ವನದಲ್ಲಿಯೇ ವಿಹರಿಸುತ್ತಿರಲು ರಾಜ್ಯದಲ್ಲಿ ಅನಾವೃಷ್ಟಿ. ವಸಿಷ್ಠರಿಂದ ರಾಜನ ಆನಯನ, ಸುಭಿಕ್ಷೆ.)",G29-S01,source-linked narrative draft; passage completeness NOT certified,heading_observed_not_scan_verified,"Compare every verse, explanation, named entry and commentary point with source. A citation range overlap is not proof that all content is spoken.",
Adi178,3,178,MAHABHARATA-3-AADIPARVA_djvu.txt,21206,21922,"(ಗಂಧರ್ವನಿಂದ ವಿಶ್ವಾಮಿತ್ರೋಪಾಖ್ಯಾನ ಕಥನ. ವಸಿಷ್ಠ ವಿಶ್ವಾಮಿತ್ರರ ವಿರೋಧ, ವಿಶ್ವಾಮಿತ್ರರ ಪರಾಜಯ, ತಪಸಿನಲ್ಲಿನಿಷ್ಠೆ.)",G29-S02,source-linked narrative draft; passage completeness NOT certified,heading_observed_not_scan_verified,"Compare every verse, explanation, named entry and commentary point with source. A citation range overlap is not proof that all content is spoken.",
Adi179,3,179,MAHABHARATA-3-AADIPARVA_djvu.txt,21923,22389,"(ವಸಿಷ್ಠ ವಿಶ್ವಾಮಿತ್ರರ ವಿರೋಧದ ವಿಸ್ತಾರ, ಕಲ್ಮಾಷಪಾದನ ಕಥೆ, ರಾಕ್ಟಸಾವಿಷ್ಣನಾದ ಕಲ್ಲಾಷಪಾದನಿಂದ ವಸಿಷ್ಠರ ಎಲ್ಲಾಮಕ್ಕಳ ಭಕ್ಷಣ. ಆತ್ಮಹತ್ಯೆಯನ್ನು ಮಾಡಿಕೊಳ್ಳಲು ವಸಿಷ್ಠರ ವಿಫಲ ಪ್ರಯತ್ನಗಳು.)",G29-S03 | G29-S04,source-linked narrative draft; passage completeness NOT certified,heading_observed_not_scan_verified,"Compare every verse, explanation, named entry and commentary point with source. A citation range overlap is not proof that all content is spoken.",
Adi180,3,180,MAHABHARATA-3-AADIPARVA_djvu.txt,22390,22885,(ಪುನಃ ಆತ್ಮಹತ್ಯೆಗೆ ವಸಿಷ್ಠರ ವಿಫಲ ಪ್ರಯತ್ನಗಳು. ಅದೃಶ್ಯಂತಿಯ ಜೊತೆಯಲ್ಲಿ ಸಂವಾದ. ಆಶ್ರಮಕ್ಕೆ ಪ್ರತಿನಿವೃತ್ತಿ. ಕಲ್ಲಾಷಪಾದನನ್ನು ರಾಕ್ಟಸನಿಂದ ವಿಮೋಚನೆಗೊಳಿಸಿ ಮದಯಂತಿಯಲ್ಲಿಪುತ್ರೋತ್ಟಾದನೆ),G29-S04,source-linked narrative draft; passage completeness NOT certified,heading_observed_not_scan_verified,"Compare every verse, explanation, named entry and commentary point with source. A citation range overlap is not proof that all content is spoken.",
Adi181,3,181,MAHABHARATA-3-AADIPARVA_djvu.txt,22886,23146,(ಆಶ್ರಮದಲ್ಲಿ ಪರಾಶರರ ಜನನ. ವಸಿಷ್ಠರಿಂದ ಅವರ ಸಾಂತ್ವನ ಕಾರ್ತವೀರ್ಯನ ವಂಶಸ್ಥರಿಂದ ಭೃಗುಕುಲದ ವಧೆ. ಔರ್ವರ ಜನ್ಮ. ಮತ್ತು ಕ್ಷತ್ರಿಯರ ಅಂಧತ್ವ .),G29-S05 | A103-S01,source-linked narrative draft; passage completeness NOT certified,heading_observed_not_scan_verified,"Compare every verse, explanation, named entry and commentary point with source. A citation range overlap is not proof that all content is spoken.",
Adi182,3,182,MAHABHARATA-3-AADIPARVA_djvu.txt,23147,23759,"(ಔರ್ವರ ಅನುಗ್ರಹದಿಂದ ಕ್ಷತ್ರಿಯರಿಗೆ ದೃಷ್ಟಿಪ್ರಾಪ್ತಿ. ಲೋಕವಿನಾಶಕ್ಕಾಗಿ ಔರ್ವರ ತಪಸ್ಸು. ಪಿತ್ಛಗಳ ಮಾತಿನಂತೆ ತಪಸ್ಸನ್ನುನಿಲ್ಲಿಸಿ, ಸಮುದ್ರದಲ್ಲಿಕ್ರೋಧಾಗ್ನಿಯ ವಿಸರ್ಜನೆ. ಪರಾಶರರು ಮಾಡಿದ ರಾಕ್ಷಸ ಸತ್ರ.)",G29-S06 | G29-S07 | A103-S02 | A103-S03,source-linked narrative draft; passage completeness NOT certified,heading_observed_not_scan_verified,"Compare every verse, explanation, named entry and commentary point with source. A citation range overlap is not proof that all content is spoken.",
Adi183,3,183,MAHABHARATA-3-AADIPARVA_djvu.txt,23760,24040,(ಸೌದಾಸನು ತನ್ನ ಭಾರ್ಯೆಯಲ್ಲಿವಸಿಷ್ಠರನ್ನು ನಿಯೋಜಿಸಲು ಬ್ರಾಹ್ಮಣಿಯ ಶಾಪ ಮೊದಲಾದ ವೃತ್ತಾಂತ ಕಥನ.),G29-S08,source-linked narrative draft; passage completeness NOT certified,heading_observed_not_scan_verified,"Compare every verse, explanation, named entry and commentary point with source. A citation range overlap is not proof that all content is spoken.",
Adi184,3,184,MAHABHARATA-3-AADIPARVA_djvu.txt,24041,24492,"(ಗಂಧರ್ವವಚನದಂತೆ ಪಾಂಡವರಿಂದ ಧೌಮ್ಯರ ವರಣ, ಪಾಂಡವರ ಮತ್ತು ಧೌಮ್ಯರ ಹರ್ಷ. ಜೊತೆಯಲ್ಲಿಪಾಂಚಾಲದೇಶಕ್ಕೆ ಗಮನ.)",G30-S01,source-linked narrative draft; passage completeness NOT certified,heading_observed_not_scan_verified,"Compare every verse, explanation, named entry and commentary point with source. A citation range overlap is not proof that all content is spoken.",
Adi185,3,185,MAHABHARATA-3-AADIPARVA_djvu.txt,24493,24984,(ಸ್ವಯಂವರಕ್ಕಾಗಿ ಪಾಂಡವರ ಮತ್ತು ಉಳಿದ ರಾಜರ ದ್ರುಪದಪುರಪ್ರವೇಶ. ಧೃಷ್ಟದ್ಯುಮ್ನನಿಂದ ಸ್ವಯಂವರದ ಘೋಷಣೆ.),G30-S02,source-linked narrative draft; passage completeness NOT certified,heading_observed_not_scan_verified,"Compare every verse, explanation, named entry and commentary point with source. A citation range overlap is not proof that all content is spoken.",
Adi186,3,186,MAHABHARATA-3-AADIPARVA_djvu.txt,24985,25633,"(ಧೃಷ್ಟದ್ಯುಮ್ನನಿಂದ ತಂಗಿಗೆ ಬಂದ ರಾಜರ ಪರಿಚಯ, ಸ್ಪರ್ಧೆಯಿಂದ ಲಕ್ಷ 6ವೇಧವನ್ನು ಮಾಡಲು ಪ್ರಯತ್ನಿಸಿದ ರಾಜರ ವೈಫಲ್ಯ, ಪಾಂಡವರನ್ನು ನೋಡಿ ಕೃಷ್ಣನ ಹರ್ಷ, ಅರ್ಜುನನ ಧನುಸಮೀಪ ಗಮನ)",G30-S03 | G30-S04,source-linked narrative draft; passage completeness NOT certified,heading_observed_not_scan_verified,"Compare every verse, explanation, named entry and commentary point with source. A citation range overlap is not proof that all content is spoken.",
Adi187,3,187,MAHABHARATA-3-AADIPARVA_djvu.txt,25634,26074,"(ಬ್ರಾಹ್ಮಣರು ಅನೇಕ ರೀತಿಯಲ್ಲಿ ಮಾತನಾಡುತ್ತಿರಲು ಅರ್ಜುನನಿಂದ ಲಕ್ಷ್ಯವೇಧ, ಬ್ರಾಹ್ಮಣರ ಹರ್ಷ, ದ್ರೌಪದಿಯಿಂದ ಮಾಲಾರ್ಪಣೆ)",G30-S05,source-linked narrative draft; passage completeness NOT certified,heading_observed_not_scan_verified,"Compare every verse, explanation, named entry and commentary point with source. A citation range overlap is not proof that all content is spoken.",
Adi188,3,188,MAHABHARATA-3-AADIPARVA_djvu.txt,26075,26558,"(ರಾಜರ ಕ್ಲೋಭೆ, ದ್ರುಪದನನ್ನು ಕೊಲ್ಲಲು ಪ್ರಯತ್ನ. ಭೀಮಸೇನನ ಸ್ಥೈರ್ಯ, ಕೃಷ್ಣನಿಂದ ಬಲರಾಮನಿಗೆ ಪಾಂಡವರ ಪ್ರತ್ಯೇಕ ಪರಿಚಯ.)",G30-S06,source-linked narrative draft; passage completeness NOT certified,heading_observed_not_scan_verified,"Compare every verse, explanation, named entry and commentary point with source. A citation range overlap is not proof that all content is spoken.",
Adi189,3,189,MAHABHARATA-3-AADIPARVA_djvu.txt,26559,27091,"(ಕರ್ಣಾರ್ಜುನರ, ಭೀಮಶಲ್ಯರ, ಧರ್ಮರಾಜ ಸುಯೋಧನರ, ದ್ವಂದ್ವ ಯುದ್ಧ, ಕರ್ಣಾದಿಗಳ ಪರಾಜಯ, ಪಶ್ಚಾತ್‌ನಿವೃತ್ತಿ, ಭೀಮಾರ್ಜುನರಿಂದ ದ್ರೌಪದಿಯನ್ನುಕರೆದುಕೊಂಡು ಕುಂತಿಯ ಸಮೀಪಗಮನ)",G30-S07,source-linked narrative draft; passage completeness NOT certified,heading_observed_not_scan_verified,"Compare every verse, explanation, named entry and commentary point with source. A citation range overlap is not proof that all content is spoken.",
Adi190,3,190,MAHABHARATA-3-AADIPARVA_djvu.txt,27092,27528,"(ಭೀಮಾರ್ಜುನರಿಂದ ಕುಂತಿಗೆ ದ್ರೌಪದಿಯ ನಿವೇದನೆ, ಕುಂತಿಯ ವಾಕ್ಯ, ಪಾಂಡವರ ದಿಗ್ಮಮೆ. ಐವರಿಗೂ ಪತ್ನಿಯೆಂಬ ಯುಧಿಷ್ಠಿರನ ನಿಶ್ಚಯ. ಕೃಷ್ಣಬಲರಾಮರ ಆಗಮನ ಮತ್ತು ಕುಶಲ ಪ್ರಶ್ನೆ.)",G30-S08,source-linked narrative draft; passage completeness NOT certified,heading_observed_not_scan_verified,"Compare every verse, explanation, named entry and commentary point with source. A citation range overlap is not proof that all content is spoken.",
Adi191,3,191,MAHABHARATA-3-AADIPARVA_djvu.txt,27529,27774,"(ಧೃಷ್ಟದ್ಯುಮ್ನನಿಂದ ದ್ರೌಪದಿಯನ್ನು ಹಿಂಬಾಲಿಸಿ ಪಾಂಡವರ ಪರೀಕ್ಷಣ, ದ್ರುಪದನ ಬಳಿಗೆ ಪುನರಾಗಮನ)",G30-S09,source-linked narrative draft; passage completeness NOT certified,heading_observed_not_scan_verified,"Compare every verse, explanation, named entry and commentary point with source. A citation range overlap is not proof that all content is spoken.",
Adi192,3,192,MAHABHARATA-3-AADIPARVA_djvu.txt,27775,28137,"(ದೃಷ್ಟದ್ಯುಮನಿಂದ ರಾತ್ರಿಯ ವೃತ್ತಾಂತದ ಕಥನ, ದ್ರುಪದನಿಂದ ಧರ್ಮರಾಜನ ಬಳಿಗೆ ಪುರೋಹಿತನ ಪ್ರೇಷಣ, ಧರ್ಮರಾಜ ಮತ್ತು ಪುರೋಹಿತನ ಸಂವಾದ)",G31-S01,source-linked narrative draft; passage completeness NOT certified,heading_observed_not_scan_verified,"Compare every verse, explanation, named entry and commentary point with source. A citation range overlap is not proof that all content is spoken.",
Adi193,3,193,MAHABHARATA-3-AADIPARVA_djvu.txt,28138,28443,(ದ್ರುಪದನಿಂದ ಪಾಂಡವರ ಪರೀಕ್ಷೆ ಅವರು ಕ್ಚತ್ರಿಯರೆಂದು ನಿರ್ಧಾರ),G31-S02,source-linked narrative draft; passage completeness NOT certified,heading_observed_not_scan_verified,"Compare every verse, explanation, named entry and commentary point with source. A citation range overlap is not proof that all content is spoken.",
Adi194,3,194,MAHABHARATA-3-AADIPARVA_djvu.txt,28444,28858,"(ಧರ್ಮರಾಜನಿಂದ ತಾವು ಪಾಂಡುಪುತ್ರರೆಂದು ಕಥನ, ದ್ರುಪದನ ಹರ್ಷ, ಐದು ಜನರಿಗೆ ದ್ರೌಪದಿಯನ್ನು ಕೊಡಲು ಅಸಂತೋಷ)",G31-S03,source-linked narrative draft; passage completeness NOT certified,heading_observed_not_scan_verified,"Compare every verse, explanation, named entry and commentary point with source. A citation range overlap is not proof that all content is spoken.",
Adi195,3,195,MAHABHARATA-3-AADIPARVA_djvu.txt,28859,29093,"(ವ್ಯಾಸರನ್ನು ಕುರಿತು ದ್ರುಪದನ ಪ್ರಶ್ನೆ ಧರ್ಮರಾಜ ಮತ್ತು ಕುಂತಿಯ ವಚನಗಳು, ವ್ಯಾಸರಿಂದ ದ್ರುಪದನಿಗೆ ಏಕಾಂತದಲ್ಲಿ ಉಪದೇಶ)",G31-S04 | A102-S01,source-linked narrative draft; passage completeness NOT certified,heading_observed_not_scan_verified,"Compare every verse, explanation, named entry and commentary point with source. A citation range overlap is not proof that all content is spoken.",
Adi196,3,196,MAHABHARATA-3-AADIPARVA_djvu.txt,29094,29807,(ವ್ಯಾಸರಿಂದ ಪಂಚಕನ್ಯೋಪಾಖ್ಯಾನ ಪ್ರಾರಂಭ. ಅದರಲ್ಲಿ ನಾಳಾಯನಿಯ ಜನ್ಮ. ಅನಂತರ ಪತಿಸೇವೆಯಿಂದ ನಾಳಾಯನಿಯ ವರಸ್ವೀಕಾರ. ಅನಂತರ ಇಂದ್ರಸೇನೆಯ ಜನ್ಮ. ರುದ್ರದೇವರಿಂದ ಪಂಚಪತ್ನೀತ್ವವರಸ್ವೀಕಾರ.),G31-S05 | G31-S07 | A102-S02 | A102-S03 | A102-S04 | A102-S05,source-linked narrative draft; passage completeness NOT certified,heading_observed_not_scan_verified,"Compare every verse, explanation, named entry and commentary point with source. A citation range overlap is not proof that all content is spoken.",
Adi197,3,197,MAHABHARATA-3-AADIPARVA_djvu.txt,29808,30559,"(ಪಂಚೇಂದ್ರೋಪಾಖ್ಯಾನ - ದೇವತೆಗಳ ಸತ್ರದಲ್ಲಿ ಬ್ರಹ್ಮದೇವರ ವಾಕ್ಯವನ್ನು ಕೇಳಿ ದೇವತೆಗಳಿಂದ ಗಂಗಾಸಮೀಪ ಗಮನ, ಅಲ್ಲಿ ಅಳುತ್ತಿರುವ ವನಿತೆಯ ದರ್ಶನ, ಅವಳನ್ನು ಕರೆದುಕೊಂಡು ರುದ್ರಸಮೀಪಕ್ಕೆ ಗಮನ, ರುದ್ರ ಮತ್ತು ಇಂದ್ರರ ಸಂವಾದ, ರುದ್ರನಿಂದ ಇಂದ್ರನ ನಿಂದೆ, ವ್ಯಾಸರಿಂದ ದ್ರುಪದನಿಗೆ ದಿವ್ಯದೃಷ್ಟಿಯನ್ನು ಕೊಟ್ಟು ಪಂಚೇಂದ್ರರ ಮತ್ತು ಅವರ ಸಮೀಪದಲ್ಲಿ ದ್ರೌಪದಿಯ ದರ್ಶನ, ದ್ರುಪದನ ಸಮಾಧಾನ ಮತ್ತು ಹರ್ಷ)",G31-S06 | G31-S07,source-linked narrative draft; passage completeness NOT certified,heading_observed_not_scan_verified,"Compare every verse, explanation, named entry and commentary point with source. A citation range overlap is not proof that all content is spoken.",
Adi198,3,198,MAHABHARATA-3-AADIPARVA_djvu.txt,30560,31177,"(ವ್ಯಾಸರಿಂದ ದ್ರೌಪದಿಯ ದೇವತಾಂಶತ್ವಸಮರ್ಥನೆ. ದ್ರುಪದನಿಂದ ವ್ಯಾಸರ ಅಭಿಪ್ರಾಯದ ಅಂಗೀಕಾರ, ವಿವಾಹ, ಉಡುಗೊರೆಗಳು ಮತ್ತು ಎಲ್ಲರ ಹರ್ಷ.)",G31-S07 | G31-S08,source-linked narrative draft; passage completeness NOT certified,heading_observed_not_scan_verified,"Compare every verse, explanation, named entry and commentary point with source. A citation range overlap is not proof that all content is spoken.",
Adi199,3,199,MAHABHARATA-3-AADIPARVA_djvu.txt,31178,31350,(ದ್ರೌಪದಿಗೆ ಕುಂತಿಯ ಆಶೀರ್ವಾದ. ಕೃಷ್ಣನು ಕಳುಹಿಸಿದ ಉಡುಗೊರೆಗಳು.),G31-S09,source-linked narrative draft; passage completeness NOT certified,heading_observed_not_scan_verified,"Compare every verse, explanation, named entry and commentary point with source. A citation range overlap is not proof that all content is spoken.",
Adi200,4,200,MAHABHARATA-4-AADIPARVA_djvu.txt,906,1397,"(ಚಾರರಿಂದ ಪಾಂಡವರು ದ್ರೌಪದಿಯನ್ನುಗೆದ್ದರೆಂದು ಸರ್ವತ್ರ ಪ್ರಚಾರ. ಕೆಲವು ರಾಜರ ಹರ್ಷ, ದುರ್ಯೋಧನಾದಿಗಳ ಅಸೂಯೆ, ಶಕುನಿಯ ದುರ್ನೀತಿ ಮತ್ತು ಭೂರಿಶ್ರವನ ಹಿತವಚನ)",G32-S01,source-linked narrative draft; passage completeness NOT certified,heading_observed_not_scan_verified,"Compare every verse, explanation, named entry and commentary point with source. A citation range overlap is not proof that all content is spoken.",
Adi201,4,201,MAHABHARATA-4-AADIPARVA_djvu.txt,1398,2117,"(ಅಭಿಯಾನ ಮಾಡಲು ಕರ್ಣನ ಆಗ್ರಹ, ಅಭಿಯಾನ. ದುರ್ಯೋಧನಾದಿಗಳ ಪರಾಜಯ, ಪ್ರತಿನಿವೃತ್ತಿ, ಕೃಷ್ಣನಿಂದ ಚತುರಂಗಬಲ ಪ್ರೇಷಣ.)",G32-S02,source-linked narrative draft; passage completeness NOT certified,heading_observed_not_scan_verified,"Compare every verse, explanation, named entry and commentary point with source. A citation range overlap is not proof that all content is spoken.",
Adi202,4,202,MAHABHARATA-4-AADIPARVA_djvu.txt,2118,2566,"(ಸ್ವಯಂವರದಿಂದ ಹಿಂದಿರುಗಿದ ದುರ್ಯೋಧನಾದಿಗಳ ವಿಷಾದ, ವಿದುರನಿಂದ ಧೃತರಾಷ್ಟ್ರನಿಗೆ ವೃತ್ತಾಂತ ಕಥನ, ದುರ್ಯೋಧನಾದಿಗಳಿಂದ ದುರ್ಮಂತ್ರಣ.)",G32-S03,source-linked narrative draft; passage completeness NOT certified,heading_observed_not_scan_verified,"Compare every verse, explanation, named entry and commentary point with source. A citation range overlap is not proof that all content is spoken.",
Adi203,4,203,MAHABHARATA-4-AADIPARVA_djvu.txt,2567,2814,"(ಕರ್ಣನ ಸಲಹೆ, ವಿಕ್ರಮವನ್ನು ಮಾಡಲು ಉಪದೇಶ, ಧೃತರಾಷ್ಟ ಸಂದಿಗ್ಧ ಮನಸ್ಥಿತಿ)",G32-S04,source-linked narrative draft; passage completeness NOT certified,heading_observed_not_scan_verified,"Compare every verse, explanation, named entry and commentary point with source. A citation range overlap is not proof that all content is spoken.",
Adi204,4,204,MAHABHARATA-4-AADIPARVA_djvu.txt,2815,3020,"(ಮಂತ್ರಿಗಳ ಎದುರಿನಲ್ಲಿದುರ್ಯೋಧನನಿಗೆ ಭೀಷ್ಠರ ಹಿತವಚನ, ಪಾಂಡವರಿಗೆ ಅರ್ಧರಾಜ್ಯವನ್ನುಕೊಡಲು ನಿರ್ಬಂಧ)",G32-S05,source-linked narrative draft; passage completeness NOT certified,heading_observed_not_scan_verified,"Compare every verse, explanation, named entry and commentary point with source. A citation range overlap is not proof that all content is spoken.",
Adi205,4,205,MAHABHARATA-4-AADIPARVA_djvu.txt,3021,3368,(ದ್ರೋಣರ ಹಿತವಚನ ಮತ್ತು ಕರ್ಣನ ವಿರೋಧ),G32-S06,source-linked narrative draft; passage completeness NOT certified,heading_observed_not_scan_verified,"Compare every verse, explanation, named entry and commentary point with source. A citation range overlap is not proof that all content is spoken.",
Adi206,4,206,MAHABHARATA-4-AADIPARVA_djvu.txt,3369,3659,(ವಿದುರನ ಹಿತವಚನ),G32-S07,source-linked narrative draft; passage completeness NOT certified,heading_observed_not_scan_verified,"Compare every verse, explanation, named entry and commentary point with source. A citation range overlap is not proof that all content is spoken.",
Adi207,4,207,MAHABHARATA-4-AADIPARVA_djvu.txt,3660,3990,(ಪಾಂಡವರನ್ನು ತರಲು ಪಾಂಚಾಲದೇಶಕ್ಕೆ ವಿದುರನ ಪ್ರಯಾಣ. ಅಲ್ಲಿಅವನ ಮಧುರವಚನಗಳು),G32-S08,source-linked narrative draft; passage completeness NOT certified,heading_observed_not_scan_verified,"Compare every verse, explanation, named entry and commentary point with source. A citation range overlap is not proof that all content is spoken.",
Adi208,4,208,MAHABHARATA-4-AADIPARVA_djvu.txt,3991,4617,"(ಹಸ್ತಿನಪುರಕ್ಕೆ ಪಾಂಡವರ ಆಗಮನ, ಪೌರರ ಹರ್ಷ.)",G32-S09,source-linked narrative draft; passage completeness NOT certified,heading_observed_not_scan_verified,"Compare every verse, explanation, named entry and commentary point with source. A citation range overlap is not proof that all content is spoken.",
Adi209,4,209,MAHABHARATA-4-AADIPARVA_djvu.txt,4618,5719,"(ಧೃತರಾಷ್ಟ್ರನಿಂದ ಧರ್ಮರಾಜನಿಗೆ ಅಭಿಷೇಕ, ಖಾಂಡವಪ್ಪಸ್ಥಕ್ಕೆ ಹೋಗಲು ಆದೇಶ, ವೇದವ್ಯಾಸರ ಮತ್ತು ಯಾದವಕೃಷ್ಣನ ಜೊತೆಯಲ್ಲಿ ಖಾಂಡವಪ್ರಸ್ಥಪ್ರವೇಶ. ವಿಶ್ಷಕರ್ಮನಿಂದ ನಗರ ನಿರ್ಮಾಣ ಮತ್ತು ಕೃಷ್ಣನ ಪ್ರಯಾಣ.)",G33-S01 | G33-S02,source-linked narrative draft; passage completeness NOT certified,heading_observed_not_scan_verified,"Compare every verse, explanation, named entry and commentary point with source. A citation range overlap is not proof that all content is spoken.",
Adi210,4,210,MAHABHARATA-4-AADIPARVA_djvu.txt,5720,6229,"(ಇಂದ್ರಪ್ರಸ್ಥದಲ್ಲಿ ಪಾಂಡವರ ರಾಜ್ಯಭಾರ, ನಾರದರ ಆಗಮನ, ಅವರ ಜ್ಞಾನದ ಆಗಾಧತೆ, ಸುಂದೋಷಸುಂದರ ಉಲ್ಲೇಖ.)",G33-S03,source-linked narrative draft; passage completeness NOT certified,heading_observed_not_scan_verified,"Compare every verse, explanation, named entry and commentary point with source. A citation range overlap is not proof that all content is spoken.",
Adi211,4,211,MAHABHARATA-4-AADIPARVA_djvu.txt,6230,6511,"(ಹಿರಣ್ಯಕಶಿಪುವಿನವ ವಂಶದಲ್ಲಿಸುಂದೋಪಸುಂದರ ಜನನ, ಬ್ರಹ್ಮದೇವರ  ಕುರಿತು ತಪಸ್ಸುಮತ್ತು ವರಪ್ರಾಪ್ತಿ.)",G33-S04,source-linked narrative draft; passage completeness NOT certified,heading_observed_not_scan_verified,"Compare every verse, explanation, named entry and commentary point with source. A citation range overlap is not proof that all content is spoken.",
Adi212,4,212,MAHABHARATA-4-AADIPARVA_djvu.txt,6512,6765,"(ಸುಂದೋಪಸುಂದರಿಂದ ಸರ್ಗಾದಿಜಯ, ಯಷಿಗಳ ವಧೆ, ಭೂಮಿಯ ಉಗ್ರರೂಪತೆ.)",G33-S05,source-linked narrative draft; passage completeness NOT certified,heading_observed_not_scan_verified,"Compare every verse, explanation, named entry and commentary point with source. A citation range overlap is not proof that all content is spoken.",
Adi213,4,213,MAHABHARATA-4-AADIPARVA_djvu.txt,6766,7054,(ದೇವತೆಗಳಿಂದ ಬ್ರಹ್ಮದೇವರ ಬಳಿಯಲ್ಲಿ ದೂರು. ಬ್ರಹ್ಮದೇವರಿಂದ ವಿಶಕರ್ಮನಿಗೆ ತಿಲೋತ್ತಮೆಯನ್ನು ನಿರ್ಮಿಸಲು ಆದೇಶ. ತಿಲೋತ್ತಮೆಯ ಸೌಂದರ್ಯ.),G33-S06,source-linked narrative draft; passage completeness NOT certified,heading_observed_not_scan_verified,"Compare every verse, explanation, named entry and commentary point with source. A citation range overlap is not proof that all content is spoken.",
Adi214,4,214,MAHABHARATA-4-AADIPARVA_djvu.txt,7055,7506,(ಸುಂದೋಪಸುಂದರ ಬಳಿಗೆ ತಿಲೋತ್ತಮೆಯ ಗಮನ. ಅವಳ ಸಲುವಾಗಿ ಅವರ ವಿರೋಧ. ಗದಾಯುದ್ಧದಿಂದ ಮರಣ. ನಾರದರ ಹಿತೋಪದೇಶ. ಪಾಂಡವರ ಸಮಯಬಂಧ.),G33-S07 | G33-S08,source-linked narrative draft; passage completeness NOT certified,heading_observed_not_scan_verified,"Compare every verse, explanation, named entry and commentary point with source. A citation range overlap is not proof that all content is spoken.",
Adi215,4,215,MAHABHARATA-4-AADIPARVA_djvu.txt,7507,7877,"(ಆಯುಧಾಗಾರದಲ್ಲಿದ್ದಧರ್ಮರಾಜ ದ್ರೌಪದಿ, ಬ್ರಾಹ್ಮಣನ ಗೋರಕ್ಷಣೆಗಾಗಿ ಅರ್ಜುನ ಅಲ್ಲಿಗೆ ಬಂದುದು, ಧರ್ಮರಾಜರನ್ನು ನೋಡಿ, ಅರ್ಜುನನ ವನವಾಸ ನಿಶ್ಚಯ.)",G34-S01 | G34-S02,source-linked narrative draft; passage completeness NOT certified,heading_observed_not_scan_verified,"Compare every verse, explanation, named entry and commentary point with source. A citation range overlap is not proof that all content is spoken.",
Adi216,4,216,MAHABHARATA-4-AADIPARVA_djvu.txt,7878,8293,"(ಅರ್ಜುನನ ತೀರ್ಥಯಾತ್ರೆ, ಉಲೂಪಿಯಿಂದ ಅರ್ಜುನನ ಹರಣ, ನಾಗಲೋಕ ಪ್ರಾಪ್ತಿ, ಇರಾವಂತನ ಉತ್ಪತ್ತಿ.)",G34-S03 | G34-S04,source-linked narrative draft; passage completeness NOT certified,heading_observed_not_scan_verified,"Compare every verse, explanation, named entry and commentary point with source. A citation range overlap is not proof that all content is spoken.",
Adi217,4,217,MAHABHARATA-4-AADIPARVA_djvu.txt,8294,8593,"(ಬ್ರಾಹ್ಮಣರಿಗೆ ಎಲ್ಲಾ ವೃತ್ತಾಂತವನ್ನು ತಿಳಿಸಿ ಅರ್ಜುನನ ಪ್ರಯಾಣ, ಮಣಲೂರಿನಲ್ಲಿ ಚಿತ್ರಾಂಗದೆಯ ವಿವಾಹ.)",G34-S04 | G34-S05,source-linked narrative draft; passage completeness NOT certified,heading_observed_not_scan_verified,"Compare every verse, explanation, named entry and commentary point with source. A citation range overlap is not proof that all content is spoken.",
Adi218,4,218,MAHABHARATA-4-AADIPARVA_djvu.txt,8594,9153,"(ದಕ್ಷಿಣ ಸಮುದ್ರತೀರದಲ್ಲಿ ನಾರೀತೀರ್ಥದಲ್ಲಿ ಅರ್ಜುನನಿಂದ ಅಪ್ಪರೆಯರ ಮೋಚನ. ಮಣಲೂರಿಗೆ ಹಿಂದಿರುಗಿ, ಚಿತ್ರವಾಹನನಿಗೆ ಬಭ್ರುವಾಹನನನ್ನು ಸಮರ್ಪಿಸಿ ಪುನಃ ತೀರ್ಥ ಯಾತ್ರಾಗಮನ.)",G34-S06 | G34-S07,source-linked narrative draft; passage completeness NOT certified,heading_observed_not_scan_verified,"Compare every verse, explanation, named entry and commentary point with source. A citation range overlap is not proof that all content is spoken.",
Adi219,4,219,MAHABHARATA-4-AADIPARVA_djvu.txt,9154,9555,"(ಅರ್ಜುನನ ಪ್ರಭಾಸಪ್ರಾಪ್ತಿ. ಸುಭದ್ರೆಯ ಚಿಂತೆಯಿಂದ ಯತಿವೇಷಧಾರಣ. ಕೃಷ್ಣನ ಆಗಮನ, ಸಮ್ಮತಿ ಮತ್ತು ಭೋಜನಾದಿ ವ್ಯವಸ್ಥೆ. ದ್ವಾರಕಾಪಟ್ಟಣಕ್ಕೆ ಪ್ರತಿನಿವೃತ್ತಿ.)",G34-S08,source-linked narrative draft; passage completeness NOT certified,heading_observed_not_scan_verified,"Compare every verse, explanation, named entry and commentary point with source. A citation range overlap is not proof that all content is spoken.",
Adi220,4,220,MAHABHARATA-4-AADIPARVA_djvu.txt,9556,9865,"(ರೈವತಕಪರ್ವತದಲ್ಲಿ ವೃಷ್ಟ್ಯಂಧಕರ ಮಹೋತ್ಸವ, ಅಲ್ಲಿಗೆ ಕೃಷ್ಣಸುಭದ್ರೆಯ ಆಗಮನ. ಕೃಷ್ಣನಲ್ಲಿ ಅರ್ಜುನನ ಪ್ರಾರ್ಥನೆ. ಕೃಷ್ಣನಿಂದ ಉಪಾಯ ಸೂಚನೆ ಮತ್ತು ಧರ್ಮರಾಜನ ಅನುಮತಿ)",G35-S01,source-linked narrative draft; passage completeness NOT certified,heading_observed_not_scan_verified,"Compare every verse, explanation, named entry and commentary point with source. A citation range overlap is not proof that all content is spoken.",
Adi221,4,221,MAHABHARATA-4-AADIPARVA_djvu.txt,9866,10385,"(ಉತ್ಸವವನ್ನು ಮುಗಿಸಿ ಎಲ್ಲರ ನಿರ್ಗಮನ, ಅರ್ಜುನನ ಚಿಂತೆ, ಬಲರಾಮಾದಿಗಳಿಂದ ಪುನಃ ಬಂದು ಚಾತುರ್ಮಾಸ್ಯವನ್ನು ಕನ್ಯಾಗಾರದಲ್ಲಿ ಕಳೆಯಬೇಕೆಂಬ ಪ್ರಾರ್ಥನೆ, ಕೃಷ್ಣನ ವಿರೋಧ ಸೂಚನೆ ಮತ್ತು ಅನುಮತಿ.)",G35-S02,source-linked narrative draft; passage completeness NOT certified,heading_observed_not_scan_verified,"Compare every verse, explanation, named entry and commentary point with source. A citation range overlap is not proof that all content is spoken.","Repeated chapter-opening headers in raw OCR: 9866,9951. Do not narrate duplicate as a second event."
Adi222,4,222,MAHABHARATA-4-AADIPARVA_djvu.txt,10386,11174,"(ಕನ್ಯಾಗಾರದ ಸಮೀಪದಲ್ಲಿ ಅರ್ಜುನನ ವಾಸ, ಸುಭದ್ರೆಯ ಉಪಚಾರ, ಅರ್ಜುನ ಸುಭದ್ರೆಯರ ಸಂವಾದ, ಅರ್ಜುನನ ಜೊತೆಯಲ್ಲಿ ಸಮಾಲೋಚಿಸಿ ಕೃಷ್ಣನಿಂದ ಎಲ್ಲರನ್ನೂ ದ್ವೀಪಾಂತರಕ್ಕೆ ಪ್ರೇಷಣ.)",G35-S03 | G35-S04,source-linked narrative draft; passage completeness NOT certified,heading_observed_not_scan_verified,"Compare every verse, explanation, named entry and commentary point with source. A citation range overlap is not proof that all content is spoken.",
Adi223,4,223,MAHABHARATA-4-AADIPARVA_djvu.txt,11175,12104,"(ಇಂದ್ರ ಮೊದಲಾದ ದೇವತೆಗಳಿಂದ ಕೃಷ್ಣನ ಸನ್ನಿಧಿಯಲ್ಲಿಸುಭದ್ರೆಯ ವಿವಾಹ,   ಕೃಷ್ಣನ ಸೂಚನೆಯಂತೆ ರಥದಲ್ಲಿ ಅರ್ಜುನ ಮತ್ತು ಸುಭದ್ರೆಯರ ನಿರ್ಗಮನ, ಕೆಲವರ ಹರ್ಷ ಮತ್ತು ಕೆಲವರ ರೋಷ)",G35-S05 | G35-S06,source-linked narrative draft; passage completeness NOT certified,heading_observed_not_scan_verified,"Compare every verse, explanation, named entry and commentary point with source. A citation range overlap is not proof that all content is spoken.",
Adi224,4,224,MAHABHARATA-4-AADIPARVA_djvu.txt,12105,12813,"(ದ್ವಾರಕೆಯಿಂದ ಸುಭದ್ರೆಯ ಜೊತೆಯಲ್ಲಿ ಅರ್ಜುನನ ನಿರ್ಗಮನ,   ಮಧ್ಯಮಾರ್ಗದಲ್ಲಿವಿಪೃಥುವಿನ ಪ್ರತಿರೋಧ ಮತ್ತು ಸಮ್ಮತಿ, ವೃಷ್ಣ್ಯಂಧಕರ ಸಭೆ, ಬಲರಾಮನ ಕೋಪ, ಕೃಷ್ಣನ ಮೌನ.)",G35-S07 | G35-S08 | G35-S09,source-linked narrative draft; passage completeness NOT certified,heading_observed_not_scan_verified,"Compare every verse, explanation, named entry and commentary point with source. A citation range overlap is not proof that all content is spoken.",
Adi225,4,225,MAHABHARATA-4-AADIPARVA_djvu.txt,12814,13171,"(ಕೃಷ್ಣನ ಹಿತೋಪದೇಶದಿಂದ ಬಲರಾಮಾದಿಗಳ ಸಮಾಧಾನ, ಅರ್ಜುನನನ್ನು   ಹಿಂಬಾಲಿಸಿದ ಯಾದವರ ಪ್ರತಿನಿವೃತ್ತಿ, ನೀಳದೇಶವನ್ನು ಅತಿಕ್ರಮಿಸಿ ಅರ್ಜುನನ ಕುರುದೇಶ ಪ್ರಾಪ್ತಿ.)",G36-S01 | G36-S02,source-linked narrative draft; passage completeness NOT certified,heading_observed_not_scan_verified,"Compare every verse, explanation, named entry and commentary point with source. A citation range overlap is not proof that all content is spoken.",
Adi226,4,226,MAHABHARATA-4-AADIPARVA_djvu.txt,13172,13518,"(ಅರ್ಜುನನ ಸ್ವಭವನ ಪ್ರಾಪ್ತಿ, ಗೋಪಾಲಿಕೆ ವೇಷದಿಂದ ಸುಭದ್ರೆಯ ಪ್ರವೇಶ, ಕುಂತಿಯ ಮತ್ತು ದ್ರೌಪದಿಯ ಆಶೀರ್ವಾದ, ಎಲ್ಲರ ಹರ್ಷ.)",G36-S02 | G36-S03,source-linked narrative draft; passage completeness NOT certified,heading_observed_not_scan_verified,"Compare every verse, explanation, named entry and commentary point with source. A citation range overlap is not proof that all content is spoken.",
Adi227,4,227,MAHABHARATA-4-AADIPARVA_djvu.txt,13519,14132,"(ಯಾದವರಿಂದ ಇಂದ್ರಪ್ರಸ್ಥಕ್ಕೆ ಉಡುಗೊರೆಗಳ ಆಹರಣ, ಇಂದ್ರಪ್ರಸ್ಥದಲ್ಲಿ ಏಳು ದಿನಗಳ ಕಾಲ ಅರ್ಜುನ-ಸುಭದ್ರೆಯರ ವಿವಾಹ, ಯಾದವರ ನಿರ್ಗಮನ, ಇಂದ್ರಪ್ರಸ್ಥದಲ್ಲಿ ಕೃಷ್ಣನ ವಾಸ.)",G36-S04 | G36-S05,source-linked narrative draft; passage completeness NOT certified,heading_observed_not_scan_verified,"Compare every verse, explanation, named entry and commentary point with source. A citation range overlap is not proof that all content is spoken.",
Adi228,4,228,MAHABHARATA-4-AADIPARVA_djvu.txt,14133,14488,"(ಅಭಿಮನ್ಯುವಿನ ಜನನ, ಕೃಷ್ಣನಿಂದ ಅವನ ಲಾಲನ, ಅರ್ಜುನನಿಂದ ಶಸ್ತ್ರಾಸ್ತ್ರ ಪ್ರಾಪ್ತಿ, ಪಂಚದ್ರೌಪದೇಯರ ಜನನ.)",G36-S06 | G36-S07 | G36-S08,source-linked narrative draft; passage completeness NOT certified,heading_observed_not_scan_verified,"Compare every verse, explanation, named entry and commentary point with source. A citation range overlap is not proof that all content is spoken.",
Adi229,4,229,MAHABHARATA-4-AADIPARVA_djvu.txt,14489,14824,"(ನಗರವಿಹಾರವನ್ನುಮುಗಿಸಿ ಯಮುನಾ ತೀರದಲ್ಲಿವಿಹರಿಸಲು ಕೃಷ್ಣಾರ್ಜುನರ ನಿರ್ಧಾರ, ಖಾಂಡವವನ ಪ್ರಾಪ್ತಿ ಮತ್ತು ವರ್ಣನೆ.)",G37-S01,source-linked narrative draft; passage completeness NOT certified,heading_observed_not_scan_verified,"Compare every verse, explanation, named entry and commentary point with source. A citation range overlap is not proof that all content is spoken.",
Adi230,4,230,MAHABHARATA-4-AADIPARVA_djvu.txt,14825,16423,"(ಯಮುನಾತೀರದಲ್ಲಿವಿಪ್ರವೇಷದಿಂದ ಬಂದು ಅಗ್ನಿಯಿಂದ ತನ್ನದುಚ್ಛಿತಿಯನ್ನು ತಿಳಿಸಿ ಖಾಂಡವದಹನಕ್ಕಾಗಿ ಕೃಷ್ಣಾರ್ಜುನರ ಸಹಾಯದ ಪ್ರಾರ್ಥನೆ. ತಮ್ಮ ತಮ್ಮ ಅಸ್ಪವನ್ನುಪಡೆದ ಕೃಷ್ಣಾರ್ಜುನರಿಂದ ಆಶ್ವಾಸನೆ, ಖಾಂಡವದಾಹದ ಉಪಕ್ರಮ.)",G37-S02 | G37-S03 | G37-S04 | G37-S05 | G37-S06,source-linked narrative draft; passage completeness NOT certified,heading_observed_not_scan_verified,"Compare every verse, explanation, named entry and commentary point with source. A citation range overlap is not proof that all content is spoken.",
Adi231,4,231,MAHABHARATA-4-AADIPARVA_djvu.txt,16424,17273,"(ಕೃಷ್ಣಾರ್ಜುನರ ರಕ್ಷಣೆಯಲ್ಲಿ ಅಗ್ನಿಯಿಂದ ಖಾಂಡವ ದಹನ, ಸರ್ವಪ್ರಾಣಿಗಳ ವಿನಾಶ. ದೇವತಾಗಣದ ಜೊತೆಯಲ್ಲಿ ಬಂದು ಇಂದ್ರನ ಯುದ್ಧಮತ್ತು ಅರ್ಜುನನ ಪ್ರತೀಕಾರ.)",G37-S07 | G37-S08 | G37-S09,source-linked narrative draft; passage completeness NOT certified,heading_observed_not_scan_verified,"Compare every verse, explanation, named entry and commentary point with source. A citation range overlap is not proof that all content is spoken.",
Adi232,4,232,MAHABHARATA-4-AADIPARVA_djvu.txt,17274,17722,(ಕೃಷ್ಣಾರ್ಜುನರ ರಕ್ಷಣೆಯಲ್ಲಿ ಅಗ್ನಿಯಿಂದ ಖಾಂಡವವನ ದಾಹ. ಕೃಷ್ಣಾರ್ಜುನರಿಂದ ಯುದ್ದಕ್ಕೆ ಬಂದ ದೇವತೆಗಳ ಪರಾಜಯ. ಅಶರೀರವಾಣಿಯಿಂದ ಇಂದ್ರನ ನಿವೃತ್ತಿ. ಅಗ್ನಿಯ ಹರ್ಷ. ಮಯನಿಗೆ ಅಭಯದಾನ.),G38-S01 | G38-S02 | G38-S03 | G39-S09,source-linked narrative draft; passage completeness NOT certified,heading_observed_not_scan_verified,"Compare every verse, explanation, named entry and commentary point with source. A citation range overlap is not proof that all content is spoken.",
Adi233,4,233,MAHABHARATA-4-AADIPARVA_djvu.txt,17723,18071,"(ಶಾಂರ್ಗಕಪಕ್ಟಿಗಳ ಅದಾಹಕ್ಕೆ ಕಾರಣಪ್ರಶ್ನೆ, ಮಂದಪಾಲಚರಿತೆ, ಮಕ್ಕಳಿಲ್ಲದ  ಅವನಿಂದ ಶಾಂರ್ಗಕ- ಪಕ್ಷಿರೂಪವನ್ನು ಧರಿಸಿ ಮಕ್ಕಳ ಉತ್ಪಾದನೆ.)",G38-S04 | G38-S05 | G38-S06 | G39-S09,source-linked narrative draft; passage completeness NOT certified,heading_observed_not_scan_verified,"Compare every verse, explanation, named entry and commentary point with source. A citation range overlap is not proof that all content is spoken.",
Adi234,4,234,MAHABHARATA-4-AADIPARVA_djvu.txt,18072,18316,"(ಸಮೀಪಿಸುತ್ತಿರುವ ಅಗ್ನಿಯನ್ನು ನೋಡಿ ಜರಿತೆಯ ವಿಹ್ವಲತಾ, ಮಕ್ಕಳನ್ನು ಉಳಿಸಲು ಅವರ ಜೊತೆಯಲ್ಲಿಸಂವಾದ. ಮೂಷಿಕಬಿಲವನ್ನು ಪ್ರವೇಶಿಸಲು ಮಕ್ಕಳ ನಿರಾಕರಣೆ.)",G38-S07 | G38-S08 | G39-S09,source-linked narrative draft; passage completeness NOT certified,heading_observed_not_scan_verified,"Compare every verse, explanation, named entry and commentary point with source. A citation range overlap is not proof that all content is spoken.",
Adi235,4,235,MAHABHARATA-4-AADIPARVA_djvu.txt,18317,18525,(ಇಲಿಯ ಬಿಲವನ್ನು ಪ್ರವೇಶಿಸಲು ತಾಯಿಯ ನಿರ್ಬಂಧ. ಮಕ್ಕಳಿಂದ ಅದರ ನಿರಾಕರಣೆ. ತಾಯಿಯು ಹೇಳಿದ ಶ್ಯೇನವೃತ್ತಾಂತದಲ್ಲಿ ಮಕ್ಕಳ ಅವಿಶ್ವಾಸ. ಜರಿತಾರಿಯಿಂದ ಅಗ್ನಿಯ ಸ್ತೋತ್ರ.),G39-S01 | G39-S02 | G39-S09,source-linked narrative draft; passage completeness NOT certified,heading_observed_not_scan_verified,"Compare every verse, explanation, named entry and commentary point with source. A citation range overlap is not proof that all content is spoken.",
Adi236,4,236,MAHABHARATA-4-AADIPARVA_djvu.txt,18526,18793,(ಸಮೀಪದಲ್ಲಿಬರುತ್ತಿರುವ ಅಗ್ನಿಯನ್ನುನೋಡಿ ಜರಿತಾರಿಯಾದಿಗಳ ಸ್ತೋತ್ರ. ಪ್ರಸನ್ನನಾದ ಅಗ್ನಿಯಿಂದ ಅವರ ಮೋಚನೆ.),G39-S03 | G39-S04 | G39-S09,source-linked narrative draft; passage completeness NOT certified,heading_observed_not_scan_verified,"Compare every verse, explanation, named entry and commentary point with source. A citation range overlap is not proof that all content is spoken.",
Adi237,4,237,MAHABHARATA-4-AADIPARVA_djvu.txt,18794,19389,(ಮಂದಪಾಲನಿಗೆ ಲಪಿತೆಯ ಮತ್ತು ಜರಿತೆಯ ತಿರಸ್ಕಾರದ ವಚನಗಳು. ಪತ್ನೀಪುತ್ರರೊಡನೆ ಮಂದಪಾಲನ ದೇಶಾಂತರ ಗಮನ. ಸ್ವರ್ಗದಿಂದ ಇಂದ್ರನ ಆಗಮನ. ಸಂತೋಷಪ್ರಕಟನ ಮತ್ತು ವರದಾನ.),I1-S05 | G39-S05 | G39-S06 | G39-S07 | G39-S08 | G39-S09,source-linked narrative draft; passage completeness NOT certified,heading_observed_not_scan_verified,"Compare every verse, explanation, named entry and commentary point with source. A citation range overlap is not proof that all content is spoken.",
Sabha001,4,1,MAHABHARATA-4-AADIPARVA_djvu.txt,19420,19745,"(ತನಗೆ ಮಾಡಿದ ಉಪಕಾರಕ್ಕಾಗಿ ಪ್ರತ್ಯುಪಕಾರವನ್ನು ಸ್ವೀಕರಿಸೆಂದು ಅರ್ಜುನನಿಗೆ ಮಯನ ಪ್ರಾರ್ಥನೆ. ಅರ್ಜುನನ ನಿರಾಕರಣೆ, ಸಭೆಯನ್ನುನಿರ್ಮಾಣ ಮಾಡುವಂತೆ ಕೃಷ್ಣನಿಂದ ಆದೇಶ.)",I1-S05 | I4-S03 | G40-S01 | G40-S02,source-linked narrative draft; passage completeness NOT certified,heading_observed_not_scan_verified,"Compare every verse, explanation, named entry and commentary point with source. A citation range overlap is not proof that all content is spoken.",
Sabha002,4,2,MAHABHARATA-4-AADIPARVA_djvu.txt,19746,20092,(ಕೃಷ್ಣನ ಪ್ರಯಾಣ ಧರ್ಮರಾಜ ಮೊದಲಾದವರ ಸಾರಥ್ಯಗಳು ಸ್ವಲ್ಧದೂರಹೋಗಿ ಧರ್ಮರಾಜಾದಿಗಳ ಹಿಂದುರುಗುವಿಕೆ. ಕೃಷ್ಣನ ದ್ವಾರಕಾಪ್ರಾಪ್ಟಿ ಮತ್ತು ದ್ಹಾರಕೆಯಲ್ಲಿಸುಖವಾಸ.),G40-S03,source-linked narrative draft; passage completeness NOT certified,heading_observed_not_scan_verified,"Compare every verse, explanation, named entry and commentary point with source. A citation range overlap is not proof that all content is spoken.",
Sabha003,4,3,MAHABHARATA-4-AADIPARVA_djvu.txt,20093,20501,"(ಸಭೆಯನ್ನುನಿರ್ಮಾಣ ಮಾಡುವ ದ್ರವ್ಯಗಳನ್ನುತರಲು ಬಿಂದುಸರೋವರಕ್ಕೆ ಮಯನ ಪ್ರಯಾಣ, ಗದಾ ಮತ್ತು ಶಂಖಗಳ ಜೊತೆಯಲ್ಲಿನಿರ್ಮಾಣ ಸಾವಗ್ರಿಗಳನ್ನು ತೆಗೆದುಕೊಂಡು ಹಿಂದಿರುಗುವಿಕೆ, ಭೀಮಾರ್ಜುನರಿಗೆ ಗದಾಶಂಖಗಳನ್ನು ಕೊಟ್ಟು ಸಭೆಯ ನಿರ್ಮಾಣ.)",G40-S04 | G40-S05 | SFSF01-S01 | SFSF01-S02 | SFSF01-S03 | SFSF01-S04,source-linked narrative draft; passage completeness NOT certified,heading_observed_not_scan_verified,"Compare every verse, explanation, named entry and commentary point with source. A citation range overlap is not proof that all content is spoken.",
Sabha004,4,4,MAHABHARATA-4-AADIPARVA_djvu.txt,20502,20919,(ಯುಧಿಷ್ಠಿರ ಸಭಾಪ್ರವೇಶ),G40-S06 | V4C01-S01 | V4C02-S01 | V4C02-S02 | V4C02-S03 | V4C02-S04 | V4C02-S05 | V4C02-S06 | V4C02-S07,source-linked narrative draft; passage completeness NOT certified,heading_observed_not_scan_verified,"Compare every verse, explanation, named entry and commentary point with source. A citation range overlap is not proof that all content is spoken.",
Sabha005,4,5,MAHABHARATA-4-AADIPARVA_djvu.txt,20920,22238,"(ಸಭೆಗೆ ನಾರದರ ಆಗಮನ, ಯುಧಿಷ್ಠಿರನ ಜೊತೆಯಲ್ಲಿಕುಶಲ ಪ್ರಶ್ನೆಯನ್ನು ಮಾಡುವ ನೆಪದಿಂದ ಅವನಿಗೆ ರಾಜನೀತಿಯ ಉಪದೇಶ )",G40-S07 | G40-S08 | BS01-S01 | BS01-S02 | BS01-S03 | BS01-S04 | BS01-S05 | BS01-S06 | BS01-S07 | BS01-S08 | BS01-S09 | BS01-S10 | BS01-S11 | BS01-S12 | BS01-S13,source-linked narrative draft; passage completeness NOT certified,heading_observed_not_scan_verified,"Compare every verse, explanation, named entry and commentary point with source. A citation range overlap is not proof that all content is spoken.",
Sabha006,4,6,MAHABHARATA-4-AADIPARVA_djvu.txt,22239,22430,"(ಸಂತುಷ್ಠನಾದ ಯುಧಿಷ್ಠಿರನಿಂದ ನಾರದರನ್ನುಕುರಿತು ಉಳಿದ ಸಭೆಗಳ ಬಗ್ಗೆ ಪ್ರಶ್ನೆ, ಉತ್ತರವನ್ನು ಹೇಳಲು ನಾರದರ ಪ್ರತಿಜ್ಞೆ.) '",G41-S01,source-linked narrative draft; passage completeness NOT certified,heading_observed_not_scan_verified,"Compare every verse, explanation, named entry and commentary point with source. A citation range overlap is not proof that all content is spoken.",
Sabha007,4,7,MAHABHARATA-4-AADIPARVA_djvu.txt,22431,22690,. (ಇಂದ್ರಸಭೆಯ ವರ್ಣನೆ),G41-S02 | BS02-S01 | BS02-S06 | V4C03-S01 | V4C03-S02 | V4C03-S03 | V4C03-S04 | V4C03-S05,source-linked narrative draft; passage completeness NOT certified,heading_observed_not_scan_verified,"Compare every verse, explanation, named entry and commentary point with source. A citation range overlap is not proof that all content is spoken.",
Sabha008,4,8,MAHABHARATA-4-AADIPARVA_djvu.txt,22691,23037,(ಯಮಸಭೆಯ ವರ್ಣನೆ),G41-S03 | BS02-S02 | BS02-S06 | V4C04-S01 | V4C04-S02 | V4C04-S03 | V4C04-S04 | V4C04-S05 | V4C04-S06 | V4C04-S07,source-linked narrative draft; passage completeness NOT certified,heading_observed_not_scan_verified,"Compare every verse, explanation, named entry and commentary point with source. A citation range overlap is not proof that all content is spoken.",
Sabha009,4,9,MAHABHARATA-4-AADIPARVA_djvu.txt,23038,23424,(ವರುಣಸಭೆಯವರ್ಣನೆ),G41-S04 | BS02-S03 | BS02-S06 | V4C05-S01 | V4C05-S02 | V4C05-S03 | V4C05-S04 | V4C05-S05 | V4C05-S06 | V4C05-S07,source-linked narrative draft; passage completeness NOT certified,heading_observed_not_scan_verified,"Compare every verse, explanation, named entry and commentary point with source. A citation range overlap is not proof that all content is spoken.",
Sabha010,4,10,MAHABHARATA-4-AADIPARVA_djvu.txt,23425,23731,(ಕುಬೇರಸಭೆಯ ವರ್ಣನೆ),G41-S05 | BS02-S04 | BS02-S06 | V4C06-S01 | V4C06-S02 | V4C06-S03 | V4C06-S04 | V4C06-S05 | V4C06-S06,source-linked narrative draft; passage completeness NOT certified,heading_observed_not_scan_verified,"Compare every verse, explanation, named entry and commentary point with source. A citation range overlap is not proof that all content is spoken.",
Sabha011,4,11,MAHABHARATA-4-AADIPARVA_djvu.txt,23732,24411,(ಬ್ರಹ್ಮಸಭೆಯ ವರ್ಣನೆ),G41-S06 | BS02-S05 | BS02-S06 | V4C07-S01 | V4C07-S02 | V4C07-S03 | V4C07-S04 | V4C07-S05 | V4C07-S06 | V4C07-S07 | V4C07-S08 | V4C08-S01 | V4C08-S02,source-linked narrative draft; passage completeness NOT certified,heading_observed_not_scan_verified,"Compare every verse, explanation, named entry and commentary point with source. A citation range overlap is not proof that all content is spoken.",
Sabha012,4,12,MAHABHARATA-4-AADIPARVA_djvu.txt,24412,24801,"(ಯುಧಿಷ್ಠಿರನ ಪ್ರಶ್ನೆಗೆ ಉತ್ತರವಾಗಿ ನಾರದರಿಂದ ಇಂದ್ರಸಭೆಯ ಪ್ರಾಪ್ತಿಗೆ ರಾಜಸೂಯಯಾಗವು ಕಾರಣವೆಂದು ತಿಳಿಸಿ, ಪಾಂಡುವಿನ ಆದೇಶವನ್ನು ಧರ್ಮರಾಜನಿಗೆ ತಿಳಿಸುವುದು.)",G41-S07 | G41-S08,source-linked narrative draft; passage completeness NOT certified,heading_observed_not_scan_verified,"Compare every verse, explanation, named entry and commentary point with source. A citation range overlap is not proof that all content is spoken.",
Sabha013,4,13,MAHABHARATA-4-AADIPARVA_djvu.txt,24802,25147,(ರಾಜಸೂಯಯಜ್ಞಾಚರಣೆಯಬಗ್ಗೆ ಮಂತ್ರಿಗಳ ಜೊತೆಯಲ್ಲಿ ಯುಧಿಷ್ಠಿರನ ಸಮಾಲೋಚನೆ. ಮತ್ತು ರಾಜಸೂಯ ಯಾಗವನ್ನು ಮಾಡಲು ಸಂಕಲ್ಪ),G42-S01 | G42-S02,source-linked narrative draft; passage completeness NOT certified,heading_observed_not_scan_verified,"Compare every verse, explanation, named entry and commentary point with source. A citation range overlap is not proof that all content is spoken.",
Sabha014,4,14,MAHABHARATA-4-AADIPARVA_djvu.txt,25148,25564,(ಇಂದ್ರಪ್ರಸ್ಥ ಶ್ರೀಕೃಷ್ಣನ ಆಗಮನ),G42-S03,source-linked narrative draft; passage completeness NOT certified,heading_observed_not_scan_verified,"Compare every verse, explanation, named entry and commentary point with source. A citation range overlap is not proof that all content is spoken.",
Sabha015,4,15,MAHABHARATA-4-AADIPARVA_djvu.txt,25565,26182,(ಯುಧಿಷ್ಠಿರನ ಸನ್ನಿಧಿಯಲ್ಲಿ ಕೃಷ್ಣನಿಂದ ಜರಾಸಂಧನ ಶೌರ್ಯದ ವರ್ಣನೆ),G42-S04 | G42-S05 | BS03-S01 | BS03-S02,source-linked narrative draft; passage completeness NOT certified,heading_observed_not_scan_verified,"Compare every verse, explanation, named entry and commentary point with source. A citation range overlap is not proof that all content is spoken.",
Sabha016,4,16,MAHABHARATA-4-AADIPARVA_djvu.txt,26183,26574,(ಕೃಷ್ಣನಿಂದ ರಾಜಸೂಯಯಾಗಕ್ಕೆ ಸಂಭವಿಸಬಹುದಾದ ವಿಫ್ಗಗಳ ನಿರೂಪಣೆ),G42-S06,source-linked narrative draft; passage completeness NOT certified,heading_observed_not_scan_verified,"Compare every verse, explanation, named entry and commentary point with source. A citation range overlap is not proof that all content is spoken.",
Sabha017,4,17,MAHABHARATA-4-AADIPARVA_djvu.txt,26575,26813,(ರಾಜಸೂಯ ವಿಷಯದಲ್ಲಿ ಕೃಷ್ಣಯುಧಿಷ್ಠಿರ ಭೀಮರ ಸಮಾಲೋಚನೆ),G42-S07 | G42-S08,source-linked narrative draft; passage completeness NOT certified,heading_observed_not_scan_verified,"Compare every verse, explanation, named entry and commentary point with source. A citation range overlap is not proof that all content is spoken.",
Sabha018,4,18,MAHABHARATA-4-AADIPARVA_djvu.txt,26814,27057,(ಯುಧಿಷ್ಠಿರ ಅರ್ಜುನರ ಸಂವಾದ),G42-S09,source-linked narrative draft; passage completeness NOT certified,heading_observed_not_scan_verified,"Compare every verse, explanation, named entry and commentary point with source. A citation range overlap is not proof that all content is spoken.","Duplicated chapter18 opening at26814 and26898, with return to chapter17 end in between; source scan verification needed."
Sabha019,4,19,MAHABHARATA-4-AADIPARVA_djvu.txt,27058,27646,"(ಕೃಷ್ಣನಿಂದ ಯುಧಿಷ್ಠಿರನನ್ನು ಕುರಿತು, ಜರಾಸಂಧನ ಜನ್ಮವೃತಾಂತ ವರ್ಣನೆ)",G43-S01 | G43-S02 | G43-S03 | SFSF02-S01,source-linked narrative draft; passage completeness NOT certified,heading_observed_not_scan_verified,"Compare every verse, explanation, named entry and commentary point with source. A citation range overlap is not proof that all content is spoken.",
Sabha020,4,20,MAHABHARATA-4-AADIPARVA_djvu.txt,27647,28030,(ತನ್ನ ಸ್ವರೂಪವನ್ನು ತಿಳಿಸಿ ಜರೆಯ ಅಂರ್ತಧಾನ; ಜರಾಸಂಧನ ಅಭಿವೃದ್ಧಿ ಕಥನ.),G43-S04 | G43-S05 | SFSF02-S01 | SFSF03-S01 | SFSF03-S02 | SFSF04-S01,source-linked narrative draft; passage completeness NOT certified,heading_observed_not_scan_verified,"Compare every verse, explanation, named entry and commentary point with source. A citation range overlap is not proof that all content is spoken.",
Sabha021,4,21,MAHABHARATA-4-AADIPARVA_djvu.txt,28031,28479,"(ಜರಾಸಂಧನ ವಧೆಯನ್ನು ಉದ್ದೇಶಿಸಿ, ಕೃಷ್ಣ: ಭೀಮಾರ್ಜುನರಿಂದ ಮಗಧದೇಶಕ್ಕೆ ಗಮನ.)",G43-S06 | SFSF04-S02 | SFSF05-S01 | SFSF05-S02,source-linked narrative draft; passage completeness NOT certified,heading_observed_not_scan_verified,"Compare every verse, explanation, named entry and commentary point with source. A citation range overlap is not proof that all content is spoken.",
Sabha022,4,22,MAHABHARATA-4-AADIPARVA_djvu.txt,28480,29745,"(ಜರಾಸಂಧನ ಪುರದವರ್ಣನೆ, ಕೃಷ್ಣಮೂದಲಾದವರ ಪ್ರವೇಶಪ್ರಕಾರ. ಜರಾಸಂಧನ ಜೊತೆಯಲ್ಲಿ ಅವರ ವಿವಾದ, ಮತ್ತು ಭೀಮಸೇನನ ಯುದ್ಧ್ಯೋದ್ಯಮ.)",G43-S07 | G43-S08 | G43-S09 | G44-S06 | BS03-S03 | BS03-S04 | BS03-S05 | BS03-S06 | SFSF05-S03 | SFSF05-S04 | SFSF05-S05 | SFSF06-S01,source-linked narrative draft; passage completeness NOT certified,heading_observed_not_scan_verified,"Compare every verse, explanation, named entry and commentary point with source. A citation range overlap is not proof that all content is spoken.",
Sabha023,4,23,MAHABHARATA-4-AADIPARVA_djvu.txt,29746,30655,(ಕೃಷ್ಣಜರಾಸಂಧರ ವೈರಕ್ಕೆ ನಿಮಿತ್ತ ಕಥನ ಮತ್ತು ಭೀಮಜರಾಸಂಧರ ಯುದ್ಧವರ್ಣನೆ.),G44-S01 | G44-S02 | G44-S03 | G44-S04 | G44-S05 | G44-S07 | G44-S11 | BS03-S06 | BS03-S07 | BS03-S08,source-linked narrative draft; passage completeness NOT certified,heading_observed_not_scan_verified,"Compare every verse, explanation, named entry and commentary point with source. A citation range overlap is not proof that all content is spoken.",
Sabha024,4,24,MAHABHARATA-4-AADIPARVA_djvu.txt,30656,31396,(ಜರಾಸಂಧವಧೆ),I1-S05 | I4-S03 | G44-S08 | G44-S09 | G44-S10 | G44-S12 | G44-S13,source-linked narrative draft; passage completeness NOT certified,heading_observed_not_scan_verified,"Compare every verse, explanation, named entry and commentary point with source. A citation range overlap is not proof that all content is spoken.",
